{"type":"FeatureCollection","features":[{"type":"Feature","properties":{"m":160,"index":0},"geometry":{"type":"LineString","coordinates":[[-119.33993,34.41621],[-119.33956,34.41619],[-119.33931,34.41604],[-119.33905,34.41548],[-119.33903,34.41505]]}},{"type":"Feature","properties":{"m":160,"index":0},"geometry":{"type":"LineString","coordinates":[[-119.30868,34.41505],[-119.30895,34.41519],[-119.30844,34.41576],[-119.30843,34.41647],[-119.30751,34.41718],[-119.30753,34.41732],[-119.3078,34.4176],[-119.30789,34.41789],[-119.30833,34.41831],[-119.30835,34.41845],[-119.30887,34.41888],[-119.30856,34.41916],[-119.30877,34.42001],[-119.30903,34.42024],[-119.30924,34.42029],[-119.30921,34.42044],[-119.30895,34.42058],[-119.30904,34.42072],[-119.30955,34.42082],[-119.30972,34.42094],[-119.31013,34.42157],[-119.31014,34.42171],[-119.31006,34.42175],[-119.30938,34.42132],[-119.30886,34.42125],[-119.30834,34.42086],[-119.30825,34.42043],[-119.30834,34.42001],[-119.30812,34.41916],[-119.30766,34.41856],[-119.30749,34.41846],[-119.30696,34.41845],[-119.3068,34.41774],[-119.3062,34.41718],[-119.3061,34.41675],[-119.30621,34.41661],[-119.3068,34.41631],[-119.30697,34.4164],[-119.30715,34.41631],[-119.30721,34.41562],[-119.30697,34.41501]]}},{"type":"Feature","properties":{"m":160,"index":0},"geometry":{"type":"LineString","coordinates":[[-119.306,34.41505],[-119.30603,34.41534],[-119.30578,34.4159],[-119.30509,34.41694],[-119.30449,34.4176],[-119.30422,34.41817],[-119.30388,34.41853],[-119.30383,34.4193],[-119.30371,34.41946],[-119.30318,34.41944],[-119.30319,34.42029],[-119.30368,34.42114],[-119.30387,34.42171],[-119.30387,34.42213],[-119.30374,34.42242],[-119.30285,34.42248],[-119.30278,34.42256],[-119.30275,34.42327],[-119.30246,34.42383],[-119.30256,34.42454],[-119.30251,34.42467],[-119.30234,34.42471],[-119.30186,34.42454],[-119.30155,34.42412],[-119.30157,34.42298],[-119.30148,34.4225],[-119.30131,34.42245],[-119.30097,34.42273],[-119.30057,34.42284],[-119.30011,34.42313],[-119.29994,34.42307],[-119.29908,34.42187],[-119.29839,34.42245],[-119.29822,34.42252],[-119.29811,34.42242],[-119.29822,34.42194],[-119.29891,34.42058],[-119.29901,34.41873],[-119.29882,34.41774],[-119.29877,34.41675],[-119.29891,34.41621],[-119.29952,34.41505]]}},{"type":"Feature","properties":{"m":160,"index":0},"geometry":{"type":"LineString","coordinates":[[-119.27453,34.415],[-119.27386,34.41519],[-119.27356,34.4159],[-119.27271,34.41619],[-119.27189,34.41675],[-119.27179,34.41718],[-119.27058,34.41824],[-119.27041,34.41832],[-119.27024,34.41827],[-119.27007,34.41839],[-119.26908,34.41973],[-119.26865,34.42015],[-119.26771,34.42072],[-119.2656,34.42147],[-119.26457,34.42203],[-119.2644,34.42195],[-119.26444,34.42171],[-119.26575,34.42072],[-119.26578,34.42057],[-119.26543,34.42043],[-119.26663,34.41965],[-119.26737,34.41888],[-119.26784,34.41804],[-119.26767,34.41718],[-119.26816,34.41647],[-119.26887,34.41625],[-119.26972,34.41524],[-119.27041,34.41501]]}},{"type":"Feature","properties":{"m":200,"index":1},"geometry":{"type":"LineString","coordinates":[[-119.29309,34.4227],[-119.29309,34.4227]]}},{"type":"Feature","properties":{"m":200,"index":1},"geometry":{"type":"LineString","coordinates":[[-119.33998,34.42525],[-119.33966,34.42482],[-119.33923,34.42454],[-119.33878,34.42397],[-119.33876,34.42383],[-119.33904,34.42341],[-119.33998,34.42298]]}},{"type":"Feature","properties":{"m":200,"index":1},"geometry":{"type":"LineString","coordinates":[[-119.33997,34.421],[-119.33959,34.42053],[-119.33928,34.42043],[-119.3389,34.42047],[-119.33844,34.42114],[-119.33839,34.42224],[-119.33822,34.4225],[-119.33805,34.42249],[-119.33758,34.42185],[-119.33694,34.42171],[-119.33723,34.42072],[-119.33708,34.42001],[-119.3365,34.41955],[-119.33547,34.41937],[-119.33513,34.41942],[-119.33444,34.41984],[-119.33341,34.41998],[-119.33307,34.42013],[-119.33275,34.42043],[-119.33255,34.42082],[-119.33173,34.42143],[-119.33152,34.4214],[-119.33101,34.42109],[-119.32999,34.421],[-119.33072,34.41987],[-119.33082,34.4193],[-119.33187,34.41897],[-119.33307,34.41804],[-119.33369,34.41732],[-119.33381,34.41704],[-119.33364,34.41633],[-119.33375,34.41622],[-119.33427,34.41617],[-119.33451,34.41604],[-119.33483,34.41519],[-119.3353,34.41505]]}},{"type":"Feature","properties":{"m":200,"index":1},"geometry":{"type":"LineString","coordinates":[[-119.3148,34.41505],[-119.31509,34.41534],[-119.31512,34.41562],[-119.31504,34.41575],[-119.31406,34.41548],[-119.31364,34.41505]]}},{"type":"Feature","properties":{"m":200,"index":1},"geometry":{"type":"LineString","coordinates":[[-119.31298,34.41504],[-119.31313,34.41562],[-119.31298,34.41611],[-119.31253,34.4159],[-119.31242,34.41534],[-119.31222,34.41505]]}},{"type":"Feature","properties":{"m":200,"index":1},"geometry":{"type":"LineString","coordinates":[[-119.31129,34.41505],[-119.31109,34.41539],[-119.31075,34.41517],[-119.31058,34.41516],[-119.31018,34.41534],[-119.31009,34.41548],[-119.31038,34.41604],[-119.3103,34.41661],[-119.31006,34.4166],[-119.30938,34.41611],[-119.30922,34.41619],[-119.30906,34.41732],[-119.30911,34.4176],[-119.30938,34.41786],[-119.30989,34.41799],[-119.30992,34.41831],[-119.31075,34.41843],[-119.31144,34.4188],[-119.31149,34.41888],[-119.31131,34.41902],[-119.31045,34.41944],[-119.31206,34.41987],[-119.31208,34.42001],[-119.31169,34.42029],[-119.31169,34.42043],[-119.31264,34.42084],[-119.31327,34.421],[-119.31347,34.42143],[-119.31363,34.42157],[-119.31418,34.422],[-119.31487,34.42224],[-119.31506,34.42256],[-119.31549,34.42284],[-119.31529,34.42298],[-119.3147,34.42298],[-119.31315,34.42241],[-119.31264,34.42232],[-119.31258,34.42242],[-119.31281,34.42279],[-119.31403,34.42355],[-119.31469,34.42426],[-119.31521,34.42443],[-119.31544,34.42482],[-119.31551,34.42525],[-119.31676,34.42589],[-119.31727,34.42586],[-119.31762,34.42556],[-119.3178,34.42553],[-119.31848,34.42583],[-119.31882,34.42609],[-119.31985,34.42614],[-119.32006,34.42624],[-119.32043,34.42695],[-119.32088,34.42713],[-119.32157,34.42703],[-119.32225,34.42638],[-119.3226,34.42621],[-119.32363,34.42646],[-119.325,34.42645],[-119.32551,34.42631],[-119.32569,34.42624],[-119.32586,34.42598],[-119.32672,34.42548],[-119.32703,34.42581],[-119.32705,34.42624],[-119.32731,34.42652],[-119.32689,34.42682],[-119.32637,34.42679],[-119.32603,34.42732],[-119.32514,34.42808],[-119.32472,34.42879],[-119.32448,34.42902],[-119.32328,34.42868],[-119.32294,34.42875],[-119.32266,34.42893],[-119.32257,34.42921],[-119.32258,34.43006],[-119.32232,34.4312],[-119.32235,34.43204],[-119.32225,34.43216],[-119.32191,34.43229],[-119.32184,34.43148],[-119.32157,34.43119],[-119.32105,34.43083],[-119.32057,34.43091],[-119.3198,34.43233],[-119.31985,34.43273],[-119.32017,34.43332],[-119.32019,34.4336],[-119.31946,34.43403],[-119.31879,34.43474],[-119.31813,34.43499],[-119.31727,34.43513],[-119.31695,34.4353],[-119.31642,34.43609],[-119.31384,34.43674],[-119.31281,34.43726],[-119.31212,34.43735],[-119.31075,34.4374],[-119.31024,34.43729],[-119.30886,34.43629],[-119.30818,34.43615],[-119.30766,34.43623],[-119.30709,34.43658],[-119.30594,34.43696],[-119.30509,34.43708],[-119.30423,34.43689],[-119.30251,34.43716],[-119.30235,34.43743],[-119.30354,34.43769],[-119.30406,34.43797],[-119.30419,34.43827],[-119.30419,34.4387],[-119.30406,34.43891],[-119.30371,34.43908],[-119.302,34.4393],[-119.30131,34.4397],[-119.30094,34.44011],[-119.30087,34.44082],[-119.3003,34.44125],[-119.30015,34.44252],[-119.30017,34.44266],[-119.30126,34.44323],[-119.30131,34.4434],[-119.30079,34.44369],[-119.30028,34.44334],[-119.29993,34.44323],[-119.29959,34.44293],[-119.29942,34.44288],[-119.29932,34.44295],[-119.29925,34.44359],[-119.29902,34.44408],[-119.29896,34.44493],[-119.2977,34.44669],[-119.29702,34.4466],[-119.2965,34.44666],[-119.29616,34.44684],[-119.2953,34.447],[-119.29461,34.44735],[-119.29427,34.44727],[-119.29358,34.44739],[-119.29238,34.4473],[-119.29187,34.44752],[-119.29152,34.44721],[-119.2915,34.44663],[-119.29125,34.44578],[-119.29135,34.44537],[-119.29223,34.44465],[-119.29215,34.44422],[-119.29255,34.4436],[-119.2941,34.44287],[-119.29523,34.44252],[-119.29535,34.44224],[-119.29523,34.44181],[-119.29427,34.44104],[-119.2941,34.44077],[-119.29302,34.44026],[-119.29244,34.43983],[-119.29175,34.43955],[-119.29144,34.43912],[-119.29115,34.43785],[-119.29067,34.43667],[-119.29035,34.43601],[-119.28987,34.43558],[-119.28895,34.43539],[-119.28843,34.4355],[-119.28775,34.43584],[-119.28689,34.43663],[-119.28638,34.43676],[-119.28466,34.43583],[-119.28174,34.4348],[-119.28113,34.43417],[-119.28069,34.43389],[-119.2804,34.43289],[-119.28046,34.43233],[-119.28071,34.43169],[-119.28105,34.43138],[-119.28157,34.43125],[-119.28432,34.43105],[-119.28535,34.43082],[-119.28638,34.4304],[-119.28713,34.42992],[-119.28737,34.4295],[-119.28727,34.42921],[-119.28758,34.42772],[-119.28754,34.42709],[-119.28718,34.42596],[-119.28723,34.42553],[-119.28798,34.42397],[-119.28925,34.42185],[-119.28998,34.42113],[-119.29071,34.42058],[-119.29224,34.41888],[-119.29268,34.41817],[-119.29261,34.41789],[-119.29204,34.4174],[-119.29135,34.41712],[-119.29089,34.41704],[-119.29072,34.41689],[-119.29085,34.41675],[-119.2917,34.41651],[-119.29273,34.41688],[-119.29307,34.41687],[-119.29324,34.41676],[-119.2935,34.41633],[-119.2937,34.41562],[-119.29354,34.41505]]}},{"type":"Feature","properties":{"m":200,"index":1},"geometry":{"type":"LineString","coordinates":[[-119.27646,34.41505],[-119.27629,34.41534],[-119.27722,34.41604],[-119.27714,34.41633],[-119.27663,34.41647],[-119.27642,34.41678],[-119.27625,34.41684],[-119.27556,34.41649],[-119.27522,34.41679],[-119.27487,34.41693],[-119.27453,34.41684],[-119.27419,34.417],[-119.27367,34.4169],[-119.27352,34.41718],[-119.27367,34.4176],[-119.2735,34.41783],[-119.27299,34.41777],[-119.27264,34.4181],[-119.27247,34.41816],[-119.27213,34.41805],[-119.27192,34.41817],[-119.27179,34.41845],[-119.27197,34.41888],[-119.27192,34.41902],[-119.27161,34.41912],[-119.27127,34.41945],[-119.2711,34.41949],[-119.27068,34.41916],[-119.27018,34.4193],[-119.27008,34.41944],[-119.27014,34.41973],[-119.26972,34.42004],[-119.2695,34.42043],[-119.26888,34.42072],[-119.2688,34.421],[-119.26826,34.42171],[-119.26801,34.42242],[-119.26749,34.42253],[-119.26663,34.423],[-119.26612,34.42307],[-119.26609,34.42327],[-119.26659,34.42468],[-119.26646,34.42478],[-119.26612,34.42478],[-119.26572,34.42511],[-119.26575,34.42539],[-119.26565,34.42553],[-119.26492,34.42549],[-119.2644,34.42572],[-119.26286,34.42588],[-119.26217,34.42583],[-119.26137,34.4261],[-119.26028,34.4262],[-119.25931,34.42666],[-119.25929,34.42681],[-119.25994,34.42707],[-119.26063,34.427],[-119.26183,34.42658],[-119.26303,34.42649],[-119.26371,34.42666],[-119.26393,34.42681],[-119.26406,34.42711],[-119.26457,34.42704],[-119.26492,34.42727],[-119.26492,34.4274],[-119.2644,34.42749],[-119.26389,34.42732],[-119.26234,34.42717],[-119.26172,34.42737],[-119.26158,34.42751],[-119.26156,34.42766],[-119.26173,34.42794],[-119.26148,34.42836],[-119.26146,34.42865],[-119.26105,34.42893],[-119.2607,34.42935],[-119.26062,34.42964],[-119.26076,34.42992],[-119.26118,34.43035],[-119.26116,34.43063],[-119.26131,34.43087],[-119.26251,34.43148],[-119.26234,34.43178],[-119.26157,34.43162],[-119.26063,34.43109],[-119.26045,34.43113],[-119.26031,34.43148],[-119.26037,34.43204],[-119.26093,34.43261],[-119.26067,34.43289],[-119.26061,34.4336],[-119.26045,34.43369],[-119.26032,34.4336],[-119.26011,34.43279],[-119.25993,34.43275],[-119.25925,34.433],[-119.25857,34.43274],[-119.25822,34.43271],[-119.25785,34.43289],[-119.25772,34.4336],[-119.25736,34.4343],[-119.25668,34.43433],[-119.25659,34.43417],[-119.25705,34.43389],[-119.25713,34.43374],[-119.25705,34.43332],[-119.25673,34.43304],[-119.25724,34.43275],[-119.25725,34.43247],[-119.25633,34.43193],[-119.25582,34.43175],[-119.25548,34.43171],[-119.25496,34.43184],[-119.25376,34.43229],[-119.25334,34.43261],[-119.25256,34.43265],[-119.2517,34.43298],[-119.25101,34.43334],[-119.25055,34.43403],[-119.24998,34.4344],[-119.2492,34.43431],[-119.24829,34.43474],[-119.24821,34.43516],[-119.24864,34.43573],[-119.24876,34.43629],[-119.24836,34.43714],[-119.24827,34.43763],[-119.24819,34.43728],[-119.24835,34.43615],[-119.24791,34.43544],[-119.24741,34.43513],[-119.24689,34.43513],[-119.24655,34.43527],[-119.24596,34.43587],[-119.24483,34.43634],[-119.2438,34.43637],[-119.24345,34.43629],[-119.24485,34.43573],[-119.24586,34.43477],[-119.24724,34.43437],[-119.24792,34.434],[-119.24827,34.43392],[-119.24875,34.4336],[-119.24935,34.43247],[-119.24988,34.43204],[-119.25061,34.43176],[-119.25084,34.43148],[-119.25089,34.4312],[-119.25012,34.43063],[-119.25012,34.43035],[-119.25118,34.4306],[-119.2517,34.43095],[-119.25324,34.43092],[-119.25427,34.43041],[-119.25496,34.43045],[-119.25565,34.43036],[-119.25651,34.42998],[-119.25678,34.42935],[-119.257,34.42907],[-119.25709,34.42865],[-119.25774,34.42794],[-119.25771,34.42767],[-119.25736,34.42737],[-119.25719,34.42703],[-119.25666,34.42666],[-119.25696,34.4261],[-119.25676,34.42567],[-119.25685,34.42553],[-119.25716,34.42539],[-119.25754,34.42486],[-119.25805,34.42489],[-119.25891,34.42453],[-119.2596,34.42446],[-119.26028,34.42408],[-119.26097,34.42414],[-119.26166,34.42397],[-119.26201,34.42355],[-119.26161,34.42298],[-119.26174,34.42227],[-119.26166,34.42213],[-119.26097,34.422],[-119.2608,34.42185],[-119.26029,34.42171],[-119.26037,34.42128],[-119.26032,34.421],[-119.25977,34.42045],[-119.25942,34.4204],[-119.25925,34.42007],[-119.2589,34.42001],[-119.25874,34.41987],[-119.25886,34.41958],[-119.25857,34.41922],[-119.25842,34.41873],[-119.25822,34.41857],[-119.25719,34.41942],[-119.25651,34.41943],[-119.25565,34.41914],[-119.25555,34.41902],[-119.2554,34.41817],[-119.25496,34.41782],[-119.25484,34.41803],[-119.2552,34.41902],[-119.25516,34.4193],[-119.25479,34.41946],[-119.2541,34.4193],[-119.25375,34.41873],[-119.25374,34.41845],[-119.25393,34.41852],[-119.25427,34.41887],[-119.25445,34.41892],[-119.25462,34.41884],[-119.25471,34.41859],[-119.25448,34.4176],[-119.25462,34.41723],[-119.25479,34.4171],[-119.25516,34.41718],[-119.2556,34.41746],[-119.25616,34.41811],[-119.25668,34.41824],[-119.25686,34.41817],[-119.25699,34.41789],[-119.257,34.41675],[-119.25719,34.41657],[-119.25754,34.41684],[-119.25788,34.41693],[-119.25822,34.41692],[-119.25858,34.41675],[-119.25925,34.41682],[-119.25942,34.41689],[-119.26005,34.41789],[-119.26098,34.41888],[-119.26183,34.41926],[-119.26217,34.41962],[-119.26286,34.41996],[-119.26354,34.42056],[-119.26406,34.42067],[-119.26457,34.42029],[-119.26466,34.42001],[-119.2644,34.41972],[-119.26389,34.41944],[-119.26372,34.41914],[-119.26325,34.41888],[-119.26303,34.41848],[-119.26232,34.41789],[-119.26237,34.41732],[-119.26272,34.41689],[-119.26282,34.41661],[-119.26354,34.41614],[-119.26475,34.41617],[-119.26543,34.4156],[-119.26578,34.41544],[-119.26595,34.41542],[-119.26698,34.41587],[-119.26715,34.41587],[-119.26749,34.41567],[-119.26818,34.41568],[-119.26849,34.41548],[-119.26863,34.41505]]}},{"type":"Feature","properties":{"m":240,"index":0},"geometry":{"type":"LineString","coordinates":[[-119.23092,34.44549],[-119.23092,34.44549]]}},{"type":"Feature","properties":{"m":240,"index":0},"geometry":{"type":"LineString","coordinates":[[-119.23195,34.44521],[-119.23195,34.44521]]}},{"type":"Feature","properties":{"m":240,"index":0},"geometry":{"type":"LineString","coordinates":[[-119.25469,34.44068],[-119.25469,34.44068]]}},{"type":"Feature","properties":{"m":240,"index":0},"geometry":{"type":"LineString","coordinates":[[-119.25625,34.44054],[-119.25625,34.44054]]}},{"type":"Feature","properties":{"m":240,"index":0},"geometry":{"type":"LineString","coordinates":[[-119.25212,34.43969],[-119.25212,34.43969]]}},{"type":"Feature","properties":{"m":240,"index":0},"geometry":{"type":"LineString","coordinates":[[-119.25489,34.437],[-119.25489,34.437]]}},{"type":"Feature","properties":{"m":240,"index":0},"geometry":{"type":"LineString","coordinates":[[-119.32427,34.43686],[-119.32427,34.43686]]}},{"type":"Feature","properties":{"m":240,"index":0},"geometry":{"type":"LineString","coordinates":[[-119.27414,34.4353],[-119.27414,34.4353]]}},{"type":"Feature","properties":{"m":240,"index":0},"geometry":{"type":"LineString","coordinates":[[-119.25267,34.43516],[-119.25267,34.43516]]}},{"type":"Feature","properties":{"m":240,"index":0},"geometry":{"type":"LineString","coordinates":[[-119.32866,34.43219],[-119.32866,34.43219]]}},{"type":"Feature","properties":{"m":240,"index":0},"geometry":{"type":"LineString","coordinates":[[-119.27172,34.43063],[-119.27172,34.43063]]}},{"type":"Feature","properties":{"m":240,"index":0},"geometry":{"type":"LineString","coordinates":[[-119.28766,34.42114],[-119.28766,34.42114]]}},{"type":"Feature","properties":{"m":240,"index":0},"geometry":{"type":"LineString","coordinates":[[-119.31676,34.41504],[-119.31694,34.41519],[-119.317,34.41548],[-119.31693,34.41561],[-119.31642,34.41565],[-119.31628,34.41576],[-119.31659,34.41614],[-119.31647,34.41647],[-119.31663,34.41661],[-119.31713,34.41675],[-119.31721,34.41689],[-119.31693,34.41712],[-119.3169,34.41732],[-119.31745,34.41832],[-119.31693,34.41837],[-119.31676,34.41799],[-119.31642,34.418],[-119.31556,34.41702],[-119.31521,34.41714],[-119.3147,34.41769],[-119.31453,34.41764],[-119.31438,34.41746],[-119.31453,34.41637],[-119.31418,34.41607],[-119.31384,34.41609],[-119.31374,34.41619],[-119.31371,34.41675],[-119.31333,34.41716],[-119.31298,34.41703],[-119.31264,34.41712],[-119.31252,34.41704],[-119.31238,34.41661],[-119.31195,34.41659],[-119.31179,34.41647],[-119.3117,34.41633],[-119.31175,34.41604],[-119.3116,34.4159],[-119.31114,34.41619],[-119.31106,34.41661],[-119.31112,34.41704],[-119.31031,34.41732],[-119.31252,34.41859],[-119.31268,34.41888],[-119.31266,34.4193],[-119.31281,34.41939],[-119.31367,34.41937],[-119.31462,34.41987],[-119.3147,34.42002],[-119.31385,34.42029],[-119.31387,34.42043],[-119.31453,34.42113],[-119.31539,34.42133],[-119.31577,34.42171],[-119.31607,34.42185],[-119.31676,34.42181],[-119.3171,34.42192],[-119.31762,34.42189],[-119.31774,34.42199],[-119.31772,34.42242],[-119.31836,34.4227],[-119.31779,34.42318],[-119.31727,34.42325],[-119.31628,34.42383],[-119.31619,34.42397],[-119.31624,34.42404],[-119.31676,34.42427],[-119.31762,34.42408],[-119.31779,34.42412],[-119.31813,34.42446],[-119.31848,34.42454],[-119.31882,34.42427],[-119.31916,34.42415],[-119.32002,34.42459],[-119.32025,34.4244],[-119.32036,34.42392],[-119.32139,34.42427],[-119.32208,34.4242],[-119.32223,34.42412],[-119.32228,34.42397],[-119.32203,34.42369],[-119.32173,34.42312],[-119.32175,34.42298],[-119.32311,34.42244],[-119.32363,34.42262],[-119.3238,34.42258],[-119.32414,34.42216],[-119.32466,34.42216],[-119.32483,34.42203],[-119.32487,34.42114],[-119.325,34.42101],[-119.32551,34.42101],[-119.32579,34.42072],[-119.32575,34.42043],[-119.32537,34.42001],[-119.32551,34.4197],[-119.32637,34.41952],[-119.32689,34.4196],[-119.32757,34.41937],[-119.32826,34.41879],[-119.32878,34.41852],[-119.32946,34.41845],[-119.33032,34.41793],[-119.33084,34.41784],[-119.33118,34.41725],[-119.33187,34.41723],[-119.33226,34.41704],[-119.33222,34.41675],[-119.3324,34.41604],[-119.33204,34.41599],[-119.33165,34.41576],[-119.33146,34.41534],[-119.33154,34.41505]]}},{"type":"Feature","properties":{"m":240,"index":0},"geometry":{"type":"LineString","coordinates":[[-119.32886,34.41505],[-119.32938,34.41562],[-119.32925,34.41619],[-119.32912,34.41623],[-119.32868,34.41604],[-119.32792,34.4159],[-119.32757,34.41544],[-119.3274,34.41535],[-119.32723,34.41535],[-119.32683,34.41576],[-119.32702,34.41619],[-119.32728,34.41647],[-119.32809,34.41683],[-119.32878,34.41693],[-119.32921,34.41732],[-119.32909,34.41746],[-119.32843,34.41773],[-119.3274,34.41777],[-119.32706,34.4181],[-119.32654,34.41811],[-119.32631,34.41803],[-119.32603,34.41746],[-119.32551,34.41733],[-119.3253,34.41689],[-119.32517,34.4168],[-119.325,34.41686],[-119.32456,34.4176],[-119.32412,34.41803],[-119.32442,34.41888],[-119.3238,34.41949],[-119.32311,34.41982],[-119.32277,34.42013],[-119.32174,34.42044],[-119.32158,34.42029],[-119.3216,34.42001],[-119.32192,34.41973],[-119.32241,34.41873],[-119.32239,34.41831],[-119.32258,34.41774],[-119.32248,34.41732],[-119.32225,34.41715],[-119.32157,34.41725],[-119.32139,34.4173],[-119.32122,34.4175],[-119.32088,34.41752],[-119.32019,34.4178],[-119.3201,34.4176],[-119.32025,34.41718],[-119.32,34.41689],[-119.32005,34.41675],[-119.32088,34.41631],[-119.32141,34.41619],[-119.32157,34.41606],[-119.3217,34.41562],[-119.32216,34.41548],[-119.32228,34.41519],[-119.32249,34.41505]]}},{"type":"Feature","properties":{"m":240,"index":0},"geometry":{"type":"LineString","coordinates":[[-119.32023,34.41505],[-119.31951,34.41534],[-119.31933,34.41534],[-119.3193,34.41505]]}},{"type":"Feature","properties":{"m":240,"index":0},"geometry":{"type":"LineString","coordinates":[[-119.33275,34.41505],[-119.33276,34.41519],[-119.33307,34.41531],[-119.33324,34.41527],[-119.33343,34.41505]]}},{"type":"Feature","properties":{"m":240,"index":0},"geometry":{"type":"LineString","coordinates":[[-119.27857,34.41505],[-119.27841,34.41534],[-119.27913,34.4159],[-119.27926,34.41604],[-119.27921,34.41619],[-119.27893,34.41633],[-119.27872,34.41661],[-119.27831,34.41689],[-119.27814,34.41726],[-119.27796,34.41733],[-119.27728,34.41724],[-119.27711,34.41733],[-119.27698,34.4176],[-119.2771,34.41817],[-119.27706,34.41845],[-119.27676,34.41852],[-119.27625,34.41811],[-119.2759,34.41801],[-119.27556,34.4182],[-119.27505,34.41813],[-119.27487,34.41822],[-119.27447,34.41845],[-119.27436,34.41882],[-119.27402,34.41905],[-119.27367,34.41887],[-119.27333,34.41892],[-119.27301,34.4193],[-119.27322,34.42001],[-119.27299,34.42011],[-119.27213,34.42019],[-119.27093,34.42055],[-119.27024,34.42056],[-119.26997,34.421],[-119.26921,34.42151],[-119.26923,34.42185],[-119.26898,34.42213],[-119.26909,34.42242],[-119.26887,34.42313],[-119.26869,34.42317],[-119.26818,34.423],[-119.26698,34.42369],[-119.26688,34.42383],[-119.26693,34.42412],[-119.26718,34.4244],[-119.26736,34.42482],[-119.26736,34.42525],[-119.26681,34.42542],[-119.26646,34.42538],[-119.26646,34.42583],[-119.26629,34.42595],[-119.26554,34.4261],[-119.26553,34.42638],[-119.26612,34.42668],[-119.26663,34.4267],[-119.26736,34.42751],[-119.26855,34.42851],[-119.26904,34.42872],[-119.27024,34.42891],[-119.27058,34.42882],[-119.27196,34.42887],[-119.27283,34.42879],[-119.27402,34.42837],[-119.27573,34.42866],[-119.27642,34.42826],[-119.27762,34.42803],[-119.27814,34.428],[-119.27865,34.42816],[-119.27882,34.42813],[-119.27951,34.42764],[-119.28088,34.42701],[-119.28233,34.42666],[-119.28247,34.42652],[-119.28243,34.42619],[-119.28226,34.4259],[-119.28184,34.42567],[-119.28178,34.42553],[-119.28166,34.42355],[-119.2814,34.42309],[-119.28105,34.42296],[-119.28054,34.42304],[-119.27942,34.42369],[-119.27921,34.4244],[-119.27903,34.42468],[-119.27865,34.42495],[-119.27814,34.42507],[-119.27762,34.42469],[-119.27728,34.42413],[-119.27693,34.42399],[-119.27659,34.42395],[-119.27644,34.42426],[-119.27625,34.42433],[-119.27505,34.42389],[-119.27475,34.42397],[-119.27472,34.42426],[-119.27453,34.42432],[-119.27402,34.42419],[-119.27316,34.42414],[-119.27316,34.42403],[-119.2747,34.42328],[-119.27522,34.42322],[-119.27573,34.42297],[-119.27641,34.42298],[-119.27633,34.42312],[-119.27659,34.42344],[-119.27693,34.42325],[-119.27728,34.42321],[-119.27796,34.42256],[-119.27865,34.42258],[-119.28071,34.42198],[-119.28157,34.42117],[-119.2818,34.42043],[-119.28208,34.42016],[-119.28329,34.41961],[-119.28483,34.41867],[-119.28575,34.41831],[-119.28655,34.41778],[-119.28706,34.41767],[-119.28947,34.41619],[-119.28947,34.4159],[-119.28929,34.41579],[-119.28764,34.41548],[-119.28749,34.41534],[-119.2878,34.41505]]}},{"type":"Feature","properties":{"m":240,"index":0},"geometry":{"type":"LineString","coordinates":[[-119.33993,34.43201],[-119.33978,34.43247],[-119.33959,34.43261],[-119.33908,34.43282],[-119.33839,34.43295],[-119.33803,34.43318],[-119.33765,34.43431],[-119.33776,34.43459],[-119.3377,34.43465],[-119.33684,34.43491],[-119.33616,34.43551],[-119.33543,34.43587],[-119.33496,34.43637],[-119.33393,34.43661],[-119.33358,34.43678],[-119.3329,34.43686],[-119.33241,34.43672],[-119.33238,34.43643],[-119.33251,34.43601],[-119.3323,34.43558],[-119.33233,34.43544],[-119.33283,34.43459],[-119.33288,34.43389],[-119.3334,34.43304],[-119.33375,34.43271],[-119.33496,34.43191],[-119.33558,34.43091],[-119.33667,34.42986],[-119.33805,34.42892],[-119.33829,34.42865],[-119.33845,34.42822],[-119.33839,34.42796],[-119.33805,34.42798],[-119.33753,34.42842],[-119.33684,34.42871],[-119.3365,34.42904],[-119.33599,34.42921],[-119.33581,34.42935],[-119.33555,34.42992],[-119.33496,34.43068],[-119.33444,34.43103],[-119.33386,34.43049],[-119.33366,34.42992],[-119.33324,34.42924],[-119.3331,34.42836],[-119.3331,34.42751],[-119.3332,34.42695],[-119.33307,34.42686],[-119.33272,34.42686],[-119.33238,34.42709],[-119.33222,34.42737],[-119.33243,34.42808],[-119.33236,34.42879],[-119.33268,34.42921],[-119.33265,34.42935],[-119.33232,34.43006],[-119.33169,34.43034],[-119.3315,34.43063],[-119.33169,34.43097],[-119.33294,34.43204],[-119.33272,34.4326],[-119.33255,34.43281],[-119.33169,34.43326],[-119.33127,34.4336],[-119.33084,34.43378],[-119.33015,34.43383],[-119.32981,34.43399],[-119.32968,34.43417],[-119.32946,34.43495],[-119.32895,34.43539],[-119.3286,34.4355],[-119.32723,34.43523],[-119.32712,34.43544],[-119.32721,34.43573],[-119.3271,34.43615],[-119.32712,34.43658],[-119.32689,34.43666],[-119.32637,34.43661],[-119.32587,34.43743],[-119.32517,34.43749],[-119.32497,34.43785],[-119.32493,34.43842],[-119.32483,34.43857],[-119.32414,34.43874],[-119.32363,34.43852],[-119.32328,34.43848],[-119.32307,34.43856],[-119.32302,34.4387],[-119.3232,34.43912],[-119.3229,34.43969],[-119.32295,34.43997],[-119.32242,34.44017],[-119.32208,34.44057],[-119.32174,34.4406],[-119.32139,34.44036],[-119.32106,34.43997],[-119.32071,34.43983],[-119.3206,34.43969],[-119.32066,34.43941],[-119.32031,34.43912],[-119.32019,34.43877],[-119.31985,34.43875],[-119.31971,34.43884],[-119.31971,34.43898],[-119.32053,34.43983],[-119.32003,34.44068],[-119.32012,34.44139],[-119.31951,34.44179],[-119.31933,34.44208],[-119.31916,34.44212],[-119.31848,34.44204],[-119.31779,34.44154],[-119.31745,34.44159],[-119.31727,34.44176],[-119.31722,34.44196],[-119.31742,34.44238],[-119.3174,34.44266],[-119.31676,34.44298],[-119.31659,34.44302],[-119.31624,34.44284],[-119.31573,34.44288],[-119.31501,34.44224],[-119.3147,34.44213],[-119.31443,34.44224],[-119.31401,34.44308],[-119.3135,34.44263],[-119.31307,34.44252],[-119.31281,34.44232],[-119.3123,34.44223],[-119.31205,34.44238],[-119.31161,34.44317],[-119.31097,34.44266],[-119.31075,34.44259],[-119.31048,34.44266],[-119.31024,34.44315],[-119.31006,34.44327],[-119.30972,34.44313],[-119.30959,34.44266],[-119.30936,34.44238],[-119.30947,34.44196],[-119.30933,34.44181],[-119.30907,34.44181],[-119.30886,34.44194],[-119.30859,34.44238],[-119.30783,34.4429],[-119.30663,34.44297],[-119.30629,34.44308],[-119.3056,34.44297],[-119.30526,34.44312],[-119.30491,34.44303],[-119.30457,34.44277],[-119.30419,34.4428],[-119.30393,34.44295],[-119.30388,34.44309],[-119.30413,34.44337],[-119.30403,34.44365],[-119.30412,34.4438],[-119.306,34.44408],[-119.30666,34.4445],[-119.30677,34.44465],[-119.30664,34.44479],[-119.30612,34.44496],[-119.30577,34.44489],[-119.30526,34.44509],[-119.30406,34.44516],[-119.30234,34.44558],[-119.3021,34.44578],[-119.30219,34.44649],[-119.30182,34.44652],[-119.30148,34.44668],[-119.30131,34.44644],[-119.30097,34.44633],[-119.30011,34.44672],[-119.29998,34.44663],[-119.29976,34.44572],[-119.29959,34.44562],[-119.29942,34.44567],[-119.29911,34.44592],[-119.29843,34.44719],[-119.29866,34.44748],[-119.29925,34.44769],[-119.29939,34.44804],[-119.29893,34.44861],[-119.29873,34.44873],[-119.29856,34.44908],[-119.29682,34.44918],[-119.29672,34.44932],[-119.29702,34.44975],[-119.2977,34.4498],[-119.29873,34.45016],[-119.29993,34.45017],[-119.29981,34.45059],[-119.30011,34.45095],[-119.30028,34.45099],[-119.30033,34.45059],[-119.30044,34.45045],[-119.30062,34.4505],[-119.30079,34.4509],[-119.30097,34.45106],[-119.30131,34.45105],[-119.30148,34.45146],[-119.30199,34.45201],[-119.30234,34.45215],[-119.30303,34.45221],[-119.30337,34.45263],[-119.30457,34.45285],[-119.30509,34.45321],[-119.30594,34.45339],[-119.30688,34.45342],[-119.30732,34.4536],[-119.30818,34.45347],[-119.30859,34.45314],[-119.30903,34.45299],[-119.30947,34.453],[-119.30938,34.45316],[-119.30886,34.45338],[-119.30869,34.45366],[-119.30818,34.4538],[-119.30766,34.45422],[-119.30715,34.45433],[-119.3068,34.45401],[-119.30577,34.45402],[-119.30509,34.45378],[-119.30491,34.45381],[-119.30474,34.45421],[-119.3044,34.45413],[-119.3043,34.4537],[-119.30388,34.45353],[-119.3032,34.45358],[-119.30268,34.45384],[-119.30254,34.45328],[-119.30234,34.45314],[-119.30114,34.45304],[-119.30097,34.45305],[-119.30048,34.45342],[-119.30011,34.45394],[-119.29994,34.45384],[-119.29968,34.45342],[-119.29925,34.45324],[-119.29873,34.45333],[-119.29839,34.45372],[-119.29822,34.45373],[-119.29805,34.45356],[-119.29788,34.45294],[-119.29719,34.45282],[-119.29702,34.45298],[-119.29679,34.4537],[-119.29671,34.45526],[-119.29649,34.45554],[-119.29616,34.45638],[-119.29587,34.45682],[-119.29579,34.45724],[-119.29595,34.45753],[-119.29633,34.45778],[-119.29822,34.458],[-119.29865,34.45838],[-119.2977,34.45875],[-119.29736,34.45877],[-119.29685,34.45863],[-119.29631,34.4588],[-119.29616,34.45894],[-119.29612,34.45937],[-119.29582,34.45989],[-119.29547,34.45982],[-119.29524,34.45922],[-119.29479,34.45885],[-119.2941,34.45893],[-119.29383,34.45908],[-119.29297,34.46022],[-119.29295,34.46036],[-119.29317,34.46078],[-119.29324,34.46149],[-119.29306,34.4629],[-119.29238,34.4639],[-119.29164,34.46474],[-119.29155,34.46503],[-119.29167,34.46559],[-119.29164,34.46602],[-119.29185,34.4663],[-119.29184,34.46644],[-119.29168,34.46673],[-119.29159,34.46729],[-119.29118,34.46807],[-119.29078,34.46842],[-119.29083,34.46871],[-119.29051,34.46913],[-119.29069,34.46984],[-119.29053,34.47026],[-119.29058,34.47097],[-119.29106,34.47168],[-119.29107,34.4721],[-119.29121,34.47239],[-119.29107,34.47281],[-119.29066,34.47295],[-119.29049,34.47291],[-119.29031,34.47196],[-119.28988,34.4714],[-119.28975,34.47069],[-119.28946,34.47003],[-119.28931,34.46942],[-119.28949,34.46885],[-119.28952,34.46814],[-119.28921,34.46772],[-119.28912,34.46692],[-119.28878,34.46648],[-119.28843,34.46634],[-119.28792,34.46634],[-119.28706,34.46655],[-119.2868,34.4663],[-119.28667,34.46588],[-119.2862,34.46547],[-119.28576,34.46531],[-119.28559,34.46361],[-119.28531,34.46276],[-119.285,34.46092],[-119.28483,34.46066],[-119.28466,34.4606],[-119.2838,34.46073],[-119.28373,34.46064],[-119.28374,34.46036],[-119.2844,34.45993],[-119.28443,34.45965],[-119.28418,34.45922],[-119.28325,34.45838],[-119.28294,34.45782],[-119.27897,34.45654],[-119.2789,34.45625],[-119.27908,34.45554],[-119.27908,34.45512],[-119.27897,34.45498],[-119.27779,34.45449],[-119.27698,34.4537],[-119.27625,34.45346],[-119.2759,34.453],[-119.2747,34.45216],[-119.27384,34.45176],[-119.27333,34.45136],[-119.27281,34.45124],[-119.27213,34.45144],[-119.27024,34.45105],[-119.2699,34.45068],[-119.26852,34.44962],[-119.26828,34.44932],[-119.26822,34.44889],[-119.26855,34.44833],[-119.26857,34.44804],[-119.26848,34.44762],[-119.26827,34.44733],[-119.26715,34.44645],[-119.26599,34.44592],[-119.26475,34.4448],[-119.26372,34.44409],[-119.2627,34.44365],[-119.26234,34.44354],[-119.26114,34.44345],[-119.26045,34.44362],[-119.25994,34.44355],[-119.25942,34.44363],[-119.25839,34.44352],[-119.25823,34.44337],[-119.25788,34.44348],[-119.25754,34.44328],[-119.25685,34.44322],[-119.25651,34.44335],[-119.25606,34.44323],[-119.25588,34.44337],[-119.2559,34.44351],[-119.25576,34.44365],[-119.25513,34.44392],[-119.25499,34.44408],[-119.25462,34.4441],[-119.25392,34.4445],[-119.25307,34.44519],[-119.25279,34.44564],[-119.25256,34.44633],[-119.25184,34.44705],[-119.25164,34.44818],[-119.25131,34.44918],[-119.2505,34.45017],[-119.24969,34.45059],[-119.24921,34.45102],[-119.24848,34.45144],[-119.2477,34.45172],[-119.24668,34.45229],[-119.24656,34.45243],[-119.24644,34.453],[-119.24569,34.45327],[-119.24518,34.45397],[-119.24483,34.45418],[-119.24346,34.45456],[-119.24191,34.45465],[-119.24088,34.45496],[-119.23951,34.45553],[-119.23797,34.45485],[-119.23676,34.45467],[-119.23488,34.45406],[-119.23333,34.45374],[-119.23162,34.45304],[-119.22801,34.4519],[-119.22561,34.45159],[-119.22526,34.45163],[-119.22483,34.45201],[-119.22453,34.45215],[-119.22406,34.45221],[-119.22372,34.45213],[-119.22351,34.45201],[-119.2232,34.45158],[-119.22252,34.45044],[-119.22136,34.44932],[-119.22095,34.44861],[-119.22066,34.44748],[-119.22018,34.44649],[-119.21986,34.4462],[-119.21908,34.44589],[-119.21776,34.44507],[-119.21926,34.44413],[-119.2196,34.44424],[-119.21991,34.44408],[-119.21997,34.44365],[-119.2196,34.44375],[-119.21944,34.44365],[-119.21942,34.44323],[-119.21953,34.44266],[-119.21984,34.44224],[-119.22011,34.44211],[-119.22132,34.44192],[-119.22269,34.44099],[-119.22396,34.44068],[-119.22424,34.4404],[-119.22441,34.44035],[-119.22509,34.44048],[-119.22561,34.44043],[-119.22647,34.44009],[-119.22732,34.43945],[-119.2287,34.43944],[-119.2299,34.43915],[-119.23023,34.43898],[-119.2311,34.43891],[-119.23179,34.43874],[-119.2323,34.43844],[-119.23299,34.43844],[-119.23333,34.43835],[-119.2339,34.43771],[-119.23367,34.43728],[-119.23462,34.43643],[-119.23464,34.43629],[-119.23453,34.43619],[-119.23393,34.43587],[-119.23505,34.4356],[-119.23594,34.43474],[-119.23686,34.43318],[-119.23858,34.4312],[-119.23941,34.43006],[-119.23999,34.42879],[-119.24008,34.42822],[-119.24006,34.42794],[-119.23995,34.4278],[-119.239,34.4276],[-119.23802,34.42723],[-119.24037,34.42706],[-119.24187,34.42581],[-119.24294,34.42526],[-119.24383,34.42497],[-119.2461,34.42355],[-119.24861,34.42316],[-119.24964,34.42314],[-119.25033,34.42328],[-119.25084,34.42357],[-119.25187,34.42355],[-119.25251,34.42383],[-119.2529,34.42435],[-119.25387,34.42525],[-119.25405,34.42567],[-119.25401,34.42596],[-119.25324,34.42643],[-119.2529,34.42649],[-119.25153,34.42635],[-119.24943,34.42666],[-119.24928,34.42681],[-119.24936,34.42709],[-119.2493,34.42722],[-119.24892,34.42751],[-119.2488,34.42808],[-119.24889,34.42836],[-119.24883,34.42865],[-119.2493,34.42926],[-119.24998,34.42936],[-119.25033,34.42931],[-119.25084,34.42954],[-119.25118,34.42953],[-119.25136,34.42966],[-119.2517,34.42962],[-119.25191,34.43006],[-119.25221,34.43026],[-119.25273,34.43036],[-119.2529,34.43033],[-119.253,34.4302],[-119.25307,34.42972],[-119.25324,34.42964],[-119.25359,34.42982],[-119.25376,34.42973],[-119.25376,34.42914],[-119.25432,34.42921],[-119.2545,34.42935],[-119.25467,34.42978],[-119.25479,34.42983],[-119.25548,34.42982],[-119.25596,34.4295],[-119.25588,34.42921],[-119.25556,34.42893],[-119.25567,34.42879],[-119.25604,34.42865],[-119.25613,34.42851],[-119.25607,34.42822],[-119.25616,34.42809],[-119.25677,34.4278],[-119.25651,34.42739],[-119.2559,34.42709],[-119.25585,34.42652],[-119.25634,34.4261],[-119.25632,34.42596],[-119.25565,34.42556],[-119.25538,34.42482],[-119.25599,34.42448],[-119.25633,34.42477],[-119.25685,34.42501],[-119.25693,34.42497],[-119.25697,34.42482],[-119.25681,34.42454],[-119.2567,34.42383],[-119.25684,34.42369],[-119.25719,34.42395],[-119.25771,34.42407],[-119.25788,34.42421],[-119.25874,34.42404],[-119.25885,34.42383],[-119.2589,34.42298],[-119.25901,34.4227],[-119.25895,34.42256],[-119.25853,34.42227],[-119.25904,34.42199],[-119.25899,34.42171],[-119.25929,34.42157],[-119.25951,34.42128],[-119.25944,34.421],[-119.25874,34.42079],[-119.25857,34.42056],[-119.25799,34.42072],[-119.25805,34.42015],[-119.25788,34.41966],[-119.25771,34.41962],[-119.25736,34.41977],[-119.25668,34.41986],[-119.25616,34.41984],[-119.25602,34.42001],[-119.25548,34.42031],[-119.2553,34.42028],[-119.25496,34.42],[-119.25427,34.41982],[-119.25376,34.41988],[-119.25342,34.41924],[-119.25256,34.41909],[-119.25214,34.41916],[-119.25187,34.41939],[-119.2517,34.42014],[-119.2505,34.42035],[-119.24998,34.42019],[-119.24988,34.41987],[-119.24947,34.41955],[-119.2493,34.41954],[-119.24895,34.41992],[-119.24878,34.41998],[-119.24775,34.42005],[-119.24741,34.4203],[-119.24586,34.42069],[-119.24518,34.42046],[-119.24449,34.42036],[-119.24397,34.41993],[-119.24363,34.42011],[-119.24329,34.42005],[-119.24294,34.42021],[-119.24209,34.42017],[-119.24123,34.42057],[-119.24081,34.42029],[-119.24056,34.41944],[-119.24041,34.4193],[-119.24019,34.4193],[-119.23985,34.41968],[-119.23984,34.4193],[-119.24003,34.41885],[-119.24071,34.41894],[-119.2414,34.4194],[-119.24226,34.4192],[-119.24329,34.41914],[-119.24371,34.41873],[-119.24449,34.41858],[-119.24535,34.41892],[-119.24672,34.41922],[-119.24724,34.41905],[-119.24758,34.41878],[-119.24807,34.41859],[-119.24809,34.41812],[-119.24844,34.41785],[-119.24878,34.41779],[-119.24998,34.41802],[-119.25084,34.41853],[-119.25118,34.41851],[-119.25136,34.41845],[-119.25144,34.41831],[-119.25148,34.4176],[-119.25205,34.41732],[-119.25207,34.41718],[-119.25187,34.41687],[-119.25101,34.41619],[-119.25097,34.41604],[-119.25114,34.41576],[-119.25153,34.41581],[-119.2529,34.41635],[-119.25324,34.4169],[-119.25376,34.41721],[-119.25393,34.41716],[-119.2541,34.41661],[-119.25479,34.41628],[-119.25525,34.41661],[-119.25599,34.41683],[-119.25632,34.41619],[-119.25668,34.41613],[-119.25675,34.41604],[-119.25719,34.41516],[-119.25736,34.41524],[-119.25788,34.41583],[-119.25908,34.41613],[-119.25925,34.41613],[-119.2596,34.41588],[-119.25977,34.41589],[-119.26,34.41604],[-119.26045,34.41679],[-119.2608,34.41707],[-119.26114,34.41713],[-119.26173,34.41647],[-119.26245,34.41604],[-119.26303,34.41536],[-119.26423,34.41542],[-119.26492,34.41501]]}},{"type":"Feature","properties":{"m":280,"index":0},"geometry":{"type":"LineString","coordinates":[[-119.29461,34.46206],[-119.29461,34.46206]]}},{"type":"Feature","properties":{"m":280,"index":0},"geometry":{"type":"LineString","coordinates":[[-119.30473,34.45767],[-119.30473,34.45767]]}},{"type":"Feature","properties":{"m":280,"index":0},"geometry":{"type":"LineString","coordinates":[[-119.29902,34.45455],[-119.29902,34.45455]]}},{"type":"Feature","properties":{"m":280,"index":0},"geometry":{"type":"LineString","coordinates":[[-119.2635,34.44875],[-119.2635,34.44875]]}},{"type":"Feature","properties":{"m":280,"index":0},"geometry":{"type":"LineString","coordinates":[[-119.309,34.4438],[-119.309,34.4438]]}},{"type":"Feature","properties":{"m":280,"index":0},"geometry":{"type":"LineString","coordinates":[[-119.33116,34.43502],[-119.33116,34.43502]]}},{"type":"Feature","properties":{"m":280,"index":0},"geometry":{"type":"LineString","coordinates":[[-119.25151,34.42794],[-119.25151,34.42794]]}},{"type":"Feature","properties":{"m":280,"index":0},"geometry":{"type":"LineString","coordinates":[[-119.24705,34.42185],[-119.24705,34.42185]]}},{"type":"Feature","properties":{"m":280,"index":0},"geometry":{"type":"LineString","coordinates":[[-119.25397,34.42058],[-119.25397,34.42058]]}},{"type":"Feature","properties":{"m":280,"index":0},"geometry":{"type":"LineString","coordinates":[[-119.25736,34.42043],[-119.25736,34.42043]]}},{"type":"Feature","properties":{"m":280,"index":0},"geometry":{"type":"LineString","coordinates":[[-119.31286,34.41774],[-119.31286,34.41774]]}},{"type":"Feature","properties":{"m":280,"index":0},"geometry":{"type":"LineString","coordinates":[[-119.31772,34.41505],[-119.31775,34.41576],[-119.31757,34.41604],[-119.31762,34.41619],[-119.31805,34.41647],[-119.31829,34.41704],[-119.31809,34.4176],[-119.31823,34.41789],[-119.3182,34.41831],[-119.31855,34.41973],[-119.31779,34.41986],[-119.3171,34.41943],[-119.31673,34.41973],[-119.31642,34.41982],[-119.31607,34.41962],[-119.31573,34.41959],[-119.31552,34.41973],[-119.31577,34.42015],[-119.31565,34.42058],[-119.31624,34.42087],[-119.31676,34.42085],[-119.3183,34.42103],[-119.31849,34.42114],[-119.31865,34.42149],[-119.31882,34.42155],[-119.31916,34.42143],[-119.31933,34.42147],[-119.31993,34.42199],[-119.31988,34.42256],[-119.31968,34.42298],[-119.31985,34.42312],[-119.32016,34.42298],[-119.32029,34.42242],[-119.32082,34.42185],[-119.31988,34.42143],[-119.31981,34.42072],[-119.31989,34.42029],[-119.32002,34.42006],[-119.32075,34.41958],[-119.3211,34.41873],[-119.32088,34.41865],[-119.32002,34.41887],[-119.31951,34.41922],[-119.3193,34.41916],[-119.31913,34.41873],[-119.31888,34.41845],[-119.31886,34.41803],[-119.31904,34.4176],[-119.31849,34.41704],[-119.31861,34.41619],[-119.31842,34.41562],[-119.31813,34.41532],[-119.31805,34.41505]]}},{"type":"Feature","properties":{"m":280,"index":0},"geometry":{"type":"LineString","coordinates":[[-119.27985,34.415],[-119.27966,34.41505],[-119.27958,34.41519],[-119.27968,34.41529],[-119.28147,34.41619],[-119.28131,34.41633],[-119.2805,34.41661],[-119.2802,34.41691],[-119.27882,34.41744],[-119.2787,34.41789],[-119.27814,34.41803],[-119.27802,34.41817],[-119.27785,34.41859],[-119.27803,34.41902],[-119.27762,34.41937],[-119.27728,34.41936],[-119.27608,34.41897],[-119.27522,34.41881],[-119.27504,34.41888],[-119.27498,34.41916],[-119.27453,34.41959],[-119.27413,34.41973],[-119.27405,34.41987],[-119.27418,34.42029],[-119.27402,34.42043],[-119.2723,34.42099],[-119.27093,34.42115],[-119.27065,34.42143],[-119.27001,34.42171],[-119.26985,34.42185],[-119.26977,34.42213],[-119.26977,34.4227],[-119.27028,34.42312],[-119.27041,34.42351],[-119.2715,34.42327],[-119.27213,34.42289],[-119.27487,34.42219],[-119.27556,34.42177],[-119.2759,34.42144],[-119.27659,34.42108],[-119.27675,34.42086],[-119.27687,34.42029],[-119.27711,34.4201],[-119.27745,34.42028],[-119.27831,34.42102],[-119.27865,34.42113],[-119.27956,34.42058],[-119.27995,34.42015],[-119.28071,34.41992],[-119.28104,34.41958],[-119.28151,34.4193],[-119.28153,34.41873],[-119.28171,34.41817],[-119.28149,34.41746],[-119.28181,34.41689],[-119.28195,34.41633],[-119.2826,34.41594],[-119.2833,34.41505]]}},{"type":"Feature","properties":{"m":280,"index":0},"geometry":{"type":"LineString","coordinates":[[-119.33993,34.43738],[-119.33942,34.43687],[-119.33921,34.43686],[-119.3389,34.43714],[-119.33839,34.43694],[-119.33839,34.43728],[-119.33876,34.43785],[-119.33839,34.43808],[-119.33753,34.43775],[-119.33736,34.4378],[-119.33719,34.43861],[-119.33702,34.43859],[-119.3365,34.43805],[-119.33631,34.43799],[-119.33629,34.43842],[-119.33648,34.43884],[-119.33646,34.43898],[-119.33614,34.43927],[-119.33633,34.43969],[-119.33697,34.43997],[-119.33716,34.44026],[-119.33758,34.44054],[-119.33759,34.44082],[-119.33787,34.44094],[-119.33829,34.44096],[-119.33818,34.44125],[-119.33763,34.44153],[-119.33768,34.44167],[-119.3389,34.44217],[-119.33959,34.44207],[-119.3395,34.44238],[-119.33993,34.44273]]}},{"type":"Feature","properties":{"m":280,"index":0},"geometry":{"type":"LineString","coordinates":[[-119.33993,34.44291],[-119.33942,34.44296],[-119.33873,34.44284],[-119.33815,34.44295],[-119.33822,34.44309],[-119.33881,34.44351],[-119.33912,34.44394],[-119.33908,34.44451],[-119.33856,34.44485],[-119.3377,34.44426],[-119.33736,34.4444],[-119.33714,34.44436],[-119.33672,34.44365],[-119.3365,34.44352],[-119.33513,34.44361],[-119.33498,34.44365],[-119.33471,34.44394],[-119.33427,34.4439],[-119.3342,34.4438],[-119.33426,34.44351],[-119.33512,34.44309],[-119.33547,34.44314],[-119.33573,34.44295],[-119.3358,34.4428],[-119.33547,34.44223],[-119.33513,34.44184],[-119.33427,34.44192],[-119.3341,34.44183],[-119.33429,34.44111],[-119.33375,34.44048],[-119.33341,34.4411],[-119.33336,34.44096],[-119.33298,34.44068],[-119.33238,34.4409],[-119.33204,34.44057],[-119.33169,34.44081],[-119.33161,34.44125],[-119.33101,34.44128],[-119.33084,34.44169],[-119.33047,34.44181],[-119.33033,34.44196],[-119.32968,34.4421],[-119.32935,34.44266],[-119.32924,34.44365],[-119.32967,34.44408],[-119.32961,34.44422],[-119.32882,34.44479],[-119.32877,34.44507],[-119.32895,34.44535],[-119.32982,34.44549],[-119.32945,34.44578],[-119.32981,34.44621],[-119.32946,34.44629],[-119.32929,34.44654],[-119.32878,34.4467],[-119.32843,34.44615],[-119.32842,34.44578],[-119.32826,34.44571],[-119.32775,34.44579],[-119.3274,34.4455],[-119.32775,34.44529],[-119.32783,34.44507],[-119.32781,34.44493],[-119.32737,34.4445],[-119.32792,34.44435],[-119.32799,34.4438],[-119.32792,34.44356],[-119.32757,34.44341],[-119.3274,34.44322],[-119.32706,34.44319],[-119.32651,34.44337],[-119.3262,34.44367],[-119.32582,34.4438],[-119.32589,34.44337],[-119.32569,34.44323],[-119.32466,34.44317],[-119.3246,34.44309],[-119.32518,34.44238],[-119.32607,34.44224],[-119.32654,34.44167],[-119.327,34.44139],[-119.3274,34.4413],[-119.32798,34.44082],[-119.32798,34.44068],[-119.32775,34.44055],[-119.32649,34.44026],[-119.32625,34.43983],[-119.32626,34.43955],[-119.32689,34.43877],[-119.32826,34.43818],[-119.3286,34.43776],[-119.32895,34.43771],[-119.32963,34.4378],[-119.32998,34.43767],[-119.33006,34.43757],[-119.32975,34.43714],[-119.32966,34.43672],[-119.32946,34.43663],[-119.32912,34.43687],[-119.32846,34.437],[-119.32826,34.43746],[-119.32757,34.43757],[-119.32726,34.43771],[-119.32706,34.43815],[-119.32637,34.43859],[-119.32594,34.43927],[-119.32489,34.43997],[-119.32487,34.44026],[-119.32518,34.44054],[-119.3252,34.44082],[-119.32502,34.44111],[-119.32466,34.44137],[-119.32363,34.44164],[-119.32225,34.44264],[-119.32191,34.44251],[-119.32157,34.44253],[-119.32122,34.4423],[-119.32102,34.44266],[-119.32104,34.44309],[-119.32058,34.44365],[-119.32059,34.44422],[-119.32019,34.44452],[-119.31968,34.44425],[-119.31899,34.44409],[-119.3189,34.44365],[-119.31865,34.44355],[-119.31858,34.44365],[-119.31867,34.44465],[-119.31796,34.44455],[-119.31768,34.44479],[-119.31769,34.44521],[-119.31727,34.44538],[-119.31693,34.44527],[-119.31659,34.44534],[-119.3163,34.44493],[-119.3161,34.44422],[-119.3159,34.4441],[-119.31504,34.44421],[-119.31479,34.44465],[-119.31436,34.44496],[-119.31367,34.44487],[-119.31333,34.44438],[-119.31315,34.44429],[-119.31298,34.44429],[-119.31248,34.44465],[-119.3123,34.44492],[-119.31212,34.44497],[-119.31127,34.44481],[-119.31058,34.44434],[-119.30985,34.4445],[-119.31016,34.44493],[-119.31014,34.44507],[-119.30976,34.44549],[-119.30989,34.4457],[-119.31006,34.44579],[-119.31058,34.44581],[-119.31109,34.44565],[-119.31178,34.44586],[-119.31247,34.44576],[-119.31203,34.4462],[-119.31247,34.44684],[-119.31281,34.447],[-119.31315,34.44685],[-119.31333,34.44717],[-119.31484,34.44748],[-119.3142,34.44748],[-119.3135,34.44736],[-119.31333,34.44723],[-119.31281,34.4472],[-119.31247,34.44754],[-119.31214,34.44719],[-119.31178,34.44712],[-119.31161,34.44676],[-119.31109,34.44665],[-119.31092,34.44665],[-119.31041,34.4473],[-119.31018,34.44691],[-119.31,34.44691],[-119.30955,34.44719],[-119.30983,34.44677],[-119.30972,34.44662],[-119.30955,34.44662],[-119.30921,34.44638],[-119.30903,34.44639],[-119.30854,34.44677],[-119.30852,34.44688],[-119.30804,34.44634],[-119.30814,34.44592],[-119.30766,34.4458],[-119.30742,34.44592],[-119.30746,34.4462],[-119.3073,34.44649],[-119.30715,34.44735],[-119.30697,34.44723],[-119.3068,34.44677],[-119.30646,34.44649],[-119.30629,34.44614],[-119.30607,34.4462],[-119.30607,34.44719],[-119.30594,34.44735],[-119.30512,34.44663],[-119.30513,34.44634],[-119.30501,34.4462],[-119.30474,34.44607],[-119.30451,34.4462],[-119.30504,34.44663],[-119.30481,34.44705],[-119.30499,34.44733],[-119.30493,34.44776],[-119.30533,34.44875],[-119.30545,34.44889],[-119.30584,34.44903],[-119.30577,34.44907],[-119.30543,34.44906],[-119.3054,34.44889],[-119.30526,34.44881],[-119.30491,34.44882],[-119.3049,34.44833],[-119.30423,34.44769],[-119.30371,34.44769],[-119.30337,34.44744],[-119.30251,34.44746],[-119.30234,34.4475],[-119.30227,34.44762],[-119.30241,34.4479],[-119.30248,34.44847],[-119.30269,34.44889],[-119.30248,34.44903],[-119.30243,34.44918],[-119.30257,34.44946],[-119.30251,34.44962],[-119.30165,34.44929],[-119.30131,34.44943],[-119.30097,34.44934],[-119.30062,34.44944],[-119.30016,34.44918],[-119.30011,34.44881],[-119.29976,34.44883],[-119.29925,34.44949],[-119.30114,34.4499],[-119.302,34.44996],[-119.3021,34.45017],[-119.3021,34.45059],[-119.30251,34.45073],[-119.30268,34.45129],[-119.30285,34.45133],[-119.3032,34.45118],[-119.30337,34.45127],[-119.30403,34.45172],[-119.30403,34.45201],[-119.30422,34.45215],[-119.30474,34.45225],[-119.30543,34.45183],[-119.30561,34.45186],[-119.30573,34.45201],[-119.30555,34.45243],[-119.3056,34.45256],[-119.30612,34.45277],[-119.30629,34.45278],[-119.3068,34.45242],[-119.30732,34.45231],[-119.30766,34.45241],[-119.30869,34.4519],[-119.30921,34.45184],[-119.31041,34.4514],[-119.31092,34.45137],[-119.31109,34.45116],[-119.31097,34.45073],[-119.31109,34.45057],[-119.31161,34.45075],[-119.31212,34.45059],[-119.31264,34.45076],[-119.31367,34.45074],[-119.31453,34.4509],[-119.31487,34.45082],[-119.31521,34.45093],[-119.31573,34.45093],[-119.3159,34.45099],[-119.31607,34.45124],[-119.31882,34.45177],[-119.3191,34.45186],[-119.3183,34.45191],[-119.31762,34.45211],[-119.31624,34.45227],[-119.31584,34.45243],[-119.31642,34.453],[-119.31727,34.45344],[-119.31933,34.454],[-119.3205,34.45455],[-119.32002,34.45471],[-119.31989,34.45484],[-119.31985,34.45513],[-119.31951,34.45501],[-119.31916,34.45511],[-119.31865,34.45473],[-119.31796,34.45461],[-119.31778,34.4547],[-119.31801,34.45554],[-119.31762,34.45603],[-119.31754,34.4554],[-119.31728,34.45512],[-119.3171,34.45508],[-119.31682,34.45526],[-119.31651,34.45583],[-119.31629,34.45583],[-119.31637,34.45554],[-119.31614,34.45526],[-119.3162,34.45484],[-119.31613,34.4547],[-119.31556,34.45429],[-119.31521,34.45429],[-119.31504,34.45407],[-119.31436,34.4537],[-119.31409,34.45328],[-119.31367,34.45222],[-119.31337,34.45229],[-119.31324,34.45243],[-119.31339,34.45271],[-119.31349,34.45328],[-119.31333,34.45361],[-119.31298,34.45365],[-119.3123,34.45333],[-119.31212,34.45337],[-119.31183,34.4537],[-119.31195,34.45393],[-119.31291,34.45455],[-119.31316,34.45484],[-119.31281,34.45505],[-119.31264,34.45503],[-119.31247,34.45481],[-119.31212,34.45466],[-119.31178,34.45468],[-119.31182,34.45498],[-119.31161,34.45556],[-119.31146,34.45569],[-119.31121,34.45569],[-119.31133,34.4554],[-119.3113,34.45498],[-119.31075,34.45441],[-119.31071,34.45399],[-119.31024,34.45383],[-119.31006,34.45383],[-119.30981,34.45413],[-119.30999,34.45512],[-119.30972,34.45528],[-119.30921,34.45537],[-119.30903,34.45532],[-119.30916,34.45484],[-119.30886,34.45453],[-119.30835,34.45464],[-119.308,34.45497],[-119.30766,34.45499],[-119.30732,34.45528],[-119.3068,34.45506],[-119.30663,34.45469],[-119.30594,34.45463],[-119.30581,34.4547],[-119.30584,34.45484],[-119.30615,34.45526],[-119.30601,34.4554],[-119.30577,34.45547],[-119.30543,34.45537],[-119.30509,34.45571],[-119.30474,34.45558],[-119.30457,34.45561],[-119.30423,34.45593],[-119.30402,34.45569],[-119.30377,34.45512],[-119.30337,34.45477],[-119.3032,34.45476],[-119.30304,34.45498],[-119.30322,34.45526],[-119.3032,34.45571],[-119.30251,34.45545],[-119.30246,34.45583],[-119.30234,34.45595],[-119.30179,34.45569],[-119.30151,34.4554],[-119.30144,34.4547],[-119.30157,34.45427],[-119.30131,34.45419],[-119.30114,34.45427],[-119.30102,34.4547],[-119.30124,34.4554],[-119.3015,34.45583],[-119.30148,34.45614],[-119.30114,34.45605],[-119.30079,34.45624],[-119.30045,34.45617],[-119.30028,34.45637],[-119.30011,34.45634],[-119.2998,34.45611],[-119.29959,34.45573],[-119.29942,34.45565],[-119.29936,34.45583],[-119.29947,34.45611],[-119.29942,34.45641],[-119.29893,34.45639],[-119.29873,34.45658],[-119.29805,34.45604],[-119.29788,34.45605],[-119.29781,34.45654],[-119.2977,34.45661],[-119.29719,34.45656],[-119.29699,34.45668],[-119.29673,34.4571],[-119.29682,34.45724],[-119.29891,34.45724],[-119.29994,34.4577],[-119.30028,34.45754],[-119.30251,34.45726],[-119.30337,34.45724],[-119.30371,34.4574],[-119.30423,34.45731],[-119.30491,34.45748],[-119.30594,34.45736],[-119.30646,34.45747],[-119.3068,34.45731],[-119.30732,34.45742],[-119.30764,34.4571],[-119.30805,34.45696],[-119.30893,34.45696],[-119.30869,34.45728],[-119.30818,34.45731],[-119.30783,34.45754],[-119.30776,34.45795],[-119.308,34.4584],[-119.30752,34.45795],[-119.30732,34.45788],[-119.30686,34.45809],[-119.3068,34.45867],[-119.30674,34.45852],[-119.30612,34.45837],[-119.30577,34.45863],[-119.30543,34.45857],[-119.30451,34.45894],[-119.30492,34.45951],[-119.30594,34.46023],[-119.30566,34.46022],[-119.30526,34.45999],[-119.30414,34.45965],[-119.30337,34.45889],[-119.30285,34.45893],[-119.30277,34.45908],[-119.30303,34.45951],[-119.30329,34.45979],[-119.30395,34.46022],[-119.3035,34.46036],[-119.3032,34.46094],[-119.30317,34.4605],[-119.30303,34.46022],[-119.30285,34.46012],[-119.30234,34.46019],[-119.30217,34.4598],[-119.30163,34.45979],[-119.30153,34.45965],[-119.30158,34.45922],[-119.30097,34.45925],[-119.30052,34.45951],[-119.30051,34.45965],[-119.30079,34.46008],[-119.30127,34.4605],[-119.30183,34.46149],[-119.30182,34.46168],[-119.30131,34.4616],[-119.30097,34.46171],[-119.30079,34.46159],[-119.30063,34.46121],[-119.30045,34.46103],[-119.30028,34.46097],[-119.29994,34.46125],[-119.29968,34.46106],[-119.29959,34.46073],[-119.29945,34.46092],[-119.29925,34.46099],[-119.29909,34.46092],[-119.29897,34.46064],[-119.29862,34.4605],[-119.29847,34.46036],[-119.29839,34.46002],[-119.29832,34.46007],[-119.29835,34.46022],[-119.29816,34.46064],[-119.29873,34.46106],[-119.29898,34.46149],[-119.29961,34.46191],[-119.29972,34.46206],[-119.29966,34.4622],[-119.29839,34.46213],[-119.29788,34.46183],[-119.2977,34.46191],[-119.2979,34.4622],[-119.29828,34.46248],[-119.29846,34.46305],[-119.29839,34.4632],[-119.29788,34.4628],[-119.29719,34.46266],[-119.29699,34.46276],[-119.29685,34.46335],[-119.29614,34.46319],[-119.29578,34.46276],[-119.2953,34.46284],[-119.29513,34.46278],[-119.29497,34.4629],[-119.29513,34.4631],[-119.29547,34.46319],[-119.29563,34.46333],[-119.29547,34.46378],[-119.29601,34.46432],[-119.29513,34.46441],[-119.29496,34.46426],[-119.29444,34.4641],[-119.29393,34.46413],[-119.29332,34.46474],[-119.29312,34.46559],[-119.29324,34.46571],[-119.29393,34.46569],[-119.29427,34.46555],[-119.29467,34.46602],[-119.29522,34.4663],[-119.29536,34.46673],[-119.2941,34.4666],[-119.29358,34.46672],[-119.29344,34.46687],[-119.29376,34.46729],[-119.29376,34.46743],[-119.29287,34.46743],[-119.29276,34.46814],[-119.29221,34.46864],[-119.29193,34.46913],[-119.2917,34.4693],[-119.29112,34.47041],[-119.29118,34.47064],[-119.29152,34.47088],[-119.2924,34.47097],[-119.2925,34.47111],[-119.29221,34.47165],[-119.29215,34.4721],[-119.29268,34.47253],[-119.29376,34.47263],[-119.29494,34.4721],[-119.29547,34.47208],[-119.29631,34.47225],[-119.29547,34.47228],[-119.29534,34.47239],[-119.29523,34.47295],[-119.29475,34.47309],[-119.29438,34.47352],[-119.29444,34.47385],[-119.29556,34.47522],[-119.29561,34.47578],[-119.29616,34.47641],[-119.29631,34.47706],[-119.29598,34.47762],[-119.29613,34.47819],[-119.29605,34.47876],[-119.29547,34.479],[-119.29517,34.47946],[-119.29528,34.48017],[-119.29514,34.48059],[-119.29518,34.48144],[-119.2953,34.4817],[-119.29582,34.48204],[-119.29651,34.48229],[-119.29685,34.48256],[-119.29736,34.48257],[-119.29805,34.48285],[-119.29822,34.483],[-119.29844,34.48371],[-119.29926,34.4847],[-119.29924,34.48498],[-119.29942,34.4851],[-119.29994,34.48489],[-119.30084,34.48413],[-119.30112,34.48385],[-119.30129,34.48342],[-119.30165,34.48301],[-119.30217,34.48269],[-119.30288,34.48272],[-119.302,34.48289],[-119.30153,34.48328],[-119.30146,34.48385],[-119.30118,34.48413],[-119.30117,34.48427],[-119.30131,34.48442],[-119.30097,34.48475],[-119.30062,34.48488],[-119.30045,34.48515],[-119.29994,34.48528],[-119.29908,34.48527],[-119.29839,34.48513],[-119.29788,34.48489],[-119.29736,34.48486],[-119.29689,34.48456],[-119.29667,34.48427],[-119.29672,34.48371],[-119.2965,34.48352],[-119.29616,34.48358],[-119.29444,34.48349],[-119.2941,34.48339],[-119.29376,34.48343],[-119.29307,34.48295],[-119.29238,34.48286],[-119.29194,34.48258],[-119.2918,34.48215],[-119.29154,34.48201],[-119.29173,34.48173],[-119.2917,34.4816],[-119.29135,34.48158],[-119.2908,34.48116],[-119.29056,34.48059],[-119.29059,34.48003],[-119.29049,34.4796],[-119.29037,34.47946],[-119.29035,34.4789],[-119.29015,34.47862],[-119.28998,34.47859],[-119.28996,34.47847],[-119.28998,34.47833],[-119.29015,34.47831],[-119.29049,34.47852],[-119.29067,34.47856],[-119.29084,34.47847],[-119.29106,34.47748],[-119.29094,34.47692],[-119.29069,34.47663],[-119.29062,34.47621],[-119.29041,34.47593],[-119.29016,34.47522],[-119.29008,34.47437],[-119.28994,34.47394],[-119.28946,34.47338],[-119.28921,34.47281],[-119.28826,34.47194],[-119.28775,34.47186],[-119.28758,34.47125],[-119.28741,34.47114],[-119.28722,34.47111],[-119.28706,34.47129],[-119.28638,34.47136],[-119.28613,34.47097],[-119.28559,34.47069],[-119.28595,34.47026],[-119.28603,34.46998],[-119.28548,34.46913],[-119.28535,34.46908],[-119.28466,34.46937],[-119.2838,34.46957],[-119.28329,34.46954],[-119.28233,34.46927],[-119.28248,34.46913],[-119.28397,34.46852],[-119.28449,34.46808],[-119.285,34.46729],[-119.28483,34.46697],[-119.28431,34.46673],[-119.28402,34.46644],[-119.28298,34.46588],[-119.28288,34.46574],[-119.2834,34.46503],[-119.28346,34.46446],[-119.28315,34.46347],[-119.28243,34.4629],[-119.28204,34.4629],[-119.28174,34.46303],[-119.28157,34.46328],[-119.28164,34.46361],[-119.28157,34.4638],[-119.28088,34.4641],[-119.27934,34.4641],[-119.27873,34.46432],[-119.27846,34.46418],[-119.27985,34.46373],[-119.28064,34.46305],[-119.28071,34.4629],[-119.28037,34.46241],[-119.27985,34.46218],[-119.27934,34.46213],[-119.27899,34.46228],[-119.27882,34.4626],[-119.27779,34.4623],[-119.27745,34.46235],[-119.27711,34.46256],[-119.27642,34.46264],[-119.27635,34.46262],[-119.2764,34.46248],[-119.27676,34.46242],[-119.27711,34.46203],[-119.27723,34.46149],[-119.27711,34.46127],[-119.27693,34.46121],[-119.27651,34.46078],[-119.27539,34.46074],[-119.27453,34.4611],[-119.27403,34.46064],[-119.27316,34.46061],[-119.27247,34.46032],[-119.27192,34.4605],[-119.27161,34.4608],[-119.27149,34.46106],[-119.27147,34.46163],[-119.2716,34.46234],[-119.27213,34.46303],[-119.27213,34.46334],[-119.27161,34.46298],[-119.27144,34.46294],[-119.27127,34.46309],[-119.2712,34.46305],[-119.27108,34.46248],[-119.27075,34.46235],[-119.27041,34.46254],[-119.27024,34.46243],[-119.27007,34.46184],[-119.26921,34.46156],[-119.26869,34.46165],[-119.26835,34.46238],[-119.26681,34.46327],[-119.26612,34.4632],[-119.2656,34.46343],[-119.26533,34.4629],[-119.26546,34.46234],[-119.26526,34.46203],[-119.26475,34.46168],[-119.2644,34.46176],[-119.26371,34.46149],[-119.26406,34.46147],[-119.2644,34.46162],[-119.26481,34.46163],[-119.26492,34.46174],[-119.26543,34.46167],[-119.26571,34.46149],[-119.26681,34.4603],[-119.26687,34.45993],[-119.26644,34.45965],[-119.26653,34.45951],[-119.26654,34.45908],[-119.26698,34.45878],[-119.26756,34.45795],[-119.26955,34.45786],[-119.2699,34.45777],[-119.27075,34.45736],[-119.27161,34.45663],[-119.2723,34.45644],[-119.27285,34.45611],[-119.27282,34.45597],[-119.27196,34.45609],[-119.27164,34.45597],[-119.27213,34.45572],[-119.27247,34.45512],[-119.27247,34.45484],[-119.27196,34.45463],[-119.27108,34.4547],[-119.27127,34.45413],[-119.27167,34.4537],[-119.2718,34.45342],[-119.27161,34.45322],[-119.27075,34.45303],[-119.2705,34.45314],[-119.27007,34.45365],[-119.26972,34.45391],[-119.26887,34.45394],[-119.26869,34.45435],[-119.26784,34.45479],[-119.26715,34.45473],[-119.26699,34.45484],[-119.26694,34.4554],[-119.26589,34.45597],[-119.26543,34.4566],[-119.26492,34.45665],[-119.26482,34.45654],[-119.26499,34.45611],[-119.26507,34.45554],[-119.26539,34.45498],[-119.2654,34.4547],[-119.2644,34.45429],[-119.26388,34.45427],[-119.2644,34.45395],[-119.26509,34.45394],[-119.26595,34.45363],[-119.26664,34.45328],[-119.26683,34.453],[-119.26629,34.45278],[-119.26452,34.45286],[-119.26436,34.45243],[-119.26407,34.45215],[-119.26413,34.45186],[-119.26406,34.45144],[-119.26372,34.45151],[-119.26315,34.45201],[-119.26304,34.45229],[-119.26303,34.45291],[-119.26269,34.45325],[-119.26181,34.45385],[-119.26131,34.45487],[-119.26097,34.45488],[-119.26028,34.45471],[-119.25942,34.45485],[-119.25874,34.45438],[-119.25805,34.45445],[-119.25736,34.45473],[-119.25651,34.45472],[-119.25616,34.45462],[-119.25578,34.45413],[-119.25559,34.4537],[-119.2553,34.45353],[-119.25508,34.4537],[-119.25503,34.45399],[-119.25523,34.4547],[-119.25513,34.45509],[-119.25496,34.45516],[-119.25462,34.45495],[-119.25427,34.45491],[-119.2541,34.45498],[-119.25376,34.45542],[-119.25256,34.45587],[-119.25243,34.45611],[-119.25256,34.45654],[-119.25204,34.45659],[-119.25138,34.45682],[-119.25065,34.45781],[-119.2505,34.45821],[-119.25033,34.4583],[-119.24964,34.45837],[-119.24861,34.45874],[-119.24827,34.45876],[-119.24807,34.45852],[-119.24836,34.45767],[-119.24827,34.45753],[-119.24775,34.45755],[-119.24747,34.45767],[-119.24718,34.45795],[-119.24689,34.45851],[-119.24638,34.45829],[-119.24603,34.45843],[-119.24586,34.45832],[-119.24561,34.45781],[-119.24552,34.45775],[-119.24538,34.45781],[-119.24498,34.45866],[-119.2453,34.45894],[-119.24514,34.45993],[-119.24557,34.46064],[-119.24534,34.46163],[-119.24553,34.4622],[-119.24546,34.46234],[-119.24516,34.46262],[-119.24519,34.4622],[-119.24492,34.46177],[-119.24483,34.46135],[-119.24466,34.46129],[-119.24397,34.46155],[-119.24329,34.46189],[-119.24312,34.46214],[-119.24253,34.46248],[-119.24174,34.46387],[-119.24123,34.46364],[-119.24101,34.46319],[-119.24071,34.46291],[-119.24054,34.46296],[-119.24003,34.46347],[-119.23918,34.46361],[-119.239,34.46382],[-119.23882,34.46384],[-119.23885,34.46347],[-119.23848,34.46286],[-119.23829,34.4629],[-119.23797,34.46318],[-119.23715,34.46347],[-119.23638,34.46361],[-119.23573,34.46433],[-119.23556,34.4644],[-119.23505,34.46412],[-119.23453,34.46411],[-119.23385,34.46446],[-119.23368,34.4649],[-119.23333,34.46491],[-119.23265,34.46513],[-119.23229,34.46503],[-119.23173,34.46446],[-119.23059,34.46367],[-119.22835,34.46357],[-119.22794,34.46375],[-119.22801,34.46391],[-119.2275,34.46368],[-119.22647,34.46371],[-119.22595,34.46338],[-119.22544,34.46338],[-119.22458,34.46315],[-119.22252,34.46344],[-119.22194,34.46375],[-119.22166,34.46405],[-119.22046,34.46429],[-119.21916,34.46517],[-119.21823,34.46546],[-119.21737,34.46548],[-119.21733,34.46531],[-119.21744,34.46503],[-119.21736,34.46489],[-119.21685,34.46454],[-119.21617,34.46434],[-119.2146,34.46474],[-119.21414,34.46503],[-119.21393,34.46537],[-119.21342,34.46549],[-119.21308,34.46543],[-119.2121,34.46474],[-119.2116,34.46375],[-119.21127,34.46333],[-119.21084,34.463],[-119.21049,34.4629],[-119.21059,34.46262],[-119.2105,34.46232],[-119.20867,34.46022],[-119.20775,34.45969],[-119.20675,34.45894],[-119.20597,34.45866],[-119.20501,34.45813],[-119.20432,34.45749],[-119.20353,34.4571],[-119.20368,34.45654],[-119.20313,34.45526],[-119.2015,34.453],[-119.20066,34.45215],[-119.19967,34.45087],[-119.19866,34.4501],[-119.19745,34.4496],[-119.19644,34.44875],[-119.19543,34.44833],[-119.19542,34.44818],[-119.19591,34.44763],[-119.19771,34.44634],[-119.1983,34.44606],[-119.19917,34.44585],[-119.19951,34.44593],[-119.19986,34.44589],[-119.20076,34.44564],[-119.20115,34.44535],[-119.20157,34.44519],[-119.20226,34.44537],[-119.2036,34.44507],[-119.20388,34.44493],[-119.20384,34.44465],[-119.20428,34.44422],[-119.20447,34.44351],[-119.20398,34.44273],[-119.20357,34.44266],[-119.20296,34.44238],[-119.20312,34.44226],[-119.20432,34.4426],[-119.20466,34.44286],[-119.20638,34.44282],[-119.20667,34.44266],[-119.20678,34.44238],[-119.20666,34.44181],[-119.20649,34.44153],[-119.2069,34.44146],[-119.20703,34.44153],[-119.20758,34.44234],[-119.2081,34.44251],[-119.20861,34.4425],[-119.20956,34.4421],[-119.20967,34.44181],[-119.20958,34.44139],[-119.20981,34.44118],[-119.20993,34.44153],[-119.21067,34.4419],[-119.21136,34.44175],[-119.21187,34.44151],[-119.21257,34.44139],[-119.2129,34.44115],[-119.21359,34.44122],[-119.21373,34.44111],[-119.21373,34.44096],[-119.21358,34.44054],[-119.21376,34.44031],[-119.21462,34.44072],[-119.21514,34.44066],[-119.21565,34.4408],[-119.21617,34.44075],[-119.21632,34.44054],[-119.21616,34.44011],[-119.21617,34.43979],[-119.21634,34.43969],[-119.21702,34.44027],[-119.21735,34.44026],[-119.21736,34.43955],[-119.21771,34.43909],[-119.21823,34.43996],[-119.21926,34.4401],[-119.21963,34.43997],[-119.21977,34.43939],[-119.22011,34.43863],[-119.22046,34.43892],[-119.22062,34.43955],[-119.22079,34.43969],[-119.22235,34.43944],[-119.22254,34.43898],[-119.22226,34.43827],[-119.22235,34.43816],[-119.22355,34.43925],[-119.22406,34.43923],[-119.22441,34.43933],[-119.2246,34.43912],[-119.22423,34.43841],[-119.22441,34.43841],[-119.22595,34.43908],[-119.22614,34.43898],[-119.22614,34.43842],[-119.22664,34.43818],[-119.2275,34.43872],[-119.22835,34.43881],[-119.2287,34.43876],[-119.22931,34.43842],[-119.22928,34.43799],[-119.22956,34.43751],[-119.22973,34.43749],[-119.23024,34.43796],[-119.23059,34.43801],[-119.23127,34.43797],[-119.23162,34.43767],[-119.23221,34.43757],[-119.23196,34.43726],[-119.23162,34.43721],[-119.23127,34.437],[-119.23179,34.43685],[-119.23299,34.43685],[-119.23357,34.43643],[-119.23351,34.43629],[-119.23304,34.43601],[-119.23162,34.4358],[-119.23127,34.43585],[-119.23094,34.43573],[-119.23213,34.43527],[-119.23265,34.43535],[-119.23402,34.43517],[-119.23419,34.43481],[-119.2347,34.4346],[-119.23493,34.43403],[-119.2355,34.4336],[-119.23598,34.43304],[-119.23623,34.43261],[-119.23621,34.43219],[-119.23688,34.43134],[-119.23695,34.43105],[-119.23745,34.43057],[-119.23797,34.4304],[-119.23803,34.43006],[-119.23845,34.42964],[-119.23888,34.42879],[-119.23831,34.42865],[-119.23779,34.4287],[-119.23728,34.42861],[-119.23694,34.42875],[-119.23625,34.42876],[-119.23614,34.42865],[-119.23611,34.42836],[-119.23573,34.4284],[-119.23556,34.42832],[-119.23525,34.42865],[-119.23505,34.42867],[-119.23488,34.42862],[-119.2347,34.42833],[-119.23402,34.42828],[-119.23385,34.42816],[-119.23282,34.42827],[-119.2326,34.42822],[-119.23385,34.42762],[-119.23505,34.42749],[-119.23524,34.42737],[-119.23488,34.42691],[-119.23419,34.42656],[-119.23394,34.42652],[-119.2335,34.42671],[-119.23331,34.42652],[-119.23299,34.4264],[-119.23292,34.42624],[-119.23309,34.42596],[-119.23301,34.42581],[-119.23247,34.42582],[-119.23235,34.42567],[-119.23247,34.42539],[-119.23303,34.42511],[-119.23299,34.42489],[-119.23368,34.42531],[-119.23419,34.42508],[-119.23441,34.42525],[-119.23556,34.42557],[-119.23575,34.42553],[-119.23591,34.42513],[-119.23625,34.42502],[-119.23642,34.42539],[-119.23714,34.42567],[-119.2371,34.4261],[-119.23831,34.42644],[-119.23865,34.42625],[-119.23969,34.42624],[-119.23991,34.4261],[-119.23996,34.42567],[-119.23986,34.42553],[-119.24063,34.42511],[-119.24037,34.42487],[-119.24017,34.42482],[-119.24054,34.42478],[-119.24088,34.4246],[-119.2414,34.42468],[-119.24243,34.42403],[-119.24299,34.42397],[-119.24348,34.42369],[-119.2438,34.42326],[-119.24415,34.42324],[-119.24429,34.42312],[-119.24445,34.42213],[-119.24466,34.42153],[-119.245,34.42147],[-119.24535,34.42164],[-119.24638,34.42167],[-119.24655,34.42164],[-119.24691,34.42128],[-119.24681,34.42114],[-119.24655,34.42107],[-119.24621,34.42111],[-119.24569,34.42135],[-119.24552,34.42133],[-119.24518,34.42123],[-119.2447,34.42086],[-119.24432,34.42082],[-119.24416,34.42086],[-119.2438,34.42134],[-119.24346,34.42138],[-119.24312,34.42105],[-119.24277,34.42134],[-119.24157,34.42113],[-119.24123,34.4214],[-119.2402,34.42088],[-119.23985,34.42112],[-119.23935,34.42128],[-119.2389,34.42171],[-119.23882,34.4219],[-119.23814,34.42159],[-119.23797,34.42161],[-119.23782,34.42171],[-119.23779,34.42201],[-119.23745,34.42213],[-119.23711,34.42199],[-119.23608,34.42209],[-119.23539,34.42147],[-119.23522,34.42145],[-119.23453,34.42183],[-119.23414,34.42227],[-119.23402,34.42274],[-119.23385,34.42284],[-119.23247,34.42301],[-119.23227,34.42284],[-119.23222,34.42256],[-119.23179,34.42213],[-119.23144,34.42207],[-119.23041,34.42221],[-119.22956,34.42214],[-119.22948,34.42185],[-119.22915,34.42157],[-119.22905,34.42128],[-119.2287,34.42098],[-119.22835,34.42096],[-119.22785,34.42143],[-119.2275,34.4216],[-119.22678,34.42128],[-119.2275,34.42133],[-119.22834,34.42029],[-119.2287,34.42031],[-119.22938,34.42087],[-119.23007,34.42111],[-119.23075,34.421],[-119.23144,34.42104],[-119.23201,34.42086],[-119.23224,34.42072],[-119.2323,34.42057],[-119.23247,34.42052],[-119.23317,34.42072],[-119.23419,34.42043],[-119.23488,34.41999],[-119.23573,34.41974],[-119.23625,34.41978],[-119.23676,34.42035],[-119.23688,34.41987],[-119.23729,34.41944],[-119.23844,34.41916],[-119.23831,34.41873],[-119.23865,34.41859],[-119.23879,34.41831],[-119.23868,34.41774],[-119.23876,34.41746],[-119.23868,34.41704],[-119.23874,34.41675],[-119.23917,34.41614],[-119.23934,34.41624],[-119.23951,34.41668],[-119.24003,34.41656],[-119.24042,34.41675],[-119.24003,34.41686],[-119.23992,34.41704],[-119.23982,34.4176],[-119.23997,34.41789],[-119.24037,34.41811],[-119.24106,34.41824],[-119.24174,34.41865],[-119.2426,34.41859],[-119.2438,34.41799],[-119.24415,34.41792],[-119.24449,34.41765],[-119.245,34.41755],[-119.24564,34.41789],[-119.24605,34.41774],[-119.24638,34.4179],[-119.24689,34.41784],[-119.24724,34.41792],[-119.24743,34.41789],[-119.24755,34.41732],[-119.24775,34.41723],[-119.24912,34.41706],[-119.24998,34.41728],[-119.25033,34.41746],[-119.2505,34.41742],[-119.25078,34.41704],[-119.25067,34.41691],[-119.25033,34.41681],[-119.24924,34.41619],[-119.24981,34.41562],[-119.2502,34.41548],[-119.25025,34.41505]]}},{"type":"Feature","properties":{"m":280,"index":0},"geometry":{"type":"LineString","coordinates":[[-119.25194,34.41505],[-119.25216,34.41534],[-119.25324,34.41569],[-119.25359,34.41596],[-119.25479,34.41554],[-119.25513,34.41576],[-119.25548,34.41582],[-119.25582,34.41548],[-119.25633,34.41555],[-119.25645,34.41548],[-119.25659,34.41505]]}},{"type":"Feature","properties":{"m":280,"index":0},"geometry":{"type":"LineString","coordinates":[[-119.25846,34.41505],[-119.25866,34.41534],[-119.25908,34.41542],[-119.25925,34.41536],[-119.25948,34.41505]]}},{"type":"Feature","properties":{"m":280,"index":0},"geometry":{"type":"LineString","coordinates":[[-119.25994,34.41501],[-119.26114,34.41577],[-119.26142,34.41562],[-119.26166,34.4153],[-119.26202,34.41505]]}},{"type":"Feature","properties":{"m":280,"index":0},"geometry":{"type":"LineString","coordinates":[[-119.3044,34.48285],[-119.3044,34.48285]]}},{"type":"Feature","properties":{"m":280,"index":0},"geometry":{"type":"LineString","coordinates":[[-119.30612,34.44915],[-119.30612,34.44915]]}},{"type":"Feature","properties":{"m":280,"index":0},"geometry":{"type":"LineString","coordinates":[[-119.33839,34.44543],[-119.33839,34.44543]]}},{"type":"Feature","properties":{"m":320,"index":0},"geometry":{"type":"LineString","coordinates":[[-119.30614,34.45625],[-119.30614,34.45625]]}},{"type":"Feature","properties":{"m":320,"index":0},"geometry":{"type":"LineString","coordinates":[[-119.30698,34.45611],[-119.30698,34.45611]]}},{"type":"Feature","properties":{"m":320,"index":0},"geometry":{"type":"LineString","coordinates":[[-119.30782,34.45583],[-119.30782,34.45583]]}},{"type":"Feature","properties":{"m":320,"index":0},"geometry":{"type":"LineString","coordinates":[[-119.306,34.45116],[-119.306,34.45116]]}},{"type":"Feature","properties":{"m":320,"index":0},"geometry":{"type":"LineString","coordinates":[[-119.30499,34.45102],[-119.30499,34.45102]]}},{"type":"Feature","properties":{"m":320,"index":0},"geometry":{"type":"LineString","coordinates":[[-119.30569,34.45087],[-119.30569,34.45087]]}},{"type":"Feature","properties":{"m":320,"index":0},"geometry":{"type":"LineString","coordinates":[[-119.30982,34.45031],[-119.30982,34.45031]]}},{"type":"Feature","properties":{"m":320,"index":0},"geometry":{"type":"LineString","coordinates":[[-119.23032,34.43714],[-119.23032,34.43714]]}},{"type":"Feature","properties":{"m":320,"index":0},"geometry":{"type":"LineString","coordinates":[[-119.28174,34.415],[-119.28131,34.41519],[-119.28157,34.41538],[-119.28176,34.41534],[-119.2821,34.41505]]}},{"type":"Feature","properties":{"m":320,"index":0},"geometry":{"type":"LineString","coordinates":[[-119.33993,34.43958],[-119.33942,34.4392],[-119.33908,34.43972],[-119.33839,34.43935],[-119.33762,34.43983],[-119.33766,34.43997],[-119.33795,34.44011],[-119.33822,34.44051],[-119.33856,34.44045],[-119.33908,34.44017],[-119.33925,34.44019],[-119.33948,34.44082],[-119.33923,34.44125],[-119.33924,34.44139],[-119.33959,34.44146],[-119.33993,34.44135]]}},{"type":"Feature","properties":{"m":320,"index":0},"geometry":{"type":"LineString","coordinates":[[-119.33996,34.4479],[-119.33977,34.44804],[-119.33979,34.44833],[-119.33993,34.44851]]}},{"type":"Feature","properties":{"m":320,"index":0},"geometry":{"type":"LineString","coordinates":[[-119.33993,34.45014],[-119.33959,34.45015],[-119.33942,34.4505],[-119.33873,34.45091],[-119.33839,34.45087],[-119.33805,34.45059],[-119.33719,34.45108],[-119.33684,34.45114],[-119.33668,34.45102],[-119.33693,34.45059],[-119.33672,34.45031],[-119.33719,34.45007],[-119.33736,34.44959],[-119.33719,34.44932],[-119.33711,34.44889],[-119.33646,34.44889],[-119.33676,34.44861],[-119.33672,34.44833],[-119.33719,34.44805],[-119.33743,34.44776],[-119.33711,34.44748],[-119.3371,34.44733],[-119.33734,34.44705],[-119.33732,34.44691],[-119.33702,34.44671],[-119.3365,34.44677],[-119.33614,34.44663],[-119.3365,34.44646],[-119.3369,34.44592],[-119.33684,34.44579],[-119.33615,34.44592],[-119.3361,34.44578],[-119.33625,34.44564],[-119.33636,34.44521],[-119.3366,34.44507],[-119.33663,34.44493],[-119.33599,34.44457],[-119.33581,34.44456],[-119.3353,34.44484],[-119.33496,34.44483],[-119.33461,34.44498],[-119.33427,34.44483],[-119.33378,34.44479],[-119.33335,34.44422],[-119.33298,34.44323],[-119.33367,34.44266],[-119.33341,34.44235],[-119.33272,34.44248],[-119.33255,34.44227],[-119.33238,34.44223],[-119.33187,34.44301],[-119.33135,34.4431],[-119.33116,34.44323],[-119.33106,34.44337],[-119.33109,34.44365],[-119.33101,34.4438],[-119.33108,34.44436],[-119.33118,34.44441],[-119.33169,34.44415],[-119.33204,34.4441],[-119.3322,34.44436],[-119.3322,34.44479],[-119.33258,34.44507],[-119.333,34.44564],[-119.33287,34.4462],[-119.33242,34.44649],[-119.33251,34.44677],[-119.33299,34.44705],[-119.33299,34.44719],[-119.33274,34.44748],[-119.33244,34.44818],[-119.3326,34.44847],[-119.33266,34.44889],[-119.33238,34.44895],[-119.33187,34.44876],[-119.33169,34.44885],[-119.33167,34.44903],[-119.33188,34.44946],[-119.3318,34.44974],[-119.33195,34.44988],[-119.33196,34.45002],[-119.33188,34.45045],[-119.33169,34.45047],[-119.33101,34.44962],[-119.33088,34.44903],[-119.33066,34.44892],[-119.33032,34.44897],[-119.32946,34.44987],[-119.32895,34.45],[-119.32843,34.45044],[-119.32838,34.45059],[-119.3288,34.45102],[-119.32884,34.4513],[-119.32883,34.45144],[-119.32843,34.45166],[-119.32824,34.45158],[-119.32831,34.4513],[-119.3282,34.45102],[-119.32775,34.45059],[-119.3274,34.45047],[-119.32689,34.4506],[-119.32637,34.45036],[-119.32575,34.45045],[-119.32567,34.45073],[-119.32594,34.45116],[-119.326,34.45144],[-119.32586,34.45159],[-119.32551,34.45134],[-119.32517,34.45083],[-119.32491,34.45087],[-119.32483,34.45119],[-119.32431,34.45126],[-119.32397,34.45113],[-119.32363,34.45114],[-119.32353,34.45102],[-119.32413,34.45059],[-119.32397,34.45042],[-119.32307,34.45031],[-119.32313,34.45017],[-119.32363,34.44989],[-119.32397,34.44995],[-119.32431,34.4498],[-119.32483,34.44992],[-119.325,34.44985],[-119.32521,34.44946],[-119.32534,34.4494],[-119.3262,34.44915],[-119.32672,34.4491],[-119.32677,34.44889],[-119.32651,34.44861],[-119.32654,34.44844],[-119.32687,34.44804],[-119.32603,34.44777],[-119.32517,34.44778],[-119.32466,34.44804],[-119.3238,34.4479],[-119.32345,34.44774],[-119.3226,34.44802],[-119.32242,34.44804],[-119.32225,34.44793],[-119.32223,34.44762],[-119.32192,34.44733],[-119.322,34.44719],[-119.32242,34.44714],[-119.32311,34.44685],[-119.32345,34.44647],[-119.32397,34.44611],[-119.32448,34.44611],[-119.32483,34.44599],[-119.32493,34.44592],[-119.32505,34.44549],[-119.32603,34.44522],[-119.32623,34.44507],[-119.32642,34.44465],[-119.32637,34.44457],[-119.32517,34.44483],[-119.32483,34.44455],[-119.32448,34.44452],[-119.32294,34.4451],[-119.32288,34.44493],[-119.32294,34.44448],[-119.32269,34.44408],[-119.32272,34.44351],[-119.3226,34.44337],[-119.32191,34.44373],[-119.32165,34.44422],[-119.32166,34.44479],[-119.32139,34.44505],[-119.32104,34.44507],[-119.32088,34.44529],[-119.32019,34.4455],[-119.31987,34.44521],[-119.31951,34.44514],[-119.31907,34.44549],[-119.31895,34.44578],[-119.31865,34.44591],[-119.31819,34.44592],[-119.31796,34.44621],[-119.31762,34.4463],[-119.3171,34.44607],[-119.31659,34.44624],[-119.31573,34.44616],[-119.31547,34.44592],[-119.3155,34.44564],[-119.31539,34.44545],[-119.31487,34.44564],[-119.31517,34.44606],[-119.31523,34.44634],[-119.31624,34.44701],[-119.31659,34.44706],[-119.3172,34.44733],[-119.31722,34.44776],[-119.3179,34.44861],[-119.31693,34.44869],[-119.31659,34.44856],[-119.31573,34.44862],[-119.31521,34.44852],[-119.31487,34.44859],[-119.31453,34.44847],[-119.31384,34.44845],[-119.31375,34.44875],[-119.31389,34.44903],[-119.31398,34.4496],[-119.31396,34.44974],[-119.31367,34.44983],[-119.31281,34.44938],[-119.31199,34.44918],[-119.31166,34.44889],[-119.31161,34.44875],[-119.31174,34.44847],[-119.31144,34.44817],[-119.31109,34.4481],[-119.3107,34.44861],[-119.31041,34.44871],[-119.30955,34.44848],[-119.30938,34.44809],[-119.30903,34.44799],[-119.30869,34.44805],[-119.30852,34.44832],[-119.30783,34.44809],[-119.30739,34.44833],[-119.308,34.44867],[-119.30852,34.44883],[-119.30876,34.44918],[-119.30903,34.44937],[-119.30972,34.44947],[-119.31024,34.44966],[-119.31058,34.44997],[-119.31109,34.44989],[-119.31161,34.45005],[-119.31212,34.44992],[-119.31281,34.4501],[-119.31384,34.45005],[-119.31442,34.45031],[-119.31642,34.45042],[-119.31684,34.45073],[-119.31727,34.45068],[-119.31762,34.45087],[-119.31796,34.45067],[-119.3183,34.4508],[-119.31865,34.45075],[-119.31899,34.45093],[-119.31933,34.45089],[-119.31968,34.45107],[-119.32019,34.45078],[-119.3205,34.45116],[-119.32071,34.45118],[-119.32105,34.45105],[-119.32157,34.45116],[-119.32179,34.4513],[-119.32158,34.45158],[-119.32194,34.45186],[-119.32187,34.45201],[-119.32122,34.45238],[-119.32088,34.45237],[-119.32071,34.45266],[-119.32019,34.45237],[-119.31968,34.45262],[-119.31933,34.45257],[-119.31848,34.45268],[-119.31808,34.45286],[-119.31916,34.45316],[-119.31985,34.45322],[-119.32036,34.45344],[-119.32122,34.45342],[-119.32157,34.45361],[-119.3226,34.45352],[-119.32311,34.45378],[-119.32345,34.45352],[-119.32363,34.45351],[-119.3238,34.45372],[-119.32431,34.45384],[-119.32466,34.45424],[-119.32483,34.45423],[-119.32517,34.45397],[-119.32534,34.454],[-119.32551,34.45408],[-119.32569,34.45447],[-119.3262,34.45449],[-119.32638,34.45455],[-119.32654,34.45475],[-119.32689,34.45466],[-119.32723,34.45486],[-119.32757,34.45493],[-119.32783,34.45526],[-119.32775,34.45541],[-119.32706,34.4552],[-119.32637,34.45546],[-119.32603,34.4553],[-119.32534,34.45518],[-119.32483,34.45537],[-119.32414,34.45533],[-119.32363,34.45587],[-119.32294,34.45572],[-119.3227,34.45597],[-119.32268,34.45611],[-119.32283,34.45682],[-119.32314,34.45724],[-119.32311,34.45742],[-119.3226,34.45765],[-119.32242,34.45762],[-119.32191,34.45737],[-119.32157,34.45697],[-119.32122,34.45702],[-119.32062,34.45682],[-119.32051,34.45696],[-119.32056,34.45724],[-119.32105,34.45776],[-119.32105,34.45799],[-119.32071,34.45791],[-119.32036,34.4582],[-119.32019,34.45792],[-119.31978,34.45795],[-119.31958,34.45753],[-119.31882,34.45744],[-119.31879,34.45767],[-119.31897,34.45795],[-119.31896,34.45809],[-119.31882,34.45823],[-119.31848,34.4581],[-119.31796,34.45846],[-119.31793,34.45894],[-119.31779,34.45909],[-119.3171,34.45867],[-119.31693,34.45843],[-119.31642,34.45849],[-119.3159,34.45813],[-119.31575,34.45767],[-119.31601,34.45738],[-119.31616,34.45682],[-119.31528,34.45682],[-119.31517,34.45668],[-119.31511,34.45569],[-119.31492,34.45512],[-119.31401,34.45457],[-119.31393,34.4547],[-119.3144,34.4554],[-119.31445,34.45569],[-119.31401,34.45588],[-119.3135,34.45568],[-119.31333,34.45603],[-119.31298,34.45599],[-119.31281,34.45631],[-119.31264,34.45636],[-119.31212,34.45611],[-119.31178,34.45622],[-119.31161,34.45652],[-119.31127,34.45658],[-119.31092,34.4565],[-119.31081,34.45668],[-119.31161,34.45702],[-119.31247,34.45769],[-119.31333,34.45784],[-119.31373,34.45838],[-119.31367,34.4586],[-119.3135,34.45866],[-119.31298,34.45833],[-119.31247,34.45827],[-119.31216,34.45838],[-119.3121,34.45866],[-119.31195,34.45881],[-119.31127,34.45823],[-119.31075,34.45837],[-119.31006,34.45839],[-119.30981,34.45795],[-119.30977,34.45767],[-119.30955,34.45753],[-119.30935,34.45767],[-119.3092,34.45795],[-119.30979,34.45852],[-119.30989,34.45882],[-119.31034,34.45908],[-119.31034,34.45922],[-119.31006,34.45958],[-119.3102,34.45993],[-119.31002,34.46007],[-119.31,34.46022],[-119.31027,34.46064],[-119.31006,34.46091],[-119.30972,34.46053],[-119.30912,34.46022],[-119.30869,34.45982],[-119.30818,34.45975],[-119.30783,34.45949],[-119.30757,34.45979],[-119.30723,34.45993],[-119.30745,34.46022],[-119.30791,34.4605],[-119.30807,34.46149],[-119.308,34.46166],[-119.30715,34.46095],[-119.30629,34.46089],[-119.30625,34.46106],[-119.30637,34.46135],[-119.30626,34.46206],[-119.30612,34.46218],[-119.30543,34.46141],[-119.30509,34.46127],[-119.3049,34.46135],[-119.30488,34.46191],[-119.30474,34.4623],[-119.30388,34.46155],[-119.30367,34.46163],[-119.30337,34.46216],[-119.30303,34.46211],[-119.303,34.46234],[-119.30328,34.46276],[-119.30333,34.46305],[-119.30285,34.46295],[-119.30234,34.46268],[-119.30221,34.46276],[-119.30217,34.46328],[-119.30182,34.46337],[-119.30148,34.46307],[-119.30114,34.4631],[-119.30072,34.46276],[-119.30058,34.4629],[-119.30074,34.46361],[-119.30028,34.46371],[-119.29925,34.46314],[-119.29918,34.46333],[-119.29947,34.46375],[-119.29956,34.46418],[-119.29891,34.46414],[-119.29856,34.46452],[-119.29805,34.46418],[-119.29787,34.46446],[-119.29753,34.46459],[-119.29748,34.46474],[-119.29719,34.46478],[-119.29702,34.46511],[-119.29616,34.46502],[-119.29599,34.46508],[-119.29554,34.46559],[-119.29616,34.46576],[-119.29624,34.46588],[-119.29587,34.46644],[-119.29599,34.46659],[-119.2965,34.46673],[-119.29661,34.46687],[-119.29658,34.46701],[-119.29564,34.46731],[-119.29461,34.46721],[-119.29443,34.46729],[-119.29454,34.46772],[-119.29444,34.46783],[-119.2933,34.468],[-119.29334,34.46828],[-119.29263,34.46899],[-119.29225,34.46984],[-119.29229,34.46998],[-119.29284,34.47041],[-119.29341,34.47044],[-119.29346,34.47055],[-119.29316,34.47111],[-119.29307,34.47186],[-119.29358,34.47194],[-119.29479,34.47151],[-119.29616,34.47132],[-119.29667,34.47071],[-119.29719,34.47079],[-119.29805,34.47061],[-119.29839,34.4707],[-119.29908,34.47068],[-119.29925,34.47097],[-119.29994,34.47089],[-119.30039,34.47097],[-119.30034,34.47111],[-119.29962,34.47154],[-119.29738,34.47239],[-119.29773,34.47267],[-119.29763,34.47324],[-119.29831,34.47394],[-119.29822,34.47403],[-119.2965,34.47388],[-119.29606,34.47409],[-119.29611,34.47423],[-119.29648,34.47451],[-119.29667,34.47528],[-119.29719,34.47565],[-119.2977,34.47568],[-119.29777,34.47578],[-119.29787,34.47635],[-119.29767,34.47663],[-119.29805,34.477],[-119.29804,34.47734],[-119.29827,34.47762],[-119.29812,34.47805],[-119.29813,34.47847],[-119.29823,34.47904],[-119.2984,34.47932],[-119.29802,34.47989],[-119.29816,34.48045],[-119.298,34.48102],[-119.29822,34.48159],[-119.29952,34.48229],[-119.29959,34.48243],[-119.29918,34.48314],[-119.2995,34.48399],[-119.29976,34.48405],[-119.30011,34.48398],[-119.30043,34.48342],[-119.30062,34.48333],[-119.30153,34.48243],[-119.30268,34.48208],[-119.30303,34.48206],[-119.30388,34.48255],[-119.30406,34.48257],[-119.30509,34.4821],[-119.30543,34.48223],[-119.30594,34.48227],[-119.30715,34.48344],[-119.30766,34.48375],[-119.30835,34.48396],[-119.30851,34.48413],[-119.30867,34.48442],[-119.30862,34.48456],[-119.30835,34.48482],[-119.30817,34.48484],[-119.30749,34.48442],[-119.30646,34.48414],[-119.30612,34.48364],[-119.30423,34.48398],[-119.30372,34.48371],[-119.30248,34.48342],[-119.30155,34.4847],[-119.30165,34.48482],[-119.30217,34.48475],[-119.30243,34.48498],[-119.30264,34.48541],[-119.30303,34.48565],[-119.30354,34.48546],[-119.30398,34.48555],[-119.30441,34.4864],[-119.3044,34.48668],[-119.30503,34.48725],[-119.30491,34.48735],[-119.30388,34.48673],[-119.30354,34.48636],[-119.30165,34.48606],[-119.30114,34.48584],[-119.29994,34.48582],[-119.29925,34.48607],[-119.29873,34.48593],[-119.29805,34.4863],[-119.2977,34.48671],[-119.29761,34.48668],[-119.29736,34.48607],[-119.29655,34.48611],[-119.29675,34.48569],[-119.29667,34.48564],[-119.29599,34.48581],[-119.29582,34.48581],[-119.29571,34.48569],[-119.29619,34.48526],[-119.29632,34.4847],[-119.29609,34.48427],[-119.29582,34.48415],[-119.29479,34.48403],[-119.2941,34.48412],[-119.29376,34.48388],[-119.29324,34.48382],[-119.29273,34.48389],[-119.2917,34.48324],[-119.29152,34.48306],[-119.29135,34.48264],[-119.29049,34.48261],[-119.28981,34.48274],[-119.28929,34.48329],[-119.28912,34.48332],[-119.2892,34.48229],[-119.28981,34.48207],[-119.29037,34.48173],[-119.29043,34.48159],[-119.29003,34.48116],[-119.28996,34.48045],[-119.2901,34.48003],[-119.28998,34.47993],[-119.28959,34.47989],[-119.28954,34.47946],[-119.28895,34.47948],[-119.28792,34.47915],[-119.28766,34.47932],[-119.28758,34.47961],[-119.28672,34.47981],[-119.28638,34.47975],[-119.28723,34.47932],[-119.28723,34.47917],[-119.2868,34.4789],[-119.28689,34.47877],[-119.28712,34.47876],[-119.28775,34.47847],[-119.28915,34.47819],[-119.28932,34.47791],[-119.28956,34.47776],[-119.29041,34.47776],[-119.29015,34.47712],[-119.28975,34.47692],[-119.28991,34.47649],[-119.28953,34.47493],[-119.28929,34.47477],[-119.289,34.47437],[-119.28894,34.47394],[-119.28843,34.47339],[-119.28826,34.47296],[-119.28778,34.47295],[-119.28741,34.47314],[-119.28689,34.47305],[-119.28638,34.47326],[-119.28586,34.47307],[-119.28571,34.47324],[-119.28569,34.4736],[-119.28552,34.47371],[-119.28535,34.47335],[-119.28517,34.47322],[-119.28449,34.47312],[-119.28397,34.47332],[-119.28384,34.47324],[-119.28389,34.47295],[-119.28368,34.47267],[-119.28373,34.47225],[-119.28346,34.47219],[-119.28294,34.47233],[-119.2828,34.47225],[-119.28287,34.47168],[-119.28278,34.4714],[-119.2826,34.47127],[-119.28226,34.47116],[-119.28191,34.47119],[-119.2814,34.47172],[-119.28088,34.47177],[-119.28075,34.47168],[-119.28081,34.47111],[-119.28054,34.47077],[-119.2802,34.47054],[-119.27985,34.47047],[-119.27934,34.47071],[-119.27873,34.47041],[-119.27872,34.47012],[-119.27858,34.46998],[-119.27858,34.46984],[-119.27917,34.46977],[-119.28028,34.46927],[-119.27968,34.46805],[-119.27917,34.46813],[-119.27907,34.468],[-119.27924,34.46758],[-119.27964,34.46715],[-119.27985,34.46677],[-119.28095,34.46574],[-119.28113,34.46545],[-119.28192,34.46489],[-119.28191,34.46467],[-119.28002,34.46487],[-119.27934,34.46502],[-119.27865,34.46535],[-119.27814,34.46537],[-119.27752,34.46559],[-119.27735,34.46602],[-119.27711,34.46622],[-119.27676,34.46589],[-119.27659,34.46591],[-119.27625,34.46613],[-119.27588,34.46616],[-119.2756,34.46644],[-119.27517,34.46658],[-119.27419,34.46717],[-119.27333,34.46737],[-119.27335,34.46715],[-119.27395,34.46673],[-119.27402,34.46633],[-119.27433,34.46616],[-119.27429,34.46588],[-119.27405,34.46559],[-119.27453,34.46548],[-119.27476,34.46531],[-119.2747,34.46515],[-119.27392,34.46489],[-119.27394,34.46446],[-119.27436,34.46418],[-119.27505,34.46429],[-119.2759,34.46462],[-119.2767,34.46418],[-119.27678,34.46404],[-119.27624,34.4639],[-119.2759,34.46368],[-119.2747,34.4635],[-119.27451,34.46319],[-119.27466,34.46276],[-119.27453,34.46252],[-119.27402,34.46259],[-119.27367,34.46237],[-119.27333,34.46231],[-119.27323,34.46234],[-119.27351,34.4629],[-119.27349,34.46347],[-119.27329,34.46375],[-119.27326,34.46432],[-119.27294,34.46446],[-119.27287,34.4646],[-119.27281,34.46506],[-119.27247,34.4651],[-119.27234,34.46503],[-119.27213,34.46467],[-119.27144,34.46491],[-119.27154,34.46432],[-119.27144,34.46415],[-119.27075,34.46476],[-119.27058,34.46466],[-119.27041,34.46433],[-119.27007,34.46455],[-119.2699,34.46453],[-119.26942,34.46418],[-119.26938,34.46379],[-119.26936,34.46404],[-119.26887,34.4645],[-119.26818,34.46414],[-119.26812,34.46446],[-119.26787,34.46489],[-119.26786,34.46517],[-119.26835,34.46584],[-119.26887,34.46602],[-119.26926,34.4663],[-119.2689,34.46673],[-119.26852,34.46657],[-119.26835,34.46661],[-119.26811,34.46687],[-119.26784,34.46753],[-119.26766,34.46719],[-119.26756,34.46644],[-119.26715,34.46608],[-119.26698,34.46605],[-119.26682,34.46644],[-119.26681,34.46675],[-119.26649,34.46743],[-119.26641,34.46743],[-119.2662,34.46687],[-119.26588,34.46644],[-119.26588,34.46588],[-119.26566,34.46545],[-119.2659,34.46474],[-119.26578,34.46466],[-119.26543,34.46498],[-119.26509,34.46496],[-119.26501,34.46503],[-119.26497,34.46559],[-119.26515,34.46602],[-119.26518,34.46701],[-119.26509,34.46717],[-119.26492,34.46687],[-119.26457,34.46661],[-119.26436,34.4663],[-119.26389,34.46618],[-119.26354,34.46569],[-119.26234,34.46681],[-119.26211,34.4663],[-119.26186,34.46602],[-119.26217,34.46548],[-119.26218,34.46517],[-119.26237,34.46474],[-119.26217,34.46461],[-119.26114,34.46494],[-119.26024,34.46574],[-119.26011,34.4658],[-119.26002,34.46574],[-119.26014,34.46489],[-119.2596,34.46461],[-119.25954,34.46446],[-119.2596,34.46437],[-119.26028,34.46433],[-119.2608,34.46401],[-119.26114,34.46396],[-119.26131,34.46375],[-119.26133,34.46347],[-119.26148,34.46337],[-119.262,34.46331],[-119.26251,34.46343],[-119.26288,34.46333],[-119.26288,34.46319],[-119.26234,34.46277],[-119.2623,34.46262],[-119.26263,34.46234],[-119.26257,34.4622],[-119.26217,34.46219],[-119.26183,34.46187],[-119.26148,34.46204],[-119.26114,34.46185],[-119.26097,34.462],[-119.26063,34.46199],[-119.26028,34.46231],[-119.26011,34.46234],[-119.2596,34.46222],[-119.2596,34.46206],[-119.25995,34.46163],[-119.25978,34.46106],[-119.25994,34.4609],[-119.26045,34.46074],[-119.2608,34.46074],[-119.26114,34.46043],[-119.26183,34.46025],[-119.26234,34.46019],[-119.26354,34.46031],[-119.26406,34.46025],[-119.2644,34.4604],[-119.26449,34.46036],[-119.2644,34.46006],[-119.26488,34.45937],[-119.26479,34.45922],[-119.2644,34.45909],[-119.26389,34.45915],[-119.26308,34.4588],[-119.26303,34.45869],[-119.26269,34.45907],[-119.26159,34.45908],[-119.25994,34.45955],[-119.25925,34.46009],[-119.25874,34.46022],[-119.25839,34.46051],[-119.25754,34.46085],[-119.25719,34.46079],[-119.25668,34.46048],[-119.2553,34.46062],[-119.25513,34.46057],[-119.25496,34.46036],[-119.25474,34.46036],[-119.25393,34.46092],[-119.25376,34.46121],[-119.25364,34.46191],[-119.25307,34.46182],[-119.2528,34.46191],[-119.25302,34.46276],[-119.2529,34.46287],[-119.25221,34.46251],[-119.25136,34.4628],[-119.25101,34.46265],[-119.25083,34.46234],[-119.2505,34.46227],[-119.24998,34.46265],[-119.24944,34.4629],[-119.24912,34.46326],[-119.24904,34.46319],[-119.2491,34.46262],[-119.24901,34.46248],[-119.24844,34.46237],[-119.24817,34.4622],[-119.24818,34.46191],[-119.24805,34.46177],[-119.24775,34.4623],[-119.24722,34.46234],[-119.24689,34.46223],[-119.24646,34.46262],[-119.24682,34.46361],[-119.24682,34.46404],[-119.24672,34.46423],[-119.24655,34.46432],[-119.24589,34.46375],[-119.24552,34.46364],[-119.24533,34.46404],[-119.24492,34.46432],[-119.24473,34.4646],[-119.24491,34.46503],[-119.24462,34.46517],[-119.24432,34.46548],[-119.24415,34.46546],[-119.2438,34.46561],[-119.24367,34.46545],[-119.24363,34.46517],[-119.24367,34.4639],[-119.24386,34.46361],[-119.24397,34.46304],[-119.24444,34.46234],[-119.24432,34.46217],[-119.24415,34.46221],[-119.24339,34.4629],[-119.243,34.46489],[-119.24243,34.46533],[-119.24226,34.46537],[-119.24191,34.46509],[-119.2414,34.46529],[-119.24122,34.46517],[-119.24125,34.46489],[-119.24106,34.46446],[-119.24037,34.46421],[-119.23974,34.46474],[-119.23968,34.4652],[-119.239,34.46523],[-119.23848,34.46539],[-119.23814,34.46564],[-119.23797,34.46564],[-119.23781,34.46531],[-119.23781,34.4646],[-119.23762,34.46428],[-119.23728,34.46421],[-119.23694,34.46433],[-119.23662,34.4646],[-119.23642,34.46534],[-119.23556,34.4655],[-119.23505,34.46521],[-119.23487,34.46531],[-119.23483,34.46559],[-119.23456,34.46588],[-119.23436,34.46647],[-119.23419,34.46653],[-119.23368,34.46634],[-119.23333,34.46635],[-119.23282,34.46686],[-119.23265,34.46683],[-119.2323,34.46651],[-119.23165,34.46644],[-119.23134,34.46602],[-119.23071,34.46588],[-119.23042,34.46545],[-119.23087,34.46489],[-119.23074,34.46474],[-119.23007,34.46444],[-119.22921,34.46436],[-119.2288,34.46446],[-119.2285,34.46489],[-119.22852,34.46517],[-119.22732,34.46573],[-119.22681,34.46575],[-119.22647,34.4661],[-119.22561,34.4666],[-119.22526,34.4667],[-119.22355,34.46681],[-119.22269,34.46721],[-119.22252,34.46721],[-119.22183,34.46686],[-119.22097,34.46679],[-119.22029,34.46659],[-119.21977,34.46605],[-119.2196,34.466],[-119.21898,34.4663],[-119.21857,34.46668],[-119.21788,34.46649],[-119.21737,34.46672],[-119.21685,34.46672],[-119.21651,34.4664],[-119.21617,34.46646],[-119.21576,34.46616],[-119.21574,34.46559],[-119.2159,34.46517],[-119.21582,34.46502],[-119.21513,34.46531],[-119.21514,34.46561],[-119.21488,34.46616],[-119.2145,34.46644],[-119.21411,34.46699],[-119.21359,34.46726],[-119.21342,34.46723],[-119.2129,34.46681],[-119.21239,34.46701],[-119.21205,34.46686],[-119.21136,34.46694],[-119.2105,34.46655],[-119.2098,34.46687],[-119.20896,34.46662],[-119.20861,34.46624],[-119.20844,34.46618],[-119.20775,34.46622],[-119.20724,34.46654],[-119.20672,34.46667],[-119.20604,34.46634],[-119.20587,34.46637],[-119.20516,34.46687],[-119.20415,34.4672],[-119.20401,34.46743],[-119.20398,34.46781],[-119.20318,34.46758],[-119.2034,34.46687],[-119.2036,34.46658],[-119.20344,34.46644],[-119.20175,34.46577],[-119.20037,34.46553],[-119.19951,34.465],[-119.19797,34.46508],[-119.19642,34.46555],[-119.19557,34.46568],[-119.19539,34.4656],[-119.19511,34.46503],[-119.19535,34.46432],[-119.19503,34.4622],[-119.19503,34.46121],[-119.19492,34.46064],[-119.19455,34.45979],[-119.19422,34.45823],[-119.19301,34.45639],[-119.19162,34.45471],[-119.18921,34.45284],[-119.18836,34.45254],[-119.18681,34.4516],[-119.18527,34.45116],[-119.18406,34.45107],[-119.18355,34.45036],[-119.182,34.45056],[-119.18149,34.45089],[-119.18115,34.45132],[-119.18121,34.45073],[-119.18113,34.45059],[-119.18097,34.45049],[-119.18013,34.45045],[-119.18037,34.45017],[-119.18029,34.45001],[-119.18038,34.4496],[-119.17996,34.44861],[-119.18007,34.44847],[-119.18046,34.44827],[-119.18115,34.44822],[-119.18128,34.4479],[-119.18149,34.44772],[-119.18252,34.44775],[-119.18355,34.44755],[-119.18389,34.44744],[-119.18424,34.4471],[-119.18441,34.44716],[-119.18458,34.44697],[-119.18527,34.44723],[-119.18578,34.4469],[-119.1863,34.44706],[-119.1875,34.44708],[-119.1875,34.44668],[-119.1867,34.44535],[-119.18681,34.4452],[-119.18745,34.44578],[-119.18808,34.44606],[-119.18853,34.44641],[-119.18918,34.44663],[-119.18973,34.4471],[-119.19076,34.44725],[-119.19099,34.44719],[-119.19096,34.44705],[-119.19043,34.44649],[-119.19036,34.4462],[-119.19042,34.44587],[-119.19059,34.44582],[-119.19159,34.44663],[-119.19196,34.44668],[-119.1923,34.44661],[-119.19331,34.44592],[-119.19316,34.44516],[-119.19351,34.44516],[-119.19381,34.44549],[-119.19402,34.44557],[-119.19471,34.44531],[-119.19484,34.44564],[-119.19522,34.44572],[-119.19632,34.44564],[-119.19694,34.44524],[-119.19751,34.44507],[-119.19753,34.44493],[-119.19677,34.44427],[-119.1966,34.4438],[-119.19677,34.44381],[-119.19728,34.44411],[-119.1978,34.44409],[-119.19814,34.44428],[-119.19866,34.44416],[-119.19903,34.44436],[-119.19944,34.44436],[-119.19964,34.44422],[-119.1994,34.4438],[-119.19945,34.44365],[-119.2002,34.44367],[-119.20094,34.44351],[-119.20037,34.4427],[-119.19956,34.44252],[-119.19934,34.44194],[-119.19848,34.44175],[-119.19797,34.44179],[-119.1979,34.44167],[-119.19866,34.44121],[-119.199,34.44119],[-119.19921,34.44082],[-119.19919,34.4404],[-119.19951,34.44018],[-119.19986,34.44079],[-119.20074,34.44096],[-119.20098,34.44139],[-119.2014,34.44152],[-119.20175,34.4418],[-119.20209,34.44186],[-119.20243,34.44179],[-119.2026,34.44126],[-119.20295,34.44083],[-119.20363,34.44155],[-119.20398,34.44155],[-119.20449,34.44184],[-119.20554,34.44196],[-119.2056,34.44181],[-119.20526,34.44139],[-119.20528,34.44096],[-119.20484,34.44078],[-119.20441,34.4404],[-119.20437,34.43997],[-119.20412,34.43969],[-119.20415,34.43917],[-119.20484,34.43958],[-119.20535,34.44007],[-119.20569,34.4402],[-119.20638,34.43968],[-119.20655,34.43977],[-119.20672,34.44026],[-119.2069,34.44027],[-119.20741,34.43985],[-119.20775,34.43977],[-119.2079,34.43997],[-119.20782,34.4404],[-119.20786,34.44111],[-119.20795,34.44139],[-119.20827,34.44176],[-119.20867,34.44167],[-119.20885,34.44096],[-119.20896,34.44085],[-119.2093,34.4408],[-119.20964,34.44035],[-119.20999,34.4404],[-119.21033,34.43999],[-119.21061,34.44026],[-119.21058,34.44082],[-119.21067,34.44093],[-119.21102,34.44101],[-119.21153,34.44083],[-119.21205,34.44082],[-119.21222,34.44031],[-119.21256,34.4403],[-119.21273,34.44006],[-119.2129,34.44009],[-119.21308,34.43999],[-119.21312,34.43912],[-119.21274,34.43884],[-119.21308,34.43839],[-119.21325,34.43846],[-119.21359,34.43829],[-119.21376,34.43843],[-119.21406,34.43884],[-119.21394,34.43927],[-119.21445,34.43998],[-119.21479,34.44008],[-119.21514,34.4398],[-119.21565,34.43988],[-119.21566,34.43969],[-119.21551,34.43941],[-119.21582,34.43821],[-119.21602,34.43827],[-119.21668,34.43909],[-119.21685,34.43906],[-119.21716,34.43856],[-119.21759,34.43827],[-119.21762,34.43785],[-119.21788,34.4375],[-119.21805,34.43771],[-119.2184,34.43884],[-119.21874,34.43914],[-119.21908,34.43918],[-119.21928,34.43884],[-119.21934,34.43813],[-119.21926,34.43771],[-119.21953,34.43743],[-119.21947,34.43714],[-119.2196,34.43695],[-119.21977,34.43711],[-119.21994,34.43755],[-119.22022,34.43771],[-119.22098,34.43856],[-119.22114,34.43863],[-119.22166,34.43856],[-119.22142,34.43827],[-119.22133,34.43799],[-119.22105,34.43771],[-119.22097,34.43737],[-119.22114,34.4372],[-119.22146,34.43714],[-119.22139,34.43672],[-119.22166,34.43635],[-119.22183,34.4363],[-119.22217,34.43702],[-119.22286,34.43683],[-119.2232,34.43664],[-119.22327,34.437],[-119.22298,34.43757],[-119.2232,34.43799],[-119.22355,34.4382],[-119.22376,34.43785],[-119.22378,34.43728],[-119.22406,34.43704],[-119.22423,34.43708],[-119.22441,34.43752],[-119.22475,34.43762],[-119.2248,34.43799],[-119.22492,34.43808],[-119.22561,34.43814],[-119.22578,34.43792],[-119.2257,34.43757],[-119.22586,34.43658],[-119.22629,34.43639],[-119.22639,34.43658],[-119.22629,34.43691],[-119.22647,34.43726],[-119.2269,34.43728],[-119.22715,34.43773],[-119.22732,34.43777],[-119.22767,34.43762],[-119.22784,34.43764],[-119.22835,34.43812],[-119.2287,34.43799],[-119.22901,34.43743],[-119.22889,34.43728],[-119.22802,34.43686],[-119.22801,34.43664],[-119.22887,34.43673],[-119.22902,34.43643],[-119.22921,34.43644],[-119.22947,34.43658],[-119.22954,34.43686],[-119.22973,34.43695],[-119.23007,34.43675],[-119.23041,34.43683],[-119.23168,34.43643],[-119.23153,34.43629],[-119.23041,34.43613],[-119.22973,34.43567],[-119.22894,34.4353],[-119.22873,34.43502],[-119.22887,34.43492],[-119.22973,34.43514],[-119.23041,34.43497],[-119.23058,34.43516],[-119.23076,34.43519],[-119.23093,34.43506],[-119.23144,34.43503],[-119.23179,34.43471],[-119.23196,34.43468],[-119.2323,34.43483],[-119.23316,34.43473],[-119.2335,34.4344],[-119.23411,34.43417],[-119.23445,34.43374],[-119.235,34.43332],[-119.23538,34.43275],[-119.23539,34.43219],[-119.23571,34.4319],[-119.23588,34.43148],[-119.23559,34.4312],[-119.23567,34.43091],[-119.23554,34.43077],[-119.23579,34.4302],[-119.23539,34.43001],[-119.23529,34.42978],[-119.23488,34.42942],[-119.23402,34.4294],[-119.23333,34.42908],[-119.23265,34.42903],[-119.2323,34.42886],[-119.23093,34.42859],[-119.23024,34.42855],[-119.22972,34.42865],[-119.22971,34.42851],[-119.23027,34.42808],[-119.23162,34.42768],[-119.23192,34.42751],[-119.23206,34.42737],[-119.23212,34.42709],[-119.23178,34.42652],[-119.23111,34.42624],[-119.23076,34.42626],[-119.23059,34.42593],[-119.22973,34.42604],[-119.22953,34.42596],[-119.23007,34.42519],[-119.23101,34.4244],[-119.22925,34.42397],[-119.22925,34.42383],[-119.2311,34.42366],[-119.23265,34.42385],[-119.23299,34.42371],[-119.2335,34.42389],[-119.23402,34.42384],[-119.2347,34.42404],[-119.23507,34.42426],[-119.23573,34.42438],[-119.23625,34.42412],[-119.23659,34.4241],[-119.23703,34.4244],[-119.23717,34.42482],[-119.23762,34.4247],[-119.23797,34.42503],[-119.23818,34.42497],[-119.23831,34.42439],[-119.23848,34.42436],[-119.239,34.42452],[-119.23928,34.4244],[-119.23934,34.42412],[-119.23951,34.42395],[-119.23985,34.4239],[-119.24037,34.42399],[-119.24106,34.42385],[-119.24125,34.42355],[-119.24157,34.42334],[-119.24226,34.42314],[-119.24226,34.423],[-119.23968,34.42254],[-119.239,34.42285],[-119.23865,34.42255],[-119.23831,34.42253],[-119.23814,34.42272],[-119.23745,34.42272],[-119.23711,34.42262],[-119.23693,34.4227],[-119.23659,34.42313],[-119.23609,34.42312],[-119.23591,34.42334],[-119.23556,34.42336],[-119.23505,34.42362],[-119.23482,34.42341],[-119.23453,34.42337],[-119.23403,34.42369],[-119.23402,34.42378],[-119.23368,34.42367],[-119.23213,34.4236],[-119.23149,34.42327],[-119.23144,34.42308],[-119.23093,34.4229],[-119.22973,34.42317],[-119.22853,34.42328],[-119.22835,34.42313],[-119.22833,34.42298],[-119.2286,34.42227],[-119.22818,34.42197],[-119.22801,34.42204],[-119.2275,34.42282],[-119.22716,34.4227],[-119.22664,34.42283],[-119.22595,34.42274],[-119.22549,34.42256],[-119.22544,34.42242],[-119.22561,34.42199],[-119.22544,34.42178],[-119.22414,34.42227],[-119.22372,34.42384],[-119.22355,34.42396],[-119.22328,34.42284],[-119.22343,34.42199],[-119.22335,34.42185],[-119.22227,34.42185],[-119.22215,34.42171],[-119.22212,34.42143],[-119.22149,34.42131],[-119.22097,34.42149],[-119.22063,34.42144],[-119.22011,34.42152],[-119.21977,34.42134],[-119.21926,34.42129],[-119.21874,34.4209],[-119.21836,34.42114],[-119.21788,34.42205],[-119.21733,34.42242],[-119.21473,34.42327],[-119.21411,34.42333],[-119.21342,34.4236],[-119.2134,34.42341],[-119.21416,34.42298],[-119.21623,34.42242],[-119.21685,34.42205],[-119.21731,34.42157],[-119.21783,34.42058],[-119.21789,34.42029],[-119.21778,34.42001],[-119.21785,34.41987],[-119.2184,34.41943],[-119.21913,34.4193],[-119.21916,34.41916],[-119.21874,34.41855],[-119.21874,34.41837],[-119.21908,34.41857],[-119.21943,34.41863],[-119.2199,34.42001],[-119.22046,34.42039],[-119.222,34.42019],[-119.22269,34.42024],[-119.2232,34.42046],[-119.22355,34.42046],[-119.22389,34.42014],[-119.22509,34.42008],[-119.22595,34.41976],[-119.22629,34.4198],[-119.22698,34.42015],[-119.2275,34.42003],[-119.22801,34.41956],[-119.22835,34.41967],[-119.22973,34.41979],[-119.23024,34.41966],[-119.23093,34.41996],[-119.23127,34.41997],[-119.23136,34.41973],[-119.23124,34.41944],[-119.23117,34.41845],[-119.2307,34.41817],[-119.2306,34.41803],[-119.23065,34.41789],[-119.23076,34.41788],[-119.23179,34.41827],[-119.23196,34.41846],[-119.23265,34.41884],[-119.2331,34.41888],[-119.23291,34.41958],[-119.23302,34.41973],[-119.23333,34.41983],[-119.23385,34.41934],[-119.23488,34.41918],[-119.23539,34.41886],[-119.23625,34.41913],[-119.23642,34.41905],[-119.23655,34.41873],[-119.23676,34.41851],[-119.23762,34.41831],[-119.23804,34.41789],[-119.23812,34.41746],[-119.23793,34.41704],[-119.23799,34.41647],[-119.23789,34.41604],[-119.23809,34.41576],[-119.23812,34.41534],[-119.23835,34.41505]]}},{"type":"Feature","properties":{"m":320,"index":0},"geometry":{"type":"LineString","coordinates":[[-119.23951,34.41501],[-119.24008,34.41548],[-119.24011,34.4159],[-119.2402,34.416],[-119.24071,34.41588],[-119.24157,34.4161],[-119.24228,34.4159],[-119.24213,34.41661],[-119.24106,34.41703],[-119.24071,34.4176],[-119.24088,34.41774],[-119.24191,34.41807],[-119.24243,34.41804],[-119.24281,34.41789],[-119.24413,34.41718],[-119.24432,34.41693],[-119.24483,34.41692],[-119.24518,34.41654],[-119.24569,34.41709],[-119.24603,34.41691],[-119.24655,34.41712],[-119.24827,34.41673],[-119.24847,34.41661],[-119.24799,34.41604],[-119.24797,34.41576],[-119.24935,34.41505]]}},{"type":"Feature","properties":{"m":360,"index":0},"geometry":{"type":"LineString","coordinates":[[-119.20784,34.46687],[-119.20784,34.46687]]}},{"type":"Feature","properties":{"m":360,"index":0},"geometry":{"type":"LineString","coordinates":[[-119.2601,34.46319],[-119.2601,34.46319]]}},{"type":"Feature","properties":{"m":360,"index":0},"geometry":{"type":"LineString","coordinates":[[-119.31406,34.45654],[-119.31406,34.45654]]}},{"type":"Feature","properties":{"m":360,"index":0},"geometry":{"type":"LineString","coordinates":[[-119.33814,34.45271],[-119.33814,34.45271]]}},{"type":"Feature","properties":{"m":360,"index":0},"geometry":{"type":"LineString","coordinates":[[-119.3205,34.44649],[-119.3205,34.44649]]}},{"type":"Feature","properties":{"m":360,"index":0},"geometry":{"type":"LineString","coordinates":[[-119.32177,34.44606],[-119.32177,34.44606]]}},{"type":"Feature","properties":{"m":360,"index":0},"geometry":{"type":"LineString","coordinates":[[-119.22455,34.42312],[-119.22455,34.42312]]}},{"type":"Feature","properties":{"m":360,"index":0},"geometry":{"type":"LineString","coordinates":[[-119.24258,34.41718],[-119.24258,34.41718]]}},{"type":"Feature","properties":{"m":360,"index":0},"geometry":{"type":"LineString","coordinates":[[-119.33993,34.45577],[-119.33959,34.45538],[-119.33925,34.45534],[-119.33839,34.45552],[-119.33805,34.45517],[-119.33753,34.45505],[-119.33746,34.4547],[-119.33783,34.45385],[-119.33794,34.45342],[-119.33787,34.45322],[-119.3377,34.45328],[-119.33684,34.45406],[-119.3365,34.45417],[-119.33547,34.45398],[-119.33427,34.45444],[-119.33354,34.45413],[-119.33346,34.45399],[-119.33356,34.45385],[-119.33352,34.45342],[-119.33359,34.45328],[-119.3345,34.45215],[-119.3347,34.45158],[-119.33534,34.45102],[-119.33522,34.45087],[-119.33478,34.45074],[-119.33461,34.45059],[-119.33478,34.45002],[-119.3353,34.45007],[-119.3361,34.44974],[-119.33599,34.44931],[-119.33555,34.44932],[-119.33553,34.44918],[-119.33569,34.44889],[-119.33513,34.44891],[-119.335,34.44861],[-119.33463,34.44833],[-119.33457,34.44776],[-119.33393,34.44767],[-119.3338,34.4479],[-119.33395,34.44847],[-119.33357,34.44889],[-119.33413,34.44932],[-119.33393,34.44958],[-119.33358,34.44974],[-119.33316,34.45017],[-119.33319,34.45031],[-119.33341,34.45037],[-119.334,34.45031],[-119.33408,34.45045],[-119.33407,34.45087],[-119.33393,34.45127],[-119.33358,34.4514],[-119.33324,34.45173],[-119.33302,34.45172],[-119.33272,34.45127],[-119.33187,34.45167],[-119.33135,34.45162],[-119.33129,34.4513],[-119.33093,34.45116],[-119.33063,34.45087],[-119.33058,34.45073],[-119.33078,34.45045],[-119.33077,34.45031],[-119.33032,34.45024],[-119.32986,34.45073],[-119.32991,34.45102],[-119.33016,34.4513],[-119.33019,34.45158],[-119.33047,34.45186],[-119.33047,34.45201],[-119.33021,34.45243],[-119.33049,34.45286],[-119.32912,34.45277],[-119.32878,34.45295],[-119.32859,34.45286],[-119.32851,34.45257],[-119.32835,34.45243],[-119.32792,34.45233],[-119.32757,34.45275],[-119.3274,34.45279],[-119.32706,34.45259],[-119.32689,34.45226],[-119.32672,34.45219],[-119.3262,34.45243],[-119.32534,34.45218],[-119.325,34.45228],[-119.32448,34.45212],[-119.32414,34.45231],[-119.32363,34.45223],[-119.32277,34.45271],[-119.32242,34.45247],[-119.32233,34.45271],[-119.32242,34.45276],[-119.32277,34.45273],[-119.32295,34.45286],[-119.32328,34.45291],[-119.3238,34.45278],[-119.32483,34.45308],[-119.32517,34.453],[-119.32586,34.45317],[-119.32654,34.45352],[-119.3274,34.45362],[-119.32775,34.45391],[-119.32826,34.45391],[-119.3287,34.4547],[-119.32912,34.45474],[-119.32946,34.45441],[-119.32998,34.45463],[-119.33008,34.45512],[-119.3303,34.4554],[-119.33023,34.45583],[-119.32929,34.45593],[-119.3287,34.45611],[-119.32843,34.45646],[-119.32826,34.45648],[-119.32723,34.45599],[-119.32654,34.45614],[-119.32569,34.45602],[-119.32536,34.45611],[-119.32583,34.45668],[-119.32672,34.45703],[-119.3273,34.45738],[-119.3274,34.45819],[-119.32723,34.45816],[-119.32672,34.45776],[-119.32553,34.45738],[-119.325,34.45737],[-119.32427,34.45696],[-119.3242,34.4571],[-119.32431,34.45732],[-119.32531,34.45823],[-119.32517,34.45842],[-119.32414,34.45845],[-119.32376,34.45866],[-119.32357,34.45922],[-119.32379,34.45965],[-119.32352,34.45993],[-119.32345,34.46033],[-119.32306,34.46022],[-119.32306,34.45979],[-119.32264,34.45908],[-119.32225,34.45923],[-119.32191,34.45875],[-119.32157,34.45885],[-119.32139,34.45912],[-119.32122,34.45918],[-119.32088,34.4589],[-119.32036,34.45916],[-119.31951,34.45864],[-119.3188,34.45908],[-119.31896,34.45937],[-119.31954,34.45979],[-119.31954,34.46022],[-119.31969,34.4605],[-119.31964,34.46064],[-119.31951,34.46069],[-119.31916,34.4602],[-119.31865,34.46017],[-119.31848,34.45995],[-119.31813,34.45975],[-119.31796,34.45979],[-119.31762,34.46077],[-119.31745,34.46084],[-119.31739,34.46036],[-119.31701,34.45965],[-119.31693,34.45929],[-119.31659,34.45915],[-119.31556,34.45901],[-119.31501,34.45922],[-119.31489,34.45951],[-119.31509,34.45993],[-119.31492,34.46022],[-119.31487,34.46056],[-119.31465,34.4605],[-119.31418,34.45991],[-119.3135,34.45974],[-119.31343,34.46007],[-119.3138,34.46106],[-119.31367,34.46118],[-119.3135,34.46114],[-119.31298,34.46072],[-119.31281,34.46087],[-119.31264,34.46151],[-119.31247,34.46158],[-119.31227,34.46121],[-119.31233,34.46092],[-119.31222,34.46007],[-119.31195,34.45983],[-119.31127,34.45962],[-119.31118,34.45979],[-119.31136,34.46007],[-119.31115,34.46092],[-119.3111,34.46177],[-119.31092,34.46239],[-119.31065,34.46234],[-119.30955,34.46167],[-119.30912,34.46106],[-119.30886,34.46093],[-119.30877,34.46121],[-119.30888,34.4622],[-119.30852,34.46287],[-119.30783,34.46238],[-119.30744,34.46234],[-119.30715,34.4622],[-119.30692,34.46248],[-119.30692,34.4629],[-119.30663,34.46292],[-119.30629,34.46317],[-119.30581,34.46276],[-119.3056,34.46269],[-119.30543,34.46284],[-119.30526,34.46328],[-119.30509,34.46341],[-119.3044,34.46313],[-119.30423,34.46317],[-119.30406,34.46352],[-119.30371,34.46372],[-119.3032,34.46379],[-119.30285,34.46369],[-119.30251,34.4641],[-119.30234,34.46407],[-119.302,34.4642],[-119.30148,34.46409],[-119.30114,34.46447],[-119.30062,34.4644],[-119.30036,34.4646],[-119.30028,34.46489],[-119.30011,34.46496],[-119.29976,34.46501],[-119.29942,34.46485],[-119.29925,34.4649],[-119.29908,34.46523],[-119.29873,34.4653],[-119.29822,34.46517],[-119.29773,34.46545],[-119.29747,34.46574],[-119.29685,34.46576],[-119.29663,34.46616],[-119.29667,34.46631],[-119.29719,34.46637],[-119.29736,34.4667],[-119.29795,34.46673],[-119.29801,34.46687],[-119.29716,34.46758],[-119.2965,34.46777],[-119.29616,34.46819],[-119.29547,34.46812],[-119.29461,34.46861],[-119.294,34.46871],[-119.2934,34.46927],[-119.29336,34.46942],[-119.29365,34.46984],[-119.29423,34.47012],[-119.29428,34.47041],[-119.29396,34.47097],[-119.29399,34.47111],[-119.29427,34.47116],[-119.29564,34.47079],[-119.29622,34.47012],[-119.29685,34.47],[-119.29719,34.47005],[-119.29788,34.46972],[-119.29822,34.46975],[-119.29856,34.46991],[-119.29891,34.46991],[-119.29959,34.46957],[-119.30011,34.46963],[-119.30097,34.46936],[-119.30131,34.46905],[-119.302,34.46906],[-119.30285,34.46868],[-119.3034,34.46857],[-119.30288,34.46927],[-119.30217,34.46951],[-119.30194,34.4697],[-119.30187,34.46984],[-119.302,34.46988],[-119.30289,34.46998],[-119.30216,34.47041],[-119.30225,34.47069],[-119.30217,34.47091],[-119.30182,34.47071],[-119.30165,34.47073],[-119.30155,34.47083],[-119.30148,34.47126],[-119.30107,34.4714],[-119.30097,34.47172],[-119.30079,34.47177],[-119.30045,34.47162],[-119.30027,34.47168],[-119.29994,34.47194],[-119.29908,34.47221],[-119.29869,34.47253],[-119.29874,34.47267],[-119.29943,34.47267],[-119.29959,34.47281],[-119.2993,34.47324],[-119.29929,34.47352],[-119.29959,34.47383],[-119.30015,34.47394],[-119.30015,34.47451],[-119.30062,34.47493],[-119.30072,34.47508],[-119.30062,34.4752],[-119.30011,34.47512],[-119.29942,34.47473],[-119.29839,34.47471],[-119.29753,34.47447],[-119.29727,34.47451],[-119.29713,34.47465],[-119.29714,34.47479],[-119.2973,34.47493],[-119.29841,34.47536],[-119.2985,34.47649],[-119.29905,34.47677],[-119.29906,34.47692],[-119.29889,34.4772],[-119.29902,34.47762],[-119.29886,34.47847],[-119.29935,34.47904],[-119.29978,34.47918],[-119.29977,34.47932],[-119.2995,34.4796],[-119.29949,34.47989],[-119.29977,34.48017],[-119.29993,34.48059],[-119.30075,34.48173],[-119.30069,34.48215],[-119.30079,34.48239],[-119.30148,34.48208],[-119.30228,34.48187],[-119.30268,34.48164],[-119.30354,34.48174],[-119.30406,34.48202],[-119.30526,34.48167],[-119.3056,34.48183],[-119.30629,34.48185],[-119.30646,34.48215],[-119.30676,34.48229],[-119.30691,34.48258],[-119.30818,34.48361],[-119.30869,34.48367],[-119.30921,34.48348],[-119.30938,34.48332],[-119.30965,34.48342],[-119.31005,34.48413],[-119.30995,34.4847],[-119.31006,34.48489],[-119.31075,34.48521],[-119.31126,34.48526],[-119.31096,34.48569],[-119.31127,34.4859],[-119.31133,34.48625],[-119.31148,34.4864],[-119.31232,34.48654],[-119.31195,34.48708],[-119.31211,34.48739],[-119.3123,34.48754],[-119.31315,34.48768],[-119.31333,34.4878],[-119.31343,34.48809],[-119.31376,34.48838],[-119.31387,34.48908],[-119.31418,34.4893],[-119.3147,34.48937],[-119.31527,34.48993],[-119.31546,34.49036],[-119.31607,34.49083],[-119.31626,34.49064],[-119.31623,34.49036],[-119.31642,34.4897],[-119.31659,34.48971],[-119.31661,34.49022],[-119.31676,34.49041],[-119.31693,34.49046],[-119.31779,34.49012],[-119.31916,34.49015],[-119.31985,34.49032],[-119.32019,34.49059],[-119.32052,34.49036],[-119.32071,34.4898],[-119.3211,34.4905],[-119.32139,34.49074],[-119.32157,34.49073],[-119.32191,34.49036],[-119.32225,34.49017],[-119.32345,34.48989],[-119.3238,34.48969],[-119.32466,34.49003],[-119.32551,34.49015],[-119.32792,34.49102],[-119.32826,34.49086],[-119.32843,34.49089],[-119.32877,34.49135],[-119.3295,34.49163],[-119.33152,34.49314],[-119.33169,34.49361],[-119.33229,34.49404],[-119.3323,34.49418],[-119.33206,34.49446],[-119.33324,34.4951],[-119.33414,34.49517],[-119.33423,34.49531],[-119.3341,34.49554],[-119.33324,34.49564],[-119.33238,34.49587],[-119.33187,34.49574],[-119.32998,34.49437],[-119.32929,34.49421],[-119.32866,34.49418],[-119.32827,34.49404],[-119.32791,34.49375],[-119.32757,34.49328],[-119.3274,34.4932],[-119.32689,34.49321],[-119.32654,34.49302],[-119.32483,34.49327],[-119.32448,34.4934],[-119.32397,34.49339],[-119.3238,34.49348],[-119.32363,34.49348],[-119.32328,34.49323],[-119.32191,34.49347],[-119.32088,34.49337],[-119.31985,34.49341],[-119.3183,34.49367],[-119.31647,34.49333],[-119.31573,34.49297],[-119.31539,34.49295],[-119.31504,34.49307],[-119.3147,34.49404],[-119.31453,34.4942],[-119.31435,34.49418],[-119.31429,34.49305],[-119.31405,34.49276],[-119.3135,34.4924],[-119.31264,34.49245],[-119.3123,34.49234],[-119.31195,34.49198],[-119.31058,34.49124],[-119.3098,34.49036],[-119.30829,34.48937],[-119.30783,34.48891],[-119.30748,34.48809],[-119.30752,34.48753],[-119.30796,34.48611],[-119.30794,34.48569],[-119.30769,34.48541],[-119.30734,34.48512],[-119.30612,34.48449],[-119.30423,34.48445],[-119.30406,34.48442],[-119.30371,34.48408],[-119.30285,34.48393],[-119.30261,34.48399],[-119.30233,34.48442],[-119.30279,34.48484],[-119.30303,34.48521],[-119.3032,34.48526],[-119.30388,34.48506],[-119.30462,34.48541],[-119.30491,34.48637],[-119.30519,34.48682],[-119.30585,34.48753],[-119.30591,34.48824],[-119.30659,34.48923],[-119.30664,34.48951],[-119.30637,34.48993],[-119.30638,34.49007],[-119.30647,34.49022],[-119.30709,34.4905],[-119.30724,34.49078],[-119.30704,34.49234],[-119.30663,34.49305],[-119.30608,34.49375],[-119.30577,34.49476],[-119.30544,34.49503],[-119.30509,34.49517],[-119.3044,34.49513],[-119.30423,34.49504],[-119.30412,34.49489],[-119.30422,34.49474],[-119.30447,34.4946],[-119.30491,34.49376],[-119.30593,34.49262],[-119.30606,34.49206],[-119.30602,34.49177],[-119.30559,34.49078],[-119.30515,34.49022],[-119.30534,34.48908],[-119.30488,34.48781],[-119.3044,34.48763],[-119.30388,34.48722],[-119.30354,34.48732],[-119.30339,34.48725],[-119.30338,34.48682],[-119.3032,34.48668],[-119.30285,34.48674],[-119.30251,34.48655],[-119.30217,34.48653],[-119.30165,34.48663],[-119.30097,34.48628],[-119.29994,34.48621],[-119.29925,34.48661],[-119.29873,34.48636],[-119.29788,34.4871],[-119.29781,34.48753],[-119.2977,34.4876],[-119.29722,34.48725],[-119.29702,34.48672],[-119.29685,34.48656],[-119.29564,34.48687],[-119.29569,34.48625],[-119.2947,34.4864],[-119.29513,34.48561],[-119.29569,34.48512],[-119.29577,34.48484],[-119.29567,34.4847],[-119.29444,34.48447],[-119.29376,34.48459],[-119.29324,34.48423],[-119.29286,34.48427],[-119.29255,34.48443],[-119.29238,34.4844],[-119.29221,34.48411],[-119.29145,34.48385],[-119.29091,34.48314],[-119.29067,34.48303],[-119.28998,34.48316],[-119.28946,34.48354],[-119.2893,34.48371],[-119.28917,34.48427],[-119.28878,34.48461],[-119.28869,34.48456],[-119.28866,34.48413],[-119.28834,34.48314],[-119.28872,34.483],[-119.28878,34.48215],[-119.28955,34.48173],[-119.28963,34.48159],[-119.28951,34.48116],[-119.28951,34.48059],[-119.28929,34.48036],[-119.28912,34.47997],[-119.28861,34.47992],[-119.28809,34.47965],[-119.28775,34.48005],[-119.28758,34.48011],[-119.28723,34.48008],[-119.28672,34.48022],[-119.2862,34.48014],[-119.28552,34.48035],[-119.28517,34.48033],[-119.28466,34.48074],[-119.28378,34.48045],[-119.2838,34.4803],[-119.28414,34.48038],[-119.28449,34.48031],[-119.2847,34.47989],[-119.28625,34.47932],[-119.28626,34.47918],[-119.28614,34.47904],[-119.28552,34.47874],[-119.28539,34.47833],[-119.28552,34.4782],[-119.28638,34.47816],[-119.28723,34.47786],[-119.28809,34.4778],[-119.28915,34.47734],[-119.28924,34.4772],[-119.2892,34.47621],[-119.28912,34.47603],[-119.28861,34.47617],[-119.28843,34.476],[-119.28845,34.4755],[-119.28818,34.47522],[-119.28832,34.47493],[-119.28797,34.47394],[-119.28758,34.47375],[-119.28723,34.47373],[-119.28689,34.47399],[-119.28638,34.47394],[-119.28586,34.47436],[-119.28535,34.47459],[-119.28501,34.47451],[-119.28483,34.47407],[-119.28466,34.47392],[-119.28449,34.47391],[-119.28397,34.47418],[-119.28363,34.47403],[-119.28294,34.47422],[-119.28287,34.47409],[-119.28317,34.47338],[-119.28294,34.47304],[-119.28222,34.47295],[-119.28191,34.47317],[-119.28174,34.47313],[-119.28123,34.47269],[-119.28088,34.47275],[-119.28051,34.47295],[-119.28021,34.47338],[-119.27968,34.47317],[-119.27917,34.4735],[-119.27899,34.47349],[-119.27895,34.47324],[-119.27915,34.47281],[-119.27906,34.47267],[-119.27873,34.47253],[-119.27895,34.47196],[-119.27867,34.47168],[-119.2789,34.47126],[-119.27831,34.47103],[-119.27762,34.47116],[-119.27711,34.47143],[-119.27659,34.47131],[-119.27608,34.47152],[-119.27486,34.47168],[-119.27477,34.47154],[-119.27481,34.4714],[-119.27531,34.47026],[-119.27766,34.46814],[-119.27834,34.46715],[-119.27904,34.46644],[-119.27908,34.46616],[-119.27899,34.4661],[-119.27831,34.46621],[-119.27772,34.46687],[-119.27711,34.46719],[-119.27659,34.46688],[-119.27642,34.46693],[-119.27625,34.46715],[-119.27556,34.46745],[-119.2747,34.46809],[-119.27401,34.46842],[-119.27377,34.46899],[-119.27378,34.46942],[-119.27333,34.46968],[-119.27281,34.47033],[-119.2725,34.47012],[-119.27265,34.46956],[-119.27245,34.46899],[-119.27195,34.46857],[-119.27178,34.46817],[-119.27142,34.468],[-119.2712,34.46743],[-119.27132,34.46673],[-119.27154,34.46644],[-119.27216,34.46644],[-119.27264,34.46669],[-119.27299,34.46659],[-119.27333,34.46574],[-119.27316,34.46563],[-119.27229,34.46574],[-119.27178,34.46549],[-119.27144,34.46558],[-119.2711,34.46544],[-119.27024,34.46538],[-119.27008,34.46545],[-119.27011,34.46559],[-119.27075,34.46626],[-119.27081,34.46644],[-119.27062,34.46729],[-119.27041,34.46752],[-119.26972,34.46737],[-119.26938,34.46751],[-119.26886,34.46743],[-119.26815,34.46857],[-119.26815,34.46885],[-119.2678,34.46899],[-119.26766,34.46926],[-119.26747,34.46913],[-119.26734,34.46857],[-119.26741,34.46814],[-119.26722,34.46772],[-119.26715,34.46766],[-119.26686,34.468],[-119.26661,34.46871],[-119.26629,34.46906],[-119.26596,34.46786],[-119.26578,34.46755],[-119.2656,34.46747],[-119.26529,34.46786],[-119.26522,34.46828],[-119.26492,34.46901],[-119.26476,34.46885],[-119.26465,34.46828],[-119.26428,34.468],[-119.26426,34.46786],[-119.26441,34.46758],[-119.26424,34.46715],[-119.26406,34.46693],[-119.26337,34.46663],[-119.26308,34.46687],[-119.2628,34.468],[-119.26251,34.46844],[-119.26234,34.46838],[-119.26217,34.46788],[-119.26179,34.46758],[-119.26183,34.4672],[-119.26156,34.46687],[-119.26156,34.46658],[-119.26114,34.46627],[-119.2608,34.46632],[-119.26069,34.46644],[-119.26043,34.46743],[-119.26015,34.468],[-119.25994,34.46819],[-119.25975,34.46772],[-119.25982,34.46729],[-119.25973,34.46701],[-119.25942,34.46695],[-119.25891,34.46713],[-119.2582,34.46715],[-119.25816,34.46701],[-119.25873,34.46673],[-119.25897,34.46616],[-119.25857,34.46586],[-119.25728,34.46545],[-119.25736,34.46517],[-119.25771,34.46503],[-119.25782,34.46489],[-119.25753,34.46432],[-119.25762,34.46418],[-119.25804,34.46404],[-119.25816,34.4639],[-119.25798,34.46361],[-119.25771,34.4634],[-119.25736,34.46337],[-119.2568,34.46347],[-119.25616,34.46429],[-119.25582,34.46455],[-119.25513,34.46452],[-119.25427,34.465],[-119.254,34.46474],[-119.254,34.46418],[-119.25359,34.46422],[-119.25346,34.46446],[-119.25352,34.46489],[-119.25324,34.4653],[-119.25292,34.46474],[-119.25248,34.46446],[-119.25221,34.46355],[-119.25197,34.46361],[-119.25196,34.46404],[-119.25174,34.46418],[-119.25153,34.46429],[-119.25118,34.46423],[-119.24964,34.46512],[-119.2493,34.46508],[-119.24912,34.46458],[-119.24854,34.46446],[-119.24833,34.46418],[-119.24827,34.46389],[-119.24792,34.46364],[-119.24777,34.46375],[-119.24775,34.46418],[-119.24746,34.46446],[-119.24706,34.46531],[-119.24689,34.46539],[-119.24666,34.46531],[-119.24604,34.46474],[-119.24586,34.46469],[-119.24577,34.46489],[-119.24592,34.46574],[-119.24586,34.46584],[-119.24535,34.46569],[-119.24525,34.46574],[-119.24518,34.46612],[-119.24483,34.46617],[-119.24428,34.46602],[-119.24412,34.46616],[-119.24415,34.46647],[-119.24383,34.46673],[-119.24382,34.46715],[-119.24346,34.46743],[-119.24277,34.46772],[-119.2427,34.46758],[-119.24281,34.46701],[-119.2426,34.46615],[-119.24191,34.4666],[-119.24149,34.4663],[-119.2414,34.466],[-119.24088,34.46598],[-119.24054,34.46557],[-119.2402,34.46605],[-119.24003,34.46612],[-119.23934,34.46592],[-119.23903,34.46602],[-119.23848,34.46671],[-119.23779,34.46704],[-119.23745,34.4669],[-119.23694,34.46569],[-119.23625,34.46622],[-119.23573,34.46618],[-119.23539,34.46627],[-119.235,34.46701],[-119.23471,34.46729],[-119.23368,34.46694],[-119.23348,34.46701],[-119.23307,34.46758],[-119.23282,34.46765],[-119.23213,34.46711],[-119.23127,34.46708],[-119.23071,34.46658],[-119.23007,34.46656],[-119.22983,34.4663],[-119.22956,34.4652],[-119.22938,34.46511],[-119.22921,34.4652],[-119.22904,34.46549],[-119.22835,34.46601],[-119.22784,34.46612],[-119.2275,34.46638],[-119.22715,34.46635],[-119.22632,34.46687],[-119.22621,34.46701],[-119.22629,34.46725],[-119.22698,34.46751],[-119.22709,34.46758],[-119.2271,34.46772],[-119.22552,34.46899],[-119.22539,34.46942],[-119.22423,34.46973],[-119.22355,34.46967],[-119.22286,34.46975],[-119.22228,34.46956],[-119.22252,34.46923],[-119.22251,34.46899],[-119.22114,34.46821],[-119.2207,34.46772],[-119.22001,34.46758],[-119.22007,34.46715],[-119.2196,34.46672],[-119.21938,34.46673],[-119.21874,34.46727],[-119.21804,34.46715],[-119.2172,34.46742],[-119.21685,34.46734],[-119.21634,34.46705],[-119.21599,34.46708],[-119.21531,34.46668],[-119.21502,34.46687],[-119.21482,34.46729],[-119.21462,34.46747],[-119.21342,34.46793],[-119.21325,34.46786],[-119.21308,34.46757],[-119.21273,34.4675],[-119.21237,34.46772],[-119.21205,34.46824],[-119.21084,34.46875],[-119.20964,34.46894],[-119.20741,34.46905],[-119.20647,34.46927],[-119.20646,34.46942],[-119.20672,34.46952],[-119.20758,34.46955],[-119.20839,34.46984],[-119.20901,34.47069],[-119.209,34.47083],[-119.20793,34.4709],[-119.20691,34.47126],[-119.20646,34.47126],[-119.20535,34.47104],[-119.20466,34.4711],[-119.20415,34.4708],[-119.20363,34.47077],[-119.20312,34.47086],[-119.20216,34.47126],[-119.20123,34.47118],[-119.20054,34.47133],[-119.20037,34.47127],[-119.20003,34.47078],[-119.19883,34.47046],[-119.19817,34.46998],[-119.19687,34.46998],[-119.19591,34.4692],[-119.19569,34.46927],[-119.19541,34.4697],[-119.19506,34.46998],[-119.19392,34.47012],[-119.1943,34.4697],[-119.19419,34.46946],[-119.19296,34.46885],[-119.19275,34.46857],[-119.1926,34.46814],[-119.19213,34.46756],[-119.19093,34.46679],[-119.19001,34.46644],[-119.18972,34.46616],[-119.18999,34.46559],[-119.19002,34.46517],[-119.18964,34.46375],[-119.18921,34.46326],[-119.18903,34.4629],[-119.18912,34.46177],[-119.18884,34.46064],[-119.18836,34.45973],[-119.18798,34.45922],[-119.1876,34.4588],[-119.18664,34.45809],[-119.18621,34.45738],[-119.18532,34.45639],[-119.18406,34.45592],[-119.18286,34.45575],[-119.18218,34.45539],[-119.18166,34.45525],[-119.18132,34.45525],[-119.18097,34.45539],[-119.18068,34.45569],[-119.18063,34.4559],[-119.18044,34.45583],[-119.18029,34.45521],[-119.1796,34.45448],[-119.17857,34.45421],[-119.17737,34.45416],[-119.1772,34.45417],[-119.17686,34.45441],[-119.17697,34.4547],[-119.17764,34.45526],[-119.17769,34.4554],[-119.17754,34.45556],[-119.17565,34.45589],[-119.17497,34.45631],[-119.17411,34.45619],[-119.17383,34.45597],[-119.17306,34.45484],[-119.17266,34.45441],[-119.17124,34.45356],[-119.17205,34.4533],[-119.17291,34.45322],[-119.17359,34.45297],[-119.17428,34.45334],[-119.17462,34.45339],[-119.17482,34.453],[-119.1747,34.45243],[-119.17446,34.45229],[-119.17377,34.45221],[-119.17342,34.45176],[-119.17274,34.45138],[-119.16905,34.44974],[-119.16947,34.44962],[-119.17085,34.44953],[-119.17153,34.44966],[-119.17205,34.4496],[-119.17274,34.44967],[-119.17285,34.44946],[-119.17267,34.44903],[-119.17274,34.44885],[-119.17342,34.44912],[-119.17394,34.44914],[-119.17428,34.44877],[-119.1748,34.44893],[-119.17531,34.44887],[-119.17574,34.44861],[-119.176,34.4482],[-119.17686,34.4483],[-119.1797,34.44762],[-119.17971,34.44748],[-119.17907,34.44719],[-119.17874,34.44689],[-119.17865,34.44663],[-119.17874,34.44653],[-119.17926,34.44685],[-119.17977,34.44694],[-119.18012,34.44691],[-119.18063,34.44665],[-119.18149,34.44694],[-119.18183,34.4468],[-119.18218,34.44688],[-119.18321,34.44686],[-119.18355,34.44676],[-119.18372,34.44629],[-119.18424,34.44626],[-119.18441,34.44584],[-119.18478,34.44592],[-119.18509,34.44635],[-119.18527,34.44645],[-119.18589,34.44634],[-119.18599,34.4462],[-119.18596,34.44606],[-119.18561,34.44555],[-119.18527,34.44531],[-119.18509,34.44504],[-119.18492,34.44493],[-119.18415,34.44479],[-119.18432,34.44436],[-119.1843,34.44394],[-119.18441,34.44378],[-119.18492,34.44386],[-119.18561,34.44369],[-119.18612,34.44401],[-119.18664,34.44363],[-119.18697,34.4438],[-119.18715,34.44413],[-119.18733,34.44416],[-119.18761,34.44408],[-119.18784,34.44388],[-119.18818,34.44384],[-119.18845,34.44436],[-119.1888,34.4445],[-119.18877,34.44465],[-119.18819,34.44507],[-119.18829,34.44521],[-119.18921,34.44556],[-119.18951,34.44549],[-119.18968,34.44507],[-119.18973,34.4445],[-119.19007,34.44373],[-119.19076,34.44413],[-119.19104,34.4445],[-119.19145,34.44471],[-119.19155,34.44493],[-119.19154,34.44549],[-119.19162,34.44564],[-119.19196,34.44582],[-119.19229,34.44564],[-119.19217,34.4445],[-119.19219,34.44408],[-119.1923,34.444],[-119.19316,34.44449],[-119.19333,34.44448],[-119.19368,34.44423],[-119.19419,34.44448],[-119.19436,34.44426],[-119.19454,34.44423],[-119.19502,34.4445],[-119.19539,34.44496],[-119.19557,34.44505],[-119.19591,34.44498],[-119.19608,34.44479],[-119.19586,34.4445],[-119.19588,34.44408],[-119.19557,34.44386],[-119.19471,34.44351],[-119.19435,34.44323],[-119.19436,34.44312],[-119.1966,34.44303],[-119.19711,34.44322],[-119.19763,34.443],[-119.1978,34.44301],[-119.19814,34.44331],[-119.19831,34.44333],[-119.19871,34.44266],[-119.19862,34.44252],[-119.19728,34.44237],[-119.19608,34.44242],[-119.19599,34.44224],[-119.19642,34.44196],[-119.19648,34.44181],[-119.19631,34.44153],[-119.19699,34.44111],[-119.19706,34.44054],[-119.19728,34.44021],[-119.19831,34.44027],[-119.19848,34.43967],[-119.19934,34.43896],[-119.19969,34.43895],[-119.19986,34.43904],[-119.20072,34.43981],[-119.20148,34.44011],[-119.20192,34.44048],[-119.20218,34.4404],[-119.20243,34.43992],[-119.20314,34.43969],[-119.20343,34.43927],[-119.20343,34.43912],[-119.20299,34.43856],[-119.20363,34.43839],[-119.20433,34.43842],[-119.20466,34.43826],[-119.20484,34.43825],[-119.20501,34.43856],[-119.20518,34.43865],[-119.20569,34.4385],[-119.20587,34.43854],[-119.20592,34.43912],[-119.20621,34.4392],[-119.20648,34.43912],[-119.2069,34.43871],[-119.20707,34.43871],[-119.20741,34.43909],[-119.20775,34.43902],[-119.2081,34.43854],[-119.20827,34.43851],[-119.2089,34.43884],[-119.20895,34.43898],[-119.20871,34.43941],[-119.20896,34.43983],[-119.20913,34.43987],[-119.20983,34.43955],[-119.2099,34.43927],[-119.20976,34.43898],[-119.20981,34.43882],[-119.20999,34.43878],[-119.21016,34.43887],[-119.2105,34.43872],[-119.21067,34.43874],[-119.21122,34.43898],[-119.21135,34.43927],[-119.21134,34.43969],[-119.21153,34.43994],[-119.21187,34.43969],[-119.21227,34.43955],[-119.21226,34.43941],[-119.21165,34.4387],[-119.21187,34.4381],[-119.21197,34.43799],[-119.21239,34.4379],[-119.21243,34.43757],[-119.21308,34.43757],[-119.21315,34.43728],[-119.21304,34.43686],[-119.21308,34.43674],[-119.21325,34.43668],[-119.21376,34.43699],[-119.21404,34.43728],[-119.21445,34.43809],[-119.21496,34.43848],[-119.21514,34.43848],[-119.21521,34.43827],[-119.21512,34.43785],[-119.21544,34.43686],[-119.21565,34.43684],[-119.21599,34.43719],[-119.21634,34.43739],[-119.2165,34.43714],[-119.21668,34.43708],[-119.21702,34.43722],[-119.21718,34.43714],[-119.2172,34.43594],[-119.21737,34.43606],[-119.21771,34.43603],[-119.21805,34.4367],[-119.2184,34.43711],[-119.21857,34.43711],[-119.21871,34.437],[-119.21857,34.43655],[-119.21926,34.43666],[-119.2194,34.43658],[-119.21977,34.43579],[-119.21994,34.43568],[-119.22001,34.43601],[-119.22041,34.43672],[-119.22063,34.43683],[-119.22095,34.43658],[-119.22114,34.43601],[-119.22132,34.43577],[-119.22164,34.43558],[-119.22169,34.4353],[-119.22235,34.43501],[-119.22252,34.43634],[-119.22269,34.43634],[-119.22326,34.43573],[-119.22337,34.43544],[-119.22355,34.43543],[-119.22385,34.43587],[-119.22373,34.43615],[-119.22389,34.43651],[-119.22441,34.4364],[-119.22492,34.43679],[-119.22516,34.43643],[-119.22498,34.43601],[-119.22518,34.43573],[-119.22423,34.43496],[-119.22413,34.43459],[-119.22423,34.43454],[-119.22458,34.43481],[-119.22492,34.43476],[-119.22526,34.43512],[-119.22544,34.4351],[-119.22561,34.43486],[-119.22595,34.43482],[-119.22612,34.43458],[-119.22629,34.43453],[-119.22647,34.43459],[-119.22655,34.43474],[-119.22659,34.4353],[-119.22678,34.43544],[-119.22697,34.43587],[-119.22681,34.43629],[-119.22686,34.43643],[-119.22698,34.43659],[-119.22732,34.43663],[-119.22755,34.43587],[-119.22767,34.43582],[-119.22801,34.43598],[-119.22845,34.43558],[-119.22767,34.43519],[-119.22758,34.43488],[-119.22764,34.43474],[-119.22779,34.43459],[-119.22818,34.43451],[-119.22853,34.43424],[-119.2287,34.43426],[-119.22904,34.43452],[-119.22938,34.43456],[-119.2299,34.43453],[-119.23024,34.43424],[-119.23041,34.43422],[-119.23076,34.4346],[-119.23127,34.43446],[-119.23144,34.43418],[-119.2323,34.43404],[-119.23247,34.43425],[-119.23265,34.4343],[-119.23387,34.43374],[-119.23443,34.43318],[-119.23453,34.43289],[-119.2344,34.43247],[-119.23407,34.43219],[-119.23406,34.43204],[-119.23437,34.43176],[-119.23454,34.4312],[-119.23461,34.43049],[-119.23453,34.43035],[-119.23265,34.42982],[-119.23213,34.42976],[-119.2316,34.42935],[-119.23024,34.42919],[-119.22973,34.42944],[-119.22956,34.4293],[-119.22904,34.42917],[-119.22853,34.42923],[-119.22846,34.42907],[-119.22866,34.42851],[-119.22892,34.42822],[-119.22943,34.42794],[-119.22961,34.42766],[-119.2296,34.42751],[-119.22905,34.42695],[-119.22887,34.42652],[-119.22853,34.42669],[-119.22835,34.42667],[-119.22798,34.42638],[-119.22784,34.42612],[-119.22698,34.42624],[-119.22664,34.42644],[-119.22647,34.42641],[-119.22561,34.42571],[-119.22526,34.4253],[-119.22483,34.42553],[-119.22502,34.4261],[-119.22458,34.42614],[-119.22441,34.42644],[-119.22389,34.42634],[-119.22303,34.42656],[-119.22303,34.42638],[-119.22338,34.42585],[-119.22351,34.42539],[-119.22385,34.42511],[-119.22378,34.42468],[-119.22355,34.4245],[-119.22269,34.42564],[-119.22217,34.42533],[-119.22132,34.42536],[-119.21994,34.426],[-119.21977,34.42596],[-119.22097,34.42501],[-119.22217,34.42451],[-119.22279,34.42383],[-119.22268,34.42355],[-119.22239,34.42327],[-119.22257,34.4227],[-119.22252,34.42261],[-119.22186,34.42256],[-119.2208,34.42207],[-119.22052,34.42213],[-119.21994,34.42248],[-119.21926,34.42245],[-119.21874,34.42217],[-119.2184,34.42275],[-119.21788,34.42304],[-119.21737,34.42309],[-119.21702,34.42326],[-119.21654,34.42327],[-119.21634,34.42358],[-119.21582,34.42376],[-119.21548,34.424],[-119.21496,34.42412],[-119.21462,34.42401],[-119.21428,34.42408],[-119.21393,34.42435],[-119.21345,34.42454],[-119.21353,34.42468],[-119.21411,34.425],[-119.21489,34.42497],[-119.21527,34.42539],[-119.21525,34.42567],[-119.21496,34.42568],[-119.21445,34.42551],[-119.21376,34.42552],[-119.21359,34.42567],[-119.21325,34.42574],[-119.2131,34.42581],[-119.21299,34.42624],[-119.2132,34.42652],[-119.21317,34.42666],[-119.2129,34.42693],[-119.21256,34.42692],[-119.21218,34.42652],[-119.2117,34.42702],[-119.21036,34.42751],[-119.21026,34.4278],[-119.20964,34.42808],[-119.2093,34.42837],[-119.20878,34.42845],[-119.20569,34.42978],[-119.20518,34.42975],[-119.20475,34.42992],[-119.20416,34.4302],[-119.20362,34.43091],[-119.20226,34.43171],[-119.20209,34.43177],[-119.20192,34.4317],[-119.20156,34.4319],[-119.20165,34.43176],[-119.20243,34.43136],[-119.20337,34.43063],[-119.20352,34.43035],[-119.20348,34.43006],[-119.2038,34.42978],[-119.20515,34.42935],[-119.20604,34.42924],[-119.20878,34.42786],[-119.20913,34.42755],[-119.20947,34.42689],[-119.21067,34.42612],[-119.21092,34.42581],[-119.21091,34.42525],[-119.21142,34.42454],[-119.21136,34.42434],[-119.21102,34.42424],[-119.2105,34.42424],[-119.21016,34.42432],[-119.20981,34.42467],[-119.2093,34.42479],[-119.20892,34.42468],[-119.20964,34.42391],[-119.21205,34.42309],[-119.21222,34.42295],[-119.21239,34.42242],[-119.21294,34.42171],[-119.21268,34.42114],[-119.21273,34.42078],[-119.21342,34.42151],[-119.21348,34.42213],[-119.21359,34.42234],[-119.21418,34.42213],[-119.21617,34.42177],[-119.21652,34.42157],[-119.21662,34.42114],[-119.21716,34.42043],[-119.21717,34.41987],[-119.21834,34.41888],[-119.21785,34.41817],[-119.21779,34.41774],[-119.21754,34.41748],[-119.2172,34.41732],[-119.21651,34.41745],[-119.21634,34.41715],[-119.21579,34.41689],[-119.2157,34.41647],[-119.21536,34.41604],[-119.21534,34.41576],[-119.21548,34.41556],[-119.21565,34.41581],[-119.21617,34.41613],[-119.2172,34.4164],[-119.21737,34.41656],[-119.21833,34.41661],[-119.21831,34.41704],[-119.21846,34.41746],[-119.21884,34.41774],[-119.21926,34.41827],[-119.22011,34.41805],[-119.22023,34.41817],[-119.22,34.41873],[-119.22046,34.41983],[-119.22166,34.41942],[-119.22303,34.41954],[-119.22372,34.41907],[-119.22441,34.41886],[-119.22492,34.41892],[-119.22526,34.41909],[-119.22647,34.41894],[-119.22698,34.41909],[-119.2275,34.4189],[-119.22801,34.41893],[-119.22904,34.4192],[-119.23041,34.41907],[-119.23059,34.41898],[-119.23057,34.41873],[-119.2299,34.4181],[-119.22818,34.41824],[-119.22806,34.41817],[-119.22921,34.4175],[-119.2299,34.41725],[-119.23004,34.41689],[-119.23076,34.41619],[-119.23093,34.41613],[-119.2306,34.41704],[-119.23066,34.41732],[-119.23162,34.41778],[-119.23196,34.41776],[-119.23247,34.41824],[-119.23299,34.41832],[-119.23333,34.41799],[-119.23369,34.41817],[-119.23373,34.41845],[-119.23385,34.4186],[-119.23436,34.41844],[-119.23488,34.41846],[-119.23522,34.41825],[-119.23608,34.41843],[-119.23659,34.41799],[-119.23728,34.4178],[-119.23758,34.41746],[-119.23746,34.41689],[-119.23711,34.4169],[-119.23693,34.41675],[-119.23663,34.4159],[-119.23715,34.41519],[-119.23716,34.41505]]}},{"type":"Feature","properties":{"m":360,"index":0},"geometry":{"type":"LineString","coordinates":[[-119.24106,34.41504],[-119.24174,34.41543],[-119.24204,34.41534],[-119.24243,34.41504]]}},{"type":"Feature","properties":{"m":360,"index":0},"geometry":{"type":"LineString","coordinates":[[-119.24359,34.41505],[-119.24393,34.41548],[-119.24391,34.41562],[-119.24346,34.41583],[-119.24321,34.41647],[-119.24329,34.41686],[-119.24346,34.41686],[-119.24397,34.4163],[-119.24464,34.41619],[-119.24535,34.41581],[-119.24552,34.41581],[-119.24588,34.41619],[-119.24638,34.41627],[-119.24672,34.41643],[-119.24702,34.41633],[-119.24711,34.41619],[-119.24691,34.41576],[-119.24724,34.41509],[-119.24775,34.41511],[-119.24792,34.41503]]}},{"type":"Feature","properties":{"m":400,"index":1},"geometry":{"type":"LineString","coordinates":[[-119.30473,34.48498],[-119.30473,34.48498]]}},{"type":"Feature","properties":{"m":400,"index":1},"geometry":{"type":"LineString","coordinates":[[-119.30303,34.48442],[-119.30303,34.48442]]}},{"type":"Feature","properties":{"m":400,"index":1},"geometry":{"type":"LineString","coordinates":[[-119.20453,34.47281],[-119.20453,34.47281]]}},{"type":"Feature","properties":{"m":400,"index":1},"geometry":{"type":"LineString","coordinates":[[-119.29459,34.46942],[-119.29459,34.46942]]}},{"type":"Feature","properties":{"m":400,"index":1},"geometry":{"type":"LineString","coordinates":[[-119.27572,34.46828],[-119.27572,34.46828]]}},{"type":"Feature","properties":{"m":400,"index":1},"geometry":{"type":"LineString","coordinates":[[-119.21563,34.46786],[-119.21563,34.46786]]}},{"type":"Feature","properties":{"m":400,"index":1},"geometry":{"type":"LineString","coordinates":[[-119.32757,34.45682],[-119.32757,34.45682]]}},{"type":"Feature","properties":{"m":400,"index":1},"geometry":{"type":"LineString","coordinates":[[-119.3322,34.45229],[-119.3322,34.45229]]}},{"type":"Feature","properties":{"m":400,"index":1},"geometry":{"type":"LineString","coordinates":[[-119.31916,34.44762],[-119.31916,34.44762]]}},{"type":"Feature","properties":{"m":400,"index":1},"geometry":{"type":"LineString","coordinates":[[-119.19101,34.44309],[-119.19101,34.44309]]}},{"type":"Feature","properties":{"m":400,"index":1},"geometry":{"type":"LineString","coordinates":[[-119.18863,34.43912],[-119.18863,34.43912]]}},{"type":"Feature","properties":{"m":400,"index":1},"geometry":{"type":"LineString","coordinates":[[-119.18655,34.43898],[-119.18655,34.43898]]}},{"type":"Feature","properties":{"m":400,"index":1},"geometry":{"type":"LineString","coordinates":[[-119.2007,34.43785],[-119.2007,34.43785]]}},{"type":"Feature","properties":{"m":400,"index":1},"geometry":{"type":"LineString","coordinates":[[-119.18512,34.43686],[-119.18512,34.43686]]}},{"type":"Feature","properties":{"m":400,"index":1},"geometry":{"type":"LineString","coordinates":[[-119.19436,34.43558],[-119.19436,34.43558]]}},{"type":"Feature","properties":{"m":400,"index":1},"geometry":{"type":"LineString","coordinates":[[-119.19988,34.43544],[-119.19988,34.43544]]}},{"type":"Feature","properties":{"m":400,"index":1},"geometry":{"type":"LineString","coordinates":[[-119.20806,34.42666],[-119.20806,34.42666]]}},{"type":"Feature","properties":{"m":400,"index":1},"geometry":{"type":"LineString","coordinates":[[-119.21891,34.42298],[-119.21891,34.42298]]}},{"type":"Feature","properties":{"m":400,"index":1},"geometry":{"type":"LineString","coordinates":[[-119.33993,34.45668],[-119.33942,34.45653],[-119.33908,34.45674],[-119.33839,34.45677],[-119.33793,34.4571],[-119.33787,34.45756],[-119.33726,34.45724],[-119.33702,34.45763],[-119.33684,34.45771],[-119.3364,34.45753],[-119.3365,34.45673],[-119.33606,34.45654],[-119.33564,34.4562],[-119.3353,34.45613],[-119.33444,34.45655],[-119.33403,34.45696],[-119.33384,34.45738],[-119.33366,34.45753],[-119.33307,34.45773],[-119.33297,34.45767],[-119.3332,34.45668],[-119.33307,34.45645],[-119.33221,34.45644],[-119.33169,34.45609],[-119.33118,34.45626],[-119.33084,34.45626],[-119.33049,34.45643],[-119.32998,34.45642],[-119.32946,34.45654],[-119.32932,34.45668],[-119.32969,34.4571],[-119.32963,34.45728],[-119.32946,34.45734],[-119.32843,34.45725],[-119.32811,34.45738],[-119.328,34.45753],[-119.32802,34.45809],[-119.32821,34.45838],[-119.32791,34.45866],[-119.32788,34.45908],[-119.32798,34.45937],[-119.32792,34.45965],[-119.32801,34.46007],[-119.32792,34.46022],[-119.3275,34.46022],[-119.32751,34.45979],[-119.32706,34.45921],[-119.32702,34.4588],[-119.32689,34.45854],[-119.32602,34.45809],[-119.32611,34.45852],[-119.32586,34.45881],[-119.32534,34.45895],[-119.32488,34.45894],[-119.32452,34.45922],[-119.32484,34.45951],[-119.32481,34.45965],[-119.3244,34.45993],[-119.32439,34.46007],[-119.325,34.4605],[-119.32502,34.46064],[-119.32419,34.46064],[-119.32415,34.46149],[-119.32397,34.46177],[-119.3238,34.46181],[-119.32343,34.46135],[-119.32328,34.46089],[-119.32311,34.46083],[-119.3226,34.46102],[-119.32239,34.46022],[-119.32225,34.46014],[-119.32191,34.46043],[-119.32174,34.46036],[-119.32175,34.45979],[-119.32157,34.45972],[-119.32122,34.45981],[-119.32071,34.45958],[-119.32019,34.4597],[-119.32013,34.45979],[-119.32016,34.46007],[-119.32074,34.46064],[-119.32071,34.46079],[-119.32038,34.46092],[-119.3204,34.46121],[-119.3202,34.46149],[-119.32019,34.46194],[-119.31958,34.46163],[-119.31899,34.46092],[-119.31865,34.46097],[-119.3183,34.46078],[-119.31796,34.46119],[-119.31776,34.46191],[-119.31761,34.46206],[-119.3172,34.46177],[-119.31696,34.46135],[-119.31666,34.46121],[-119.31672,34.46092],[-119.3165,34.46064],[-119.31645,34.46036],[-119.31624,34.4602],[-119.31607,34.4602],[-119.31574,34.4605],[-119.31578,34.46078],[-119.31556,34.46127],[-119.31495,34.46149],[-119.31503,34.46177],[-119.31486,34.46206],[-119.31489,34.46248],[-119.3147,34.46258],[-119.31384,34.46182],[-119.31333,34.46171],[-119.31309,34.4622],[-119.31312,34.46276],[-119.31298,34.46289],[-119.31264,34.46271],[-119.31206,34.46206],[-119.31195,34.46182],[-119.31178,34.46189],[-119.31153,34.46248],[-119.31149,34.46305],[-119.31127,34.46318],[-119.31092,34.46308],[-119.30989,34.46246],[-119.30955,34.46235],[-119.30915,34.4629],[-119.30921,34.46349],[-119.30886,34.46349],[-119.30852,34.46387],[-119.3079,34.46305],[-119.30766,34.46295],[-119.30743,34.46333],[-119.30697,34.46344],[-119.3071,34.4639],[-119.30663,34.46414],[-119.30646,34.46413],[-119.30632,34.4639],[-119.30594,34.46365],[-119.30577,34.46364],[-119.30545,34.46404],[-119.30509,34.46419],[-119.30471,34.46404],[-119.30457,34.46384],[-119.30449,34.46418],[-119.30388,34.4646],[-119.30371,34.46461],[-119.30337,34.46442],[-119.30319,34.46446],[-119.30303,34.46482],[-119.30251,34.46482],[-119.30217,34.465],[-119.30182,34.46487],[-119.30131,34.46513],[-119.30079,34.46502],[-119.30083,34.46531],[-119.30075,34.46545],[-119.29966,34.46588],[-119.29965,34.46616],[-119.29944,34.46644],[-119.29944,34.46673],[-119.29832,34.46729],[-119.29815,34.46772],[-119.29719,34.46835],[-119.29697,34.46913],[-119.29702,34.46927],[-119.29753,34.46931],[-119.29788,34.46912],[-119.29873,34.46921],[-119.29925,34.46897],[-119.29994,34.46895],[-119.30045,34.46877],[-119.30079,34.46846],[-119.30146,34.46828],[-119.302,34.46825],[-119.3024,34.468],[-119.30285,34.46791],[-119.3032,34.46772],[-119.30612,34.467],[-119.30683,34.46701],[-119.30619,34.46772],[-119.30623,34.468],[-119.30533,34.46828],[-119.30526,34.46866],[-119.30403,34.46942],[-119.30499,34.47026],[-119.30503,34.47041],[-119.30388,34.47029],[-119.30303,34.4706],[-119.30285,34.47069],[-119.30298,34.47083],[-119.30342,34.47097],[-119.30355,34.47126],[-119.30272,34.47154],[-119.302,34.47145],[-119.30192,34.47182],[-119.30165,34.4721],[-119.30028,34.47253],[-119.30018,34.47309],[-119.30027,34.47324],[-119.3015,34.47338],[-119.3012,34.4738],[-119.30111,34.47437],[-119.30131,34.47483],[-119.30186,34.47522],[-119.30177,34.4755],[-119.302,34.4758],[-119.302,34.47606],[-119.30131,34.47574],[-119.30079,34.47571],[-119.29925,34.47529],[-119.29908,34.4753],[-119.29895,34.4755],[-119.29894,34.47578],[-119.29911,34.47607],[-119.29963,34.47649],[-119.29961,34.47748],[-119.29946,34.47819],[-119.29976,34.47845],[-119.30056,34.47847],[-119.30049,34.47946],[-119.301,34.4796],[-119.3011,34.47975],[-119.30092,34.48031],[-119.30102,34.48088],[-119.30146,34.48159],[-119.30285,34.48122],[-119.30371,34.48128],[-119.3044,34.48148],[-119.30509,34.48131],[-119.30577,34.48149],[-119.30646,34.48139],[-119.30674,34.48159],[-119.3068,34.48187],[-119.3071,34.48201],[-119.30835,34.48329],[-119.30869,34.48327],[-119.30921,34.48282],[-119.31005,34.48314],[-119.3102,34.48328],[-119.31023,34.48357],[-119.3105,34.48385],[-119.31068,34.48427],[-119.31092,34.48439],[-119.31178,34.48451],[-119.31298,34.48427],[-119.31281,34.4846],[-119.31212,34.48512],[-119.31212,34.48534],[-119.3124,34.48569],[-119.31264,34.48578],[-119.31367,34.48552],[-119.31367,34.48574],[-119.31337,34.48625],[-119.31436,34.48642],[-119.31452,34.48682],[-119.31504,34.48722],[-119.31523,34.48767],[-119.31467,34.48795],[-119.31459,34.48809],[-119.31504,34.48834],[-119.31512,34.48866],[-119.31539,34.48884],[-119.31607,34.48888],[-119.3161,34.48838],[-119.31627,34.48809],[-119.31676,34.4876],[-119.31727,34.48745],[-119.31735,34.48753],[-119.31699,34.48795],[-119.31688,34.48838],[-119.3174,34.48923],[-119.31796,34.48921],[-119.31822,34.48937],[-119.31865,34.48943],[-119.31916,34.48926],[-119.31985,34.48935],[-119.32019,34.4892],[-119.32037,34.48923],[-119.32071,34.48866],[-119.32088,34.4885],[-119.32134,34.48838],[-119.32174,34.48782],[-119.32188,34.48795],[-119.3219,34.48824],[-119.32171,34.4888],[-119.3215,34.48908],[-119.3219,34.48951],[-119.3226,34.4896],[-119.32328,34.48949],[-119.3238,34.48908],[-119.32416,34.48937],[-119.325,34.48951],[-119.32534,34.48967],[-119.32569,34.48966],[-119.32603,34.48995],[-119.32757,34.49043],[-119.3278,34.49036],[-119.32784,34.48993],[-119.32843,34.48856],[-119.32858,34.4888],[-119.32854,34.48923],[-119.32908,34.49036],[-119.32898,34.49078],[-119.32912,34.49109],[-119.33025,34.49149],[-119.33049,34.49181],[-119.33118,34.49216],[-119.33169,34.49205],[-119.33187,34.49221],[-119.33238,34.49238],[-119.33358,34.49317],[-119.33444,34.4931],[-119.33478,34.49292],[-119.33496,34.49303],[-119.33479,34.49347],[-119.33488,34.49361],[-119.33599,34.49384],[-119.33667,34.49382],[-119.33736,34.49435],[-119.33787,34.4949],[-119.33885,34.49545],[-119.3394,34.49602],[-119.33993,34.49622]]}},{"type":"Feature","properties":{"m":400,"index":1},"geometry":{"type":"LineString","coordinates":[[-119.33993,34.4993],[-119.33908,34.49907],[-119.33856,34.49871],[-119.33805,34.49863],[-119.33793,34.49842],[-119.33719,34.49784],[-119.33684,34.49772],[-119.33671,34.49729],[-119.3365,34.49719],[-119.3353,34.49733],[-119.33444,34.49719],[-119.3341,34.49732],[-119.33393,34.49694],[-119.33375,34.49681],[-119.3329,34.49663],[-119.33169,34.49667],[-119.33125,34.49644],[-119.33118,34.49617],[-119.33093,34.49602],[-119.33084,34.49568],[-119.33015,34.49502],[-119.32963,34.49485],[-119.32929,34.49493],[-119.32878,34.49463],[-119.32826,34.49453],[-119.32797,34.4946],[-119.32792,34.49489],[-119.32812,34.49588],[-119.32882,34.49658],[-119.32843,34.49664],[-119.32787,34.49644],[-119.32757,34.49608],[-119.32723,34.49534],[-119.32706,34.49523],[-119.32689,34.49555],[-119.32637,34.49526],[-119.32586,34.49524],[-119.32569,34.49499],[-119.32534,34.49483],[-119.325,34.4949],[-119.32466,34.49518],[-119.32414,34.49481],[-119.32363,34.49472],[-119.32328,34.49448],[-119.32325,34.49432],[-119.32277,34.49392],[-119.32225,34.49372],[-119.32105,34.49366],[-119.31991,34.49375],[-119.31916,34.49401],[-119.31779,34.49397],[-119.31727,34.49377],[-119.31556,34.49344],[-119.31544,34.49375],[-119.31559,34.49446],[-119.3155,34.49503],[-119.31578,34.49545],[-119.31631,34.49573],[-119.31652,34.49602],[-119.31642,34.49613],[-119.3159,34.496],[-119.31539,34.49603],[-119.31521,34.49579],[-119.31436,34.49527],[-119.31416,34.49503],[-119.3141,34.49446],[-119.31396,34.49418],[-119.31388,34.49319],[-119.31371,34.4929],[-119.3135,34.49281],[-119.31315,34.49298],[-119.3123,34.49285],[-119.31178,34.49289],[-119.31144,34.49234],[-119.31054,34.49206],[-119.31012,34.49177],[-119.30974,34.49135],[-119.30958,34.49092],[-119.30938,34.49071],[-119.30858,34.49036],[-119.30783,34.48982],[-119.3077,34.48993],[-119.30818,34.49078],[-119.30823,34.49135],[-119.30783,34.492],[-119.30766,34.4926],[-119.30737,34.4929],[-119.30721,34.49347],[-119.30748,34.49375],[-119.30744,34.4939],[-119.30663,34.49426],[-119.3063,34.4946],[-119.30669,34.49503],[-119.30594,34.49527],[-119.30577,34.49552],[-119.30516,34.49602],[-119.30475,34.49658],[-119.30481,34.49701],[-119.30406,34.49678],[-119.30285,34.49721],[-119.30234,34.49749],[-119.30148,34.49745],[-119.30144,34.49757],[-119.3018,34.49814],[-119.30189,34.49885],[-119.30177,34.49927],[-119.30186,34.49955],[-119.30181,34.4997],[-119.30115,34.50026],[-119.30097,34.5006],[-119.30062,34.50063],[-119.29976,34.50121],[-119.29856,34.50167],[-119.29788,34.50245],[-119.29775,34.50238],[-119.29778,34.5021],[-119.29802,34.50168],[-119.29819,34.50111],[-119.29839,34.50085],[-119.29994,34.5002],[-119.3002,34.49998],[-119.30033,34.4997],[-119.3003,34.49927],[-119.30041,34.49885],[-119.30028,34.4984],[-119.30011,34.49832],[-119.29937,34.49842],[-119.29925,34.49838],[-119.29914,34.49814],[-119.29974,34.498],[-119.29994,34.49773],[-119.2997,34.49729],[-119.29967,34.49701],[-119.29978,34.49658],[-119.2996,34.4963],[-119.29991,34.49616],[-119.30002,34.49588],[-119.30062,34.49512],[-119.30114,34.49486],[-119.30148,34.49481],[-119.30182,34.49452],[-119.30234,34.49456],[-119.30285,34.49427],[-119.3032,34.49428],[-119.3034,34.49418],[-119.30401,34.49375],[-119.30421,34.49333],[-119.30457,34.49311],[-119.30516,34.49248],[-119.3054,34.49177],[-119.30513,34.49121],[-119.30508,34.49078],[-119.30462,34.49022],[-119.30467,34.48965],[-119.30454,34.48937],[-119.30478,34.48894],[-119.30466,34.48824],[-119.30371,34.48767],[-119.30303,34.48776],[-119.3029,34.48725],[-119.30234,34.48694],[-119.30148,34.48709],[-119.30028,34.48661],[-119.29959,34.48684],[-119.29925,34.48706],[-119.29891,34.48686],[-119.29873,34.48694],[-119.29839,34.48724],[-119.29788,34.48813],[-119.2977,34.48814],[-119.2972,34.48767],[-119.29673,34.48753],[-119.2965,34.48712],[-119.29616,34.48713],[-119.29564,34.48768],[-119.2952,34.48781],[-119.29504,34.48739],[-119.29513,34.4868],[-119.29496,34.48677],[-119.2941,34.48704],[-119.29405,34.48696],[-119.29407,34.48611],[-119.29433,34.48597],[-119.29495,34.48512],[-119.29444,34.48491],[-119.29341,34.48499],[-119.29307,34.48469],[-119.2929,34.48468],[-119.29238,34.48496],[-119.29187,34.48456],[-119.29118,34.48424],[-119.29049,34.48353],[-119.29015,34.48359],[-119.28975,34.48385],[-119.28973,34.48427],[-119.28955,34.48456],[-119.28912,34.48476],[-119.28861,34.48527],[-119.28843,34.48531],[-119.2882,34.48484],[-119.28824,34.48427],[-119.28803,34.48399],[-119.28803,34.48357],[-119.28748,34.483],[-119.28814,34.48258],[-119.2883,34.48201],[-119.28903,34.48144],[-119.28907,34.4813],[-119.28895,34.48111],[-119.28826,34.48103],[-119.28799,34.48088],[-119.28809,34.48076],[-119.28865,34.48059],[-119.28876,34.48045],[-119.28861,34.48035],[-119.28809,34.48031],[-119.28775,34.48056],[-119.28741,34.4805],[-119.28655,34.48062],[-119.28603,34.48056],[-119.28535,34.4808],[-119.285,34.48119],[-119.28449,34.48127],[-119.28432,34.48128],[-119.28402,34.48102],[-119.28346,34.48082],[-119.28208,34.48115],[-119.28155,34.48144],[-119.28156,34.48116],[-119.2821,34.48074],[-119.28215,34.48059],[-119.28206,34.48045],[-119.2826,34.48032],[-119.28311,34.48003],[-119.28414,34.4799],[-119.28432,34.4797],[-119.28519,34.47932],[-119.28491,34.47918],[-119.28495,34.47876],[-119.28484,34.47833],[-119.28449,34.47784],[-119.28437,34.47748],[-119.28449,34.47744],[-119.28517,34.47764],[-119.28569,34.47738],[-119.28672,34.4773],[-119.28741,34.47735],[-119.28798,34.4772],[-119.28798,34.47706],[-119.28764,34.47677],[-119.28736,34.47607],[-119.28711,34.47578],[-119.28658,34.4755],[-119.28638,34.47503],[-119.2862,34.47499],[-119.28586,34.47516],[-119.28552,34.47509],[-119.28483,34.4753],[-119.28461,34.47522],[-119.28432,34.47476],[-119.2838,34.47477],[-119.28346,34.47464],[-119.28243,34.47476],[-119.28227,34.47451],[-119.28243,34.47365],[-119.28224,34.47366],[-119.28174,34.47402],[-119.28123,34.47338],[-119.28105,34.47334],[-119.28087,34.47352],[-119.28088,34.47406],[-119.27985,34.47403],[-119.27934,34.47414],[-119.27882,34.47455],[-119.27844,34.47451],[-119.2782,34.4738],[-119.27786,34.47352],[-119.27785,34.47338],[-119.27819,34.47309],[-119.27792,34.47267],[-119.27813,34.47225],[-119.27797,34.47182],[-119.27711,34.47208],[-119.27676,34.4721],[-119.27659,34.47198],[-119.27642,34.47199],[-119.27539,34.47227],[-119.27495,34.47253],[-119.2749,34.47267],[-119.27505,34.47295],[-119.27436,34.47348],[-119.27367,34.47379],[-119.27316,34.47386],[-119.27267,34.47423],[-119.2723,34.4743],[-119.27215,34.47423],[-119.27249,34.47366],[-119.27247,34.47331],[-119.27266,34.47295],[-119.27251,34.47267],[-119.27295,34.47239],[-119.27301,34.47168],[-119.27281,34.4716],[-119.27231,34.47168],[-119.27245,34.47126],[-119.2723,34.47083],[-119.27127,34.47022],[-119.27092,34.47012],[-119.27078,34.46984],[-119.2703,34.46942],[-119.27041,34.46933],[-119.27161,34.46949],[-119.27186,34.46942],[-119.27184,34.46927],[-119.27132,34.46871],[-119.27093,34.46855],[-119.27058,34.46818],[-119.27024,34.46818],[-119.2699,34.46798],[-119.26955,34.46803],[-119.26916,34.46828],[-119.26917,34.46857],[-119.26896,34.46885],[-119.26887,34.46923],[-119.2683,34.46942],[-119.26825,34.46984],[-119.26794,34.47012],[-119.26732,34.47013],[-119.26698,34.46943],[-119.26681,34.46945],[-119.26629,34.46997],[-119.26595,34.47014],[-119.26578,34.46951],[-119.26547,34.46913],[-119.26475,34.4698],[-119.26457,34.46969],[-119.26418,34.46913],[-119.26406,34.46863],[-119.26354,34.46834],[-119.26234,34.46964],[-119.26211,34.46942],[-119.26158,34.46842],[-119.26114,34.46804],[-119.25977,34.46942],[-119.2596,34.46944],[-119.25912,34.46814],[-119.25891,34.46804],[-119.25874,34.46778],[-119.25839,34.4677],[-119.25805,34.46798],[-119.25782,34.46786],[-119.25771,34.46755],[-119.25714,34.46743],[-119.25717,34.46715],[-119.25792,34.46644],[-119.25767,34.46616],[-119.25702,34.46601],[-119.25668,34.46577],[-119.25618,34.46616],[-119.25609,34.46644],[-119.25565,34.46701],[-119.25548,34.46702],[-119.2553,34.4666],[-119.25513,34.46652],[-119.25418,34.46758],[-119.25324,34.46776],[-119.25308,34.46743],[-119.25221,34.46673],[-119.25254,34.46588],[-119.25255,34.46574],[-119.25239,34.4655],[-119.25187,34.46547],[-119.25152,34.46531],[-119.25067,34.4656],[-119.25019,34.46602],[-119.25008,34.4663],[-119.24981,34.46643],[-119.2493,34.46584],[-119.24861,34.46629],[-119.24834,34.46588],[-119.24842,34.46545],[-119.24809,34.46495],[-119.24792,34.46502],[-119.24724,34.46597],[-119.24706,34.46604],[-119.24672,34.46584],[-119.24659,34.46602],[-119.24655,34.46633],[-119.24586,34.46629],[-119.24552,34.46662],[-119.24518,34.4666],[-119.24449,34.467],[-119.24447,34.46729],[-119.24434,34.46743],[-119.24359,34.46786],[-119.24349,34.46828],[-119.24353,34.46871],[-119.24341,34.46899],[-119.24329,34.46905],[-119.24277,34.46881],[-119.24226,34.46882],[-119.24155,34.468],[-119.2421,34.46772],[-119.24218,34.46715],[-119.24209,34.46708],[-119.24174,34.46716],[-119.24141,34.46687],[-119.24106,34.4668],[-119.24071,34.46641],[-119.24054,34.4664],[-119.2402,34.46662],[-119.23951,34.46654],[-119.239,34.4671],[-119.23865,34.46722],[-119.23837,34.46758],[-119.23797,34.46778],[-119.23762,34.4676],[-119.23728,34.46759],[-119.23659,34.46663],[-119.23591,34.46669],[-119.23573,34.46678],[-119.2356,34.46715],[-119.23522,34.46764],[-119.23488,34.46782],[-119.23419,34.46776],[-119.2335,34.46817],[-119.23333,34.46853],[-119.23316,34.4686],[-119.23196,34.46816],[-119.23139,34.46772],[-119.23094,34.46758],[-119.23041,34.46704],[-119.2299,34.46701],[-119.22921,34.46623],[-119.22904,34.4662],[-119.22853,34.46647],[-119.22737,34.46687],[-119.22735,34.46701],[-119.22835,34.46743],[-119.2284,34.46758],[-119.22748,34.46857],[-119.22688,34.46885],[-119.22668,34.46899],[-119.22664,34.46913],[-119.22827,34.4697],[-119.22845,34.46984],[-119.22853,34.4702],[-119.22815,34.47083],[-119.22767,34.47115],[-119.22698,34.47101],[-119.22653,34.47111],[-119.22595,34.47159],[-119.22526,34.47181],[-119.22492,34.47233],[-119.22458,34.47202],[-119.22441,34.47203],[-119.22423,34.4722],[-119.2232,34.47186],[-119.222,34.47216],[-119.22046,34.47294],[-119.2196,34.47275],[-119.21908,34.47306],[-119.2184,34.47321],[-119.21771,34.47307],[-119.2172,34.47318],[-119.21685,34.47341],[-119.21638,34.47309],[-119.21625,34.47267],[-119.21634,34.4721],[-119.21685,34.47216],[-119.21737,34.47235],[-119.21749,34.47225],[-119.21771,34.47161],[-119.21824,34.47154],[-119.21851,34.4714],[-119.21882,34.47111],[-119.21879,34.47097],[-119.2184,34.47088],[-119.21771,34.47051],[-119.21702,34.47046],[-119.21514,34.47005],[-119.21435,34.47055],[-119.2134,34.47097],[-119.21342,34.47119],[-119.21397,34.47182],[-119.21406,34.47225],[-119.21447,34.47281],[-119.21445,34.47301],[-119.21393,34.4729],[-119.21308,34.47289],[-119.21153,34.47301],[-119.21119,34.4732],[-119.2105,34.47326],[-119.20947,34.47359],[-119.20896,34.47344],[-119.20878,34.47347],[-119.20844,34.47372],[-119.20793,34.47384],[-119.20758,34.47412],[-119.20741,34.47411],[-119.20707,34.47382],[-119.2069,34.47383],[-119.20621,34.47424],[-119.20605,34.47423],[-119.20612,34.4738],[-119.20604,34.47358],[-119.20569,34.47362],[-119.20449,34.47341],[-119.20398,34.47357],[-119.20381,34.4733],[-119.20363,34.47325],[-119.20295,34.4733],[-119.20226,34.47322],[-119.20168,34.47352],[-119.2014,34.47426],[-119.20054,34.47441],[-119.19969,34.47474],[-119.19888,34.47479],[-119.19763,34.47535],[-119.19755,34.47522],[-119.19768,34.47493],[-119.19766,34.47394],[-119.19711,34.47352],[-119.19574,34.47332],[-119.1954,34.47281],[-119.19466,34.47239],[-119.19457,34.47225],[-119.19479,34.47196],[-119.19467,34.47154],[-119.19472,34.47126],[-119.19444,34.47097],[-119.19353,34.47097],[-119.19349,34.47111],[-119.19371,34.4714],[-119.19369,34.47154],[-119.19345,34.4721],[-119.19316,34.47235],[-119.19299,34.47235],[-119.19265,34.47194],[-119.19248,34.47189],[-119.19213,34.47207],[-119.19196,34.47202],[-119.19185,34.47196],[-119.19176,34.47154],[-119.1911,34.47124],[-119.19007,34.47104],[-119.18973,34.47111],[-119.19017,34.47069],[-119.19162,34.4704],[-119.19203,34.46998],[-119.19282,34.46971],[-119.19297,34.46956],[-119.19213,34.46922],[-119.19145,34.46872],[-119.1911,34.46868],[-119.19076,34.46877],[-119.19033,34.46814],[-119.1899,34.46793],[-119.18921,34.46785],[-119.18887,34.46805],[-119.18867,34.468],[-119.18853,34.46765],[-119.18818,34.46745],[-119.18715,34.46748],[-119.18698,34.46696],[-119.18664,34.46641],[-119.18527,34.4662],[-119.18493,34.46602],[-119.1851,34.46559],[-119.18511,34.46446],[-119.18485,34.46319],[-119.18383,34.46191],[-119.18355,34.46172],[-119.18311,34.46163],[-119.18329,34.46121],[-119.18312,34.46064],[-119.18265,34.46036],[-119.18218,34.45959],[-119.18187,34.45937],[-119.18187,34.45894],[-119.18166,34.45863],[-119.18115,34.45855],[-119.18063,34.45908],[-119.17943,34.46002],[-119.17943,34.45989],[-119.17992,34.45922],[-119.17992,34.45908],[-119.1796,34.45885],[-119.17926,34.45879],[-119.1784,34.45895],[-119.17754,34.45894],[-119.17686,34.45864],[-119.17634,34.45877],[-119.17514,34.45878],[-119.1748,34.45874],[-119.17428,34.45833],[-119.17377,34.45828],[-119.17325,34.45837],[-119.17218,34.45724],[-119.17191,34.45668],[-119.17184,34.45625],[-119.17102,34.4553],[-119.17028,34.45569],[-119.17022,34.45583],[-119.17033,34.45625],[-119.16945,34.45696],[-119.1693,34.45723],[-119.16879,34.45723],[-119.16851,34.45597],[-119.1679,34.45554],[-119.16793,34.45497],[-119.16776,34.45478],[-119.16741,34.45475],[-119.1669,34.45489],[-119.16621,34.45432],[-119.16535,34.45423],[-119.16467,34.45428],[-119.16402,34.45342],[-119.16397,34.45314],[-119.16467,34.45246],[-119.16553,34.45221],[-119.16759,34.45194],[-119.1693,34.45194],[-119.16975,34.45186],[-119.16985,34.45172],[-119.16954,34.45116],[-119.16914,34.45087],[-119.16862,34.45084],[-119.16776,34.45],[-119.16724,34.45013],[-119.1669,34.45009],[-119.16656,34.45023],[-119.16621,34.44984],[-119.16553,34.44974],[-119.16518,34.44979],[-119.16484,34.44953],[-119.16467,34.44952],[-119.16415,34.44983],[-119.16384,34.44974],[-119.16409,34.44889],[-119.16295,34.44829],[-119.16232,34.44818],[-119.16215,34.44804],[-119.16226,34.44795],[-119.16278,34.44782],[-119.16329,34.44791],[-119.16364,34.4478],[-119.16432,34.44828],[-119.16501,34.44817],[-119.16504,34.44847],[-119.16515,34.44861],[-119.1657,34.44879],[-119.16638,34.44876],[-119.16673,34.44847],[-119.16741,34.44879],[-119.16844,34.44869],[-119.16896,34.44874],[-119.1691,34.44861],[-119.1693,34.44811],[-119.16947,34.44807],[-119.17,34.44847],[-119.17102,34.44865],[-119.17183,34.44833],[-119.17192,34.44776],[-119.17205,34.44768],[-119.17256,34.44791],[-119.17291,34.44792],[-119.17342,34.44785],[-119.17394,34.4475],[-119.1748,34.44779],[-119.17531,34.44751],[-119.17565,34.44699],[-119.17583,34.44698],[-119.17617,34.44732],[-119.17649,34.44748],[-119.17839,34.44733],[-119.1784,34.44719],[-119.17771,34.44656],[-119.17736,34.44606],[-119.17722,34.44549],[-119.17689,34.44507],[-119.1772,34.44498],[-119.17798,34.44564],[-119.1784,34.44584],[-119.17892,34.44573],[-119.17943,34.4463],[-119.17977,34.4464],[-119.18012,34.44634],[-119.1808,34.44571],[-119.18097,34.44576],[-119.18132,34.4462],[-119.18183,34.44598],[-119.18235,34.44613],[-119.18286,34.44612],[-119.18297,34.44606],[-119.18303,34.44572],[-119.18326,34.44549],[-119.18327,34.44535],[-119.18297,34.44507],[-119.183,34.44479],[-119.18235,34.44436],[-119.18271,34.44408],[-119.18286,34.44332],[-119.18321,34.44312],[-119.18349,34.44309],[-119.18357,34.44295],[-119.18321,34.44238],[-119.18351,34.44196],[-119.18351,34.44181],[-119.18333,34.44167],[-119.182,34.44131],[-119.1796,34.4413],[-119.17909,34.44078],[-119.17874,34.4406],[-119.17737,34.44047],[-119.17617,34.4401],[-119.17563,34.43969],[-119.17497,34.43886],[-119.17462,34.43867],[-119.17377,34.43848],[-119.17136,34.43839],[-119.16995,34.43799],[-119.17021,34.43771],[-119.17033,34.4371],[-119.17223,34.4353],[-119.17303,34.43374],[-119.17377,34.43324],[-119.17462,34.43304],[-119.176,34.4336],[-119.17686,34.43381],[-119.17737,34.43386],[-119.17823,34.43375],[-119.17892,34.4335],[-119.17961,34.43304],[-119.18115,34.43152],[-119.18235,34.43125],[-119.18321,34.43088],[-119.18406,34.43087],[-119.18527,34.43101],[-119.18664,34.43064],[-119.18733,34.43084],[-119.1887,34.43086],[-119.18939,34.4305],[-119.18973,34.43047],[-119.19043,34.4302],[-119.19127,34.43007],[-119.19162,34.42989],[-119.19191,34.42935],[-119.19183,34.42822],[-119.19196,34.42793],[-119.19248,34.42821],[-119.19333,34.4281],[-119.19436,34.42834],[-119.19471,34.42831],[-119.19539,34.42844],[-119.19608,34.42814],[-119.19677,34.42815],[-119.19763,34.42773],[-119.19814,34.4279],[-119.19917,34.42796],[-119.19969,34.42785],[-119.20072,34.42735],[-119.2014,34.4269],[-119.20209,34.42665],[-119.20243,34.42633],[-119.20313,34.4261],[-119.20398,34.42566],[-119.20443,34.42525],[-119.20493,34.42497],[-119.20535,34.42447],[-119.20587,34.42442],[-119.20604,34.42431],[-119.20623,34.42383],[-119.2081,34.4234],[-119.20868,34.42312],[-119.20879,34.42284],[-119.20896,34.42277],[-119.21033,34.42262],[-119.21067,34.4222],[-119.2117,34.4222],[-119.21186,34.42213],[-119.21213,34.42171],[-119.21195,34.42143],[-119.21177,34.42072],[-119.21148,34.42043],[-119.21164,34.41973],[-119.21132,34.41916],[-119.21205,34.41903],[-119.21239,34.4192],[-119.21324,34.42029],[-119.21351,34.42043],[-119.21412,34.42157],[-119.21492,34.42157],[-119.21548,34.42142],[-119.21558,34.42128],[-119.21549,34.42114],[-119.21462,34.42112],[-119.21447,34.421],[-119.21458,34.42072],[-119.21531,34.4202],[-119.21617,34.42022],[-119.21651,34.42004],[-119.21685,34.41948],[-119.21769,34.41873],[-119.21702,34.41827],[-119.21617,34.41848],[-119.21544,34.41845],[-119.21527,34.41803],[-119.21479,34.41778],[-119.21445,34.41727],[-119.21351,34.41675],[-119.21345,34.41661],[-119.2137,34.41534],[-119.21363,34.41505]]}},{"type":"Feature","properties":{"m":400,"index":1},"geometry":{"type":"LineString","coordinates":[[-119.21651,34.41505],[-119.21668,34.41568],[-119.21702,34.41586],[-119.21737,34.41591],[-119.21823,34.41568],[-119.21943,34.41574],[-119.21977,34.41562],[-119.22012,34.41661],[-119.21985,34.41732],[-119.22011,34.41749],[-119.22063,34.41725],[-119.22097,34.41789],[-119.22075,34.41817],[-119.22078,34.41859],[-119.22097,34.41876],[-119.22166,34.41856],[-119.22217,34.41857],[-119.22286,34.41841],[-119.22303,34.4184],[-119.2232,34.41855],[-119.22458,34.41813],[-119.22526,34.41814],[-119.22578,34.41833],[-119.22664,34.41826],[-119.22678,34.41817],[-119.22646,34.4176],[-119.22625,34.41689],[-119.22629,34.41651],[-119.22698,34.41741],[-119.22732,34.41763],[-119.22784,34.41778],[-119.22801,34.41748],[-119.22853,34.41743],[-119.22951,34.41704],[-119.23019,34.41647],[-119.23069,34.41576],[-119.23072,34.41562],[-119.23057,34.41534],[-119.23063,34.41505]]}},{"type":"Feature","properties":{"m":400,"index":1},"geometry":{"type":"LineString","coordinates":[[-119.23256,34.41505],[-119.23245,34.41519],[-119.23258,34.41548],[-119.23254,34.41562],[-119.23213,34.4159],[-119.23179,34.41591],[-119.2315,34.41619],[-119.23124,34.41675],[-119.23132,34.41704],[-119.23162,34.41737],[-119.23179,34.41739],[-119.23213,34.41721],[-119.2323,34.41727],[-119.23247,34.41741],[-119.23265,34.41783],[-119.23282,34.41781],[-119.23313,34.41746],[-119.2335,34.41744],[-119.23385,34.41778],[-119.23419,34.41778],[-119.23437,34.41803],[-119.2347,34.41807],[-119.23539,34.41769],[-119.23573,34.41793],[-119.23591,34.41794],[-119.23632,34.4176],[-119.23604,34.41732],[-119.23592,34.41689],[-119.23571,34.41675],[-119.23574,34.41661],[-119.23556,34.41633],[-119.23567,34.41604],[-119.23555,34.41562],[-119.23585,34.41534],[-119.23591,34.41503]]}},{"type":"Feature","properties":{"m":400,"index":1},"geometry":{"type":"LineString","coordinates":[[-119.24478,34.41505],[-119.24483,34.41529],[-119.24552,34.41509],[-119.24621,34.41514],[-119.24655,34.41502]]}},{"type":"Feature","properties":{"m":440,"index":0},"geometry":{"type":"LineString","coordinates":[[-119.3055,34.48541],[-119.3055,34.48541]]}},{"type":"Feature","properties":{"m":440,"index":0},"geometry":{"type":"LineString","coordinates":[[-119.21546,34.47069],[-119.21546,34.47069]]}},{"type":"Feature","properties":{"m":440,"index":0},"geometry":{"type":"LineString","coordinates":[[-119.21541,34.46871],[-119.21541,34.46871]]}},{"type":"Feature","properties":{"m":440,"index":0},"geometry":{"type":"LineString","coordinates":[[-119.22885,34.46687],[-119.22885,34.46687]]}},{"type":"Feature","properties":{"m":440,"index":0},"geometry":{"type":"LineString","coordinates":[[-119.33999,34.45753],[-119.33959,34.45731],[-119.33942,34.45733],[-119.33925,34.45742],[-119.3391,34.45781],[-119.33913,34.45795],[-119.33967,34.45823],[-119.33926,34.45852],[-119.33925,34.45866],[-119.33993,34.45931]]}},{"type":"Feature","properties":{"m":440,"index":0},"geometry":{"type":"LineString","coordinates":[[-119.33993,34.45962],[-119.33976,34.46001],[-119.33925,34.45955],[-119.3389,34.45943],[-119.33873,34.45922],[-119.3377,34.45851],[-119.33753,34.45846],[-119.33719,34.45888],[-119.33702,34.45885],[-119.33667,34.45852],[-119.3365,34.45852],[-119.33632,34.45866],[-119.33623,34.45922],[-119.33627,34.45965],[-119.33651,34.46022],[-119.3365,34.46037],[-119.33633,34.46031],[-119.33547,34.45981],[-119.33534,34.45951],[-119.33505,34.45937],[-119.33472,34.45894],[-119.33472,34.4588],[-119.33548,34.45781],[-119.3356,34.45753],[-119.33554,34.45724],[-119.33513,34.45707],[-119.33496,34.45731],[-119.33378,34.45795],[-119.33348,34.45838],[-119.33363,34.45922],[-119.33358,34.45944],[-119.33307,34.45916],[-119.33238,34.4591],[-119.33225,34.45965],[-119.33207,34.45993],[-119.33195,34.46064],[-119.33152,34.46117],[-119.33155,34.46064],[-119.3312,34.45993],[-119.33118,34.45951],[-119.33096,34.45908],[-119.33118,34.45838],[-119.33156,34.45781],[-119.33157,34.45767],[-119.33105,34.45738],[-119.33144,34.45682],[-119.33049,34.4569],[-119.33041,34.45696],[-119.3306,34.45738],[-119.33056,34.45753],[-119.33032,34.45774],[-119.32998,34.45784],[-119.32981,34.45812],[-119.32946,34.45814],[-119.32935,34.45823],[-119.32959,34.45852],[-119.32957,34.45866],[-119.32912,34.45886],[-119.32878,34.45875],[-119.32858,34.4588],[-119.32852,34.45894],[-119.32858,34.45922],[-119.32842,34.45979],[-119.3286,34.45995],[-119.32898,34.46007],[-119.32904,34.46022],[-119.32792,34.46088],[-119.32778,34.46149],[-119.32757,34.46167],[-119.32689,34.46078],[-119.32684,34.4605],[-119.32661,34.46022],[-119.3268,34.45993],[-119.32677,34.45979],[-119.32637,34.45914],[-119.32551,34.45941],[-119.32535,34.45979],[-119.32536,34.45993],[-119.32587,34.46022],[-119.32564,34.46121],[-119.32551,34.46127],[-119.32483,34.46115],[-119.32448,34.4619],[-119.32397,34.46253],[-119.32378,34.46248],[-119.32294,34.46148],[-119.32277,34.46143],[-119.32242,34.46153],[-119.32208,34.4612],[-119.32139,34.46098],[-119.32078,34.46149],[-119.32071,34.46163],[-119.32097,34.46191],[-119.32098,34.46206],[-119.32066,34.46234],[-119.32036,34.46282],[-119.32002,34.46275],[-119.31967,34.4622],[-119.31865,34.46145],[-119.31848,34.46145],[-119.31832,34.46163],[-119.31822,34.46206],[-119.31779,34.46279],[-119.31733,34.46262],[-119.3171,34.46224],[-119.31678,34.46206],[-119.31658,34.46177],[-119.31607,34.46152],[-119.31566,34.46191],[-119.31553,34.46234],[-119.31563,34.46276],[-119.31536,34.4629],[-119.31521,34.46327],[-119.31487,34.46324],[-119.31468,34.46333],[-119.31418,34.4629],[-119.31404,34.46262],[-119.31367,34.46241],[-119.31367,34.46291],[-119.31355,34.46333],[-119.31333,34.46356],[-119.31212,34.46282],[-119.31193,34.46361],[-119.31161,34.46376],[-119.31109,34.4638],[-119.31041,34.46339],[-119.31006,34.46333],[-119.30972,34.46395],[-119.30909,34.46418],[-119.30886,34.46446],[-119.30835,34.46454],[-119.30783,34.46423],[-119.30697,34.46484],[-119.30646,34.46504],[-119.30625,34.46503],[-119.30594,34.46477],[-119.3056,34.46479],[-119.30491,34.46498],[-119.30457,34.46522],[-119.30406,34.46541],[-119.30349,34.46545],[-119.30303,34.46568],[-119.30182,34.46594],[-119.30148,34.4662],[-119.30079,34.46639],[-119.30039,34.46673],[-119.30027,34.46715],[-119.30011,34.4673],[-119.29968,34.46743],[-119.29939,34.46772],[-119.29939,34.46786],[-119.29994,34.46805],[-119.30491,34.46656],[-119.30783,34.46627],[-119.30835,34.46612],[-119.30886,34.46617],[-119.31092,34.46603],[-119.31169,34.4663],[-119.31172,34.46644],[-119.31144,34.46674],[-119.31006,34.46725],[-119.30955,34.46727],[-119.30829,34.46786],[-119.30868,34.46814],[-119.30877,34.46828],[-119.30869,34.46836],[-119.30818,34.46835],[-119.30732,34.46858],[-119.3068,34.4683],[-119.30662,34.46842],[-119.3068,34.46901],[-119.30648,34.46899],[-119.30612,34.46877],[-119.30604,34.46927],[-119.30594,34.46939],[-119.3056,34.46935],[-119.30544,34.4697],[-119.3056,34.47001],[-119.30639,34.47026],[-119.30614,34.47069],[-119.30629,34.47088],[-119.30651,34.47097],[-119.30646,34.47102],[-119.30612,34.47116],[-119.3056,34.47108],[-119.30526,34.47122],[-119.30474,34.47091],[-119.3044,34.47092],[-119.30418,34.47111],[-119.30416,34.47168],[-119.30406,34.47185],[-119.30388,34.47191],[-119.30354,34.47184],[-119.3032,34.47197],[-119.30251,34.47204],[-119.30235,34.4721],[-119.30217,34.47241],[-119.302,34.47252],[-119.30117,34.47281],[-119.30137,34.47295],[-119.30234,34.47296],[-119.30239,34.47309],[-119.30193,34.47423],[-119.30192,34.47451],[-119.30217,34.47465],[-119.30268,34.47468],[-119.30288,34.47479],[-119.30265,34.4755],[-119.30262,34.47607],[-119.30275,34.47635],[-119.30318,34.47663],[-119.30303,34.47679],[-119.30234,34.47666],[-119.302,34.47644],[-119.30114,34.47621],[-119.30066,34.47621],[-119.30028,34.47609],[-119.30016,34.47621],[-119.3001,34.47791],[-119.30097,34.47783],[-119.30121,34.47791],[-119.30113,34.4789],[-119.30131,34.47906],[-119.30178,34.47918],[-119.30198,34.47946],[-119.302,34.47961],[-119.30169,34.48003],[-119.30169,34.48045],[-119.30188,34.48074],[-119.30234,34.48094],[-119.30285,34.48081],[-119.30406,34.48077],[-119.30474,34.4809],[-119.30526,34.48072],[-119.30556,34.48102],[-119.30577,34.48108],[-119.30663,34.48104],[-119.30723,34.4813],[-119.30722,34.48159],[-119.3075,34.48173],[-119.30762,34.48201],[-119.30786,34.48215],[-119.3083,34.48272],[-119.30852,34.48275],[-119.30869,34.48265],[-119.30886,34.48226],[-119.30938,34.48239],[-119.30972,34.48268],[-119.31058,34.48295],[-119.31075,34.48349],[-119.31109,34.48384],[-119.31144,34.48394],[-119.31264,34.48398],[-119.31326,34.48357],[-119.3135,34.48354],[-119.31357,34.48413],[-119.31343,34.48456],[-119.31348,34.4847],[-119.31418,34.48473],[-119.31487,34.48496],[-119.31437,34.48526],[-119.31431,34.48569],[-119.31447,34.48583],[-119.31533,34.48611],[-119.31539,34.48627],[-119.3153,34.48654],[-119.31607,34.48701],[-119.31676,34.48695],[-119.3171,34.48658],[-119.31745,34.48669],[-119.31779,34.48657],[-119.31827,34.48583],[-119.31848,34.48499],[-119.31867,34.48526],[-119.31888,34.48668],[-119.31899,34.48683],[-119.31933,34.48677],[-119.3202,34.4871],[-119.32026,34.48725],[-119.32019,34.48753],[-119.32105,34.48745],[-119.32174,34.48662],[-119.3226,34.48627],[-119.32328,34.4862],[-119.32328,34.48627],[-119.32277,34.48645],[-119.32227,34.48696],[-119.32248,34.48781],[-119.32345,34.48821],[-119.32392,34.48852],[-119.32446,34.48852],[-119.32469,34.48866],[-119.32464,34.48894],[-119.32534,34.48907],[-119.32551,34.48924],[-119.32586,34.48921],[-119.3262,34.48953],[-119.32654,34.48966],[-119.32706,34.48977],[-119.3274,34.48961],[-119.32782,34.4888],[-119.32798,34.48809],[-119.32912,34.48717],[-119.32946,34.48722],[-119.32945,34.48739],[-119.329,34.48795],[-119.32891,34.48824],[-119.32895,34.4884],[-119.32936,34.48866],[-119.32936,34.4888],[-119.32912,34.48889],[-119.32896,34.48908],[-119.32933,34.48951],[-119.32925,34.48979],[-119.32952,34.49022],[-119.32948,34.49064],[-119.32963,34.49084],[-119.33009,34.49107],[-119.33066,34.49119],[-119.33101,34.49161],[-119.33135,34.49165],[-119.33169,34.49145],[-119.33204,34.4918],[-119.33255,34.49185],[-119.33307,34.49224],[-119.33393,34.49259],[-119.33427,34.49251],[-119.3344,34.49234],[-119.33425,34.49191],[-119.33428,34.49135],[-119.33496,34.49089],[-119.33543,34.49078],[-119.33499,34.49149],[-119.335,34.49163],[-119.33531,34.49177],[-119.33548,34.49319],[-119.3365,34.49338],[-119.3377,34.49324],[-119.33782,34.49333],[-119.33754,34.49375],[-119.33763,34.4939],[-119.3379,34.49404],[-119.338,34.49432],[-119.33848,34.49446],[-119.33863,34.49489],[-119.33925,34.4952],[-119.33993,34.49575]]}},{"type":"Feature","properties":{"m":440,"index":0},"geometry":{"type":"LineString","coordinates":[[-119.22123,34.42766],[-119.22123,34.42766]]}},{"type":"Feature","properties":{"m":440,"index":0},"geometry":{"type":"LineString","coordinates":[[-119.21762,34.42666],[-119.21762,34.42666]]}},{"type":"Feature","properties":{"m":440,"index":0},"geometry":{"type":"LineString","coordinates":[[-119.21872,34.42397],[-119.21872,34.42397]]}},{"type":"Feature","properties":{"m":440,"index":0},"geometry":{"type":"LineString","coordinates":[[-119.22502,34.41704],[-119.22502,34.41704]]}},{"type":"Feature","properties":{"m":440,"index":0},"geometry":{"type":"LineString","coordinates":[[-119.33993,34.49976],[-119.33855,34.49941],[-119.33839,34.50011],[-119.33817,34.50012],[-119.33774,34.4997],[-119.33743,34.49955],[-119.33742,34.49927],[-119.33719,34.49898],[-119.33667,34.49914],[-119.33581,34.49844],[-119.33558,34.49814],[-119.33575,34.49786],[-119.33564,34.49773],[-119.3353,34.49802],[-119.33513,34.49805],[-119.33478,34.49785],[-119.33461,34.49789],[-119.33427,34.49821],[-119.3341,34.49825],[-119.3339,34.49771],[-119.33375,34.49761],[-119.33341,34.49771],[-119.33324,34.4972],[-119.3329,34.49709],[-119.33187,34.49718],[-119.33094,34.49687],[-119.33075,34.49672],[-119.33071,34.49644],[-119.33032,34.49601],[-119.32945,34.49545],[-119.32878,34.49521],[-119.32864,34.49531],[-119.32864,34.49545],[-119.32897,34.49616],[-119.32961,34.49672],[-119.32951,34.49729],[-119.32936,34.49757],[-119.32944,34.49786],[-119.33015,34.49818],[-119.33063,34.49871],[-119.33049,34.4989],[-119.33015,34.49862],[-119.32981,34.49851],[-119.32895,34.49846],[-119.32826,34.49786],[-119.32826,34.49722],[-119.32767,34.49687],[-119.32706,34.49607],[-119.32677,34.49672],[-119.32672,34.49729],[-119.32644,34.49687],[-119.32637,34.49602],[-119.3262,34.496],[-119.32551,34.49626],[-119.32534,34.49663],[-119.32517,34.49657],[-119.32483,34.49633],[-119.32448,34.49622],[-119.32416,34.49573],[-119.32328,34.49556],[-119.32294,34.49515],[-119.32226,34.49474],[-119.32222,34.49432],[-119.32174,34.49405],[-119.32036,34.4941],[-119.31968,34.4944],[-119.31899,34.49443],[-119.31865,34.4943],[-119.31745,34.49437],[-119.3171,34.49412],[-119.31659,34.49398],[-119.31642,34.49394],[-119.31621,34.49404],[-119.31611,34.49517],[-119.31624,34.49532],[-119.31684,34.49545],[-119.31707,34.49559],[-119.31901,34.49757],[-119.31899,34.49775],[-119.3183,34.49737],[-119.31796,34.49739],[-119.31745,34.497],[-119.31642,34.49664],[-119.31607,34.49642],[-119.31521,34.49642],[-119.31453,34.49659],[-119.31448,34.49644],[-119.31475,34.49616],[-119.3144,34.49573],[-119.31372,34.49517],[-119.31373,34.49474],[-119.3135,34.49432],[-119.3135,34.49381],[-119.31339,34.49347],[-119.3123,34.49329],[-119.31161,34.49356],[-119.31082,34.49262],[-119.31062,34.49248],[-119.31006,34.49234],[-119.30918,34.49121],[-119.30886,34.49102],[-119.3086,34.49191],[-119.30826,34.49234],[-119.30819,34.49276],[-119.30799,34.49305],[-119.30791,34.49347],[-119.30818,34.49404],[-119.30732,34.49432],[-119.30701,34.4946],[-119.30736,34.49545],[-119.30715,34.49553],[-119.30663,34.49546],[-119.30629,34.49557],[-119.30527,34.49672],[-119.30524,34.49687],[-119.30541,34.49715],[-119.30548,34.49757],[-119.30569,34.49786],[-119.3056,34.49794],[-119.30509,34.4979],[-119.30471,34.49757],[-119.30423,34.49734],[-119.30337,34.49757],[-119.30251,34.49803],[-119.30242,34.49814],[-119.30248,34.49842],[-119.30322,34.4997],[-119.30285,34.5008],[-119.30251,34.50091],[-119.30217,34.50121],[-119.30165,34.50138],[-119.3017,34.50153],[-119.30148,34.50162],[-119.30114,34.5016],[-119.30079,34.50138],[-119.30062,34.50143],[-119.30011,34.50187],[-119.29884,34.50252],[-119.29738,34.50451],[-119.29741,34.50479],[-119.29776,34.50521],[-119.2977,34.50542],[-119.29719,34.50576],[-119.29667,34.50589],[-119.29611,34.5062],[-119.29586,34.50663],[-119.29582,34.50723],[-119.29514,34.50762],[-119.29461,34.50778],[-119.2937,34.50762],[-119.29461,34.50755],[-119.29513,34.50733],[-119.29519,34.50705],[-119.29488,34.50634],[-119.29494,34.50606],[-119.2953,34.50562],[-119.29599,34.50521],[-119.29628,34.50465],[-119.29647,34.50394],[-119.29643,34.50352],[-119.29623,34.50309],[-119.29643,34.50281],[-119.29637,34.5021],[-119.29626,34.50182],[-119.29578,34.50139],[-119.2961,34.50125],[-119.29709,34.50111],[-119.29769,34.50083],[-119.29839,34.50023],[-119.29961,34.4997],[-119.29977,34.49899],[-119.29925,34.49893],[-119.29889,34.49871],[-119.29856,34.49814],[-119.29822,34.49803],[-119.29753,34.49813],[-119.29707,34.498],[-119.29822,34.49739],[-119.29899,34.49743],[-119.29896,34.49672],[-119.29828,34.49616],[-119.29816,34.49588],[-119.29822,34.49581],[-119.29938,34.49588],[-119.30012,34.49517],[-119.30028,34.49474],[-119.30118,34.49446],[-119.30148,34.49397],[-119.30217,34.49411],[-119.30254,34.49361],[-119.3032,34.49362],[-119.30354,34.49351],[-119.30368,34.49333],[-119.30368,34.4929],[-119.30423,34.49259],[-119.30465,34.49206],[-119.30478,34.49163],[-119.30457,34.49135],[-119.30449,34.49092],[-119.30395,34.49036],[-119.30394,34.49022],[-119.30418,34.48993],[-119.30401,34.48937],[-119.30419,34.48852],[-119.30406,34.48836],[-119.30354,34.48814],[-119.30303,34.48825],[-119.30251,34.48809],[-119.30254,34.48767],[-119.30234,34.48743],[-119.30182,34.48742],[-119.30131,34.48756],[-119.30097,34.48733],[-119.30028,34.48712],[-119.29976,34.48731],[-119.29959,34.48754],[-119.29891,34.48742],[-119.29848,34.48809],[-119.29788,34.48875],[-119.2977,34.48869],[-119.29753,34.48845],[-119.29685,34.48796],[-119.29616,34.48775],[-119.29582,34.48815],[-119.29547,34.48823],[-119.29496,34.48851],[-119.29479,34.48846],[-119.29461,34.48802],[-119.29457,34.48753],[-119.29444,34.48732],[-119.29393,34.48753],[-119.29341,34.48747],[-119.29353,34.48682],[-119.29345,34.48625],[-119.29328,34.48597],[-119.29384,34.48541],[-119.29324,34.48533],[-119.2929,34.48515],[-119.29204,34.48534],[-119.29186,34.48512],[-119.29152,34.48499],[-119.29033,34.48413],[-119.29015,34.48425],[-119.28998,34.48487],[-119.28929,34.48509],[-119.28912,34.48534],[-119.28861,34.48572],[-119.28826,34.48579],[-119.28809,34.48573],[-119.28775,34.48484],[-119.28775,34.48439],[-119.28747,34.48413],[-119.28744,34.48357],[-119.28697,34.48328],[-119.28692,34.48314],[-119.28694,34.48286],[-119.28761,34.48215],[-119.28793,34.48159],[-119.28758,34.48142],[-119.28741,34.48102],[-119.28723,34.48097],[-119.2861,34.48102],[-119.28552,34.48132],[-119.28517,34.48167],[-119.28397,34.48163],[-119.28363,34.48132],[-119.28346,34.48131],[-119.28226,34.48152],[-119.28177,34.48201],[-119.2814,34.48224],[-119.28123,34.48225],[-119.28111,34.48201],[-119.28054,34.48208],[-119.28057,34.48187],[-119.28085,34.48159],[-119.28095,34.4813],[-119.28137,34.48074],[-119.28122,34.48045],[-119.28174,34.4801],[-119.28213,34.48003],[-119.28277,34.47971],[-119.28363,34.47954],[-119.28363,34.47945],[-119.28256,34.47904],[-119.28191,34.47848],[-119.28145,34.47847],[-119.28226,34.4785],[-119.28329,34.47879],[-119.28424,34.47861],[-119.28429,34.47847],[-119.28414,34.47819],[-119.28363,34.47751],[-119.28324,34.4772],[-119.28295,34.47663],[-119.28329,34.47657],[-119.28483,34.4769],[-119.28638,34.47687],[-119.28655,34.47678],[-119.28657,34.47663],[-119.28621,34.47607],[-119.28586,34.47576],[-119.2852,34.47593],[-119.28448,34.47593],[-119.28398,34.4755],[-119.28311,34.47535],[-119.28277,34.47549],[-119.28226,34.47542],[-119.28174,34.47521],[-119.28158,34.47465],[-119.2814,34.47453],[-119.28105,34.47473],[-119.28002,34.47467],[-119.27951,34.47482],[-119.27912,34.47508],[-119.27904,34.47522],[-119.27909,34.4755],[-119.27882,34.47552],[-119.27872,34.47522],[-119.27848,34.47498],[-119.27794,34.47508],[-119.27782,34.47465],[-119.27752,34.47437],[-119.27739,34.47394],[-119.27693,34.47338],[-119.27686,34.47295],[-119.27702,34.47281],[-119.27702,34.47267],[-119.27659,34.47264],[-119.27649,34.47267],[-119.27646,34.47295],[-119.27625,34.47321],[-119.2759,34.47344],[-119.27554,34.47352],[-119.27517,34.47394],[-119.27452,34.47423],[-119.27513,34.47479],[-119.27419,34.4749],[-119.27367,34.47478],[-119.27307,34.47493],[-119.27236,34.47536],[-119.2723,34.47608],[-119.27211,34.47607],[-119.272,34.47578],[-119.27161,34.47558],[-119.27093,34.47605],[-119.2708,34.47593],[-119.27114,34.47564],[-119.27126,34.47536],[-119.2711,34.47512],[-119.27093,34.47506],[-119.26972,34.47506],[-119.26852,34.4755],[-119.26848,34.47536],[-119.26865,34.47522],[-119.2686,34.47508],[-119.26835,34.47507],[-119.26826,34.47493],[-119.26879,34.47451],[-119.26869,34.47418],[-119.26972,34.47394],[-119.27041,34.47355],[-119.27093,34.47347],[-119.2717,34.47352],[-119.27146,34.47309],[-119.27143,34.47281],[-119.2711,34.47238],[-119.26985,34.47154],[-119.27093,34.47135],[-119.27105,34.47126],[-119.27105,34.47083],[-119.27058,34.47055],[-119.26938,34.46952],[-119.26898,34.4697],[-119.26881,34.47012],[-119.26854,34.47026],[-119.26835,34.47054],[-119.26715,34.47073],[-119.26681,34.47028],[-119.26595,34.47072],[-119.26558,34.47055],[-119.26543,34.47002],[-119.2653,34.46998],[-119.26475,34.47044],[-119.26457,34.47045],[-119.2641,34.47012],[-119.26372,34.46938],[-119.26354,34.46926],[-119.26269,34.47019],[-119.262,34.4704],[-119.26171,34.46998],[-119.26137,34.4697],[-119.26134,34.46913],[-119.26114,34.4689],[-119.26097,34.46893],[-119.26063,34.46927],[-119.26028,34.46995],[-119.25977,34.47026],[-119.2596,34.47062],[-119.25942,34.4706],[-119.25908,34.47024],[-119.25883,34.47012],[-119.25853,34.46956],[-119.25851,34.46942],[-119.25867,34.46913],[-119.25845,34.46842],[-119.25788,34.4684],[-119.25719,34.46801],[-119.25685,34.46795],[-119.25651,34.46757],[-119.25633,34.46756],[-119.256,34.46786],[-119.25527,34.46828],[-119.25462,34.46901],[-119.25411,34.46927],[-119.25358,34.4697],[-119.25313,34.47026],[-119.2529,34.47082],[-119.25262,34.47026],[-119.25235,34.46998],[-119.25219,34.46956],[-119.25159,34.46899],[-119.25156,34.46885],[-119.25204,34.46865],[-119.25218,34.46842],[-119.25212,34.468],[-119.25166,34.46743],[-119.25118,34.46702],[-119.25084,34.46689],[-119.25033,34.46703],[-119.24981,34.46734],[-119.24933,34.46715],[-119.24895,34.4667],[-119.24851,34.46701],[-119.24829,34.46701],[-119.24775,34.46624],[-119.24672,34.46681],[-119.24603,34.46685],[-119.24586,34.46704],[-119.24535,34.46708],[-119.245,34.46731],[-119.24483,34.46758],[-119.24461,34.46772],[-119.24472,34.46842],[-119.24436,34.46913],[-119.24433,34.46942],[-119.24404,34.4697],[-119.24398,34.46984],[-119.24405,34.47012],[-119.24397,34.47016],[-119.2438,34.47017],[-119.24346,34.46984],[-119.24277,34.46957],[-119.24189,34.46956],[-119.24123,34.46918],[-119.24093,34.46857],[-119.24005,34.46772],[-119.24037,34.46751],[-119.24108,34.46743],[-119.24111,34.46729],[-119.24088,34.46724],[-119.24054,34.46695],[-119.23968,34.46711],[-119.239,34.46802],[-119.23814,34.46854],[-119.23762,34.46826],[-119.23702,34.46828],[-119.23642,34.46752],[-119.23625,34.46751],[-119.23556,34.46832],[-119.23488,34.46845],[-119.23453,34.4684],[-119.2335,34.46909],[-119.23299,34.46913],[-119.23247,34.46908],[-119.23155,34.46871],[-119.23093,34.46824],[-119.22973,34.46768],[-119.22956,34.46748],[-119.22928,34.46786],[-119.22887,34.46812],[-119.2285,34.46857],[-119.22807,34.46885],[-119.22801,34.46901],[-119.22956,34.46933],[-119.23093,34.46917],[-119.23213,34.4693],[-119.23219,34.46942],[-119.23059,34.47052],[-119.23007,34.47076],[-119.22989,34.47097],[-119.22993,34.47111],[-119.23018,34.47126],[-119.23191,34.47168],[-119.23142,34.47182],[-119.23129,34.47196],[-119.23138,34.4721],[-119.23093,34.47223],[-119.23076,34.4726],[-119.22974,34.47295],[-119.22956,34.47321],[-119.22887,34.47327],[-119.22853,34.4727],[-119.22835,34.47262],[-119.22732,34.47321],[-119.2274,34.47366],[-119.22732,34.47388],[-119.22715,34.47371],[-119.22681,34.47359],[-119.22629,34.4737],[-119.22624,34.47394],[-119.22612,34.47396],[-119.22561,34.47349],[-119.22498,34.47352],[-119.22458,34.47377],[-119.22423,34.47386],[-119.22379,34.47423],[-119.22372,34.47467],[-119.22357,34.47409],[-119.22338,34.47379],[-119.22299,34.47394],[-119.22252,34.47454],[-119.22221,34.47423],[-119.222,34.47419],[-119.22149,34.47454],[-119.22132,34.47477],[-119.22094,34.47465],[-119.2208,34.47408],[-119.21977,34.47371],[-119.21952,34.4738],[-119.21926,34.47411],[-119.21908,34.47417],[-119.21874,34.47411],[-119.2184,34.47419],[-119.21788,34.47401],[-119.21737,34.47465],[-119.21685,34.47433],[-119.21651,34.47427],[-119.2157,34.47493],[-119.21574,34.47536],[-119.21565,34.47551],[-119.21548,34.47557],[-119.21514,34.47545],[-119.21496,34.47554],[-119.21474,34.47635],[-119.21481,34.47706],[-119.21462,34.47726],[-119.21434,34.47677],[-119.21411,34.47658],[-119.21409,34.47607],[-119.21397,34.47578],[-119.21342,34.47529],[-119.21241,34.47493],[-119.21187,34.47502],[-119.2117,34.47488],[-119.21134,34.47493],[-119.21102,34.47525],[-119.21084,34.47458],[-119.21067,34.4744],[-119.21033,34.47435],[-119.21,34.47465],[-119.20999,34.47517],[-119.20913,34.47561],[-119.20878,34.47499],[-119.20844,34.47485],[-119.20793,34.47533],[-119.20756,34.47522],[-119.20707,34.47486],[-119.20672,34.47492],[-119.20645,34.47522],[-119.20621,34.47581],[-119.20579,34.47522],[-119.20535,34.47487],[-119.20518,34.47488],[-119.20432,34.47532],[-119.20428,34.47578],[-119.20415,34.47589],[-119.20369,34.4755],[-119.20329,34.47497],[-119.2026,34.47506],[-119.20209,34.4756],[-119.20192,34.47554],[-119.20157,34.47514],[-119.20123,34.4751],[-119.20072,34.4755],[-119.20084,34.47607],[-119.20072,34.47614],[-119.20037,34.47593],[-119.2002,34.47593],[-119.2002,34.47665],[-119.20003,34.47674],[-119.19986,34.47669],[-119.19956,34.47621],[-119.19917,34.47608],[-119.19887,34.47635],[-119.1988,34.47663],[-119.19885,34.47692],[-119.19823,34.47706],[-119.1982,34.4772],[-119.19833,34.47748],[-119.19737,34.47748],[-119.19677,34.47825],[-119.1966,34.47833],[-119.19608,34.47827],[-119.19591,34.47832],[-119.19539,34.47881],[-119.19522,34.47882],[-119.19505,34.47867],[-119.19488,34.47878],[-119.19471,34.47847],[-119.19469,34.47791],[-119.19517,34.47692],[-119.19505,34.4768],[-119.19351,34.47663],[-119.19402,34.47638],[-119.19574,34.47608],[-119.19584,34.47593],[-119.19539,34.47547],[-119.19505,34.47546],[-119.19509,34.47493],[-119.19489,34.47479],[-119.19482,34.47423],[-119.19436,34.47366],[-119.19434,34.47309],[-119.19416,34.47295],[-119.19385,34.473],[-119.19333,34.47363],[-119.19282,34.47375],[-119.19265,34.4731],[-119.19213,34.47333],[-119.19179,34.47294],[-119.1911,34.47325],[-119.19093,34.47347],[-119.19042,34.47342],[-119.1908,34.47267],[-119.19076,34.47247],[-119.19042,34.4724],[-119.19007,34.47209],[-119.18956,34.47242],[-119.18939,34.4724],[-119.18934,34.47196],[-119.18921,34.47178],[-119.18887,34.47192],[-119.18853,34.47174],[-119.18767,34.47225],[-119.18751,34.4721],[-119.18769,34.47168],[-119.18764,34.4714],[-119.18733,34.47115],[-119.18681,34.47107],[-119.18677,34.47097],[-119.187,34.47083],[-119.18704,34.47069],[-119.18655,34.47026],[-119.18664,34.47021],[-119.18767,34.47036],[-119.18853,34.47024],[-119.18904,34.47059],[-119.18921,34.47051],[-119.18939,34.47025],[-119.19007,34.47012],[-119.19013,34.46984],[-119.19024,34.46978],[-119.19131,34.46984],[-119.19161,34.46956],[-119.19161,34.46942],[-119.19145,34.46929],[-119.1911,34.4692],[-119.19059,34.46924],[-119.19024,34.46906],[-119.1899,34.46851],[-119.18973,34.46839],[-119.18956,34.46842],[-119.18921,34.46885],[-119.18887,34.46888],[-119.18853,34.46873],[-119.18818,34.4688],[-119.18784,34.46831],[-119.1875,34.46859],[-119.18681,34.46839],[-119.1863,34.46851],[-119.18616,34.46814],[-119.18612,34.46706],[-119.18595,34.46704],[-119.18544,34.46731],[-119.18492,34.46712],[-119.18441,34.46717],[-119.18406,34.46696],[-119.1839,34.46701],[-119.18406,34.46715],[-119.18416,34.46743],[-119.18389,34.46783],[-119.18321,34.4676],[-119.18291,34.46772],[-119.18286,34.46802],[-119.18252,34.46788],[-119.18242,34.46743],[-119.18218,34.46714],[-119.18162,34.46673],[-119.18168,34.46644],[-119.18149,34.46602],[-119.1808,34.46563],[-119.1807,34.46489],[-119.1802,34.46432],[-119.1796,34.4642],[-119.17909,34.46429],[-119.17897,34.46418],[-119.17925,34.46375],[-119.17892,34.46338],[-119.17843,34.46305],[-119.1784,34.46242],[-119.17823,34.46234],[-119.17806,34.46241],[-119.17754,34.46285],[-119.17682,34.46276],[-119.17737,34.46249],[-119.17747,34.46234],[-119.17744,34.4622],[-119.17651,34.46181],[-119.17578,34.46121],[-119.17574,34.46106],[-119.17597,34.46078],[-119.1757,34.46022],[-119.17583,34.46017],[-119.17754,34.4606],[-119.17789,34.46062],[-119.17805,34.4605],[-119.17781,34.46007],[-119.17737,34.45966],[-119.17686,34.4594],[-119.17548,34.45945],[-119.17462,34.45934],[-119.17411,34.45905],[-119.17359,34.45903],[-119.17325,34.45917],[-119.17274,34.45903],[-119.17256,34.45888],[-119.17222,34.45818],[-119.17188,34.45806],[-119.17156,34.45781],[-119.17134,34.4571],[-119.17119,34.45689],[-119.17065,34.4571],[-119.17059,34.45738],[-119.17011,34.45781],[-119.1702,34.45823],[-119.16982,34.4585],[-119.16975,34.45866],[-119.1693,34.45875],[-119.16862,34.45825],[-119.1681,34.45835],[-119.16768,34.45795],[-119.1671,34.45767],[-119.16777,34.4571],[-119.16767,34.45639],[-119.16724,34.456],[-119.16673,34.45603],[-119.16638,34.4559],[-119.1657,34.4552],[-119.16521,34.45554],[-119.16501,34.45604],[-119.16432,34.45664],[-119.16425,34.45696],[-119.16347,34.45696],[-119.16372,34.45668],[-119.16376,34.45639],[-119.1635,34.4554],[-119.16367,34.45526],[-119.16368,34.45512],[-119.1635,34.4547],[-119.16351,34.45441],[-119.16329,34.45399],[-119.16295,34.45382],[-119.16226,34.45397],[-119.16209,34.45393],[-119.16182,34.4537],[-119.1619,34.45328],[-119.16158,34.45296],[-119.16003,34.45256]]}},{"type":"Feature","properties":{"m":440,"index":0},"geometry":{"type":"LineString","coordinates":[[-119.16003,34.4507],[-119.16038,34.45053],[-119.16123,34.45055],[-119.16329,34.45119],[-119.16415,34.4509],[-119.16467,34.45112],[-119.16587,34.45129],[-119.16621,34.45125],[-119.16649,34.45102],[-119.16621,34.45087],[-119.16587,34.45045],[-119.16535,34.45041],[-119.16501,34.45023],[-119.16484,34.45022],[-119.16415,34.45083],[-119.16347,34.45058],[-119.16283,34.45002],[-119.16271,34.4496],[-119.16237,34.44932],[-119.16326,34.44903],[-119.16278,34.4488],[-119.16226,34.44875],[-119.16123,34.44899],[-119.16038,34.44952],[-119.16001,34.44932]]}},{"type":"Feature","properties":{"m":440,"index":0},"geometry":{"type":"LineString","coordinates":[[-119.16003,34.4481],[-119.16072,34.44805],[-119.16065,34.4479],[-119.16003,34.44758]]}},{"type":"Feature","properties":{"m":440,"index":0},"geometry":{"type":"LineString","coordinates":[[-119.16003,34.44671],[-119.16106,34.44697],[-119.16135,34.44677],[-119.16158,34.4464],[-119.16175,34.44633],[-119.16244,34.4472],[-119.16312,34.44714],[-119.16347,34.44672],[-119.16364,34.44666],[-119.16432,34.44726],[-119.16467,34.44738],[-119.16484,34.44735],[-119.16553,34.44675],[-119.16606,34.44748],[-119.16612,34.4479],[-119.16707,34.44768],[-119.16741,34.44798],[-119.16776,34.44803],[-119.16832,34.4479],[-119.16842,34.44776],[-119.16844,34.44723],[-119.16913,34.44729],[-119.16947,34.447],[-119.16999,34.44726],[-119.17068,34.44714],[-119.1709,34.44705],[-119.17119,34.44664],[-119.17171,34.44677],[-119.17239,34.44661],[-119.1724,34.44677],[-119.17256,34.44696],[-119.17325,34.44695],[-119.17377,34.44676],[-119.17428,34.4469],[-119.17462,34.44686],[-119.1748,34.44679],[-119.17503,34.44649],[-119.17583,34.44617],[-119.17617,34.44622],[-119.17671,34.44649],[-119.17676,34.44634],[-119.17657,34.44578],[-119.17615,34.44549],[-119.17583,34.44556],[-119.17565,34.44584],[-119.17514,34.44556],[-119.17445,34.44572],[-119.17428,34.44566],[-119.17438,34.44479],[-119.17387,34.44394],[-119.17394,34.44388],[-119.17428,34.444],[-119.17497,34.44457],[-119.17531,34.44469],[-119.17583,34.44449],[-119.17673,34.44436],[-119.17686,34.44403],[-119.17703,34.444],[-119.1775,34.44422],[-119.17857,34.44505],[-119.17909,34.44495],[-119.17931,34.44479],[-119.17875,34.44422],[-119.1783,34.44394],[-119.17771,34.44329],[-119.176,34.44234],[-119.17583,34.44226],[-119.17548,34.44254],[-119.17497,34.44244],[-119.17479,34.44238],[-119.17462,34.44213],[-119.1741,34.44196],[-119.17394,34.4418],[-119.17325,34.44156],[-119.17274,34.44126],[-119.17205,34.44106],[-119.17136,34.44102],[-119.17085,34.44079],[-119.17064,34.44082],[-119.17041,34.44111],[-119.16999,34.44114],[-119.16947,34.44084],[-119.16862,34.4408],[-119.1681,34.44041],[-119.16793,34.44054],[-119.1681,34.4408],[-119.16951,34.44224],[-119.16874,34.44196],[-119.16793,34.4415],[-119.16759,34.44148],[-119.16744,34.44167],[-119.16759,34.44267],[-119.16673,34.44173],[-119.16621,34.44138],[-119.16607,34.44167],[-119.16604,34.44226],[-119.16587,34.44219],[-119.1656,34.44167],[-119.16534,34.44139],[-119.16432,34.4407],[-119.16411,34.44082],[-119.16398,34.44116],[-119.16381,34.4412],[-119.16351,34.44082],[-119.16295,34.44036],[-119.16191,34.44026],[-119.16166,34.4404],[-119.1616,34.44054],[-119.16158,34.44107],[-119.16139,34.44082],[-119.16123,34.44034],[-119.16072,34.44057],[-119.16063,34.4404],[-119.16067,34.44011],[-119.16003,34.43989]]}},{"type":"Feature","properties":{"m":440,"index":0},"geometry":{"type":"LineString","coordinates":[[-119.16003,34.43122],[-119.16055,34.43105],[-119.16088,34.43063],[-119.16088,34.43035],[-119.1606,34.43006],[-119.16,34.42992],[-119.16002,34.42978],[-119.16038,34.4297],[-119.16071,34.4295],[-119.16098,34.42907],[-119.1611,34.42836],[-119.16087,34.4278],[-119.16141,34.42787],[-119.1617,34.4278],[-119.16185,34.42751],[-119.16186,34.42723],[-119.16278,34.42632],[-119.16282,34.42638],[-119.16229,34.42723],[-119.16239,34.42822],[-119.16206,34.42935],[-119.16226,34.42991],[-119.16266,34.43006],[-119.16278,34.43036],[-119.16364,34.43091],[-119.1645,34.43134],[-119.16484,34.43139],[-119.165,34.4312],[-119.16509,34.43049],[-119.16546,34.43006],[-119.16558,34.42978],[-119.1657,34.42912],[-119.16582,34.4295],[-119.16604,34.42977],[-119.16597,34.43035],[-119.16644,34.43077],[-119.16604,34.43116],[-119.1657,34.43175],[-119.16545,34.4319],[-119.16553,34.43198],[-119.16604,34.43193],[-119.16724,34.43202],[-119.16827,34.4319],[-119.16825,34.43148],[-119.16855,34.43105],[-119.16838,34.42992],[-119.16844,34.4297],[-119.16862,34.42974],[-119.16867,34.43006],[-119.16913,34.43051],[-119.17016,34.43102],[-119.17014,34.43134],[-119.17033,34.43148],[-119.17102,34.43149],[-119.17189,34.43134],[-119.17193,34.43105],[-119.17152,34.4302],[-119.17153,34.43001],[-119.1723,34.43049],[-119.17274,34.43056],[-119.17342,34.43005],[-119.17359,34.42961],[-119.17369,34.4302],[-119.17359,34.43092],[-119.17377,34.43101],[-119.17462,34.43083],[-119.1748,34.43058],[-119.175,34.42978],[-119.17497,34.42914],[-119.17502,34.42935],[-119.17534,34.42964],[-119.17558,34.4302],[-119.17581,34.43049],[-119.17609,34.43063],[-119.17651,34.43061],[-119.1767,34.43049],[-119.17674,34.43035],[-119.17662,34.4295],[-119.17673,34.42907],[-119.17672,34.42865],[-119.17662,34.42851],[-119.17667,34.42836],[-119.17703,34.4283],[-119.17737,34.42811],[-119.17754,34.42765],[-119.17789,34.42786],[-119.17806,34.42779],[-119.1784,34.42733],[-119.17849,34.42751],[-119.17807,34.42822],[-119.17795,34.42921],[-119.17817,34.42978],[-119.17823,34.43026],[-119.17857,34.43024],[-119.17887,34.43006],[-119.17994,34.42897],[-119.18022,34.42921],[-119.18046,34.4297],[-119.18063,34.42969],[-119.18077,34.42879],[-119.18047,34.42836],[-119.18063,34.42772],[-119.18132,34.42829],[-119.18222,34.42822],[-119.18194,34.42865],[-119.18187,34.42893],[-119.182,34.42938],[-119.18227,34.42964],[-119.18252,34.42963],[-119.18286,34.42944],[-119.1835,34.42893],[-119.18372,34.42862],[-119.18393,34.42865],[-119.18441,34.42897],[-119.18458,34.42884],[-119.18466,34.42822],[-119.18422,34.4278],[-119.18419,34.42737],[-119.18424,34.42724],[-119.18458,34.42725],[-119.18475,34.42715],[-119.18534,34.42638],[-119.18553,34.42567],[-119.18547,34.42553],[-119.18514,34.42539],[-119.18561,34.42475],[-119.18586,34.42468],[-119.18612,34.42424],[-119.18632,34.4244],[-119.18634,34.42497],[-119.18653,34.42539],[-119.18652,34.42581],[-119.18616,34.42652],[-119.18622,34.42695],[-119.18647,34.4276],[-119.18664,34.42785],[-119.18681,34.42784],[-119.18711,34.42751],[-119.18725,34.42751],[-119.18745,34.42794],[-119.1875,34.42841],[-119.18801,34.42837],[-119.18853,34.42879],[-119.18905,34.42879],[-119.18921,34.42869],[-119.18938,34.42836],[-119.18939,34.42808],[-119.18956,34.42807],[-119.19024,34.42864],[-119.19059,34.42849],[-119.19072,34.42822],[-119.19024,34.42741],[-119.19018,34.42709],[-119.19042,34.42666],[-119.19052,34.42624],[-119.19073,34.42596],[-119.19072,34.42581],[-119.19059,34.42557],[-119.19034,34.42539],[-119.19076,34.42494],[-119.19088,34.42497],[-119.19098,34.42525],[-119.19127,34.42558],[-119.19179,34.42559],[-119.19222,34.42497],[-119.19248,34.42424],[-119.19265,34.42442],[-119.19282,34.425],[-119.19299,34.42509],[-119.19316,34.42496],[-119.19333,34.42505],[-119.19343,34.42525],[-119.19419,34.426],[-119.19443,34.4261],[-119.19351,34.42637],[-119.19341,34.42652],[-119.19426,34.42681],[-119.19505,34.42689],[-119.19625,34.42663],[-119.1964,34.42695],[-119.19654,34.42695],[-119.19677,34.42684],[-119.19734,34.42681],[-119.1978,34.42647],[-119.19831,34.42691],[-119.19901,34.42681],[-119.19969,34.42642],[-119.20028,34.42624],[-119.20072,34.42585],[-119.20123,34.42564],[-119.20175,34.42495],[-119.20227,34.42497],[-119.20299,34.4244],[-119.20371,34.42412],[-119.20466,34.42346],[-119.20531,34.42327],[-119.20535,34.42297],[-119.20741,34.42285],[-119.2081,34.42248],[-119.20844,34.42202],[-119.20871,34.42199],[-119.20892,34.42185],[-119.20861,34.42157],[-119.20861,34.42117],[-119.20947,34.42063],[-119.20999,34.42044],[-119.21003,34.42029],[-119.20986,34.41973],[-119.20964,34.41965],[-119.20929,34.41987],[-119.2093,34.42015],[-119.20895,34.42058],[-119.20844,34.42077],[-119.2081,34.42056],[-119.20809,34.42029],[-119.20878,34.41979],[-119.20912,34.4193],[-119.20896,34.41878],[-119.20856,34.41831],[-119.20861,34.41821],[-119.20947,34.41856],[-119.21102,34.41866],[-119.21124,34.41859],[-119.2117,34.41822],[-119.21289,34.41845],[-119.21325,34.41832],[-119.21325,34.41797],[-119.21288,34.4176],[-119.21239,34.41737],[-119.21162,34.41718],[-119.21124,34.41661],[-119.21164,34.41633],[-119.21138,34.4159],[-119.21132,34.41562],[-119.21136,34.41534],[-119.21156,34.41505]]}},{"type":"Feature","properties":{"m":440,"index":0},"geometry":{"type":"LineString","coordinates":[[-119.21857,34.415],[-119.21891,34.41509],[-119.21943,34.41503]]}},{"type":"Feature","properties":{"m":440,"index":0},"geometry":{"type":"LineString","coordinates":[[-119.21997,34.41505],[-119.22029,34.41539],[-119.2208,34.41502]]}},{"type":"Feature","properties":{"m":440,"index":0},"geometry":{"type":"LineString","coordinates":[[-119.22154,34.41505],[-119.22166,34.41521],[-119.2222,34.41548],[-119.22149,34.41645],[-119.22149,34.41677],[-119.22166,34.41683],[-119.22235,34.41676],[-119.22286,34.41623],[-119.2232,34.4163],[-119.22355,34.4161],[-119.22372,34.41631],[-119.22375,34.41689],[-119.22389,34.41703],[-119.22458,34.41667],[-119.22527,34.4159],[-119.22533,34.41576],[-119.22512,34.41534],[-119.22516,34.41505]]}},{"type":"Feature","properties":{"m":440,"index":0},"geometry":{"type":"LineString","coordinates":[[-119.22664,34.415],[-119.22694,34.41519],[-119.22706,34.41562],[-119.22746,34.41633],[-119.22801,34.41655],[-119.22887,34.41665],[-119.22921,34.41657],[-119.22961,34.41619],[-119.22961,34.41604],[-119.22922,34.41562],[-119.22954,34.41534],[-119.22962,34.41505]]}},{"type":"Feature","properties":{"m":440,"index":0},"geometry":{"type":"LineString","coordinates":[[-119.2336,34.41505],[-119.23351,34.41562],[-119.23334,34.4159],[-119.23294,34.41619],[-119.23282,34.41647],[-119.2323,34.41644],[-119.23192,34.41661],[-119.23196,34.41677],[-119.2323,34.4167],[-119.23265,34.41694],[-119.23299,34.417],[-119.23402,34.41664],[-119.23475,34.41619],[-119.23474,34.41604],[-119.23435,34.41576],[-119.2344,34.41548],[-119.23471,34.41505]]}},{"type":"Feature","properties":{"m":480,"index":0},"geometry":{"type":"LineString","coordinates":[[-119.20497,34.47578],[-119.20497,34.47578]]}},{"type":"Feature","properties":{"m":480,"index":0},"geometry":{"type":"LineString","coordinates":[[-119.28018,34.47522],[-119.28018,34.47522]]}},{"type":"Feature","properties":{"m":480,"index":0},"geometry":{"type":"LineString","coordinates":[[-119.19377,34.47437],[-119.19377,34.47437]]}},{"type":"Feature","properties":{"m":480,"index":0},"geometry":{"type":"LineString","coordinates":[[-119.27609,34.47409],[-119.27609,34.47409]]}},{"type":"Feature","properties":{"m":480,"index":0},"geometry":{"type":"LineString","coordinates":[[-119.26935,34.47041],[-119.26935,34.47041]]}},{"type":"Feature","properties":{"m":480,"index":0},"geometry":{"type":"LineString","coordinates":[[-119.18682,34.46913],[-119.18682,34.46913]]}},{"type":"Feature","properties":{"m":480,"index":0},"geometry":{"type":"LineString","coordinates":[[-119.18562,34.46885],[-119.18562,34.46885]]}},{"type":"Feature","properties":{"m":480,"index":0},"geometry":{"type":"LineString","coordinates":[[-119.32954,34.45937],[-119.32954,34.45937]]}},{"type":"Feature","properties":{"m":480,"index":0},"geometry":{"type":"LineString","coordinates":[[-119.16577,34.45639],[-119.16577,34.45639]]}},{"type":"Feature","properties":{"m":480,"index":0},"geometry":{"type":"LineString","coordinates":[[-119.33999,34.46106],[-119.33942,34.46095],[-119.33905,34.46007],[-119.33856,34.45996],[-119.33839,34.45963],[-119.33787,34.45924],[-119.3377,34.45923],[-119.33683,34.45951],[-119.33679,34.45965],[-119.33705,34.46007],[-119.33698,34.4605],[-119.33713,34.46092],[-119.3369,34.46135],[-119.33693,34.46177],[-119.33684,34.46189],[-119.33637,34.46121],[-119.33637,34.46092],[-119.33626,34.46078],[-119.33564,34.46038],[-119.33513,34.46032],[-119.33444,34.45974],[-119.33427,34.45986],[-119.3341,34.46037],[-119.33341,34.46001],[-119.3329,34.45998],[-119.33275,34.46007],[-119.33244,34.46036],[-119.33242,34.46078],[-119.33198,34.46163],[-119.33211,34.46206],[-119.33202,34.46248],[-119.33207,34.4629],[-119.33204,34.46305],[-119.33187,34.46313],[-119.33172,34.46276],[-119.33111,34.46206],[-119.33084,34.46118],[-119.33049,34.46086],[-119.32981,34.46075],[-119.32946,34.46086],[-119.32912,34.46073],[-119.32898,34.46078],[-119.32831,34.46135],[-119.3282,34.46163],[-119.32794,34.46191],[-119.32792,34.46223],[-119.3274,34.46236],[-119.32719,34.4622],[-119.327,34.46163],[-119.32637,34.46094],[-119.3262,34.46107],[-119.3261,34.46149],[-119.32586,34.46179],[-119.32534,34.46177],[-119.32519,34.46191],[-119.3252,34.46234],[-119.32425,34.46305],[-119.32397,34.46344],[-119.32345,34.46305],[-119.32328,34.46257],[-119.32277,34.46198],[-119.32225,34.46192],[-119.32174,34.46164],[-119.32164,34.46177],[-119.3216,34.4622],[-119.32127,34.46262],[-119.32099,34.46319],[-119.32054,34.46369],[-119.32036,34.4636],[-119.32019,34.46331],[-119.31968,34.46328],[-119.31931,34.46305],[-119.31899,34.46247],[-119.31882,34.4625],[-119.31842,34.46305],[-119.31779,34.46352],[-119.31762,34.46349],[-119.31745,34.46329],[-119.31702,34.46319],[-119.31659,34.46288],[-119.31625,34.46319],[-119.31587,34.46333],[-119.31573,34.4637],[-119.31556,34.4638],[-119.31504,34.46374],[-119.3147,34.46398],[-119.31453,34.46398],[-119.31432,34.46375],[-119.31401,34.46363],[-119.31367,34.46395],[-119.31333,34.46409],[-119.31264,34.46381],[-119.31195,34.46423],[-119.31109,34.46441],[-119.31041,34.46413],[-119.30903,34.46505],[-119.30835,34.46511],[-119.308,34.46502],[-119.30716,34.46559],[-119.30741,34.46574],[-119.30955,34.4656],[-119.31075,34.4653],[-119.31178,34.46553],[-119.31315,34.46538],[-119.31384,34.46555],[-119.31418,34.46575],[-119.31504,34.46583],[-119.31514,34.46588],[-119.31514,34.46602],[-119.3147,34.46642],[-119.31393,34.46673],[-119.3135,34.46676],[-119.31315,34.46703],[-119.31264,34.46687],[-119.31212,34.46708],[-119.31195,34.46745],[-119.31178,34.4676],[-119.31144,34.46731],[-119.31109,34.46734],[-119.31087,34.46743],[-119.3109,34.46772],[-119.31058,34.46802],[-119.31006,34.46795],[-119.30989,34.46845],[-119.31006,34.46867],[-119.31058,34.46899],[-119.31067,34.46913],[-119.31052,34.46927],[-119.30989,34.46941],[-119.30972,34.46953],[-119.30921,34.46941],[-119.30903,34.46975],[-119.30886,34.46985],[-119.30835,34.46964],[-119.30814,34.46942],[-119.30835,34.46914],[-119.30821,34.46899],[-119.30749,34.46925],[-119.30718,34.4697],[-119.30695,34.47041],[-119.30699,34.47055],[-119.3072,34.47069],[-119.3073,34.47126],[-119.3072,34.4714],[-119.3068,34.47153],[-119.30646,34.47144],[-119.30612,34.47164],[-119.30577,34.47161],[-119.30526,34.47174],[-119.30491,34.47156],[-119.30468,34.4721],[-119.30427,34.47253],[-119.30406,34.4726],[-119.30371,34.47255],[-119.30345,34.47267],[-119.30316,34.47309],[-119.30297,34.47366],[-119.30262,34.47409],[-119.30272,34.47423],[-119.30337,34.47424],[-119.30373,34.47437],[-119.30312,34.47607],[-119.30337,34.4762],[-119.30388,34.47619],[-119.30467,34.47635],[-119.30473,34.47649],[-119.3044,34.47668],[-119.3042,34.47692],[-119.30354,34.47725],[-119.30233,34.47706],[-119.30182,34.47675],[-119.30131,34.47661],[-119.30076,34.47663],[-119.30065,34.47706],[-119.30065,34.4772],[-119.30079,34.47731],[-119.30148,34.47734],[-119.30174,34.47748],[-119.30183,34.47776],[-119.30183,34.47847],[-119.30237,34.47876],[-119.30247,34.4789],[-119.30253,34.47932],[-119.30246,34.47975],[-119.3023,34.48003],[-119.30234,34.48018],[-119.30303,34.48044],[-119.30354,34.4805],[-119.30423,34.48048],[-119.30526,34.48018],[-119.30612,34.48014],[-119.30612,34.4806],[-119.30663,34.48065],[-119.30697,34.48091],[-119.30749,34.48093],[-119.30765,34.48102],[-119.30783,34.48145],[-119.30818,34.48165],[-119.30852,34.48145],[-119.30886,34.48085],[-119.3092,34.48187],[-119.30972,34.48193],[-119.31006,34.4823],[-119.31051,34.48258],[-119.31092,34.48268],[-119.31116,34.483],[-119.3112,34.48328],[-119.31137,34.48342],[-119.31281,34.48338],[-119.31339,34.48314],[-119.31401,34.48309],[-119.31422,34.48328],[-119.31398,34.48371],[-119.31401,34.48393],[-119.31418,34.48408],[-119.3147,34.48427],[-119.31521,34.48417],[-119.3158,34.48427],[-119.31582,34.48456],[-119.3157,34.48498],[-119.31541,34.48541],[-119.31556,34.4856],[-119.31607,34.48582],[-119.31625,34.48583],[-119.31642,34.48563],[-119.31659,34.48558],[-119.3171,34.48589],[-119.31739,34.48583],[-119.3177,34.48512],[-119.31773,34.48427],[-119.31779,34.48422],[-119.31813,34.48455],[-119.31836,34.48342],[-119.31865,34.48297],[-119.31874,34.48357],[-119.31895,34.48385],[-119.31894,34.48413],[-119.31917,34.48427],[-119.31908,34.48484],[-119.31928,34.48512],[-119.31933,34.48555],[-119.31951,34.48579],[-119.31985,34.48591],[-119.32019,34.48589],[-119.32071,34.48551],[-119.32117,34.48569],[-119.32139,34.48601],[-119.32174,34.48589],[-119.32277,34.48584],[-119.32355,34.48555],[-119.32397,34.4848],[-119.32414,34.48473],[-119.32419,34.48512],[-119.32439,34.48541],[-119.32403,34.48611],[-119.32404,34.48625],[-119.32427,34.48654],[-119.32414,34.48664],[-119.32311,34.48682],[-119.32292,34.48696],[-119.32295,34.4871],[-119.32317,34.48725],[-119.32397,34.48743],[-119.325,34.48803],[-119.32517,34.48808],[-119.32569,34.48793],[-119.32586,34.48842],[-119.32706,34.48881],[-119.32743,34.48852],[-119.32755,34.48781],[-119.32863,34.48696],[-119.32843,34.48653],[-119.32912,34.48579],[-119.32914,34.48654],[-119.32929,34.48677],[-119.32963,34.48653],[-119.33002,34.4864],[-119.32988,34.48668],[-119.33008,34.48725],[-119.32945,34.48809],[-119.32963,34.48834],[-119.33022,34.48852],[-119.33029,34.48866],[-119.32968,34.48923],[-119.32988,34.48951],[-119.3298,34.48993],[-119.33015,34.49045],[-119.33118,34.49108],[-119.33204,34.49105],[-119.33232,34.49135],[-119.33272,34.49141],[-119.33341,34.49183],[-119.33358,34.49187],[-119.33377,34.49177],[-119.33388,34.49121],[-119.33427,34.49067],[-119.33452,34.4905],[-119.33461,34.4902],[-119.33496,34.4902],[-119.3353,34.48986],[-119.33581,34.48991],[-119.33616,34.4897],[-119.3365,34.48964],[-119.33719,34.48918],[-119.33753,34.48919],[-119.33758,34.48923],[-119.33716,34.48979],[-119.33581,34.49105],[-119.33587,34.49121],[-119.33638,34.49149],[-119.33606,34.49191],[-119.33616,34.4922],[-119.33601,34.49234],[-119.33598,34.49262],[-119.33667,34.49291],[-119.33822,34.49301],[-119.33838,34.49319],[-119.33818,34.49361],[-119.33889,34.49432],[-119.33925,34.49444],[-119.3393,34.49474],[-119.33997,34.49517]]}},{"type":"Feature","properties":{"m":480,"index":0},"geometry":{"type":"LineString","coordinates":[[-119.33993,34.50029],[-119.33925,34.50013],[-119.3389,34.50026],[-119.33883,34.5004],[-119.3389,34.50069],[-119.33839,34.50068],[-119.33736,34.50022],[-119.33684,34.50019],[-119.33581,34.49923],[-119.33496,34.49928],[-119.33461,34.49918],[-119.33437,34.49927],[-119.33427,34.49953],[-119.33375,34.49945],[-119.33338,34.49927],[-119.33333,34.49871],[-119.33324,34.49864],[-119.3329,34.49879],[-119.33272,34.4987],[-119.33255,34.49843],[-119.33209,34.49828],[-119.33209,34.49814],[-119.33244,34.49786],[-119.33244,34.49771],[-119.33169,34.49759],[-119.33049,34.49707],[-119.33015,34.49652],[-119.33,34.49701],[-119.33015,34.49766],[-119.33049,34.49786],[-119.33082,34.49828],[-119.33151,34.49856],[-119.33153,34.49885],[-119.3315,34.49927],[-119.33118,34.49979],[-119.33013,34.50026],[-119.33039,34.50069],[-119.33032,34.50093],[-119.32983,34.50069],[-119.32923,34.50012],[-119.32929,34.49985],[-119.32977,34.49941],[-119.32978,34.49927],[-119.32929,34.49903],[-119.32863,34.49899],[-119.32836,34.49856],[-119.32792,34.49824],[-119.32775,34.49849],[-119.32733,34.49871],[-119.32718,34.49899],[-119.32706,34.49906],[-119.32689,34.49901],[-119.32715,34.49828],[-119.32654,34.49808],[-119.3262,34.49773],[-119.32586,34.49765],[-119.32569,34.49731],[-119.32466,34.4976],[-119.32478,34.49701],[-119.32466,34.49684],[-119.32397,34.49674],[-119.3238,34.49636],[-119.32275,34.49602],[-119.32268,34.49545],[-119.32242,34.49529],[-119.32191,34.49522],[-119.32139,34.49461],[-119.32071,34.49453],[-119.32036,34.49458],[-119.31985,34.49484],[-119.31899,34.4949],[-119.31848,34.49475],[-119.31745,34.49477],[-119.31693,34.49459],[-119.31675,34.49489],[-119.31781,34.49545],[-119.31826,34.49602],[-119.31833,34.4963],[-119.31882,34.49677],[-119.31899,34.49712],[-119.31936,34.49729],[-119.3196,34.49757],[-119.31979,34.49814],[-119.32014,34.49842],[-119.32029,34.49871],[-119.32019,34.4994],[-119.31985,34.49884],[-119.31916,34.4986],[-119.31848,34.49786],[-119.31813,34.49782],[-119.31762,34.49803],[-119.31745,34.49801],[-119.31727,34.49738],[-119.31693,34.49735],[-119.3159,34.49681],[-119.31521,34.49679],[-119.31487,34.49698],[-119.31436,34.49704],[-119.31367,34.49684],[-119.31315,34.49718],[-119.31327,34.49658],[-119.31398,34.49616],[-119.31384,34.49586],[-119.31347,34.49559],[-119.31316,34.49503],[-119.31298,34.49402],[-119.31288,34.4939],[-119.31247,34.49376],[-119.31212,34.4938],[-119.31161,34.49407],[-119.31092,34.49357],[-119.30972,34.49323],[-119.30959,34.49305],[-119.3094,34.49234],[-119.30921,34.49216],[-119.30903,34.49217],[-119.30877,34.49248],[-119.30854,34.49361],[-119.30886,34.49403],[-119.30898,34.49446],[-119.30886,34.49461],[-119.30783,34.49462],[-119.3077,34.49474],[-119.30785,34.49545],[-119.30778,34.49573],[-119.30732,34.49599],[-119.3068,34.49588],[-119.30663,34.49596],[-119.30594,34.49672],[-119.30587,34.49701],[-119.30606,34.49757],[-119.30637,34.49786],[-119.306,34.49871],[-119.30543,34.49837],[-119.30491,34.49834],[-119.30457,34.49804],[-119.30423,34.49791],[-119.30388,34.49794],[-119.30326,34.49828],[-119.30322,34.49842],[-119.30336,34.49885],[-119.30365,34.49941],[-119.30392,34.4997],[-119.30363,34.50111],[-119.30393,34.50153],[-119.30333,34.50182],[-119.30268,34.50192],[-119.30256,34.50224],[-119.30217,34.50265],[-119.30165,34.50216],[-119.30079,34.50191],[-119.30062,34.50198],[-119.30011,34.50239],[-119.29976,34.50253],[-119.29949,34.50281],[-119.29892,34.50309],[-119.29856,34.50392],[-119.29792,34.50436],[-119.29786,34.50465],[-119.29845,34.50521],[-119.29829,34.50564],[-119.29788,34.50606],[-119.29708,34.50634],[-119.29674,34.50663],[-119.29684,34.50677],[-119.29736,34.50691],[-119.29774,34.50719],[-119.29792,34.50776],[-119.29908,34.50804],[-119.29891,34.5083],[-119.29753,34.50873],[-119.29736,34.50895],[-119.29599,34.50815],[-119.29564,34.50809],[-119.2941,34.50859],[-119.29376,34.50892],[-119.29324,34.50876],[-119.29204,34.50908],[-119.2917,34.50926],[-119.29101,34.50904],[-119.29067,34.50883],[-119.28981,34.50888],[-119.28878,34.50931],[-119.2882,34.50917],[-119.28741,34.50924],[-119.28705,34.50889],[-119.2862,34.5086],[-119.28571,34.50875],[-119.28535,34.50908],[-119.285,34.50924],[-119.28466,34.50929],[-119.28414,34.50918],[-119.28363,34.50881],[-119.28354,34.50818],[-119.28372,34.50762],[-119.28414,34.50729],[-119.28456,34.50719],[-119.28458,34.50705],[-119.28415,34.50677],[-119.28441,34.50677],[-119.28491,34.50705],[-119.28483,34.50724],[-119.28419,34.50762],[-119.28409,34.5079],[-119.28414,34.5082],[-119.28466,34.50836],[-119.285,34.50832],[-119.28586,34.50799],[-119.28843,34.50805],[-119.28878,34.50785],[-119.28929,34.50772],[-119.28998,34.50767],[-119.29135,34.50727],[-119.2917,34.50728],[-119.29204,34.5071],[-119.29238,34.50716],[-119.2929,34.50704],[-119.29341,34.50674],[-119.2941,34.50699],[-119.29459,34.50691],[-119.29446,34.50649],[-119.2945,34.50564],[-119.29477,34.50521],[-119.29568,34.50465],[-119.29594,34.50422],[-119.29591,34.50394],[-119.29538,34.50309],[-119.29536,34.50267],[-119.29551,34.50252],[-119.29559,34.5021],[-119.29513,34.50175],[-119.2941,34.50135],[-119.29358,34.50125],[-119.29342,34.50111],[-119.29461,34.50083],[-119.2967,34.50069],[-119.29753,34.50031],[-119.2989,34.49941],[-119.29888,34.49927],[-119.29873,34.49916],[-119.2983,34.49899],[-119.29822,34.49863],[-119.29805,34.49852],[-119.29736,34.49861],[-119.2965,34.49839],[-119.29587,34.49842],[-119.29547,34.49818],[-119.29496,34.49814],[-119.29507,34.498],[-119.29582,34.49763],[-119.29633,34.49765],[-119.29702,34.49753],[-119.29745,34.49729],[-119.29757,34.49715],[-119.29752,34.49672],[-119.29793,34.49658],[-119.29745,34.49573],[-119.29784,34.49517],[-119.29873,34.4954],[-119.29912,34.49531],[-119.29966,34.49489],[-119.29986,34.49432],[-119.3006,34.49418],[-119.30088,34.49404],[-119.30097,34.49357],[-119.30182,34.49366],[-119.30217,34.49312],[-119.30268,34.49317],[-119.30303,34.49305],[-119.30306,34.49262],[-119.30378,34.4922],[-119.30402,34.49191],[-119.30409,34.49163],[-119.30381,34.49092],[-119.30336,34.49036],[-119.30361,34.48979],[-119.30343,34.48937],[-119.30365,34.48894],[-119.30362,34.4888],[-119.30337,34.48863],[-119.30199,34.48852],[-119.302,34.4879],[-119.30097,34.48798],[-119.30062,34.48771],[-119.30028,34.48763],[-119.29994,34.48792],[-119.29908,34.48808],[-119.29902,34.48838],[-119.29868,34.48852],[-119.29806,34.48923],[-119.29736,34.48913],[-119.29725,34.4888],[-119.2965,34.48833],[-119.29582,34.48856],[-119.2953,34.48886],[-119.29461,34.48898],[-119.2944,34.4888],[-119.29403,34.48795],[-119.29358,34.48796],[-119.29294,34.48781],[-119.29289,34.48739],[-119.29298,34.4871],[-119.29289,34.4864],[-119.2927,34.48611],[-119.29271,34.48583],[-119.29258,34.48569],[-119.29187,34.48575],[-119.29135,34.48547],[-119.29105,34.48512],[-119.29067,34.48493],[-119.29049,34.48491],[-119.29015,34.48526],[-119.28963,34.48526],[-119.28955,34.48569],[-119.28912,34.48577],[-119.28878,34.48619],[-119.28826,34.48617],[-119.28792,34.48632],[-119.28741,34.48602],[-119.28672,34.48594],[-119.28655,34.48565],[-119.28603,34.48561],[-119.28594,34.48555],[-119.28603,34.48543],[-119.28638,34.48532],[-119.28723,34.48545],[-119.28753,34.48541],[-119.28728,34.48484],[-119.28728,34.48456],[-119.28695,34.48413],[-119.28695,34.48385],[-119.28643,34.48342],[-119.2864,34.48328],[-119.28662,34.48258],[-119.28702,34.48187],[-119.28705,34.48173],[-119.28689,34.48152],[-119.28638,34.48157],[-119.28569,34.48182],[-119.28535,34.48206],[-119.28483,34.48204],[-119.28449,34.48223],[-119.28414,34.48204],[-119.2838,34.48208],[-119.28346,34.4818],[-119.2826,34.48187],[-119.28174,34.48251],[-119.28123,34.48269],[-119.28088,34.48313],[-119.28045,34.48286],[-119.28076,34.48258],[-119.28071,34.48237],[-119.2802,34.48253],[-119.27968,34.48254],[-119.27959,34.48243],[-119.27996,34.48215],[-119.28041,34.48144],[-119.28065,34.48088],[-119.2806,34.48059],[-119.28068,34.48045],[-119.28193,34.47932],[-119.28174,34.47911],[-119.28123,34.47911],[-119.28037,34.47966],[-119.27951,34.47926],[-119.27833,34.47904],[-119.27835,34.4789],[-119.27865,34.47882],[-119.27934,34.47889],[-119.28002,34.47879],[-119.28008,34.47847],[-119.2802,34.47837],[-119.28054,34.47849],[-119.2807,34.47833],[-119.28075,34.47819],[-119.28059,34.47791],[-119.28069,34.47776],[-119.28123,34.47794],[-119.28243,34.4781],[-119.28295,34.47791],[-119.28242,34.47748],[-119.28226,34.47702],[-119.28166,34.47677],[-119.28166,34.47621],[-119.28123,34.47584],[-119.28088,34.4761],[-119.28037,34.47611],[-119.28002,34.47624],[-119.27985,34.47617],[-119.27848,34.47661],[-119.27834,34.47649],[-119.27831,34.47606],[-119.27814,34.47598],[-119.27762,34.47622],[-119.27742,34.47621],[-119.27734,34.47578],[-119.27711,34.47545],[-119.277,34.47508],[-119.27676,34.47489],[-119.27635,34.47522],[-119.27608,34.47563],[-119.27573,34.47571],[-119.27556,34.4757],[-119.27539,34.47539],[-119.27419,34.47541],[-119.27367,34.47532],[-119.27315,34.4755],[-119.273,34.47564],[-119.27294,34.47578],[-119.27303,34.47593],[-119.27466,34.4772],[-119.27483,34.47748],[-119.2747,34.47754],[-119.27453,34.47756],[-119.27367,34.47704],[-119.27316,34.47704],[-119.27281,34.47673],[-119.27247,34.47666],[-119.27223,34.47677],[-119.27212,34.47706],[-119.27213,34.47755],[-119.27196,34.47768],[-119.27144,34.47694],[-119.27093,34.47702],[-119.27075,34.47693],[-119.27041,34.477],[-119.27007,34.47693],[-119.26989,34.47706],[-119.26972,34.47756],[-119.26955,34.47757],[-119.26904,34.47694],[-119.26835,34.47684],[-119.26801,34.47702],[-119.26749,34.47749],[-119.26732,34.47748],[-119.26715,34.47708],[-119.26698,34.477],[-119.26629,34.47724],[-119.26619,34.4772],[-119.266,34.47649],[-119.26583,34.47635],[-119.26526,34.47627],[-119.26392,34.47564],[-119.26423,34.47549],[-119.26492,34.4756],[-119.26578,34.47553],[-119.26765,34.47465],[-119.26774,34.47437],[-119.26715,34.47393],[-119.26639,34.47309],[-119.26642,34.47295],[-119.26732,34.473],[-119.26784,34.47314],[-119.26887,34.47317],[-119.26952,34.47309],[-119.27007,34.47315],[-119.27052,34.47295],[-119.2699,34.47249],[-119.26947,34.47239],[-119.26938,34.47223],[-119.26904,34.47204],[-119.26887,34.47176],[-119.26835,34.47154],[-119.26818,34.47135],[-119.26766,34.47121],[-119.26714,34.47126],[-119.26663,34.47104],[-119.26578,34.47134],[-119.26543,34.47102],[-119.26509,34.4709],[-119.26475,34.47107],[-119.26423,34.47108],[-119.26395,34.47069],[-119.26354,34.47052],[-119.26311,34.47069],[-119.26269,34.471],[-119.262,34.47113],[-119.26148,34.47092],[-119.26118,34.47041],[-119.26095,34.47026],[-119.2608,34.4703],[-119.26036,34.47083],[-119.26011,34.47099],[-119.25998,34.4714],[-119.25977,34.47152],[-119.25891,34.47095],[-119.25805,34.47057],[-119.25783,34.46998],[-119.25729,34.46942],[-119.25731,34.46871],[-119.25702,34.46845],[-119.25651,34.46828],[-119.2562,34.46842],[-119.25615,34.46857],[-119.25624,34.46871],[-119.25654,34.46885],[-119.2566,34.46899],[-119.25651,34.46914],[-119.25479,34.46982],[-119.25445,34.47014],[-119.25393,34.47036],[-119.25376,34.47053],[-119.25378,34.47069],[-119.25458,34.47097],[-119.25472,34.47111],[-119.25462,34.47126],[-119.2541,34.47134],[-119.25393,34.47146],[-119.25378,34.47182],[-119.25342,34.47192],[-119.25324,34.47233],[-119.25325,34.47253],[-119.25366,34.47281],[-119.25394,34.47324],[-119.25359,34.47328],[-119.2529,34.473],[-119.25256,34.47319],[-119.25239,34.47293],[-119.25221,34.47287],[-119.25187,34.47304],[-119.25174,34.47295],[-119.2517,34.47267],[-119.25144,34.47239],[-119.25187,34.47232],[-119.252,34.47225],[-119.252,34.4721],[-119.25146,34.47154],[-119.25101,34.47127],[-119.25015,34.47102],[-119.24987,34.47083],[-119.24992,34.47069],[-119.2505,34.47054],[-119.25153,34.47051],[-119.25175,34.47041],[-119.25168,34.47026],[-119.25136,34.46993],[-119.25067,34.46947],[-119.24998,34.46918],[-119.24907,34.46842],[-119.2493,34.46827],[-119.25033,34.46835],[-119.25114,34.46828],[-119.25131,34.46814],[-119.25118,34.46777],[-119.25084,34.46761],[-119.24981,34.46794],[-119.24964,34.46792],[-119.24947,34.46776],[-119.24912,34.4677],[-119.24878,34.46737],[-119.24827,34.46751],[-119.24809,34.46746],[-119.24758,34.46698],[-119.24724,34.46703],[-119.24689,34.46722],[-119.24629,34.46729],[-119.24597,34.46758],[-119.24624,34.468],[-119.24624,34.46814],[-119.24585,34.46842],[-119.24514,34.46942],[-119.24481,34.4697],[-119.24488,34.46984],[-119.24549,34.47012],[-119.24573,34.47041],[-119.24569,34.47055],[-119.245,34.47091],[-119.24492,34.47126],[-119.24449,34.4718],[-119.24424,34.47154],[-119.2438,34.4713],[-119.24294,34.47104],[-119.2426,34.47077],[-119.2423,34.47069],[-119.24209,34.47038],[-119.24191,34.47029],[-119.24123,34.47025],[-119.24024,34.46984],[-119.24014,34.4697],[-119.24019,34.46956],[-119.24052,34.46942],[-119.24053,34.46927],[-119.23978,34.46857],[-119.23934,34.46854],[-119.23848,34.46894],[-119.23797,34.46907],[-119.23728,34.46876],[-119.23676,34.46877],[-119.23625,34.46849],[-119.235,34.46899],[-119.23532,34.46927],[-119.23522,34.4695],[-119.2347,34.46961],[-119.23436,34.46979],[-119.2335,34.46984],[-119.23247,34.47016],[-119.23144,34.47058],[-119.23107,34.47083],[-119.23112,34.47097],[-119.23144,34.47104],[-119.23368,34.47124],[-119.23488,34.47151],[-119.23488,34.47161],[-119.23412,34.47182],[-119.23383,34.4721],[-119.2335,34.47263],[-119.23348,34.47281],[-119.23363,34.47309],[-119.23353,34.47324],[-119.23316,34.47328],[-119.23282,34.47352],[-119.23196,34.47376],[-119.23127,34.47382],[-119.23076,34.4737],[-119.23059,34.47375],[-119.23043,34.47394],[-119.23046,34.47465],[-119.23024,34.47488],[-119.22956,34.4745],[-119.22904,34.47486],[-119.2287,34.47472],[-119.22835,34.4749],[-119.22826,34.47508],[-119.22839,34.4755],[-119.22835,34.47574],[-119.22818,34.4757],[-119.22715,34.47459],[-119.22698,34.47459],[-119.22678,34.47508],[-119.22664,34.47511],[-119.22612,34.47464],[-119.22562,34.47437],[-119.22544,34.4741],[-119.22526,34.47412],[-119.22465,34.47465],[-119.22461,34.47536],[-119.22487,34.47621],[-119.22475,34.47629],[-119.22446,34.47621],[-119.22431,34.47593],[-119.22355,34.47535],[-119.2232,34.47525],[-119.22286,34.47537],[-119.22276,34.4755],[-119.22269,34.47594],[-119.22217,34.47545],[-119.222,34.47541],[-119.22136,34.47578],[-119.2214,34.47607],[-119.22132,34.47618],[-119.22046,34.47622],[-119.22041,34.47607],[-119.2206,34.4755],[-119.2206,34.47536],[-119.22046,34.47524],[-119.21998,34.47508],[-119.2196,34.47466],[-119.21926,34.4748],[-119.21823,34.47467],[-119.21806,34.47479],[-119.21798,34.47508],[-119.2184,34.47516],[-119.21843,34.4755],[-119.21788,34.47618],[-119.2172,34.476],[-119.21685,34.47618],[-119.21634,34.47619],[-119.21615,34.47635],[-119.21605,34.47677],[-119.21634,34.47699],[-119.21695,34.4772],[-119.21702,34.47742],[-119.21675,34.47762],[-119.21668,34.47808],[-119.21651,34.47815],[-119.21617,34.47795],[-119.21582,34.47791],[-119.21567,34.47847],[-119.21531,34.47845],[-119.21493,34.47876],[-119.21475,34.47904],[-119.21471,34.47932],[-119.21495,34.47975],[-119.21462,34.47991],[-119.21428,34.48028],[-119.21386,34.47946],[-119.21382,34.47876],[-119.21364,34.47847],[-119.21382,34.47819],[-119.21355,34.47762],[-119.2134,34.47748],[-119.21268,34.47748],[-119.21325,34.47678],[-119.21329,34.47649],[-119.21308,34.47619],[-119.21239,34.47575],[-119.21221,34.47578],[-119.21176,34.47635],[-119.21178,34.47677],[-119.2117,34.47688],[-119.21136,34.47683],[-119.21119,34.47641],[-119.21067,34.47666],[-119.21038,34.47663],[-119.21064,34.47621],[-119.2105,34.47589],[-119.21009,34.47607],[-119.20975,34.47663],[-119.20913,34.47715],[-119.20896,34.47682],[-119.20844,34.47673],[-119.20839,34.47663],[-119.20868,34.47607],[-119.20861,34.47578],[-119.20844,34.4757],[-119.20793,34.47596],[-119.20724,34.47563],[-119.20707,34.47563],[-119.20692,34.47578],[-119.2069,34.47607],[-119.20744,34.47649],[-119.2075,34.47663],[-119.20741,34.47673],[-119.20604,34.47645],[-119.20596,34.47649],[-119.20592,34.47692],[-119.20535,34.47721],[-119.20518,34.47724],[-119.20484,34.47698],[-119.20449,34.47693],[-119.20424,34.4772],[-119.20449,34.47778],[-119.20449,34.47809],[-119.20363,34.47727],[-119.20346,34.47734],[-119.20312,34.47723],[-119.20277,34.47734],[-119.20243,34.47698],[-119.20209,34.47709],[-119.20175,34.47736],[-119.2014,34.47708],[-119.20121,34.4772],[-119.20121,34.47762],[-119.20106,34.47778],[-119.20072,34.47754],[-119.20054,34.47763],[-119.20037,34.47798],[-119.2002,34.47798],[-119.19969,34.47763],[-119.19951,34.47772],[-119.19861,34.4789],[-119.19827,34.4789],[-119.19797,34.47847],[-119.1978,34.47844],[-119.19745,34.47858],[-119.19709,34.4789],[-119.19678,34.4796],[-119.19677,34.48003],[-119.19658,34.48059],[-119.19663,34.48088],[-119.19636,34.48116],[-119.19646,34.48215],[-119.19622,34.48258],[-119.19591,34.48278],[-119.19576,34.48229],[-119.19436,34.4807],[-119.19406,34.48017],[-119.19407,34.47946],[-119.19378,34.47918],[-119.19368,34.47875],[-119.1938,34.47847],[-119.19358,34.47819],[-119.19366,34.47791],[-119.19355,34.47776],[-119.19316,34.47765],[-119.19196,34.47816],[-119.19145,34.47817],[-119.19121,34.47805],[-119.1911,34.47751],[-119.19056,34.4772],[-119.19093,34.47702],[-119.19127,34.47708],[-119.19179,34.47737],[-119.19197,34.47734],[-119.19248,34.47668],[-119.19254,34.47635],[-119.19236,34.47607],[-119.19268,34.47564],[-119.19269,34.4755],[-119.19247,34.47493],[-119.19247,34.47465],[-119.19213,34.47451],[-119.19196,34.47402],[-119.19162,34.47389],[-119.19127,34.47447],[-119.1911,34.47446],[-119.19091,34.47409],[-119.19059,34.47399],[-119.1899,34.47457],[-119.18974,34.47451],[-119.18972,34.4738],[-119.18986,34.47295],[-119.18973,34.47292],[-119.18921,34.47317],[-119.18887,34.47255],[-119.18853,34.47259],[-119.18853,34.4731],[-119.18818,34.47335],[-119.18785,34.47295],[-119.18733,34.47272],[-119.18681,34.47309],[-119.18654,34.47309],[-119.18659,34.47239],[-119.18703,34.47182],[-119.18698,34.47171],[-119.18664,34.4717],[-119.18612,34.47197],[-119.18598,34.47182],[-119.18597,34.47111],[-119.18563,34.47083],[-119.18564,34.47055],[-119.18544,34.47046],[-119.18509,34.47046],[-119.18458,34.47094],[-119.18444,34.47026],[-119.18417,34.47012],[-119.18417,34.4697],[-119.18406,34.46953],[-119.18338,34.46945],[-119.18286,34.4696],[-119.18218,34.46942],[-119.18183,34.46902],[-119.18132,34.46907],[-119.18097,34.46937],[-119.18017,34.46913],[-119.17996,34.46885],[-119.17957,34.46857],[-119.17954,34.46814],[-119.17892,34.4679],[-119.17775,34.46786],[-119.17787,34.46772],[-119.17823,34.46762],[-119.17933,34.46701],[-119.17937,34.46687],[-119.17874,34.46616],[-119.1784,34.4661],[-119.17771,34.46629],[-119.17634,34.46685],[-119.17462,34.46659],[-119.17489,34.46602],[-119.17554,34.46531],[-119.17575,34.46474],[-119.17497,34.4645],[-119.17377,34.46469],[-119.17325,34.46468],[-119.17304,34.4646],[-119.1728,34.46418],[-119.17301,34.4639],[-119.17325,34.46378],[-119.17394,34.46362],[-119.17445,34.46373],[-119.17497,34.46363],[-119.17513,34.46347],[-119.17524,34.46305],[-119.17405,34.46163],[-119.17403,34.46149],[-119.17411,34.46144],[-119.17466,34.46149],[-119.17478,34.46135],[-119.17467,34.46121],[-119.17342,34.46013],[-119.17193,34.45937],[-119.17136,34.45898],[-119.17102,34.45902],[-119.17033,34.45934],[-119.16896,34.45948],[-119.16879,34.45946],[-119.16844,34.45909],[-119.16793,34.45918],[-119.16759,34.45909],[-119.1674,34.4588],[-119.16683,34.45852],[-119.16587,34.45774],[-119.16555,34.45781],[-119.16467,34.45837],[-119.1645,34.45837],[-119.16398,34.45781],[-119.16381,34.45788],[-119.16312,34.45777],[-119.16226,34.4581],[-119.16163,34.45696],[-119.16278,34.45675],[-119.16302,34.45654],[-119.16281,34.45569],[-119.1626,34.4554],[-119.16283,34.45498],[-119.16278,34.45459],[-119.16261,34.45452],[-119.16209,34.45465],[-119.16173,34.45441],[-119.16106,34.45435],[-119.16106,34.4537],[-119.16055,34.45324],[-119.16003,34.45322]]}},{"type":"Feature","properties":{"m":480,"index":0},"geometry":{"type":"LineString","coordinates":[[-119.16003,34.44575],[-119.16047,34.44606],[-119.16089,34.44607],[-119.16151,34.44521],[-119.16175,34.44517],[-119.16278,34.446],[-119.16312,34.446],[-119.16364,34.44564],[-119.16381,34.44562],[-119.16398,34.44572],[-119.16415,34.44607],[-119.16467,34.44634],[-119.16539,34.44578],[-119.16558,34.44549],[-119.16604,34.44537],[-119.16624,34.44549],[-119.1663,34.44564],[-119.16629,34.44634],[-119.16638,34.4466],[-119.16656,34.44682],[-119.1669,34.44693],[-119.16744,34.44677],[-119.16759,34.44631],[-119.16776,34.44616],[-119.16827,34.44648],[-119.16862,34.44655],[-119.16879,34.44649],[-119.16878,34.4462],[-119.16896,34.44608],[-119.17033,34.44628],[-119.17068,34.44586],[-119.17102,34.44584],[-119.17171,34.44561],[-119.17205,34.44567],[-119.1732,34.44535],[-119.1732,34.44521],[-119.17279,34.44465],[-119.1728,34.44422],[-119.17233,34.44309],[-119.17239,34.44276],[-119.17256,34.44272],[-119.17308,34.44299],[-119.17373,34.44309],[-119.17418,34.44309],[-119.17422,34.44295],[-119.17393,34.44266],[-119.17342,34.44236],[-119.17256,34.44198],[-119.17171,34.44174],[-119.17102,34.44178],[-119.17098,34.44196],[-119.17108,34.4421],[-119.17141,34.44224],[-119.17154,34.4428],[-119.17134,34.44351],[-119.17132,34.44394],[-119.17119,34.44413],[-119.17033,34.44377],[-119.16965,34.44314],[-119.16913,34.44294],[-119.16879,34.44292],[-119.16882,34.44309],[-119.16913,34.44332],[-119.16936,34.44365],[-119.16936,34.44394],[-119.16956,34.44436],[-119.16947,34.44457],[-119.16879,34.44444],[-119.16844,34.44415],[-119.16776,34.44397],[-119.16724,34.44359],[-119.16707,34.44359],[-119.16656,34.4441],[-119.16621,34.44375],[-119.16604,34.44371],[-119.1657,34.44398],[-119.16553,34.44399],[-119.16529,34.44309],[-119.16485,34.44266],[-119.16476,34.44224],[-119.16467,34.44216],[-119.16398,34.44222],[-119.16347,34.44195],[-119.16329,34.442],[-119.16301,34.4428],[-119.16305,34.44309],[-119.16348,34.44394],[-119.16347,34.44413],[-119.16329,34.44412],[-119.16261,34.44377],[-119.16209,34.44302],[-119.16153,34.44295],[-119.16135,34.44252],[-119.16089,34.44213],[-119.1602,34.44201],[-119.16003,34.44176]]}},{"type":"Feature","properties":{"m":480,"index":0},"geometry":{"type":"LineString","coordinates":[[-119.21618,34.42992],[-119.21618,34.42992]]}},{"type":"Feature","properties":{"m":480,"index":0},"geometry":{"type":"LineString","coordinates":[[-119.16981,34.42935],[-119.16981,34.42935]]}},{"type":"Feature","properties":{"m":480,"index":0},"geometry":{"type":"LineString","coordinates":[[-119.16673,34.42893],[-119.16673,34.42893]]}},{"type":"Feature","properties":{"m":480,"index":0},"geometry":{"type":"LineString","coordinates":[[-119.17957,34.42737],[-119.17957,34.42737]]}},{"type":"Feature","properties":{"m":480,"index":0},"geometry":{"type":"LineString","coordinates":[[-119.18811,34.42638],[-119.18811,34.42638]]}},{"type":"Feature","properties":{"m":480,"index":0},"geometry":{"type":"LineString","coordinates":[[-119.16003,34.42901],[-119.16019,34.42865],[-119.16002,34.42794]]}},{"type":"Feature","properties":{"m":480,"index":0},"geometry":{"type":"LineString","coordinates":[[-119.16003,34.42652],[-119.16055,34.4267],[-119.16072,34.42668],[-119.16089,34.42646],[-119.16141,34.42644],[-119.16157,34.42624],[-119.16148,34.42581],[-119.16158,34.4257],[-119.16244,34.42542],[-119.16264,34.42525],[-119.16269,34.42482],[-119.16221,34.42454],[-119.1622,34.4244],[-119.16261,34.4244],[-119.16312,34.42478],[-119.16347,34.42472],[-119.1644,34.42412],[-119.16444,34.42397],[-119.16428,34.42369],[-119.16441,34.42355],[-119.16517,34.42327],[-119.16621,34.42248],[-119.16638,34.42256],[-119.16531,34.42383],[-119.16485,34.42511],[-119.16483,34.42567],[-119.16497,34.4261],[-119.16467,34.42631],[-119.16398,34.42653],[-119.16355,34.42723],[-119.16312,34.42761],[-119.16309,34.42794],[-119.16323,34.42836],[-119.16303,34.42907],[-119.16386,34.4295],[-119.16415,34.42989],[-119.16467,34.42991],[-119.16484,34.42984],[-119.16496,34.42964],[-119.16494,34.42907],[-119.16466,34.42907],[-119.16432,34.42927],[-119.16415,34.42923],[-119.16421,34.42879],[-119.16408,34.42822],[-119.16415,34.42812],[-119.16483,34.42808],[-119.16497,34.42751],[-119.16516,34.42751],[-119.16587,34.42783],[-119.16621,34.42784],[-119.16673,34.42775],[-119.1669,34.42749],[-119.16707,34.42745],[-119.16759,34.42761],[-119.16827,34.42749],[-119.16837,34.4278],[-119.16982,34.42789],[-119.17068,34.42707],[-119.17085,34.42723],[-119.17102,34.42772],[-119.17119,34.42779],[-119.17188,34.42773],[-119.17291,34.42733],[-119.17497,34.42721],[-119.17524,34.42695],[-119.17565,34.42625],[-119.17583,34.4262],[-119.17605,34.42681],[-119.17621,34.42695],[-119.17651,34.427],[-119.17672,34.42695],[-119.1769,34.42666],[-119.1772,34.42651],[-119.17737,34.42618],[-119.17789,34.42646],[-119.17814,34.42638],[-119.17823,34.42533],[-119.17909,34.42606],[-119.17926,34.42651],[-119.17943,34.42667],[-119.18014,34.42638],[-119.18063,34.42606],[-119.18089,34.4261],[-119.181,34.42624],[-119.18102,34.42666],[-119.1813,34.42723],[-119.18149,34.42726],[-119.18183,34.42694],[-119.18222,34.42681],[-119.18223,34.42638],[-119.18235,34.42628],[-119.18315,34.42596],[-119.18332,34.42539],[-119.18372,34.42523],[-119.18403,34.42497],[-119.18447,34.42383],[-119.18453,34.42341],[-119.18474,34.42312],[-119.18492,34.42301],[-119.18544,34.4233],[-119.18561,34.42327],[-119.1863,34.42219],[-119.18677,34.4227],[-119.18699,34.42327],[-119.18727,34.42369],[-119.18853,34.4248],[-119.18887,34.42491],[-119.18973,34.42465],[-119.18984,34.42454],[-119.18953,34.42426],[-119.18951,34.42412],[-119.1897,34.42383],[-119.19042,34.42385],[-119.19145,34.42315],[-119.19213,34.42227],[-119.1922,34.42185],[-119.19248,34.42167],[-119.19282,34.42185],[-119.19318,34.42185],[-119.19369,34.42242],[-119.19422,34.4227],[-119.19488,34.42277],[-119.19539,34.42261],[-119.19567,34.4227],[-119.19618,34.42341],[-119.19665,34.42383],[-119.19647,34.42454],[-119.19648,34.42497],[-119.1966,34.42518],[-119.19711,34.42528],[-119.19797,34.425],[-119.19818,34.42511],[-119.19866,34.42569],[-119.199,34.42573],[-119.19969,34.42562],[-119.20016,34.42525],[-119.2005,34.42511],[-119.20138,34.42426],[-119.20196,34.42412],[-119.20226,34.42382],[-119.203,34.42341],[-119.20329,34.42285],[-119.20398,34.42244],[-119.20432,34.42237],[-119.20463,34.42213],[-119.20484,34.42212],[-119.20525,34.42242],[-119.20569,34.42247],[-119.20638,34.42212],[-119.20649,34.42199],[-119.20641,34.421],[-119.2069,34.42033],[-119.20724,34.41961],[-119.20796,34.4193],[-119.20793,34.41896],[-119.20759,34.41873],[-119.20754,34.41859],[-119.20763,34.41831],[-119.20751,34.41774],[-119.20721,34.4176],[-119.20713,34.41746],[-119.20724,34.41708],[-119.20758,34.4171],[-119.20827,34.41745],[-119.20981,34.41795],[-119.2105,34.418],[-119.21076,34.41789],[-119.21087,34.4176],[-119.21052,34.41746],[-119.21036,34.41732],[-119.21035,34.41718],[-119.20957,34.41675],[-119.20973,34.41661],[-119.21022,34.41647],[-119.21047,34.41619],[-119.21022,34.41562],[-119.20981,34.41527],[-119.20969,34.41505]]}},{"type":"Feature","properties":{"m":480,"index":0},"geometry":{"type":"LineString","coordinates":[[-119.22781,34.41505],[-119.22801,34.41521],[-119.22818,34.41522],[-119.22835,34.41501]]}},{"type":"Feature","properties":{"m":520,"index":0},"geometry":{"type":"LineString","coordinates":[[-119.33216,34.49913],[-119.33216,34.49913]]}},{"type":"Feature","properties":{"m":520,"index":0},"geometry":{"type":"LineString","coordinates":[[-119.21911,34.47536],[-119.21911,34.47536]]}},{"type":"Feature","properties":{"m":520,"index":0},"geometry":{"type":"LineString","coordinates":[[-119.22542,34.47508],[-119.22542,34.47508]]}},{"type":"Feature","properties":{"m":520,"index":0},"geometry":{"type":"LineString","coordinates":[[-119.26637,34.47196],[-119.26637,34.47196]]}},{"type":"Feature","properties":{"m":520,"index":0},"geometry":{"type":"LineString","coordinates":[[-119.33996,34.46177],[-119.33959,34.46134],[-119.33908,34.46139],[-119.33882,34.46078],[-119.33856,34.46049],[-119.33812,34.46022],[-119.33787,34.45984],[-119.3377,34.4598],[-119.33751,34.45993],[-119.33762,34.4605],[-119.33779,34.46078],[-119.33763,34.46121],[-119.33763,34.46163],[-119.3378,34.46206],[-119.33734,34.46234],[-119.33739,34.4629],[-119.33719,34.463],[-119.33663,34.46248],[-119.33633,34.46205],[-119.33581,34.46215],[-119.33564,34.46206],[-119.33538,34.46149],[-119.33547,34.46091],[-119.33461,34.46055],[-119.33444,34.46061],[-119.33427,34.46091],[-119.3341,34.46096],[-119.33375,34.46068],[-119.33324,34.46048],[-119.33307,34.46053],[-119.33289,34.46064],[-119.33263,34.46135],[-119.33265,34.46149],[-119.33295,34.46163],[-119.33298,34.46177],[-119.33283,34.46276],[-119.33295,34.46305],[-119.33244,34.46347],[-119.33232,34.4646],[-119.33221,34.46499],[-119.33204,34.4651],[-119.3318,34.46503],[-119.33184,34.46446],[-119.33163,34.4639],[-119.33111,34.46347],[-119.3311,34.46319],[-119.33101,34.46309],[-119.33068,34.4629],[-119.33074,34.46262],[-119.3303,34.4622],[-119.33042,34.46191],[-119.33037,34.46163],[-119.33015,34.46135],[-119.32998,34.46132],[-119.32946,34.46152],[-119.32912,34.4614],[-119.32883,34.46149],[-119.32885,34.46191],[-119.32856,34.4622],[-119.32846,34.46262],[-119.3282,34.46276],[-119.32775,34.46279],[-119.3274,34.46297],[-119.32689,34.46276],[-119.32637,34.46234],[-119.3262,34.46238],[-119.32569,34.46305],[-119.32512,34.46319],[-119.32451,34.46361],[-119.32421,34.46404],[-119.32414,34.46437],[-119.3238,34.46431],[-119.32345,34.46365],[-119.32305,34.46347],[-119.32272,34.4629],[-119.32225,34.46258],[-119.3217,34.46305],[-119.32151,34.46361],[-119.32091,34.46404],[-119.32081,34.46446],[-119.32071,34.46452],[-119.32002,34.46395],[-119.31951,34.46381],[-119.31899,34.46346],[-119.31882,34.46351],[-119.31847,34.4639],[-119.31779,34.4641],[-119.31727,34.46398],[-119.31709,34.46375],[-119.31676,34.4636],[-119.31636,34.46375],[-119.3162,34.46404],[-119.3159,34.46426],[-119.31521,34.46435],[-119.3147,34.46457],[-119.31401,34.46441],[-119.31333,34.46464],[-119.31281,34.46444],[-119.31264,34.46446],[-119.31215,34.46474],[-119.31224,34.46489],[-119.31247,34.46492],[-119.31521,34.46494],[-119.31642,34.46514],[-119.31727,34.46509],[-119.31796,34.46492],[-119.31813,34.46502],[-119.31811,34.46517],[-119.3175,34.46574],[-119.31697,34.46644],[-119.31746,34.46687],[-119.31727,34.46702],[-119.31693,34.46709],[-119.31659,34.46704],[-119.31607,34.4668],[-119.31556,34.46692],[-119.31547,34.46701],[-119.31587,34.46772],[-119.3159,34.46803],[-119.31573,34.46802],[-119.31487,34.46752],[-119.31436,34.46754],[-119.31384,34.46733],[-119.31367,34.46757],[-119.31342,34.46772],[-119.31371,34.46814],[-119.31367,34.4682],[-119.31298,34.4681],[-119.31247,34.46779],[-119.31195,34.46815],[-119.31144,34.46808],[-119.31122,34.46842],[-119.31225,34.46857],[-119.31214,34.46899],[-119.3123,34.46953],[-119.31225,34.4697],[-119.31183,34.46984],[-119.31109,34.46974],[-119.31058,34.46982],[-119.31047,34.47041],[-119.31024,34.47063],[-119.31006,34.47061],[-119.30989,34.47039],[-119.30972,34.47036],[-119.30955,34.47065],[-119.30938,34.47067],[-119.30903,34.47042],[-119.30869,34.47038],[-119.30835,34.47018],[-119.30783,34.47006],[-119.30771,34.47012],[-119.30763,34.47026],[-119.30772,34.47069],[-119.30814,34.47111],[-119.30789,34.47196],[-119.30766,34.47211],[-119.30709,34.47225],[-119.30663,34.4722],[-119.30612,34.47247],[-119.30577,34.4724],[-119.30531,34.47253],[-119.30491,34.47314],[-119.30406,34.47314],[-119.30388,34.47325],[-119.30359,34.4738],[-119.30423,34.47402],[-119.30436,34.47423],[-119.30386,34.4755],[-119.30388,34.47568],[-119.3044,34.47583],[-119.30509,34.47579],[-119.30594,34.47625],[-119.30663,34.4764],[-119.30669,34.47649],[-119.30663,34.47663],[-119.3056,34.4769],[-119.30457,34.47745],[-119.30406,34.47746],[-119.30371,34.47778],[-119.30337,34.47764],[-119.30268,34.47755],[-119.30246,34.47762],[-119.30242,34.47776],[-119.30251,34.47799],[-119.30286,34.47819],[-119.30309,34.47861],[-119.30294,34.4796],[-119.30295,34.47989],[-119.30303,34.47995],[-119.30354,34.48008],[-119.30406,34.48009],[-119.30457,34.47987],[-119.30646,34.47968],[-119.30709,34.47989],[-119.30688,34.48031],[-119.30701,34.48045],[-119.30766,34.4806],[-119.30818,34.48087],[-119.30852,34.4805],[-119.30896,34.48031],[-119.30921,34.48009],[-119.30972,34.48011],[-119.30987,34.48017],[-119.3094,34.48088],[-119.30959,34.48144],[-119.31041,34.48183],[-119.31076,34.48215],[-119.31132,34.48229],[-119.31195,34.48294],[-119.31264,34.4829],[-119.31418,34.48254],[-119.3147,34.48305],[-119.3148,34.48328],[-119.31474,34.48357],[-119.31487,34.48367],[-119.31624,34.48376],[-119.3164,34.48385],[-119.31654,34.4847],[-119.31693,34.48504],[-119.31706,34.48484],[-119.31693,34.48457],[-119.31693,34.48383],[-119.3171,34.48356],[-119.31779,34.48338],[-119.31789,34.48328],[-119.31813,34.48273],[-119.31865,34.4821],[-119.31882,34.48158],[-119.31899,34.48147],[-119.31914,34.48201],[-119.31922,34.483],[-119.31933,34.48307],[-119.31968,34.48299],[-119.31973,34.48314],[-119.31965,34.48342],[-119.32012,34.48357],[-119.31982,34.48399],[-119.3197,34.48442],[-119.31975,34.4847],[-119.32019,34.48509],[-119.32174,34.48486],[-119.32208,34.48454],[-119.32225,34.48457],[-119.32242,34.48479],[-119.32328,34.48489],[-119.32363,34.48458],[-119.32387,34.48371],[-119.32414,34.48345],[-119.32431,34.48356],[-119.32431,34.484],[-119.32466,34.4845],[-119.32497,34.4847],[-119.32484,34.48498],[-119.32489,34.48512],[-119.32511,34.48526],[-119.32513,34.48541],[-119.32493,34.48611],[-119.32563,34.48668],[-119.32551,34.48686],[-119.3251,34.48696],[-119.32495,34.4871],[-119.32534,34.48739],[-119.32586,34.48697],[-119.3262,34.48771],[-119.32672,34.48803],[-119.32689,34.48804],[-119.32706,34.48791],[-119.32718,34.48767],[-119.32802,34.48696],[-119.32806,34.48682],[-119.32781,34.48654],[-119.32821,34.48611],[-119.32822,34.48583],[-119.32854,34.48569],[-119.32874,34.48541],[-119.32912,34.4852],[-119.32981,34.48453],[-119.3299,34.48484],[-119.32972,34.48541],[-119.3297,34.48597],[-119.32981,34.48602],[-119.33049,34.48578],[-119.33101,34.4858],[-119.33152,34.48564],[-119.33195,34.48569],[-119.33195,34.48583],[-119.33118,34.4863],[-119.33101,34.48658],[-119.33062,34.48668],[-119.33048,34.48682],[-119.33063,34.48739],[-119.33036,34.48809],[-119.33101,34.48833],[-119.33145,34.48866],[-119.33151,34.4888],[-119.33086,34.48894],[-119.33049,34.48914],[-119.33034,34.48937],[-119.33041,34.48979],[-119.33068,34.49022],[-119.33135,34.49068],[-119.33221,34.4907],[-119.33272,34.49098],[-119.33341,34.49113],[-119.33372,34.49078],[-119.33423,34.48979],[-119.33456,34.48965],[-119.33478,34.48937],[-119.33499,34.48937],[-119.3353,34.48917],[-119.33564,34.48932],[-119.33599,34.48916],[-119.3365,34.48917],[-119.33702,34.48876],[-119.33787,34.48862],[-119.33805,34.48851],[-119.33856,34.48785],[-119.33905,34.48824],[-119.33873,34.48852],[-119.33869,34.48894],[-119.33824,34.48937],[-119.3383,34.48951],[-119.33822,34.48962],[-119.33802,34.48965],[-119.33789,34.48979],[-119.33794,34.49007],[-119.33749,34.49022],[-119.33655,34.49092],[-119.33649,34.49107],[-119.33697,34.49149],[-119.3368,34.49191],[-119.33701,34.49248],[-119.33787,34.49265],[-119.33822,34.49257],[-119.33874,34.4929],[-119.33891,34.49319],[-119.33891,34.49347],[-119.3392,34.4939],[-119.33976,34.49418],[-119.33972,34.49446],[-119.33993,34.49461]]}},{"type":"Feature","properties":{"m":520,"index":0},"geometry":{"type":"LineString","coordinates":[[-119.33994,34.50111],[-119.33987,34.50153],[-119.33976,34.50165],[-119.33908,34.50154],[-119.33859,34.50111],[-119.33805,34.50115],[-119.33778,34.50083],[-119.33753,34.50069],[-119.33667,34.50058],[-119.33547,34.49979],[-119.33496,34.49981],[-119.33444,34.50021],[-119.33375,34.50018],[-119.33307,34.49985],[-119.33272,34.49987],[-119.3327,34.50012],[-119.33212,34.50054],[-119.33198,34.50083],[-119.33124,34.50111],[-119.33121,34.50125],[-119.33138,34.50168],[-119.33169,34.50214],[-119.33208,34.50238],[-119.33205,34.50252],[-119.33187,34.50264],[-119.33134,34.50267],[-119.33101,34.50233],[-119.33032,34.50197],[-119.33015,34.50166],[-119.32947,34.50111],[-119.32912,34.50109],[-119.32878,34.50124],[-119.32869,34.50111],[-119.32873,34.50083],[-119.32841,34.50054],[-119.32839,34.5004],[-119.32866,34.4997],[-119.32863,34.49955],[-119.32809,34.49911],[-119.32792,34.49904],[-119.32723,34.49948],[-119.3262,34.49961],[-119.32609,34.49955],[-119.32603,34.49908],[-119.32586,34.49893],[-119.32534,34.49888],[-119.325,34.49898],[-119.32492,34.49885],[-119.325,34.49867],[-119.32569,34.49847],[-119.32585,34.49828],[-119.32517,34.49795],[-119.32431,34.49805],[-119.32392,34.498],[-119.32417,34.49743],[-119.32414,34.49729],[-119.32363,34.49714],[-119.32329,34.49672],[-119.32233,34.49644],[-119.32208,34.49592],[-119.32174,34.49581],[-119.32112,34.49517],[-119.32088,34.49506],[-119.31968,34.49533],[-119.31869,34.49531],[-119.31885,34.49573],[-119.31882,34.49602],[-119.31917,34.49644],[-119.3193,34.49687],[-119.31972,34.49701],[-119.32004,34.49743],[-119.32028,34.498],[-119.32078,34.49856],[-119.32058,34.49955],[-119.32025,34.50012],[-119.3199,34.5004],[-119.31968,34.50072],[-119.3195,34.50054],[-119.31946,34.50012],[-119.31958,34.49941],[-119.31951,34.49921],[-119.31899,34.49898],[-119.31865,34.49852],[-119.3183,34.49828],[-119.3171,34.49855],[-119.31697,34.49842],[-119.31693,34.49784],[-119.31607,34.49733],[-119.31539,34.49723],[-119.31504,34.49744],[-119.3147,34.49739],[-119.31418,34.49753],[-119.31384,34.49728],[-119.31367,34.49732],[-119.31333,34.49822],[-119.31315,34.4983],[-119.31286,34.49757],[-119.31256,34.49729],[-119.31268,34.49672],[-119.31315,34.49588],[-119.31288,34.49545],[-119.31247,34.49425],[-119.3123,34.49419],[-119.31178,34.49451],[-119.31161,34.49452],[-119.31058,34.49399],[-119.30921,34.4936],[-119.30937,34.49418],[-119.30962,34.4946],[-119.30958,34.49503],[-119.30835,34.49499],[-119.3082,34.49602],[-119.30785,34.49616],[-119.30766,34.49635],[-119.30697,34.49636],[-119.30649,34.49687],[-119.30655,34.49729],[-119.30701,34.49786],[-119.30699,34.498],[-119.30659,34.49842],[-119.30678,34.49927],[-119.30594,34.49911],[-119.30526,34.49877],[-119.30474,34.49874],[-119.3044,34.49853],[-119.30414,34.49856],[-119.30406,34.49869],[-119.30406,34.49899],[-119.30446,34.4997],[-119.30452,34.50026],[-119.30437,34.50097],[-119.30509,34.50153],[-119.30505,34.50168],[-119.30407,34.5021],[-119.30388,34.50231],[-119.30318,34.50238],[-119.30234,34.50347],[-119.30153,34.50309],[-119.30148,34.50278],[-119.30117,34.50252],[-119.30062,34.50257],[-119.29943,34.50337],[-119.29908,34.5041],[-119.29856,34.50449],[-119.29856,34.50465],[-119.29904,34.50507],[-119.29903,34.50521],[-119.29883,34.50578],[-119.29828,34.50649],[-119.29829,34.50663],[-119.29925,34.5068],[-119.29959,34.50701],[-119.30028,34.50683],[-119.30125,34.50691],[-119.30152,34.50705],[-119.30157,34.50719],[-119.30131,34.50762],[-119.29995,34.50847],[-119.29829,34.50903],[-119.29822,34.50917],[-119.29835,34.50988],[-119.29822,34.51005],[-119.2977,34.50952],[-119.29719,34.50942],[-119.29582,34.50859],[-119.29463,34.50917],[-119.29466,34.51031],[-119.29444,34.51071],[-119.29393,34.51005],[-119.29324,34.50934],[-119.29307,34.50929],[-119.29274,34.50946],[-119.29221,34.51012],[-119.29204,34.51012],[-119.29152,34.50972],[-119.29135,34.5097],[-119.29101,34.50987],[-119.29067,34.50949],[-119.29049,34.50948],[-119.29032,34.50968],[-119.28981,34.50947],[-119.28964,34.50949],[-119.2893,34.50988],[-119.28895,34.51001],[-119.28861,34.50984],[-119.28809,34.50998],[-119.28781,34.51101],[-119.28775,34.51113],[-119.28758,34.51114],[-119.28656,34.5096],[-119.2862,34.50935],[-119.28603,34.50935],[-119.2857,34.5096],[-119.28535,34.50972],[-119.28432,34.50977],[-119.28397,34.50956],[-119.28306,34.50932],[-119.28318,34.50889],[-119.28304,34.50776],[-119.28342,34.50719],[-119.2837,34.50705],[-119.28367,34.50691],[-119.28329,34.5066],[-119.28226,34.5063],[-119.28123,34.50572],[-119.28105,34.50572],[-119.28054,34.50598],[-119.28002,34.50602],[-119.27899,34.50554],[-119.27831,34.50546],[-119.27793,34.50564],[-119.27804,34.50606],[-119.27796,34.50626],[-119.2771,34.50677],[-119.27709,34.50663],[-119.27735,34.50634],[-119.27716,34.50592],[-119.27735,34.50521],[-119.27831,34.50473],[-119.27848,34.5044],[-119.27882,34.50467],[-119.27985,34.50499],[-119.2802,34.50524],[-119.28037,34.50511],[-119.28048,34.50465],[-119.28071,34.50429],[-119.28123,34.50403],[-119.28157,34.50405],[-119.2826,34.5046],[-119.28277,34.50478],[-119.28294,34.50521],[-119.28311,34.50526],[-119.28346,34.50499],[-119.2838,34.50524],[-119.28426,34.50535],[-119.28449,34.50569],[-119.28471,34.50634],[-119.28554,34.50691],[-119.28521,34.50719],[-119.285,34.5076],[-119.28482,34.50762],[-119.28517,34.50765],[-119.28758,34.50754],[-119.28878,34.50725],[-119.28929,34.50722],[-119.28964,34.50704],[-119.28998,34.50714],[-119.29049,34.5071],[-119.29067,34.50703],[-119.29084,34.50676],[-119.29154,34.50663],[-119.29187,34.50626],[-119.29238,34.50635],[-119.29273,34.50628],[-119.29307,34.50586],[-119.29376,34.50624],[-119.29393,34.50624],[-119.29427,34.50498],[-119.29534,34.50422],[-119.29535,34.50408],[-119.29513,34.50375],[-119.29474,34.50337],[-119.2948,34.50295],[-119.29464,34.50252],[-119.29479,34.50225],[-119.29477,34.5021],[-119.29393,34.50173],[-119.29307,34.50154],[-119.29179,34.50069],[-119.29179,34.50054],[-119.29324,34.50059],[-119.29633,34.50026],[-119.29678,34.50012],[-119.29719,34.49972],[-119.29771,34.49941],[-119.2978,34.49927],[-119.2977,34.49909],[-119.29633,34.49886],[-119.29582,34.49888],[-119.29528,34.49856],[-119.29461,34.49847],[-119.29427,34.49815],[-119.29376,34.49685],[-119.29427,34.49694],[-119.29479,34.49731],[-119.29513,34.4974],[-119.29564,34.49699],[-119.29633,34.49712],[-119.29682,34.49701],[-119.29684,34.49644],[-119.29698,34.49602],[-119.29677,34.49559],[-119.29679,34.49545],[-119.29735,34.49517],[-119.29737,34.49489],[-119.29788,34.49477],[-119.29873,34.49495],[-119.29894,34.49489],[-119.29931,34.4946],[-119.29938,34.49446],[-119.2993,34.49418],[-119.29938,34.49404],[-119.30027,34.4939],[-119.30044,34.49375],[-119.30017,34.49333],[-119.30022,34.49319],[-119.30153,34.49319],[-119.30182,34.49273],[-119.30234,34.49266],[-119.30285,34.49213],[-119.3032,34.49196],[-119.30338,34.49177],[-119.30345,34.49149],[-119.30323,34.49092],[-119.30286,34.49036],[-119.303,34.48993],[-119.30298,34.48923],[-119.30293,34.48908],[-119.30268,34.4889],[-119.30234,34.48892],[-119.302,34.48908],[-119.30182,34.48905],[-119.30148,34.48878],[-119.30131,34.48846],[-119.30028,34.48823],[-119.29976,34.48836],[-119.29942,34.48869],[-119.29906,34.4888],[-119.29859,34.48937],[-119.29846,34.48979],[-119.29822,34.48994],[-119.29753,34.48957],[-119.29702,34.48965],[-119.29685,34.48919],[-119.2965,34.48893],[-119.29582,34.48903],[-119.2955,34.48937],[-119.29444,34.48943],[-119.29382,34.48908],[-119.29382,34.4888],[-119.29358,34.48838],[-119.29307,34.48825],[-119.29255,34.48826],[-119.29238,34.48815],[-119.29231,34.48668],[-119.2921,34.48625],[-119.29118,34.48591],[-119.29067,34.48547],[-119.29024,34.48569],[-119.29015,34.48597],[-119.28998,34.48612],[-119.28939,34.48625],[-119.28912,34.4866],[-119.28843,34.48659],[-119.28758,34.48687],[-119.28735,34.48654],[-119.28706,34.48638],[-119.28672,34.48636],[-119.28615,34.48654],[-119.28604,34.48611],[-119.28535,34.48556],[-119.28517,34.48551],[-119.28466,34.48584],[-119.28456,34.48569],[-119.28471,34.48541],[-119.28472,34.48512],[-119.285,34.48492],[-119.28569,34.48503],[-119.28603,34.48492],[-119.28676,34.48498],[-119.28676,34.4847],[-119.28638,34.48402],[-119.28603,34.48377],[-119.28584,34.48342],[-119.28599,34.48258],[-119.28586,34.48231],[-119.28449,34.48277],[-119.28397,34.4826],[-119.28363,34.48272],[-119.28346,34.48268],[-119.28325,34.48243],[-119.28294,34.48234],[-119.28271,34.48243],[-119.28243,34.48279],[-119.28155,34.483],[-119.28123,34.48357],[-119.28088,34.4837],[-119.28071,34.48405],[-119.28054,34.484],[-119.28044,34.48385],[-119.28037,34.48327],[-119.2802,34.48334],[-119.28002,34.48367],[-119.27985,34.48363],[-119.27962,34.48328],[-119.27968,34.48298],[-119.27951,34.48295],[-119.27848,34.48327],[-119.27834,34.48314],[-119.27837,34.483],[-119.27951,34.48201],[-119.27965,34.48173],[-119.27951,34.48144],[-119.27917,34.48141],[-119.279,34.4813],[-119.27902,34.48102],[-119.27934,34.48075],[-119.27931,34.48045],[-119.27985,34.48042],[-119.28,34.48031],[-119.27974,34.48003],[-119.27917,34.47973],[-119.27882,34.4797],[-119.27831,34.48002],[-119.27814,34.47995],[-119.27808,34.4796],[-119.27796,34.47953],[-119.27762,34.47956],[-119.27711,34.47979],[-119.27701,34.47946],[-119.27706,34.47932],[-119.27753,34.47876],[-119.27711,34.47845],[-119.27703,34.47833],[-119.27705,34.47805],[-119.27779,34.47801],[-119.27814,34.47808],[-119.27848,34.47828],[-119.2792,34.47833],[-119.27928,34.47819],[-119.27908,34.47776],[-119.2791,34.47762],[-119.27934,34.47739],[-119.27968,34.47735],[-119.28042,34.47692],[-119.28037,34.47684],[-119.28019,34.47677],[-119.27934,34.47687],[-119.27882,34.47701],[-119.27848,34.47722],[-119.27814,34.47723],[-119.27789,34.47706],[-119.27779,34.47675],[-119.27728,34.47688],[-119.27683,34.47663],[-119.2767,34.47649],[-119.27659,34.47604],[-119.27573,34.47633],[-119.27539,34.47622],[-119.27505,34.47594],[-119.27436,34.47592],[-119.27427,34.47607],[-119.27453,34.4764],[-119.27505,34.47669],[-119.2754,34.47706],[-119.27588,34.4772],[-119.27656,34.47776],[-119.27608,34.47819],[-119.27573,34.47798],[-119.27519,34.47805],[-119.27501,34.47847],[-119.27492,34.47904],[-119.27449,34.47918],[-119.27436,34.47904],[-119.27433,34.47861],[-119.27419,34.47845],[-119.27333,34.47854],[-119.27364,34.47791],[-119.27363,34.47776],[-119.2735,34.47771],[-119.27316,34.4779],[-119.27282,34.47776],[-119.27264,34.4778],[-119.27232,34.47833],[-119.27196,34.47863],[-119.2711,34.47761],[-119.27075,34.47755],[-119.27058,34.47757],[-119.27044,34.47776],[-119.27044,34.47819],[-119.27024,34.47872],[-119.2699,34.47895],[-119.26955,34.4787],[-119.26938,34.4787],[-119.26887,34.47892],[-119.26766,34.47902],[-119.26749,34.47914],[-119.26742,34.47946],[-119.26732,34.47954],[-119.26663,34.47975],[-119.26651,34.4796],[-119.26646,34.47918],[-119.26648,34.47847],[-119.26629,34.47805],[-119.26612,34.47789],[-119.26595,34.47787],[-119.26543,34.47811],[-119.26523,34.47805],[-119.26515,34.47791],[-119.26543,34.4772],[-119.26541,34.47706],[-119.26526,34.477],[-119.26492,34.47708],[-119.2644,34.47644],[-119.26423,34.47645],[-119.26389,34.47678],[-119.26364,34.47663],[-119.26337,34.47625],[-119.26303,34.47628],[-119.26269,34.47657],[-119.26242,34.47635],[-119.26226,34.47593],[-119.262,34.47576],[-119.26166,34.47582],[-119.26114,34.47616],[-119.26087,34.47607],[-119.26069,34.47593],[-119.26088,34.47564],[-119.26088,34.47536],[-119.26063,34.47504],[-119.26008,34.47465],[-119.26031,34.47451],[-119.26063,34.47447],[-119.26114,34.47481],[-119.26166,34.4749],[-119.26251,34.47454],[-119.26269,34.47457],[-119.26286,34.47497],[-119.2632,34.47511],[-119.26457,34.47491],[-119.2656,34.47496],[-119.26688,34.47451],[-119.26689,34.47437],[-119.26511,34.47309],[-119.26457,34.47295],[-119.26402,34.47253],[-119.26361,34.47182],[-119.26369,34.47154],[-119.26354,34.47134],[-119.26337,34.47129],[-119.2625,34.47182],[-119.26217,34.47189],[-119.26183,34.47184],[-119.26148,34.47159],[-119.26114,34.47151],[-119.26063,34.47196],[-119.26011,34.47217],[-119.25994,34.47238],[-119.25891,34.472],[-119.25822,34.47143],[-119.25785,34.47126],[-119.25736,34.47083],[-119.25671,34.46998],[-119.25651,34.46987],[-119.25513,34.47031],[-119.25501,34.47041],[-119.25504,34.47055],[-119.2556,34.47083],[-119.25595,34.47126],[-119.25585,34.4714],[-119.25513,34.47164],[-119.25456,34.4721],[-119.25388,34.47239],[-119.25389,34.47253],[-119.25427,34.47281],[-119.25513,34.47324],[-119.25582,34.4738],[-119.25616,34.47394],[-119.25611,34.47409],[-119.25574,34.47437],[-119.25574,34.47465],[-119.25549,34.47493],[-119.2553,34.47536],[-119.25496,34.47545],[-119.25481,34.47536],[-119.25474,34.47508],[-119.25459,34.47493],[-119.25376,34.47439],[-119.25359,34.47443],[-119.25342,34.47467],[-119.25324,34.47466],[-119.25307,34.47445],[-119.25237,34.47423],[-119.25187,34.47389],[-119.2505,34.47446],[-119.25041,34.47437],[-119.25067,34.47367],[-119.25067,34.47352],[-119.2505,34.47339],[-119.24964,34.47333],[-119.24878,34.47366],[-119.24873,34.47295],[-119.24882,34.47281],[-119.24981,34.47225],[-119.25072,34.47196],[-119.25076,34.47182],[-119.2505,34.47165],[-119.24923,34.47126],[-119.24878,34.47098],[-119.24807,34.47026],[-119.24818,34.47012],[-119.24981,34.4701],[-119.25016,34.46998],[-119.25002,34.46984],[-119.24928,34.46956],[-119.24844,34.46887],[-119.24758,34.46845],[-119.24689,34.46861],[-119.2459,34.46942],[-119.24587,34.46956],[-119.24603,34.46965],[-119.24716,34.47012],[-119.24698,34.47041],[-119.24563,34.47126],[-119.24521,34.47182],[-119.24552,34.47219],[-119.24618,34.47239],[-119.24627,34.47253],[-119.24552,34.47291],[-119.24518,34.47287],[-119.24466,34.4731],[-119.24449,34.47309],[-119.24432,34.47287],[-119.24397,34.47276],[-119.2431,34.47324],[-119.24308,34.47281],[-119.24253,34.47253],[-119.24249,34.47239],[-119.2426,34.47193],[-119.24281,34.47168],[-119.24282,34.47154],[-119.24174,34.47091],[-119.24104,34.47083],[-119.23848,34.46976],[-119.23797,34.46986],[-119.23762,34.46968],[-119.23676,34.46956],[-119.23601,34.46984],[-119.23573,34.4702],[-119.23368,34.47034],[-119.23275,34.47055],[-119.23285,34.47069],[-119.2335,34.47084],[-119.23402,34.47084],[-119.23516,34.47111],[-119.23573,34.4714],[-119.23747,34.47168],[-119.2376,34.47182],[-119.23711,34.47242],[-119.23676,34.47254],[-119.23625,34.47247],[-119.23621,34.47253],[-119.23625,34.47276],[-119.23683,34.47324],[-119.23659,34.47327],[-119.23591,34.473],[-119.23573,34.47301],[-119.2355,34.47338],[-119.23564,34.4738],[-119.23522,34.47415],[-119.2347,34.47384],[-119.23453,34.47383],[-119.23385,34.47416],[-119.23333,34.47413],[-119.23282,34.47454],[-119.23234,34.47437],[-119.23197,34.47451],[-119.23162,34.47441],[-119.23127,34.47447],[-119.23109,34.47508],[-119.23162,34.47549],[-119.23166,34.47564],[-119.23127,34.47574],[-119.2311,34.476],[-119.23024,34.47582],[-119.22976,34.47607],[-119.22904,34.47627],[-119.22888,34.47649],[-119.22913,34.4772],[-119.22904,34.47739],[-119.22875,34.47734],[-119.2275,34.47571],[-119.22732,34.47566],[-119.22698,34.47591],[-119.22578,34.47566],[-119.22545,34.47607],[-119.22543,34.47621],[-119.22564,34.47663],[-119.22561,34.4775],[-119.22544,34.47762],[-119.22475,34.47698],[-119.22458,34.47692],[-119.22389,34.47699],[-119.22355,34.47682],[-119.22303,34.47701],[-119.22235,34.47667],[-119.22213,34.47706],[-119.22154,34.47734],[-119.22097,34.47709],[-119.22046,34.47751],[-119.21961,34.47762],[-119.21928,34.47805],[-119.21901,34.47819],[-119.21891,34.47839],[-119.21874,34.47848],[-119.21836,34.47847],[-119.21813,34.47876],[-119.21771,34.47881],[-119.21743,34.47904],[-119.21702,34.4791],[-119.21651,34.47888],[-119.21634,34.47893],[-119.21617,34.47936],[-119.21563,34.47946],[-119.2158,34.47975],[-119.2166,34.48045],[-119.21648,34.48074],[-119.21655,34.48102],[-119.21651,34.48107],[-119.21617,34.48088],[-119.21565,34.48049],[-119.21498,34.48045],[-119.2148,34.48088],[-119.21444,34.4813],[-119.2144,34.48159],[-119.21392,34.48229],[-119.2136,34.483],[-119.21359,34.48327],[-119.21319,34.48229],[-119.21328,34.4813],[-119.21349,34.48102],[-119.21342,34.48007],[-119.21306,34.47989],[-119.21308,34.47945],[-119.21253,34.47904],[-119.21239,34.47843],[-119.21205,34.47828],[-119.21153,34.47846],[-119.21153,34.47805],[-119.21119,34.47784],[-119.21067,34.47799],[-119.21043,34.47762],[-119.21016,34.47756],[-119.20981,34.47779],[-119.20947,34.47777],[-119.20896,34.47813],[-119.20861,34.47774],[-119.20827,34.47784],[-119.20793,34.47738],[-119.20741,34.47751],[-119.20707,34.47724],[-119.2069,34.47727],[-119.20655,34.47764],[-119.20621,34.47766],[-119.2058,34.47805],[-119.20505,34.47847],[-119.20491,34.47918],[-119.20466,34.47958],[-119.20415,34.47865],[-119.20363,34.47866],[-119.20329,34.47849],[-119.20295,34.47852],[-119.2026,34.47815],[-119.20243,34.47814],[-119.20209,34.47837],[-119.20192,34.47834],[-119.20175,34.47816],[-119.2014,34.4785],[-119.20089,34.47839],[-119.20054,34.47873],[-119.19986,34.4785],[-119.19926,34.47904],[-119.19921,34.47975],[-119.199,34.47974],[-119.19848,34.47949],[-119.1978,34.47939],[-119.1977,34.47946],[-119.19799,34.48031],[-119.19799,34.48074],[-119.19875,34.48159],[-119.19873,34.48173],[-119.19763,34.48146],[-119.19728,34.48147],[-119.19714,34.48159],[-119.19728,34.48229],[-119.19703,34.483],[-119.19673,34.48328],[-119.19673,34.48371],[-119.19554,34.48541],[-119.19505,34.48651],[-119.19488,34.48652],[-119.19454,34.48615],[-119.19423,34.48541],[-119.19432,34.48442],[-119.19464,34.48357],[-119.19496,34.48314],[-119.19497,34.48258],[-119.19449,34.48173],[-119.19402,34.48128],[-119.19371,34.48116],[-119.19368,34.48061],[-119.19325,34.48045],[-119.19343,34.48003],[-119.19299,34.47965],[-119.19296,34.47932],[-119.1923,34.47895],[-119.19145,34.47896],[-119.1911,34.47887],[-119.19093,34.4789],[-119.19076,34.47916],[-119.19053,34.47904],[-119.19042,34.47853],[-119.19024,34.4785],[-119.18956,34.4787],[-119.18904,34.47946],[-119.18884,34.47946],[-119.189,34.47791],[-119.18887,34.47776],[-119.18829,34.47748],[-119.18831,34.47734],[-119.18921,34.47732],[-119.18956,34.47699],[-119.19024,34.47668],[-119.19108,34.47649],[-119.19122,34.47635],[-119.1913,34.47593],[-119.19177,34.47536],[-119.19162,34.475],[-119.1911,34.47512],[-119.19055,34.47479],[-119.18973,34.47525],[-119.18939,34.47529],[-119.18924,34.47508],[-119.18908,34.47437],[-119.18908,34.4738],[-119.18887,34.47358],[-119.1887,34.47361],[-119.18784,34.47419],[-119.18764,34.47409],[-119.18733,34.47333],[-119.18664,34.4737],[-119.18612,34.47382],[-119.18584,34.47338],[-119.18609,34.47267],[-119.18595,34.47252],[-119.18561,34.47261],[-119.18549,34.47253],[-119.18548,34.47168],[-119.18527,34.4715],[-119.18492,34.47151],[-119.18458,34.47171],[-119.18441,34.47217],[-119.18407,34.47253],[-119.18389,34.47256],[-119.18386,34.47225],[-119.18372,34.47217],[-119.18338,34.47227],[-119.18352,34.47154],[-119.18375,34.47097],[-119.18376,34.47083],[-119.18357,34.47055],[-119.18355,34.46997],[-119.18269,34.47016],[-119.18235,34.47002],[-119.18166,34.47003],[-119.18163,34.47041],[-119.18149,34.47058],[-119.18115,34.47046],[-119.18097,34.47057],[-119.18063,34.47042],[-119.18046,34.47045],[-119.18029,34.47005],[-119.18012,34.4699],[-119.17909,34.46996],[-119.17909,34.46942],[-119.1784,34.46915],[-119.17789,34.46858],[-119.17737,34.46849],[-119.1772,34.46855],[-119.17712,34.46885],[-119.17766,34.46927],[-119.17776,34.46956],[-119.17771,34.46962],[-119.17737,34.46945],[-119.1772,34.4696],[-119.17703,34.46957],[-119.17668,34.46926],[-119.17642,34.46885],[-119.17636,34.46857],[-119.17648,34.46786],[-119.17634,34.46781],[-119.17548,34.46829],[-119.1748,34.46816],[-119.17394,34.46815],[-119.17342,34.46847],[-119.17205,34.46889],[-119.17171,34.4693],[-119.17153,34.4692],[-119.17142,34.46871],[-119.17147,34.46857],[-119.17234,34.46786],[-119.17375,34.46616],[-119.17342,34.4661],[-119.17308,34.46621],[-119.17274,34.46607],[-119.17222,34.46614],[-119.17196,34.46559],[-119.17171,34.46532],[-119.17136,34.46524],[-119.17068,34.46543],[-119.17049,34.46531],[-119.17057,34.46489],[-119.1705,34.46483],[-119.16999,34.46472],[-119.16974,34.46446],[-119.1693,34.4643],[-119.16862,34.46432],[-119.16859,34.46404],[-119.16871,34.46375],[-119.16862,34.46365],[-119.16827,34.46363],[-119.16776,34.46375],[-119.16759,34.46332],[-119.16682,34.46333],[-119.16655,34.4629],[-119.1669,34.46279],[-119.16671,34.46234],[-119.1669,34.46223],[-119.16759,34.46227],[-119.16776,34.46242],[-119.1681,34.46246],[-119.16913,34.46246],[-119.16965,34.46277],[-119.17085,34.4626],[-119.17119,34.46301],[-119.17188,34.46315],[-119.17222,34.46316],[-119.17241,34.46305],[-119.17256,34.46268],[-119.17325,34.46296],[-119.17411,34.46296],[-119.17424,34.4629],[-119.17411,34.46265],[-119.17353,34.46234],[-119.17302,34.46191],[-119.17286,34.46163],[-119.17255,34.46106],[-119.17271,34.4605],[-119.17119,34.45973],[-119.17068,34.45985],[-119.16982,34.45985],[-119.16879,34.46022],[-119.16828,34.45979],[-119.16759,34.45996],[-119.16715,34.45965],[-119.1669,34.45925],[-119.16638,34.45901],[-119.16587,34.45855],[-119.16518,34.45876],[-119.16467,34.45906],[-119.1645,34.45903],[-119.16381,34.45855],[-119.16295,34.45835],[-119.16261,34.45856],[-119.16209,34.45927],[-119.16121,34.45894],[-119.16142,34.45809],[-119.16124,34.45781],[-119.16072,34.45737],[-119.16046,34.45654],[-119.16072,34.45637],[-119.16209,34.45634],[-119.16217,34.45611],[-119.16191,34.45569],[-119.16188,34.4554],[-119.16175,34.45529],[-119.16141,34.45506],[-119.16044,34.4547],[-119.16033,34.45399],[-119.16003,34.45379]]}},{"type":"Feature","properties":{"m":520,"index":0},"geometry":{"type":"LineString","coordinates":[[-119.21655,34.43091],[-119.21655,34.43091]]}},{"type":"Feature","properties":{"m":520,"index":0},"geometry":{"type":"LineString","coordinates":[[-119.16003,34.4258],[-119.16038,34.42602],[-119.16055,34.42602],[-119.16123,34.42536],[-119.16179,34.42511],[-119.16189,34.42497],[-119.16165,34.42468],[-119.16162,34.42426],[-119.16143,34.42397],[-119.16142,34.42355],[-119.16158,34.42333],[-119.16278,34.42384],[-119.16311,34.42412],[-119.16347,34.42408],[-119.16355,34.42355],[-119.16378,34.42327],[-119.16387,34.42298],[-119.16469,34.42199],[-119.16456,34.421],[-119.16501,34.42094],[-119.16511,34.42043],[-119.16535,34.42045],[-119.16621,34.42099],[-119.16673,34.42103],[-119.16707,34.42077],[-119.16741,34.41999],[-119.1681,34.41998],[-119.16844,34.41985],[-119.16862,34.41989],[-119.16875,34.42072],[-119.16896,34.42088],[-119.16945,34.42058],[-119.17055,34.4193],[-119.17136,34.41872],[-119.17153,34.41875],[-119.1711,34.41944],[-119.1705,34.42014],[-119.17033,34.42043],[-119.17033,34.42072],[-119.17068,34.4209],[-119.17136,34.42088],[-119.17188,34.4207],[-119.17199,34.42072],[-119.17188,34.42085],[-119.17066,34.42143],[-119.16982,34.42154],[-119.16934,34.42185],[-119.16892,34.42199],[-119.1681,34.42254],[-119.16766,34.42256],[-119.16691,34.42369],[-119.16692,34.42454],[-119.16724,34.42557],[-119.16741,34.42568],[-119.16862,34.42563],[-119.16913,34.42576],[-119.16991,34.42567],[-119.17007,34.42581],[-119.16997,34.42624],[-119.17016,34.42628],[-119.17085,34.42596],[-119.17102,34.42596],[-119.17153,34.42633],[-119.17222,34.42644],[-119.17291,34.42626],[-119.17428,34.42625],[-119.1748,34.42587],[-119.17514,34.42536],[-119.17565,34.4249],[-119.17634,34.42504],[-119.17668,34.42499],[-119.17754,34.42509],[-119.17806,34.42434],[-119.17823,34.42434],[-119.17941,34.42511],[-119.17977,34.4252],[-119.18078,34.42482],[-119.18132,34.42477],[-119.18183,34.42447],[-119.182,34.42446],[-119.18218,34.42477],[-119.18269,34.4247],[-119.18295,34.42454],[-119.18365,34.42369],[-119.18362,34.42327],[-119.18374,34.42284],[-119.18343,34.42227],[-119.1836,34.42185],[-119.18475,34.42213],[-119.18526,34.42242],[-119.18544,34.42233],[-119.18546,34.42199],[-119.18523,34.42143],[-119.18527,34.42093],[-119.18612,34.42124],[-119.18681,34.42092],[-119.18705,34.42157],[-119.18753,34.42227],[-119.18784,34.42304],[-119.18801,34.42322],[-119.18836,34.42335],[-119.18853,34.42331],[-119.18875,34.42298],[-119.18956,34.42302],[-119.1899,34.42237],[-119.19076,34.42223],[-119.1911,34.42203],[-119.19116,34.42185],[-119.19098,34.42143],[-119.1911,34.42132],[-119.19162,34.42127],[-119.19171,34.42114],[-119.19167,34.42072],[-119.19179,34.42054],[-119.1923,34.42065],[-119.19265,34.42044],[-119.19316,34.42073],[-119.19381,34.42043],[-119.19401,34.42043],[-119.19422,34.42058],[-119.19395,34.42086],[-119.19391,34.42114],[-119.19402,34.4213],[-119.19441,34.42143],[-119.19608,34.42154],[-119.19711,34.42133],[-119.19883,34.42115],[-119.19917,34.42119],[-119.2002,34.42169],[-119.20209,34.42139],[-119.20449,34.4207],[-119.20466,34.42058],[-119.20479,34.42029],[-119.20535,34.42015],[-119.20597,34.41973],[-119.20609,34.41958],[-119.20604,34.41927],[-119.20666,34.41888],[-119.2065,34.41845],[-119.20662,34.41817],[-119.20657,34.41803],[-119.20629,34.41789],[-119.20659,34.41732],[-119.20666,34.41661],[-119.20724,34.41649],[-119.2081,34.41692],[-119.20833,34.41689],[-119.20827,34.41604],[-119.20835,34.4159],[-119.20861,34.41585],[-119.20873,34.41562],[-119.20857,34.41505]]}},{"type":"Feature","properties":{"m":560,"index":0},"geometry":{"type":"LineString","coordinates":[[-119.32769,34.49984],[-119.32769,34.49984]]}},{"type":"Feature","properties":{"m":560,"index":0},"geometry":{"type":"LineString","coordinates":[[-119.32693,34.4871],[-119.32693,34.4871]]}},{"type":"Feature","properties":{"m":560,"index":0},"geometry":{"type":"LineString","coordinates":[[-119.24707,34.47097],[-119.24707,34.47097]]}},{"type":"Feature","properties":{"m":560,"index":0},"geometry":{"type":"LineString","coordinates":[[-119.23641,34.47026],[-119.23641,34.47026]]}},{"type":"Feature","properties":{"m":560,"index":0},"geometry":{"type":"LineString","coordinates":[[-119.24722,34.46927],[-119.24722,34.46927]]}},{"type":"Feature","properties":{"m":560,"index":0},"geometry":{"type":"LineString","coordinates":[[-119.32218,34.46361],[-119.32218,34.46361]]}},{"type":"Feature","properties":{"m":560,"index":0},"geometry":{"type":"LineString","coordinates":[[-119.33993,34.46241],[-119.33959,34.46232],[-119.33925,34.46199],[-119.33856,34.46185],[-119.33843,34.46248],[-119.33822,34.46264],[-119.33805,34.46264],[-119.33787,34.46303],[-119.33804,34.46347],[-119.33777,34.46404],[-119.33753,34.46411],[-119.33743,34.46404],[-119.33756,34.46375],[-119.33748,34.46361],[-119.33667,34.46316],[-119.33629,34.46276],[-119.33599,34.46268],[-119.33581,34.46279],[-119.33547,34.46281],[-119.33507,34.46248],[-119.33476,34.46191],[-119.33444,34.46155],[-119.33427,34.46151],[-119.33399,34.46163],[-119.33384,34.46177],[-119.33362,34.46234],[-119.33361,34.46319],[-119.33312,34.46361],[-119.33307,34.46401],[-119.3329,34.46432],[-119.33298,34.4646],[-119.33326,34.46474],[-119.33389,34.46531],[-119.33388,34.46559],[-119.33324,34.46561],[-119.33226,34.4663],[-119.33248,34.46673],[-119.33255,34.46716],[-119.33135,34.46666],[-119.33122,34.46644],[-119.33125,34.46616],[-119.33101,34.46595],[-119.33015,34.46592],[-119.32981,34.46581],[-119.32963,34.46587],[-119.3296,34.46574],[-119.32982,34.46545],[-119.33067,34.46489],[-119.33109,34.46446],[-119.33097,34.46404],[-119.33042,34.46361],[-119.32998,34.46275],[-119.32963,34.4623],[-119.32946,34.46223],[-119.32883,34.46305],[-119.32826,34.46331],[-119.32794,34.46333],[-119.32775,34.46357],[-119.32757,34.4636],[-119.32706,34.4634],[-119.32689,34.46342],[-119.32637,34.46318],[-119.32603,34.46345],[-119.32496,34.4639],[-119.32474,34.46418],[-119.32551,34.46466],[-119.32587,34.46474],[-119.32585,34.46517],[-119.32569,34.46527],[-119.32516,34.46531],[-119.32483,34.46562],[-119.32458,34.46531],[-119.32414,34.46508],[-119.3238,34.46508],[-119.32345,34.4653],[-119.32328,34.46529],[-119.32299,34.46503],[-119.32243,34.46489],[-119.32238,34.4646],[-119.32225,34.4645],[-119.32207,34.46474],[-119.32225,34.46503],[-119.3222,34.46517],[-119.32174,34.46561],[-119.32122,34.46533],[-119.32088,34.46539],[-119.32054,34.46562],[-119.32002,34.46541],[-119.31951,34.46537],[-119.31894,34.46574],[-119.3183,34.466],[-119.31787,34.46644],[-119.3183,34.46662],[-119.31882,34.46704],[-119.31916,34.46705],[-119.31927,34.46715],[-119.31909,34.46743],[-119.3191,34.46758],[-119.31938,34.468],[-119.31916,34.46813],[-119.31899,34.46816],[-119.31865,34.46795],[-119.31848,34.46796],[-119.3183,34.46806],[-119.31813,34.46846],[-119.31779,34.46843],[-119.31745,34.46863],[-119.31676,34.46785],[-119.31651,34.46786],[-119.3165,34.46871],[-119.31624,34.46887],[-119.3159,34.46929],[-119.31564,34.46913],[-119.31539,34.46856],[-119.3147,34.46805],[-119.31444,34.46842],[-119.31436,34.46876],[-119.31384,34.46867],[-119.3135,34.46876],[-119.31315,34.46872],[-119.31291,34.46885],[-119.31331,34.46984],[-119.31328,34.46998],[-119.31305,34.47026],[-119.31234,34.47069],[-119.31127,34.47039],[-119.31128,34.47097],[-119.31094,34.47126],[-119.30955,34.4715],[-119.30903,34.47136],[-119.30882,34.47154],[-119.30871,34.4721],[-119.3086,34.47225],[-119.30811,34.47239],[-119.30783,34.47276],[-119.30732,34.47289],[-119.30663,34.47282],[-119.30629,34.4731],[-119.30577,34.47307],[-119.30547,34.47352],[-119.30491,34.47372],[-119.30482,34.4738],[-119.30489,34.47423],[-119.30469,34.47451],[-119.30451,34.47508],[-119.30457,34.47527],[-119.30526,34.47523],[-119.3056,34.4755],[-119.30629,34.47572],[-119.30732,34.47554],[-119.308,34.47519],[-119.3081,34.47522],[-119.30808,34.47536],[-119.30763,34.47607],[-119.30727,34.47635],[-119.30731,34.47692],[-119.30723,34.47706],[-119.3068,34.47706],[-119.30629,34.47735],[-119.30577,34.47747],[-119.30543,34.47773],[-119.3044,34.47796],[-119.30406,34.47822],[-119.30354,34.47826],[-119.30349,34.47946],[-119.30354,34.47962],[-119.30371,34.47966],[-119.30457,34.47943],[-119.30526,34.47951],[-119.30663,34.47924],[-119.30715,34.47934],[-119.30749,34.47929],[-119.30795,34.47946],[-119.30761,34.48003],[-119.308,34.48021],[-119.30921,34.47968],[-119.31024,34.47965],[-119.31101,34.47975],[-119.31096,34.47989],[-119.30998,34.48074],[-119.31006,34.48104],[-119.31041,34.48136],[-119.31109,34.48181],[-119.3118,34.48201],[-119.3123,34.48237],[-119.31333,34.48228],[-119.31436,34.48197],[-119.31453,34.48201],[-119.31521,34.48307],[-119.3159,34.48323],[-119.31659,34.48322],[-119.31676,34.48306],[-119.31758,34.48272],[-119.31784,34.48243],[-119.31823,34.48159],[-119.31916,34.48022],[-119.31933,34.48019],[-119.31941,34.48045],[-119.31935,34.48074],[-119.31941,34.48159],[-119.31982,34.48258],[-119.32033,34.48272],[-119.32041,34.483],[-119.32067,34.48314],[-119.32087,34.48357],[-119.32076,34.48385],[-119.3205,34.48413],[-119.32054,34.48442],[-119.32083,34.48442],[-119.32174,34.4841],[-119.32225,34.48377],[-119.3226,34.48405],[-119.32311,34.48391],[-119.3237,34.48314],[-119.32483,34.48267],[-119.3251,34.48314],[-119.32511,34.48328],[-119.32492,34.48357],[-119.32513,34.48413],[-119.32573,34.48427],[-119.32578,34.4847],[-119.32559,34.48498],[-119.32584,34.48541],[-119.32568,34.48569],[-119.32568,34.48597],[-119.32706,34.48667],[-119.32771,34.48597],[-119.32792,34.48545],[-119.32878,34.48493],[-119.32895,34.48466],[-119.32929,34.48444],[-119.32969,34.48399],[-119.32989,34.48357],[-119.33015,34.4834],[-119.33034,34.4847],[-119.33021,34.48526],[-119.33032,34.48537],[-119.33084,34.4854],[-119.33152,34.48523],[-119.33204,34.48531],[-119.33341,34.48526],[-119.33335,34.48541],[-119.3329,34.48579],[-119.33238,34.48598],[-119.33198,34.48625],[-119.33195,34.4864],[-119.33169,34.48661],[-119.33152,34.48692],[-119.33114,34.4871],[-119.33117,34.48739],[-119.33108,34.48767],[-119.33108,34.48781],[-119.33229,34.4888],[-119.33204,34.48926],[-119.33121,34.48951],[-119.3312,34.48979],[-119.33169,34.49017],[-119.33238,34.49031],[-119.33307,34.49062],[-119.3333,34.4905],[-119.33375,34.48943],[-119.33415,34.48923],[-119.33424,34.48894],[-119.33461,34.4889],[-119.33496,34.48855],[-119.33513,34.48853],[-119.33547,34.4888],[-119.33599,34.48865],[-119.33633,34.48868],[-119.33684,34.48817],[-119.33719,34.48821],[-119.33753,34.48812],[-119.33799,34.48753],[-119.3381,34.48725],[-119.33858,34.48682],[-119.3389,34.48634],[-119.33908,34.48647],[-119.33916,34.48682],[-119.33956,34.48696],[-119.33961,34.4871],[-119.33908,34.48733],[-119.33908,34.48769],[-119.33918,34.48781],[-119.33942,34.48782],[-119.33993,34.48762]]}},{"type":"Feature","properties":{"m":560,"index":0},"geometry":{"type":"LineString","coordinates":[[-119.33993,34.48846],[-119.33981,34.48852],[-119.33971,34.4888],[-119.33918,34.4888],[-119.33908,34.4892],[-119.33881,34.48937],[-119.33887,34.48993],[-119.33876,34.49036],[-119.33797,34.4905],[-119.33744,34.49107],[-119.33757,34.49135],[-119.33752,34.49177],[-119.3377,34.49199],[-119.33787,34.49209],[-119.33822,34.4921],[-119.33908,34.49261],[-119.33965,34.49347],[-119.33976,34.49357],[-119.33993,34.49342]]}},{"type":"Feature","properties":{"m":560,"index":0},"geometry":{"type":"LineString","coordinates":[[-119.33993,34.50226],[-119.33942,34.50204],[-119.33873,34.50204],[-119.33839,34.50175],[-119.33753,34.5016],[-119.33735,34.50125],[-119.33719,34.50115],[-119.33667,34.50141],[-119.33616,34.50079],[-119.3353,34.50033],[-119.33461,34.50067],[-119.33375,34.50065],[-119.3329,34.50077],[-119.33269,34.50097],[-119.33255,34.50139],[-119.33225,34.50168],[-119.33229,34.50182],[-119.33255,34.502],[-119.33399,34.50224],[-119.3344,34.50295],[-119.33439,34.50352],[-119.33427,34.5037],[-119.33375,34.50354],[-119.33365,34.50323],[-119.33324,34.50302],[-119.33135,34.50315],[-119.32998,34.50267],[-119.32963,34.50238],[-119.3286,34.50198],[-119.32775,34.50193],[-119.3274,34.50171],[-119.32743,34.50125],[-119.32722,34.50054],[-119.32723,34.50026],[-119.32706,34.50017],[-119.32637,34.50008],[-119.32586,34.50039],[-119.32569,34.50033],[-119.32551,34.49984],[-119.32534,34.49965],[-119.32499,34.50012],[-119.32448,34.50038],[-119.32419,34.49998],[-119.32446,34.49941],[-119.32442,34.49856],[-119.32414,34.49845],[-119.32345,34.4985],[-119.32324,34.498],[-119.32345,34.49757],[-119.32277,34.497],[-119.32202,34.49687],[-119.32174,34.49644],[-119.32139,34.49624],[-119.32099,34.49573],[-119.32071,34.49557],[-119.3195,34.49588],[-119.31972,34.49644],[-119.3203,34.49687],[-119.32088,34.49785],[-119.32139,34.49819],[-119.3215,34.49842],[-119.32109,34.4997],[-119.32071,34.50025],[-119.32019,34.50064],[-119.31998,34.50097],[-119.31996,34.50153],[-119.32043,34.50224],[-119.32036,34.50226],[-119.31876,34.50125],[-119.31874,34.50111],[-119.31916,34.50108],[-119.31926,34.50097],[-119.31899,34.5002],[-119.31886,34.49941],[-119.31813,34.49875],[-119.31676,34.49904],[-119.31666,34.49899],[-119.31648,34.49871],[-119.3165,34.49814],[-119.3159,34.49773],[-119.31556,34.49769],[-119.31521,34.49784],[-119.31487,34.4978],[-119.31436,34.49809],[-119.31384,34.49793],[-119.31367,34.49813],[-119.3135,34.4987],[-119.31333,34.49897],[-119.31315,34.49906],[-119.31238,34.49771],[-119.31198,34.49743],[-119.31192,34.49729],[-119.31211,34.49701],[-119.31239,34.49602],[-119.31234,34.49559],[-119.31207,34.49503],[-119.31195,34.4949],[-119.31144,34.49494],[-119.31058,34.49447],[-119.31006,34.49445],[-119.31009,34.49503],[-119.30999,34.49545],[-119.30886,34.49546],[-119.30876,34.49573],[-119.30879,34.49616],[-119.30867,34.4963],[-119.30818,34.49652],[-119.308,34.49672],[-119.30732,34.49687],[-119.30709,34.49701],[-119.30713,34.49729],[-119.30755,34.498],[-119.30718,34.49842],[-119.3072,34.49913],[-119.30738,34.49955],[-119.30732,34.49979],[-119.3068,34.49962],[-119.3056,34.4995],[-119.30509,34.49923],[-119.30491,34.49926],[-119.30505,34.50026],[-119.305,34.50083],[-119.30573,34.50153],[-119.30574,34.50182],[-119.30457,34.5024],[-119.30423,34.50282],[-119.30388,34.5029],[-119.30337,34.50283],[-119.3032,34.50295],[-119.30275,34.50366],[-119.30265,34.50422],[-119.30251,34.50426],[-119.302,34.50378],[-119.30131,34.50349],[-119.30097,34.50306],[-119.30079,34.50301],[-119.29976,34.50368],[-119.29931,34.50451],[-119.29931,34.50465],[-119.29957,34.50493],[-119.29925,34.5058],[-119.29919,34.50606],[-119.29925,34.50621],[-119.30011,34.5064],[-119.30371,34.50638],[-119.30447,34.50649],[-119.30389,34.50677],[-119.30376,34.50705],[-119.30379,34.50748],[-119.30423,34.50824],[-119.30423,34.50846],[-119.30371,34.50831],[-119.30268,34.5084],[-119.302,34.50831],[-119.30097,34.5085],[-119.29967,34.50889],[-119.29903,34.50917],[-119.29888,34.50932],[-119.29881,34.51031],[-119.29822,34.51083],[-119.29797,34.51059],[-119.29781,34.51002],[-119.29764,34.50988],[-119.29702,34.5098],[-119.29616,34.50924],[-119.29564,34.50917],[-119.29526,34.50946],[-119.2953,34.51059],[-119.29496,34.511],[-119.29499,34.51144],[-119.29427,34.51171],[-119.2941,34.51093],[-119.29341,34.5102],[-119.29324,34.51015],[-119.2929,34.51066],[-119.29221,34.51105],[-119.29187,34.51064],[-119.29152,34.51049],[-119.29118,34.51062],[-119.29067,34.5103],[-119.28998,34.51033],[-119.28964,34.51059],[-119.28878,34.51061],[-119.28866,34.51087],[-119.28877,34.51158],[-119.28861,34.51195],[-119.28775,34.51161],[-119.28689,34.5117],[-119.28676,34.51158],[-119.28688,34.51115],[-119.28678,34.51087],[-119.28638,34.51023],[-119.2862,34.51012],[-119.28432,34.51023],[-119.28329,34.50988],[-119.28277,34.50992],[-119.28226,34.50981],[-119.2822,34.50932],[-119.28271,34.50875],[-119.28253,34.50804],[-119.28255,34.50748],[-119.28301,34.50705],[-119.28294,34.50688],[-119.28157,34.50648],[-119.28123,34.50659],[-119.28071,34.50642],[-119.27968,34.50647],[-119.27917,34.5062],[-119.27865,34.50623],[-119.27762,34.50705],[-119.27709,34.50762],[-119.27676,34.50773],[-119.27659,34.50799],[-119.27625,34.50799],[-119.27534,34.50776],[-119.27546,34.50818],[-119.27499,34.50875],[-119.27602,34.50974],[-119.27556,34.51045],[-119.27608,34.51081],[-119.27644,34.51087],[-119.27564,34.51186],[-119.27556,34.51218],[-119.27413,34.51328],[-119.27419,34.51371],[-119.27367,34.51411],[-119.27333,34.51403],[-119.27299,34.51414],[-119.27249,34.51356],[-119.27254,34.51328],[-119.27246,34.51313],[-119.27294,34.51229],[-119.27324,34.512],[-119.27332,34.51144],[-119.2735,34.51112],[-119.27414,34.51059],[-119.27459,34.51045],[-119.27475,34.51016],[-119.27473,34.50988],[-119.27453,34.50963],[-119.27418,34.50974],[-119.27419,34.50889],[-119.27458,34.50818],[-119.27445,34.50776],[-119.27453,34.50745],[-119.27513,34.50705],[-119.27539,34.50699],[-119.27557,34.50719],[-119.2759,34.50732],[-119.27607,34.50691],[-119.27661,34.50649],[-119.27665,34.50634],[-119.27519,34.5055],[-119.27505,34.50521],[-119.27539,34.50519],[-119.27659,34.50541],[-119.27688,34.50535],[-119.27711,34.50493],[-119.27796,34.50449],[-119.278,34.50436],[-119.27772,34.50394],[-119.27762,34.5035],[-119.27917,34.50428],[-119.27934,34.50381],[-119.28002,34.50424],[-119.28105,34.50376],[-119.2814,34.5037],[-119.28199,34.5038],[-119.28277,34.50422],[-119.28311,34.50456],[-119.28329,34.50444],[-119.28346,34.50414],[-119.28363,34.50412],[-119.28383,34.50422],[-119.28397,34.50477],[-119.28463,34.50507],[-119.285,34.50562],[-119.28522,34.5062],[-119.2859,34.50677],[-119.28594,34.50691],[-119.28566,34.50719],[-119.28586,34.50728],[-119.28672,34.50734],[-119.28758,34.50713],[-119.28792,34.50695],[-119.28912,34.50676],[-119.28946,34.50653],[-119.29005,34.50663],[-119.29032,34.50627],[-119.29118,34.50606],[-119.2917,34.50547],[-119.2922,34.50578],[-119.29238,34.5058],[-119.29255,34.50573],[-119.29273,34.50533],[-119.2929,34.50519],[-119.29343,34.5055],[-119.29373,34.50479],[-119.29427,34.50437],[-119.29448,34.50408],[-119.29435,34.5038],[-119.29387,34.50337],[-119.29401,34.50295],[-119.29384,34.50224],[-119.2936,34.5021],[-119.29273,34.50199],[-119.29135,34.50088],[-119.29051,34.5004],[-119.29054,34.50026],[-119.29082,34.49998],[-119.29102,34.49955],[-119.29204,34.49925],[-119.29205,34.49941],[-119.29187,34.49969],[-119.2917,34.4997],[-119.2916,34.49984],[-119.2917,34.49993],[-119.29187,34.49986],[-119.29324,34.50016],[-119.29358,34.50013],[-119.29427,34.49987],[-119.29599,34.49966],[-119.29617,34.49955],[-119.29619,34.49941],[-119.29496,34.49892],[-119.29444,34.49885],[-119.29379,34.49842],[-119.29341,34.49733],[-119.29288,34.49658],[-119.29294,34.4963],[-119.29275,34.49573],[-119.29324,34.49588],[-119.29358,34.49619],[-119.29393,34.49629],[-119.2941,34.49649],[-119.29479,34.49674],[-119.29513,34.49675],[-119.2953,34.49648],[-119.29547,34.49644],[-119.29616,34.49656],[-119.29632,34.49644],[-119.29638,34.49602],[-119.29615,34.49531],[-119.29685,34.49498],[-119.29702,34.49438],[-119.29752,34.49446],[-119.29788,34.49433],[-119.29856,34.49447],[-119.29873,34.4944],[-119.29873,34.49388],[-119.2997,34.49347],[-119.29973,34.49262],[-119.29994,34.49261],[-119.30028,34.49281],[-119.30114,34.49276],[-119.30162,34.49234],[-119.302,34.49224],[-119.30272,34.49163],[-119.30288,34.49135],[-119.30244,34.49064],[-119.30238,34.49022],[-119.30247,34.48979],[-119.30234,34.48945],[-119.30182,34.48947],[-119.30114,34.48903],[-119.30079,34.48908],[-119.30062,34.48902],[-119.30045,34.48876],[-119.30011,34.48876],[-119.2996,34.48923],[-119.29925,34.48929],[-119.29905,34.48951],[-119.29896,34.48979],[-119.29868,34.49007],[-119.29856,34.49039],[-119.29839,34.49046],[-119.29736,34.48995],[-119.29685,34.4901],[-119.29641,34.48951],[-119.29616,34.48936],[-119.29599,34.48944],[-119.29582,34.48972],[-119.29564,34.48975],[-119.2953,34.48969],[-119.29461,34.48985],[-119.29376,34.48968],[-119.29334,34.48937],[-119.29326,34.4888],[-119.29313,34.48866],[-119.29221,34.48857],[-119.29174,34.48824],[-119.29181,34.48781],[-119.29175,34.48725],[-119.29146,34.48696],[-119.29143,34.48654],[-119.29134,34.4864],[-119.29067,34.48619],[-119.28912,34.48705],[-119.28809,34.48707],[-119.28758,34.48745],[-119.28689,34.4868],[-119.28655,34.48681],[-119.28603,34.48705],[-119.28586,34.48697],[-119.28552,34.48631],[-119.285,34.48609],[-119.28414,34.4869],[-119.28384,34.48611],[-119.28416,34.48541],[-119.28414,34.4851],[-119.28426,34.48484],[-119.28466,34.48453],[-119.28535,34.48449],[-119.28578,34.48427],[-119.28536,34.48357],[-119.28535,34.48308],[-119.28432,34.48322],[-119.28311,34.48316],[-119.28277,34.48336],[-119.28191,34.48338],[-119.28157,34.48378],[-119.28125,34.48399],[-119.28153,34.48413],[-119.28158,34.48427],[-119.28071,34.48529],[-119.28054,34.48529],[-119.28059,34.4847],[-119.28037,34.48443],[-119.27996,34.48427],[-119.27882,34.48413],[-119.2785,34.48399],[-119.27882,34.4838],[-119.27934,34.48371],[-119.27934,34.48354],[-119.27917,34.48348],[-119.27882,34.48354],[-119.27814,34.48389],[-119.27693,34.48403],[-119.27702,34.48385],[-119.27756,34.48342],[-119.27726,34.48328],[-119.27735,34.48314],[-119.27789,34.483],[-119.27819,34.48215],[-119.27794,34.48187],[-119.27831,34.48102],[-119.27829,34.48074],[-119.27814,34.4806],[-119.27779,34.48068],[-119.27762,34.48031],[-119.27745,34.48023],[-119.27659,34.4805],[-119.27651,34.48045],[-119.27634,34.48003],[-119.2764,34.47932],[-119.27666,34.47904],[-119.27659,34.47868],[-119.27565,34.47876],[-119.27572,34.47904],[-119.27546,34.47946],[-119.275,34.4796],[-119.27453,34.48016],[-119.27421,34.48003],[-119.27402,34.47951],[-119.27367,34.47911],[-119.2735,34.47917],[-119.27316,34.47953],[-119.27264,34.47883],[-119.2723,34.47904],[-119.27196,34.47952],[-119.27127,34.47874],[-119.2711,34.47869],[-119.27007,34.47998],[-119.2699,34.47997],[-119.26955,34.47971],[-119.26904,34.48028],[-119.26874,34.48045],[-119.26864,34.48088],[-119.26886,34.48116],[-119.26869,34.4812],[-119.26818,34.48106],[-119.26782,34.48059],[-119.26732,34.4804],[-119.26663,34.48071],[-119.26629,34.48103],[-119.26595,34.48105],[-119.26519,34.48159],[-119.2653,34.48116],[-119.2649,34.48059],[-119.26494,34.48045],[-119.26526,34.48032],[-119.26538,34.48017],[-119.26526,34.47968],[-119.26562,34.4796],[-119.26588,34.47876],[-119.26578,34.47867],[-119.26526,34.47897],[-119.26509,34.47897],[-119.26494,34.4789],[-119.26478,34.47861],[-119.2644,34.47855],[-119.26389,34.4782],[-119.2642,34.47776],[-119.26457,34.47762],[-119.26443,34.47734],[-119.26423,34.4772],[-119.26389,34.4774],[-119.2632,34.47701],[-119.26303,34.47704],[-119.26269,34.4774],[-119.26251,34.47742],[-119.26222,34.4772],[-119.26183,34.47651],[-119.26166,34.47655],[-119.26114,34.47708],[-119.26063,34.47665],[-119.26028,34.47681],[-119.25977,34.4766],[-119.25925,34.4767],[-119.25898,34.47649],[-119.25905,34.47635],[-119.25986,34.47593],[-119.26022,34.47564],[-119.26027,34.4755],[-119.25866,34.47451],[-119.25803,34.4738],[-119.25822,34.47364],[-119.25857,34.47369],[-119.25908,34.47359],[-119.2596,34.47376],[-119.25994,34.47376],[-119.26028,34.47396],[-119.26099,34.4738],[-119.26116,34.47394],[-119.26131,34.47428],[-119.26148,34.47439],[-119.26269,34.47401],[-119.26286,34.47405],[-119.2632,34.47448],[-119.26337,34.47455],[-119.26457,34.47437],[-119.2656,34.47444],[-119.26583,34.47437],[-119.26585,34.47423],[-119.26475,34.47351],[-119.26337,34.47302],[-119.26303,34.47248],[-119.26286,34.47243],[-119.26217,34.47255],[-119.26131,34.47229],[-119.26028,34.47278],[-119.25977,34.47283],[-119.25874,34.47247],[-119.25786,34.47196],[-119.25719,34.47179],[-119.25685,34.4716],[-119.25513,34.47224],[-119.25461,34.47253],[-119.25496,34.4728],[-119.25565,34.47309],[-119.25598,34.47338],[-119.25677,34.47338],[-119.25723,34.47366],[-119.2572,34.4738],[-119.25685,34.47403],[-119.25668,34.47432],[-119.25638,34.47451],[-119.25633,34.47483],[-119.25599,34.47507],[-119.25604,34.4755],[-119.25578,34.47578],[-119.25579,34.47593],[-119.25603,34.47621],[-119.25599,34.47634],[-119.25565,34.47635],[-119.25528,34.47649],[-119.25479,34.47789],[-119.25462,34.47797],[-119.25452,34.47791],[-119.25444,34.47748],[-119.25427,34.47735],[-119.25393,34.47744],[-119.25385,34.4772],[-119.25354,34.47706],[-119.25347,34.47692],[-119.25373,34.4755],[-119.25359,34.47535],[-119.25342,34.47541],[-119.25273,34.47603],[-119.25252,34.47607],[-119.2522,34.47536],[-119.25238,34.47508],[-119.25239,34.47487],[-119.25211,34.47465],[-119.25153,34.47457],[-119.25136,34.47482],[-119.25085,34.47522],[-119.25033,34.47517],[-119.25011,34.4755],[-119.24981,34.47577],[-119.24964,34.47581],[-119.24936,34.47493],[-119.24895,34.47482],[-119.24878,34.47466],[-119.24827,34.47474],[-119.24792,34.47505],[-119.24758,34.47499],[-119.24724,34.47528],[-119.24708,34.47493],[-119.24711,34.47479],[-119.24741,34.47441],[-119.24749,34.47409],[-119.24786,34.47366],[-119.24775,34.47318],[-119.24741,34.47289],[-119.24711,34.47295],[-119.24672,34.47329],[-119.24655,34.47334],[-119.24621,34.47324],[-119.24586,34.47354],[-119.24518,34.47373],[-119.24467,34.47423],[-119.24449,34.47419],[-119.24402,34.47366],[-119.2438,34.47354],[-119.24342,34.4738],[-119.24312,34.47438],[-119.2426,34.47397],[-119.24202,34.47423],[-119.24174,34.47457],[-119.24144,34.47394],[-119.24165,34.47338],[-119.24071,34.47315],[-119.24054,34.47285],[-119.24003,34.47279],[-119.23962,34.47295],[-119.23934,34.47334],[-119.239,34.4733],[-119.23797,34.47371],[-119.23793,34.47493],[-119.23779,34.47514],[-119.23746,34.47451],[-119.23728,34.47444],[-119.23694,34.47458],[-119.23691,34.47508],[-119.23676,34.47523],[-119.23625,34.47451],[-119.23608,34.47444],[-119.23577,34.47465],[-119.23539,34.4751],[-119.23522,34.47515],[-119.23453,34.47453],[-119.2335,34.47472],[-119.23299,34.47511],[-119.23224,34.47508],[-119.23221,34.47522],[-119.23247,34.47542],[-119.23357,34.47578],[-119.23349,34.47593],[-119.23282,34.47643],[-119.23247,34.47643],[-119.23213,34.4767],[-119.23162,34.47681],[-119.2311,34.47666],[-119.23082,34.47677],[-119.23053,34.4772],[-119.23004,34.47762],[-119.2303,34.47819],[-119.23024,34.47832],[-119.22973,34.47803],[-119.22921,34.47796],[-119.22887,34.47816],[-119.2287,34.47845],[-119.22853,34.47846],[-119.22828,34.47791],[-119.22822,34.47734],[-119.22787,34.47692],[-119.2275,34.47655],[-119.22698,34.47652],[-119.22647,34.47636],[-119.22629,34.47636],[-119.22617,34.47649],[-119.22609,34.47706],[-119.22621,34.47791],[-119.22561,34.47861],[-119.22544,34.47858],[-119.22483,34.47791],[-119.22441,34.4776],[-119.22355,34.47749],[-119.22303,34.47768],[-119.22269,34.47768],[-119.22252,34.47785],[-119.22166,34.47819],[-119.22114,34.47808],[-119.22063,34.47828],[-119.22029,34.47824],[-119.22011,34.47851],[-119.21977,34.47865],[-119.2196,34.47895],[-119.21926,34.47909],[-119.21908,34.47933],[-119.21874,34.47955],[-119.21788,34.47949],[-119.21701,34.47975],[-119.217,34.48003],[-119.21762,34.48031],[-119.21712,34.48074],[-119.21714,34.48102],[-119.21806,34.48201],[-119.21737,34.48205],[-119.21702,34.48179],[-119.21623,34.48144],[-119.21565,34.48098],[-119.21548,34.48092],[-119.21531,34.48098],[-119.21511,34.48116],[-119.21509,34.4813],[-119.21533,34.48159],[-119.21458,34.48215],[-119.21415,34.48286],[-119.21424,34.48342],[-119.21467,34.48385],[-119.21462,34.48399],[-119.21376,34.48458],[-119.21273,34.48502],[-119.21269,34.48484],[-119.21311,34.48385],[-119.21305,34.48371],[-119.21262,34.48357],[-119.21263,34.48342],[-119.21289,34.48314],[-119.21253,34.48243],[-119.2127,34.48215],[-119.21254,34.48173],[-119.21272,34.4813],[-119.21263,34.48102],[-119.21273,34.48074],[-119.21266,34.48059],[-119.21235,34.48045],[-119.21224,34.47989],[-119.21196,34.47946],[-119.21153,34.47915],[-119.21119,34.47912],[-119.21102,34.47868],[-119.21084,34.47861],[-119.2105,34.47875],[-119.21016,34.47853],[-119.20981,34.47861],[-119.20947,34.47838],[-119.20878,34.47887],[-119.20844,34.47848],[-119.2081,34.47847],[-119.20775,34.47808],[-119.20707,34.4779],[-119.20655,34.47816],[-119.20621,34.47855],[-119.20583,34.47876],[-119.20561,34.47932],[-119.20532,34.4796],[-119.20518,34.47989],[-119.20528,34.48031],[-119.20501,34.48088],[-119.20468,34.48045],[-119.20424,34.48017],[-119.20414,34.47975],[-119.20398,34.47951],[-119.20346,34.47939],[-119.20312,34.4791],[-119.2026,34.47922],[-119.20226,34.4789],[-119.20192,34.47904],[-119.20123,34.47895],[-119.20089,34.47926],[-119.20003,34.47916],[-119.19983,34.47946],[-119.19989,34.47989],[-119.1998,34.48003],[-119.19934,34.48019],[-119.19883,34.48012],[-119.19869,34.48031],[-119.19881,34.48102],[-119.19967,34.48187],[-119.19971,34.48201],[-119.19934,34.48253],[-119.19883,34.48226],[-119.19805,34.48215],[-119.19756,34.48286],[-119.19758,34.48328],[-119.1972,34.48357],[-119.19719,34.48385],[-119.19704,34.48413],[-119.19717,34.48442],[-119.19676,34.48498],[-119.19672,34.48541],[-119.19677,34.48557],[-119.19729,34.48597],[-119.19642,34.48622],[-119.19625,34.48638],[-119.19606,34.48682],[-119.19602,34.48781],[-119.19647,34.48824],[-119.19663,34.48852],[-119.1966,34.48859],[-119.19625,34.48851],[-119.19608,34.48861],[-119.196,34.4888],[-119.19605,34.48908],[-119.19549,34.48951],[-119.19557,34.48981],[-119.19539,34.48973],[-119.19524,34.48951],[-119.19505,34.48894],[-119.19373,34.48781],[-119.19361,34.48725],[-119.1937,34.48682],[-119.19341,34.4864],[-119.19374,34.48611],[-119.19344,34.48583],[-119.19377,34.48541],[-119.19388,34.48498],[-119.19385,34.48442],[-119.19413,34.48385],[-119.1941,34.48342],[-119.1944,34.48314],[-119.19449,34.48272],[-119.19402,34.48198],[-119.19306,34.48144],[-119.193,34.48102],[-119.19238,34.48045],[-119.19243,34.48017],[-119.1923,34.47982],[-119.19213,34.4797],[-119.19179,34.4799],[-119.19127,34.47993],[-119.19059,34.48036],[-119.19024,34.47967],[-119.19007,34.47961],[-119.18939,34.47979],[-119.18887,34.48014],[-119.18733,34.48011],[-119.18715,34.48017],[-119.18681,34.48054],[-119.18673,34.48003],[-119.1868,34.47975],[-119.18657,34.47932],[-119.18733,34.47933],[-119.18778,34.47918],[-119.18804,34.4789],[-119.18804,34.47876],[-119.18774,34.47833],[-119.18817,34.47819],[-119.18826,34.47805],[-119.1881,34.47791],[-119.1875,34.47779],[-119.18648,34.47706],[-119.18626,34.47677],[-119.18681,34.47666],[-119.1875,34.47687],[-119.18904,34.4768],[-119.19042,34.47606],[-119.19061,34.47578],[-119.19059,34.47558],[-119.19042,34.47547],[-119.18921,34.47578],[-119.18854,34.4755],[-119.18866,34.47508],[-119.18853,34.47463],[-119.18836,34.47448],[-119.1875,34.47473],[-119.18715,34.47415],[-119.18698,34.47406],[-119.18664,34.4742],[-119.18647,34.47439],[-119.18578,34.4744],[-119.18557,34.47394],[-119.18522,34.47352],[-119.18526,34.47309],[-119.18492,34.47257],[-119.18475,34.47249],[-119.18441,34.47292],[-119.18389,34.47324],[-119.18338,34.47374],[-119.18321,34.47306],[-119.18269,34.47327],[-119.18241,34.47324],[-119.18266,34.47281],[-119.18276,34.4721],[-119.18291,34.47182],[-119.18288,34.4714],[-119.18299,34.47097],[-119.18286,34.47068],[-119.18252,34.47065],[-119.18218,34.47112],[-119.1808,34.47149],[-119.18046,34.47108],[-119.17994,34.47133],[-119.1796,34.47056],[-119.17874,34.47073],[-119.1784,34.47031],[-119.17823,34.47039],[-119.17786,34.47097],[-119.17777,34.47154],[-119.17759,34.47154],[-119.17742,34.47126],[-119.17742,34.47083],[-119.17703,34.47071],[-119.17686,34.47055],[-119.17667,34.46998],[-119.17583,34.46892],[-119.17531,34.46903],[-119.17462,34.46939],[-119.17445,34.4694],[-119.17411,34.46916],[-119.17394,34.46919],[-119.17291,34.46977],[-119.17269,34.47012],[-119.17229,34.47168],[-119.17171,34.47271],[-119.17134,34.4721],[-119.17119,34.47117],[-119.17102,34.47105],[-119.17055,34.47097],[-119.17056,34.47083],[-119.1709,34.47055],[-119.17085,34.47001],[-119.17014,34.46927],[-119.17087,34.46842],[-119.17205,34.46751],[-119.17243,34.46687],[-119.17188,34.46682],[-119.17158,34.46616],[-119.17136,34.4659],[-119.17119,34.46591],[-119.17085,34.46613],[-119.1705,34.46613],[-119.17016,34.46587],[-119.16964,34.46602],[-119.16947,34.46519],[-119.16913,34.46489],[-119.1681,34.46525],[-119.16793,34.4646],[-119.16776,34.46447],[-119.16707,34.46481],[-119.1669,34.46481],[-119.16688,34.46404],[-119.16673,34.46395],[-119.16621,34.46401],[-119.16584,34.4639],[-119.16609,34.46347],[-119.16604,34.46318],[-119.16535,34.46305],[-119.16484,34.46306],[-119.16398,34.46269],[-119.16381,34.46289],[-119.16371,34.46262],[-119.16381,34.46234],[-119.16398,34.4623],[-119.16467,34.46245],[-119.16587,34.46216],[-119.16602,34.46206],[-119.16612,34.46177],[-119.16618,34.46121],[-119.16638,34.46108],[-119.16776,34.46134],[-119.16862,34.46179],[-119.16947,34.46181],[-119.16999,34.46211],[-119.17045,34.46206],[-119.17102,34.46182],[-119.17119,34.46191],[-119.17153,34.46238],[-119.17188,34.46252],[-119.17205,34.46224],[-119.17245,34.4622],[-119.17248,34.46206],[-119.17175,34.46092],[-119.1716,34.4605],[-119.17119,34.46027],[-119.16999,34.46035],[-119.16879,34.46073],[-119.1681,34.46038],[-119.16776,34.46046],[-119.16724,34.4604],[-119.16673,34.46007],[-119.16638,34.45969],[-119.16616,34.45965],[-119.1657,34.4593],[-119.16415,34.45956],[-119.16329,34.45903],[-119.16297,34.45908],[-119.16287,34.45922],[-119.16391,34.46022],[-119.16312,34.46025],[-119.16261,34.45993],[-119.16158,34.45974],[-119.16123,34.45949],[-119.16089,34.4595],[-119.16038,34.45971],[-119.16001,34.45937],[-119.1602,34.45927],[-119.16026,34.45908],[-119.16003,34.45887]]}},{"type":"Feature","properties":{"m":560,"index":0},"geometry":{"type":"LineString","coordinates":[[-119.16003,34.45856],[-119.16038,34.45844],[-119.16043,34.45823],[-119.1604,34.45795],[-119.16001,34.45753]]}},{"type":"Feature","properties":{"m":560,"index":0},"geometry":{"type":"LineString","coordinates":[[-119.16003,34.45583],[-119.16091,34.45569],[-119.16079,34.45554],[-119.16003,34.45522]]}},{"type":"Feature","properties":{"m":560,"index":0},"geometry":{"type":"LineString","coordinates":[[-119.16003,34.42369],[-119.16055,34.42372],[-119.16072,34.42309],[-119.16106,34.42273],[-119.1614,34.42256],[-119.16295,34.42283],[-119.16313,34.42256],[-119.16327,34.42199],[-119.1636,34.42157],[-119.16346,34.42086],[-119.16347,34.42015],[-119.16415,34.42004],[-119.1645,34.4197],[-119.16553,34.41966],[-119.16604,34.41983],[-119.16618,34.41973],[-119.16621,34.41897],[-119.16673,34.41891],[-119.16724,34.41862],[-119.16776,34.41871],[-119.16827,34.41904],[-119.16879,34.4189],[-119.16913,34.41891],[-119.16947,34.41918],[-119.16965,34.41908],[-119.16997,34.41859],[-119.17102,34.41779],[-119.17171,34.41697],[-119.17188,34.41657],[-119.17274,34.41643],[-119.17342,34.41617],[-119.17358,34.41661],[-119.17299,34.41732],[-119.17275,34.41789],[-119.17265,34.41817],[-119.17278,34.41859],[-119.17274,34.4188],[-119.17168,34.41987],[-119.17161,34.42001],[-119.17171,34.42015],[-119.17331,34.41916],[-119.17393,34.41859],[-119.17411,34.41877],[-119.17414,34.41916],[-119.17445,34.41931],[-119.17548,34.41936],[-119.176,34.41903],[-119.17617,34.41907],[-119.1764,34.4193],[-119.17497,34.41992],[-119.17411,34.4199],[-119.17359,34.42006],[-119.17326,34.42043],[-119.17348,34.42086],[-119.17342,34.42092],[-119.17256,34.42107],[-119.17205,34.42168],[-119.17136,34.42194],[-119.17068,34.4219],[-119.17023,34.42213],[-119.16981,34.4227],[-119.16982,34.4229],[-119.17007,34.42312],[-119.16977,34.42341],[-119.1697,34.42369],[-119.16999,34.4244],[-119.1705,34.42459],[-119.17205,34.42472],[-119.17291,34.4245],[-119.17359,34.42463],[-119.17448,34.42454],[-119.1748,34.42427],[-119.17497,34.42372],[-119.17565,34.42389],[-119.17617,34.42374],[-119.17651,34.42351],[-119.17703,34.4236],[-119.17771,34.42349],[-119.17833,34.42284],[-119.1784,34.42255],[-119.17852,34.42327],[-119.17891,34.42341],[-119.18046,34.42335],[-119.182,34.42293],[-119.18218,34.42285],[-119.18225,34.4227],[-119.18222,34.42199],[-119.18235,34.42187],[-119.18269,34.42185],[-119.18281,34.42171],[-119.18298,34.42086],[-119.18321,34.42089],[-119.18389,34.42129],[-119.18442,34.42143],[-119.18454,34.42128],[-119.18455,34.42072],[-119.18492,34.42002],[-119.18509,34.42002],[-119.18612,34.42059],[-119.1863,34.42055],[-119.18681,34.4201],[-119.1874,34.42072],[-119.18761,34.42114],[-119.18801,34.42157],[-119.1887,34.42196],[-119.18914,34.42185],[-119.18982,34.42143],[-119.19024,34.42105],[-119.19106,34.42072],[-119.19113,34.42043],[-119.19088,34.41987],[-119.19093,34.41969],[-119.19162,34.41961],[-119.19213,34.4197],[-119.19282,34.41967],[-119.19419,34.41998],[-119.19522,34.41978],[-119.19529,34.42001],[-119.1952,34.42058],[-119.19539,34.42062],[-119.19598,34.42029],[-119.19706,34.41916],[-119.19797,34.41878],[-119.19883,34.4189],[-119.20089,34.42013],[-119.20106,34.42015],[-119.20138,34.41958],[-119.20209,34.41909],[-119.20278,34.41894],[-119.20346,34.41935],[-119.20415,34.41917],[-119.20427,34.41859],[-119.20415,34.41856],[-119.20415,34.41835],[-119.20441,34.41873],[-119.20484,34.41895],[-119.20518,34.41893],[-119.20556,34.41859],[-119.20552,34.41817],[-119.2053,34.41774],[-119.20536,34.4176],[-119.20577,34.41732],[-119.20589,34.41675],[-119.20554,34.41576],[-119.20569,34.41565],[-119.20655,34.41577],[-119.2069,34.41572],[-119.20724,34.41553],[-119.20741,34.41508],[-119.20762,34.41505]]}},{"type":"Feature","properties":{"m":600,"index":1},"geometry":{"type":"LineString","coordinates":[[-119.26106,34.47281],[-119.26106,34.47281]]}},{"type":"Feature","properties":{"m":600,"index":1},"geometry":{"type":"LineString","coordinates":[[-119.25613,34.47225],[-119.25613,34.47225]]}},{"type":"Feature","properties":{"m":600,"index":1},"geometry":{"type":"LineString","coordinates":[[-119.24733,34.47154],[-119.24733,34.47154]]}},{"type":"Feature","properties":{"m":600,"index":1},"geometry":{"type":"LineString","coordinates":[[-119.3261,34.4639],[-119.3261,34.4639]]}},{"type":"Feature","properties":{"m":600,"index":1},"geometry":{"type":"LineString","coordinates":[[-119.32946,34.46319],[-119.32946,34.46319]]}},{"type":"Feature","properties":{"m":600,"index":1},"geometry":{"type":"LineString","coordinates":[[-119.16474,34.46121],[-119.16474,34.46121]]}},{"type":"Feature","properties":{"m":600,"index":1},"geometry":{"type":"LineString","coordinates":[[-119.16986,34.46092],[-119.16986,34.46092]]}},{"type":"Feature","properties":{"m":600,"index":1},"geometry":{"type":"LineString","coordinates":[[-119.16525,34.45993],[-119.16525,34.45993]]}},{"type":"Feature","properties":{"m":600,"index":1},"geometry":{"type":"LineString","coordinates":[[-119.33993,34.46298],[-119.33942,34.46287],[-119.33908,34.46264],[-119.3389,34.46268],[-119.33845,34.46305],[-119.33866,34.46333],[-119.33865,34.46347],[-119.33839,34.46375],[-119.33837,34.46404],[-119.33873,34.46442],[-119.33916,34.4646],[-119.33912,34.46474],[-119.33873,34.46503],[-119.33838,34.46517],[-119.33834,34.46545],[-119.33856,34.46588],[-119.33837,34.46588],[-119.33794,34.46545],[-119.33753,34.46528],[-119.33719,34.46539],[-119.33667,34.46582],[-119.33652,34.46559],[-119.33659,34.46503],[-119.33581,34.46475],[-119.33572,34.4646],[-119.33667,34.4639],[-119.3368,34.46375],[-119.3367,34.46361],[-119.33633,34.4635],[-119.33599,34.46327],[-119.33564,34.46336],[-119.33547,34.46329],[-119.33427,34.46247],[-119.33405,34.46319],[-119.33411,34.46347],[-119.33372,34.46375],[-119.33358,34.4643],[-119.3349,34.46489],[-119.33474,34.46517],[-119.33481,34.46588],[-119.3341,34.46613],[-119.3335,34.46616],[-119.3334,34.4663],[-119.33387,34.46658],[-119.33369,34.46673],[-119.33319,34.46687],[-119.33314,34.46701],[-119.33403,34.468],[-119.33383,34.46828],[-119.33376,34.46885],[-119.33307,34.46823],[-119.33255,34.46796],[-119.33221,34.46796],[-119.33187,34.46817],[-119.33137,34.468],[-119.3315,34.46758],[-119.33101,34.46719],[-119.33084,34.46688],[-119.3306,34.46673],[-119.33032,34.46637],[-119.32963,34.46641],[-119.32912,34.46662],[-119.3286,34.46735],[-119.32832,34.46644],[-119.32887,34.46602],[-119.32887,34.46588],[-119.32782,34.46517],[-119.32757,34.46468],[-119.32726,34.46474],[-119.32654,34.46541],[-119.3262,34.46592],[-119.32603,34.46596],[-119.32569,34.46568],[-119.32551,34.46568],[-119.32536,34.46588],[-119.32534,34.46645],[-119.32517,34.46651],[-119.32397,34.46556],[-119.32381,34.46559],[-119.32363,34.46598],[-119.32346,34.46602],[-119.32277,34.46556],[-119.32257,34.46559],[-119.32225,34.46584],[-119.32191,34.46636],[-119.32122,34.46591],[-119.32105,34.4659],[-119.32071,34.4661],[-119.31968,34.46586],[-119.31916,34.46621],[-119.31879,34.4663],[-119.31899,34.46645],[-119.31985,34.46641],[-119.32022,34.46644],[-119.32036,34.46656],[-119.32024,34.46687],[-119.31964,34.46743],[-119.31965,34.46758],[-119.32036,34.46794],[-119.3212,34.46814],[-119.32106,34.46842],[-119.32122,34.46903],[-119.32105,34.46909],[-119.32071,34.46898],[-119.32064,34.46913],[-119.32071,34.46943],[-119.32019,34.46934],[-119.31984,34.46956],[-119.31951,34.46915],[-119.31916,34.46896],[-119.31899,34.46897],[-119.3186,34.4697],[-119.31848,34.46981],[-119.31813,34.46986],[-119.31796,34.46945],[-119.31779,34.46933],[-119.31745,34.46959],[-119.3171,34.46917],[-119.31693,34.46912],[-119.3165,34.46942],[-119.31634,34.46984],[-119.31607,34.46994],[-119.31521,34.46983],[-119.31507,34.4697],[-119.31511,34.46927],[-119.31504,34.46911],[-119.31453,34.46942],[-119.31397,34.46927],[-119.31384,34.46937],[-119.31386,34.46956],[-119.3143,34.46998],[-119.31367,34.47083],[-119.31281,34.47096],[-119.31264,34.47118],[-119.31247,34.47124],[-119.31195,34.47106],[-119.31178,34.4711],[-119.31154,34.47168],[-119.31127,34.47176],[-119.31092,34.4717],[-119.31024,34.47206],[-119.30938,34.47194],[-119.30932,34.47239],[-119.30921,34.47253],[-119.30886,34.47275],[-119.30852,34.47283],[-119.30818,34.47316],[-119.30749,34.47333],[-119.30697,34.47328],[-119.30663,34.4735],[-119.30612,34.47358],[-119.30573,34.4738],[-119.30543,34.47403],[-119.3052,34.47465],[-119.30594,34.47495],[-119.30732,34.47478],[-119.308,34.4745],[-119.30886,34.47431],[-119.30938,34.47428],[-119.30946,34.47437],[-119.30913,34.47465],[-119.30888,34.47508],[-119.30894,34.4755],[-119.30845,34.47593],[-119.30847,34.47621],[-119.30835,34.47636],[-119.30795,34.47649],[-119.30789,34.47663],[-119.30799,34.47692],[-119.30766,34.47734],[-119.30732,34.47752],[-119.30697,34.47752],[-119.30612,34.47784],[-119.30577,34.4781],[-119.30474,34.47831],[-119.30423,34.47861],[-119.30405,34.47904],[-119.30405,34.47918],[-119.30501,34.47904],[-119.30595,34.47876],[-119.30629,34.47845],[-119.30697,34.47837],[-119.30715,34.47842],[-119.30735,34.47876],[-119.30869,34.47938],[-119.30972,34.4792],[-119.30989,34.47935],[-119.31024,34.4793],[-119.31075,34.47951],[-119.31178,34.47937],[-119.31212,34.47942],[-119.31219,34.47946],[-119.31207,34.4796],[-119.31072,34.48059],[-119.31062,34.48088],[-119.31075,34.48106],[-119.31247,34.48186],[-119.3135,34.48182],[-119.31401,34.48174],[-119.31453,34.48151],[-119.3147,34.48154],[-119.31487,34.48191],[-119.31521,34.48215],[-119.31556,34.48267],[-119.3159,34.48279],[-119.31642,34.48275],[-119.31704,34.48243],[-119.31802,34.48116],[-119.3181,34.48074],[-119.31848,34.48061],[-119.31865,34.48044],[-119.31915,34.47946],[-119.32002,34.47941],[-119.32011,34.47946],[-119.32006,34.4796],[-119.31969,34.48003],[-119.31992,34.48045],[-119.31979,34.48074],[-119.31991,34.48102],[-119.31985,34.48144],[-119.32031,34.48215],[-119.32078,34.48243],[-119.32157,34.48349],[-119.32294,34.48322],[-119.32345,34.4828],[-119.32371,34.48272],[-119.325,34.48186],[-119.32534,34.48258],[-119.32567,34.48286],[-119.32553,34.48357],[-119.32561,34.48371],[-119.32628,34.48399],[-119.32635,34.48413],[-119.3263,34.48442],[-119.32645,34.48484],[-119.32639,34.48569],[-119.32689,34.48594],[-119.32706,34.4859],[-119.32723,34.48571],[-119.32757,34.48507],[-119.32831,34.4847],[-119.32869,34.48427],[-119.32895,34.48412],[-119.33015,34.48259],[-119.33032,34.48252],[-119.33054,34.48286],[-119.33084,34.48488],[-119.33135,34.48478],[-119.33204,34.48489],[-119.3329,34.48486],[-119.3341,34.48458],[-119.33426,34.4847],[-119.3341,34.48529],[-119.33377,34.48569],[-119.33341,34.48593],[-119.33346,34.48625],[-119.33324,34.48665],[-119.3329,34.48685],[-119.33255,34.48746],[-119.33221,34.48751],[-119.33201,34.48767],[-119.33215,34.48795],[-119.33272,34.48834],[-119.33284,34.48852],[-119.33288,34.4888],[-119.33256,34.48979],[-119.33272,34.48999],[-119.3329,34.48997],[-119.33307,34.48978],[-119.33334,34.48908],[-119.33358,34.48895],[-119.33393,34.48854],[-119.33427,34.48851],[-119.33513,34.48799],[-119.33547,34.48826],[-119.33564,34.48825],[-119.33633,34.48809],[-119.3365,34.48777],[-119.33702,34.48777],[-119.33747,34.48725],[-119.3375,34.48696],[-119.33761,34.48682],[-119.33833,34.4864],[-119.33833,34.48583],[-119.3389,34.48517],[-119.33908,34.48527],[-119.33909,34.48583],[-119.33959,34.48642],[-119.33976,34.48626],[-119.33993,34.48576]]}},{"type":"Feature","properties":{"m":600,"index":1},"geometry":{"type":"LineString","coordinates":[[-119.33993,34.4892],[-119.33959,34.48923],[-119.33938,34.48951],[-119.33933,34.48979],[-119.33947,34.49007],[-119.33933,34.49036],[-119.3394,34.49064],[-119.33925,34.49078],[-119.33873,34.49087],[-119.33842,34.49149],[-119.3389,34.49198],[-119.33942,34.49207],[-119.33957,34.4922],[-119.33959,34.49249],[-119.33993,34.49259]]}},{"type":"Feature","properties":{"m":600,"index":1},"geometry":{"type":"LineString","coordinates":[[-119.34,34.50394],[-119.33989,34.50295],[-119.33959,34.50261],[-119.33925,34.50253],[-119.33873,34.50261],[-119.33839,34.50241],[-119.33787,34.50237],[-119.33702,34.50192],[-119.33633,34.5019],[-119.3353,34.50104],[-119.33478,34.5011],[-119.3343,34.50153],[-119.33461,34.50184],[-119.33481,34.50224],[-119.33537,34.50295],[-119.33535,34.50408],[-119.33522,34.50436],[-119.33536,34.50479],[-119.33524,34.50507],[-119.3353,34.50534],[-119.33524,34.5055],[-119.33482,34.50592],[-119.33461,34.50596],[-119.33453,34.50521],[-119.3341,34.50487],[-119.33393,34.50448],[-119.33375,34.50438],[-119.33324,34.50455],[-119.33311,34.50422],[-119.33316,34.50394],[-119.33307,34.50372],[-119.33221,34.50351],[-119.33135,34.50369],[-119.33074,34.50337],[-119.33032,34.50326],[-119.32998,34.50367],[-119.32981,34.50361],[-119.32946,34.50311],[-119.32912,34.50288],[-119.32826,34.50272],[-119.3274,34.50293],[-119.32723,34.50284],[-119.32706,34.50254],[-119.32654,34.50253],[-119.32649,34.50224],[-119.3267,34.50125],[-119.32661,34.50097],[-119.32641,34.50083],[-119.32569,34.50112],[-119.32517,34.50066],[-119.325,34.5007],[-119.32431,34.50151],[-119.32397,34.50158],[-119.32368,34.50097],[-119.32365,34.5004],[-119.32337,34.49998],[-119.3238,34.49946],[-119.3238,34.49897],[-119.32328,34.49891],[-119.323,34.49871],[-119.32275,34.498],[-119.32278,34.49771],[-119.3227,34.49757],[-119.32242,34.49739],[-119.32166,34.49715],[-119.3213,34.49672],[-119.32089,34.49658],[-119.32086,34.49672],[-119.321,34.49701],[-119.32207,34.498],[-119.32219,34.49856],[-119.32173,34.4997],[-119.32144,34.50012],[-119.3208,34.50069],[-119.32048,34.50111],[-119.32061,34.50168],[-119.32115,34.50224],[-119.32181,34.50323],[-119.32174,34.50335],[-119.32122,34.50309],[-119.32088,34.50303],[-119.32071,34.50277],[-119.32019,34.50261],[-119.32001,34.50238],[-119.31935,34.50224],[-119.31916,34.50198],[-119.31848,34.50158],[-119.31796,34.50163],[-119.31727,34.50153],[-119.31728,34.50139],[-119.31826,34.50083],[-119.31858,34.50054],[-119.31835,34.50012],[-119.31831,34.49984],[-119.31796,34.49933],[-119.31779,34.49925],[-119.31727,34.49931],[-119.31676,34.49951],[-119.31642,34.49945],[-119.31598,34.49899],[-119.31573,34.49825],[-119.31556,34.49819],[-119.31504,34.49826],[-119.31487,34.49829],[-119.3147,34.49847],[-119.31418,34.4985],[-119.31333,34.49968],[-119.31264,34.49948],[-119.31247,34.49884],[-119.31195,34.498],[-119.31178,34.49781],[-119.31141,34.49771],[-119.31125,34.49757],[-119.31165,34.49687],[-119.31172,34.4963],[-119.31166,34.49588],[-119.31144,34.49543],[-119.31075,34.49514],[-119.31027,34.49588],[-119.30938,34.49593],[-119.30921,34.49646],[-119.30835,34.49703],[-119.30789,34.49715],[-119.30778,34.49729],[-119.30805,34.498],[-119.30805,34.49814],[-119.30766,34.49842],[-119.30769,34.49885],[-119.30788,34.49927],[-119.30786,34.50026],[-119.30629,34.50002],[-119.30577,34.50014],[-119.30565,34.50026],[-119.30565,34.50069],[-119.30613,34.50125],[-119.30646,34.50186],[-119.3056,34.50246],[-119.30491,34.50277],[-119.30457,34.50323],[-119.30423,34.50325],[-119.30406,34.50337],[-119.30347,34.50337],[-119.30337,34.5039],[-119.30343,34.50479],[-119.30387,34.50493],[-119.30362,34.50521],[-119.3032,34.5054],[-119.30285,34.50537],[-119.30165,34.50414],[-119.30148,34.50402],[-119.30113,34.50408],[-119.30066,34.50366],[-119.30028,34.50386],[-119.29997,34.50422],[-119.29988,34.50451],[-119.29996,34.50479],[-119.2999,34.5055],[-119.29995,34.50564],[-119.3002,34.50578],[-119.30079,34.50587],[-119.30182,34.50576],[-119.30337,34.50598],[-119.3044,34.50594],[-119.30549,34.5062],[-119.30629,34.50667],[-119.30641,34.50691],[-119.30629,34.5074],[-119.30577,34.50712],[-119.30526,34.50701],[-119.30474,34.50706],[-119.30441,34.50733],[-119.30442,34.50762],[-119.30526,34.50908],[-119.30526,34.50991],[-119.30509,34.50993],[-119.30423,34.50935],[-119.30354,34.50913],[-119.30268,34.50898],[-119.30217,34.50904],[-119.30182,34.50894],[-119.30045,34.50905],[-119.29988,34.50917],[-119.29959,34.50938],[-119.29954,34.50988],[-119.29927,34.51031],[-119.29908,34.51086],[-119.29891,34.51109],[-119.29834,34.51144],[-119.29823,34.51158],[-119.29822,34.51189],[-119.29772,34.51144],[-119.29759,34.51087],[-119.29719,34.51041],[-119.29633,34.51012],[-119.29615,34.51016],[-119.29643,34.51045],[-119.29633,34.51073],[-119.29564,34.51131],[-119.29563,34.51158],[-119.29582,34.51207],[-119.29479,34.51208],[-119.29393,34.51246],[-119.29369,34.51186],[-119.29364,34.51144],[-119.29341,34.5112],[-119.29238,34.51167],[-119.29204,34.51194],[-119.29187,34.51188],[-119.2917,34.51151],[-119.29135,34.51117],[-119.28998,34.5111],[-119.28981,34.51118],[-119.28952,34.51172],[-119.28973,34.51214],[-119.28971,34.51229],[-119.28946,34.51243],[-119.28929,34.51281],[-119.28895,34.51277],[-119.28861,34.51288],[-119.28792,34.5121],[-119.28667,34.51214],[-119.28638,34.51226],[-119.28612,34.51172],[-119.28568,34.51144],[-119.28569,34.51129],[-119.28603,34.51128],[-119.28627,34.51115],[-119.28589,34.51059],[-119.28517,34.51066],[-119.28449,34.51055],[-119.2838,34.51059],[-119.28311,34.51035],[-119.2826,34.51036],[-119.28191,34.51018],[-119.28177,34.51002],[-119.28175,34.50974],[-119.28151,34.50917],[-119.28204,34.50875],[-119.2821,34.50861],[-119.28191,34.50721],[-119.28071,34.50741],[-119.28002,34.50725],[-119.27968,34.50732],[-119.27942,34.50719],[-119.27912,34.50677],[-119.27882,34.5067],[-119.27844,34.50691],[-119.27745,34.50788],[-119.27711,34.50791],[-119.27693,34.50819],[-119.2759,34.50808],[-119.27542,34.50875],[-119.27693,34.50957],[-119.27772,34.50974],[-119.2773,34.51016],[-119.27755,34.51031],[-119.27836,34.51045],[-119.27779,34.51086],[-119.27728,34.51091],[-119.27676,34.51141],[-119.27647,34.51186],[-119.27653,34.512],[-119.27716,34.51243],[-119.27707,34.51257],[-119.27676,34.51275],[-119.27642,34.51265],[-119.2759,34.51271],[-119.27567,34.51285],[-119.27505,34.51375],[-119.27423,34.51455],[-119.27417,34.51526],[-119.27402,34.51539],[-119.27368,34.51526],[-119.2735,34.51483],[-119.27331,34.51469],[-119.27316,34.51472],[-119.2722,34.51568],[-119.27213,34.51582],[-119.27219,34.5161],[-119.27247,34.51647],[-119.27287,34.51667],[-119.27299,34.5171],[-119.27289,34.51752],[-119.27256,34.51808],[-119.27227,34.51837],[-119.27161,34.51877],[-119.27154,34.51893],[-119.27161,34.51922],[-119.2723,34.52007],[-119.27144,34.52003],[-119.27093,34.51964],[-119.27073,34.51907],[-119.26972,34.51897],[-119.26942,34.51879],[-119.27019,34.51837],[-119.27053,34.51794],[-119.2704,34.51752],[-119.27037,34.51653],[-119.27024,34.51634],[-119.26972,34.51632],[-119.26921,34.51506],[-119.26904,34.51505],[-119.26869,34.51533],[-119.26818,34.51523],[-119.26784,34.51541],[-119.26732,34.51546],[-119.26663,34.51543],[-119.26629,34.51523],[-119.26595,34.51542],[-119.26585,34.5154],[-119.26588,34.51526],[-119.26636,34.51497],[-119.26629,34.51479],[-119.26595,34.51461],[-119.26526,34.51466],[-119.26492,34.51459],[-119.2645,34.51441],[-119.2644,34.51423],[-119.26509,34.51425],[-119.26568,34.51412],[-119.26663,34.51408],[-119.26766,34.51433],[-119.26852,34.51424],[-119.26921,34.51394],[-119.27024,34.51375],[-119.27093,34.51315],[-119.27093,34.51298],[-119.27075,34.51268],[-119.27157,34.51285],[-119.27198,34.51271],[-119.2725,34.51186],[-119.27232,34.51144],[-119.27293,34.51087],[-119.2731,34.51059],[-119.27393,34.51016],[-119.27343,34.50988],[-119.27311,34.50946],[-119.27316,34.50929],[-119.2735,34.50943],[-119.27374,34.50932],[-119.27364,34.50875],[-119.27397,34.50832],[-119.274,34.50818],[-119.27385,34.5079],[-119.27402,34.50706],[-119.27446,34.50691],[-119.27487,34.50661],[-119.27573,34.50662],[-119.27585,34.50649],[-119.27505,34.5059],[-119.27436,34.50577],[-119.27394,34.50535],[-119.27425,34.50521],[-119.27453,34.5049],[-119.27505,34.50457],[-119.27556,34.50475],[-119.27642,34.50486],[-119.27737,34.50422],[-119.27724,34.50366],[-119.27682,34.50309],[-119.27676,34.50277],[-119.27693,34.50275],[-119.27794,34.50309],[-119.27865,34.50347],[-119.27882,34.50343],[-119.27934,34.50294],[-119.27951,34.50292],[-119.27985,34.50335],[-119.28037,34.50352],[-119.28105,34.50353],[-119.28157,34.50332],[-119.28191,34.50331],[-119.28226,34.5034],[-119.28294,34.50377],[-119.28311,34.50378],[-119.28329,34.50366],[-119.28438,34.5038],[-119.28444,34.50436],[-119.28461,34.50451],[-119.285,34.50462],[-119.28576,34.50578],[-119.28583,34.5062],[-119.2862,34.50663],[-119.28623,34.50691],[-119.28638,34.50698],[-119.28723,34.50674],[-119.28758,34.50652],[-119.2881,34.50649],[-119.28843,34.50629],[-119.28895,34.50621],[-119.28929,34.50594],[-119.28981,34.50603],[-119.29015,34.50577],[-119.29082,34.50564],[-119.29152,34.50495],[-119.29221,34.50517],[-119.29238,34.50507],[-119.29255,34.50474],[-119.29307,34.50474],[-119.2935,34.50422],[-119.29352,34.50408],[-119.29317,34.50352],[-119.29336,34.50309],[-119.29325,34.50267],[-119.29238,34.5024],[-119.2917,34.50184],[-119.29087,34.50139],[-119.29084,34.50111],[-119.2907,34.50097],[-119.29004,34.50069],[-119.28975,34.5004],[-119.28997,34.49998],[-119.29038,34.4997],[-119.29049,34.49932],[-119.29117,34.49885],[-119.29073,34.498],[-119.29067,34.49767],[-119.29084,34.49768],[-119.29135,34.49817],[-119.29238,34.49883],[-119.29265,34.49913],[-119.29274,34.49941],[-119.29341,34.49954],[-119.29393,34.49945],[-119.29419,34.49927],[-119.29332,34.49856],[-119.29324,34.49821],[-119.29297,34.49786],[-119.2929,34.49743],[-119.29246,34.49687],[-119.29243,34.49616],[-119.29224,34.49573],[-119.29221,34.49487],[-119.29255,34.49491],[-119.29461,34.49604],[-119.29479,34.49609],[-119.29547,34.49588],[-119.29564,34.49559],[-119.29564,34.49501],[-119.29643,34.49474],[-119.29667,34.49397],[-119.29822,34.4938],[-119.29838,34.49361],[-119.29919,34.49319],[-119.29927,34.4929],[-119.29917,34.49248],[-119.29942,34.49213],[-119.30011,34.49224],[-119.30045,34.49239],[-119.30097,34.49231],[-119.30119,34.49206],[-119.302,34.49153],[-119.30212,34.49121],[-119.30207,34.49092],[-119.30187,34.49064],[-119.30182,34.49036],[-119.3014,34.48993],[-119.30114,34.48985],[-119.30062,34.48999],[-119.30028,34.48972],[-119.29976,34.48979],[-119.29957,34.49007],[-119.29925,34.49029],[-119.29891,34.49094],[-119.29856,34.49085],[-119.29822,34.49092],[-119.29736,34.49031],[-119.29685,34.49053],[-119.29616,34.48995],[-119.29582,34.49006],[-119.29517,34.49007],[-119.29493,34.49022],[-119.29479,34.49052],[-119.29461,34.49052],[-119.29427,34.49017],[-119.29393,34.4901],[-119.29358,34.49016],[-119.29324,34.48973],[-119.2929,34.48968],[-119.29265,34.48908],[-119.2913,34.48866],[-119.29084,34.48795],[-119.29049,34.48691],[-119.29015,34.48696],[-119.28929,34.48747],[-119.28826,34.48753],[-119.28758,34.48784],[-119.28723,34.48779],[-119.28672,34.48725],[-119.28638,34.48729],[-119.28603,34.4876],[-119.28586,34.48756],[-119.28569,34.4873],[-119.28535,34.48713],[-119.28517,34.48677],[-119.285,34.48667],[-119.28449,34.48713],[-119.2838,34.48745],[-119.28365,34.48739],[-119.28359,34.48725],[-119.28355,34.48668],[-119.28332,34.48611],[-119.28358,34.48526],[-119.28357,34.48498],[-119.28417,34.48399],[-119.2842,34.48385],[-119.28397,34.48367],[-119.28284,34.48385],[-119.28257,34.48399],[-119.28245,34.48456],[-119.28191,34.48468],[-119.28174,34.48484],[-119.28153,34.48526],[-119.28164,34.48555],[-119.2814,34.48567],[-119.281,34.48569],[-119.2806,34.48611],[-119.28054,34.48648],[-119.28037,34.48646],[-119.28013,34.48611],[-119.28002,34.48525],[-119.27934,34.48521],[-119.27899,34.48505],[-119.27865,34.48513],[-119.27848,34.48502],[-119.27827,34.48512],[-119.27814,34.48533],[-119.27796,34.48518],[-119.27775,34.48442],[-119.27762,34.48438],[-119.27724,34.48442],[-119.27608,34.4852],[-119.27599,34.48512],[-119.27611,34.48456],[-119.27644,34.48399],[-119.27642,34.48383],[-119.27605,34.48371],[-119.27627,34.48342],[-119.27611,34.483],[-119.27659,34.4828],[-119.27735,34.48272],[-119.27739,34.48229],[-119.27719,34.48159],[-119.27723,34.48144],[-119.27753,34.4813],[-119.27754,34.48116],[-119.27728,34.48086],[-119.27711,34.48081],[-119.27642,34.48099],[-119.27607,34.48088],[-119.27586,34.48003],[-119.27573,34.4799],[-119.27522,34.4801],[-119.27482,34.48059],[-119.27436,34.48076],[-119.27402,34.48051],[-119.27373,34.48045],[-119.27367,34.48014],[-119.2735,34.47996],[-119.27299,34.48004],[-119.27264,34.47976],[-119.2723,34.48002],[-119.27213,34.48004],[-119.27161,34.47994],[-119.27127,34.47967],[-119.2711,34.47967],[-119.27089,34.47989],[-119.27089,34.48017],[-119.2706,34.48045],[-119.27007,34.48067],[-119.26972,34.48067],[-119.26936,34.48088],[-119.27007,34.48127],[-119.27041,34.48157],[-119.27016,34.48173],[-119.27032,34.48229],[-119.27024,34.48234],[-119.26955,34.48193],[-119.26921,34.48191],[-119.26869,34.48169],[-119.26835,34.48203],[-119.26818,34.48197],[-119.26749,34.48109],[-119.26732,34.48107],[-119.26692,34.4813],[-119.26663,34.48166],[-119.26612,34.48184],[-119.26565,34.48215],[-119.26543,34.48257],[-119.2649,34.483],[-119.26472,34.48328],[-119.2644,34.48347],[-119.26442,34.483],[-119.26431,34.48272],[-119.2643,34.48229],[-119.26419,34.48215],[-119.26413,34.48144],[-119.26299,34.48102],[-119.26361,34.48074],[-119.26359,34.48059],[-119.26301,34.48031],[-119.26303,34.48023],[-119.26457,34.47994],[-119.2646,34.47975],[-119.26449,34.47946],[-119.26366,34.4789],[-119.26327,34.47833],[-119.2632,34.4779],[-119.26234,34.47828],[-119.26166,34.47747],[-119.26148,34.47747],[-119.26097,34.47792],[-119.2608,34.47784],[-119.26063,34.47754],[-119.26045,34.47752],[-119.26011,34.47776],[-119.25977,34.47722],[-119.25925,34.47723],[-119.25839,34.47665],[-119.25826,34.47649],[-119.2583,34.47635],[-119.25907,34.47593],[-119.2593,34.47564],[-119.25896,34.47522],[-119.25822,34.47484],[-119.25771,34.47423],[-119.25736,34.47426],[-119.25685,34.47479],[-119.25672,34.47508],[-119.25665,34.47564],[-119.25715,34.47621],[-119.25664,34.47663],[-119.25651,34.47694],[-119.25582,34.4771],[-119.25563,34.47748],[-119.25562,34.47791],[-119.2553,34.47833],[-119.25546,34.47861],[-119.25513,34.47882],[-119.25427,34.47913],[-119.25376,34.47953],[-119.25359,34.47951],[-119.25342,34.47874],[-119.25307,34.47879],[-119.25273,34.47833],[-119.25303,34.47805],[-119.25309,34.47776],[-119.25256,34.47686],[-119.25221,34.47676],[-119.2517,34.47611],[-119.25118,34.47637],[-119.2505,34.47639],[-119.25033,34.47656],[-119.24998,34.47665],[-119.24966,34.47706],[-119.2493,34.47711],[-119.24917,34.47692],[-119.24895,34.47598],[-119.24844,34.47602],[-119.24792,34.47645],[-119.24775,34.476],[-119.24758,34.47592],[-119.24689,34.47668],[-119.24672,34.47678],[-119.24655,34.47656],[-119.24586,34.47702],[-119.2458,34.47692],[-119.24611,34.47607],[-119.24612,34.47578],[-119.24603,34.47567],[-119.24552,34.47581],[-119.24549,34.47564],[-119.24602,34.47479],[-119.24606,34.47437],[-119.24658,34.47423],[-119.24673,34.47409],[-119.24672,34.47381],[-119.24638,34.47381],[-119.24547,34.47423],[-119.24482,34.47479],[-119.24449,34.47495],[-119.24397,34.47443],[-119.2438,34.47452],[-119.24329,34.47516],[-119.24277,34.47485],[-119.2426,34.47485],[-119.24212,34.47536],[-119.24203,34.47564],[-119.24174,34.47583],[-119.24106,34.47474],[-119.24087,34.47451],[-119.24049,34.47437],[-119.24037,34.47414],[-119.2402,34.47429],[-119.23986,34.47522],[-119.23934,34.47502],[-119.23848,34.4752],[-119.23845,34.4755],[-119.23866,34.47649],[-119.23848,34.47687],[-119.23831,34.47689],[-119.23821,34.47649],[-119.23779,34.47601],[-119.23745,34.47634],[-119.23711,34.47602],[-119.23659,34.47598],[-119.23608,34.47528],[-119.23591,34.47533],[-119.23539,34.47581],[-119.23522,34.47579],[-119.23488,34.47547],[-119.23478,34.4755],[-119.23467,34.47578],[-119.23473,34.47621],[-119.23453,34.47651],[-119.23385,34.4765],[-119.23316,34.47707],[-119.23282,34.4771],[-119.23247,34.4773],[-119.23213,34.47725],[-119.23162,34.47735],[-119.23144,34.47748],[-119.23092,34.47833],[-119.23103,34.47861],[-119.23093,34.47921],[-119.23076,34.47947],[-119.23041,34.479],[-119.23007,34.47884],[-119.22904,34.479],[-119.22893,34.47918],[-119.22887,34.47964],[-119.2285,34.4796],[-119.22781,34.47847],[-119.22767,34.47753],[-119.22739,34.4772],[-119.22698,34.47693],[-119.22681,34.47695],[-119.22677,34.47706],[-119.22686,34.47805],[-119.22629,34.47866],[-119.22611,34.47918],[-119.22544,34.47934],[-119.22492,34.47928],[-119.22478,34.47904],[-119.22472,34.47861],[-119.22458,34.47843],[-119.22406,34.47816],[-119.22355,34.4781],[-119.22263,34.47833],[-119.222,34.47883],[-119.22183,34.47887],[-119.22114,34.47871],[-119.22075,34.4789],[-119.22029,34.47898],[-119.21977,34.47946],[-119.21968,34.47975],[-119.21908,34.48002],[-119.21857,34.48006],[-119.21847,34.48017],[-119.21861,34.48059],[-119.21808,34.48088],[-119.21839,34.48159],[-119.21948,34.48229],[-119.21964,34.48258],[-119.21961,34.48272],[-119.21926,34.48275],[-119.21857,34.48255],[-119.21823,34.48267],[-119.21788,34.4825],[-119.21737,34.4827],[-119.2171,34.48258],[-119.21669,34.48215],[-119.21617,34.48213],[-119.21582,34.48201],[-119.21565,34.48201],[-119.21496,34.48238],[-119.21465,34.48272],[-119.21462,34.48312],[-119.21496,34.48349],[-119.21565,34.48399],[-119.21496,34.48434],[-119.21479,34.48473],[-119.21428,34.48479],[-119.21335,34.48526],[-119.21329,34.48541],[-119.21351,34.48569],[-119.21301,34.48611],[-119.2129,34.48632],[-119.21277,34.48597],[-119.21233,34.48569],[-119.21205,34.48526],[-119.21233,34.48427],[-119.2123,34.48399],[-119.21161,34.48385],[-119.21152,34.48371],[-119.21241,34.48314],[-119.21231,34.48286],[-119.21185,34.48229],[-119.21213,34.48201],[-119.21194,34.48159],[-119.2121,34.4813],[-119.21207,34.48088],[-119.2117,34.48074],[-119.21165,34.48059],[-119.21175,34.48031],[-119.21146,34.47989],[-119.21119,34.47968],[-119.21084,34.47965],[-119.21066,34.47932],[-119.20966,34.47918],[-119.2093,34.47904],[-119.20896,34.47949],[-119.20878,34.47951],[-119.20827,34.47902],[-119.20775,34.4789],[-119.20741,34.47855],[-119.20707,34.47852],[-119.20672,34.47877],[-119.20604,34.47975],[-119.20583,34.47989],[-119.20561,34.48074],[-119.20572,34.48102],[-119.20564,34.48116],[-119.20535,34.48144],[-119.20484,34.48156],[-119.20408,34.48059],[-119.20372,34.48031],[-119.20361,34.48003],[-119.20295,34.47967],[-119.2026,34.47974],[-119.20209,34.47948],[-119.20157,34.47947],[-119.2014,34.4795],[-119.20123,34.47967],[-119.20054,34.47969],[-119.20039,34.48017],[-119.20023,34.48031],[-119.19938,34.48059],[-119.19935,34.48074],[-119.19945,34.48088],[-119.20044,34.48201],[-119.19987,34.48272],[-119.1998,34.483],[-119.19969,34.48307],[-119.199,34.48281],[-119.19831,34.48271],[-119.19812,34.48286],[-119.19796,34.48357],[-119.19756,34.48385],[-119.19753,34.48399],[-119.19786,34.48442],[-119.19737,34.48512],[-119.19735,34.48541],[-119.19832,34.48625],[-119.19833,34.4864],[-119.19694,34.48658],[-119.19669,34.48668],[-119.19656,34.48696],[-119.19659,34.48767],[-119.19764,34.48866],[-119.19797,34.48886],[-119.19841,34.48894],[-119.19865,34.48923],[-119.19969,34.48939],[-119.19986,34.48951],[-119.1992,34.48993],[-119.19914,34.49007],[-119.19922,34.49064],[-119.19944,34.49107],[-119.19938,34.49135],[-119.19831,34.49087],[-119.19814,34.49089],[-119.19791,34.49121],[-119.1978,34.49195],[-119.19728,34.49171],[-119.19702,34.49177],[-119.19677,34.49199],[-119.19646,34.49262],[-119.19625,34.49283],[-119.19591,34.49241],[-119.19571,34.49135],[-119.19522,34.49075],[-119.19436,34.49029],[-119.19368,34.49031],[-119.19373,34.48993],[-119.19385,34.48981],[-119.19419,34.48979],[-119.19451,34.48965],[-119.19454,34.48912],[-119.19402,34.48899],[-119.19347,34.48866],[-119.19306,34.48809],[-119.19297,34.48767],[-119.1927,34.48725],[-119.19281,34.48668],[-119.19255,34.48625],[-119.19249,34.48583],[-119.19308,34.48555],[-119.19332,34.48498],[-119.19325,34.48442],[-119.19353,34.48385],[-119.19339,34.48357],[-119.19385,34.48272],[-119.19362,34.48229],[-119.19333,34.48205],[-119.19262,34.48173],[-119.19248,34.48126],[-119.19194,34.48074],[-119.19179,34.48043],[-119.19132,34.48045],[-119.19059,34.48099],[-119.19042,34.48101],[-119.19,34.48031],[-119.18973,34.48019],[-119.18904,34.48049],[-119.1876,34.48059],[-119.18757,34.48074],[-119.18773,34.48116],[-119.18839,34.48173],[-119.18843,34.48187],[-119.18818,34.48248],[-119.18801,34.48267],[-119.18784,34.48229],[-119.18698,34.48152],[-119.18639,34.48074],[-119.18616,34.48017],[-119.1861,34.47975],[-119.18561,34.47965],[-119.18482,34.47975],[-119.18495,34.47946],[-119.18532,34.47918],[-119.18544,34.47887],[-119.18616,34.47876],[-119.18619,34.47819],[-119.1863,34.47802],[-119.18664,34.47791],[-119.1861,34.47734],[-119.18497,34.47677],[-119.18506,34.47635],[-119.18482,34.47593],[-119.18484,34.4755],[-119.18534,34.4755],[-119.18608,34.47593],[-119.18647,34.47603],[-119.18681,34.476],[-119.1875,34.47628],[-119.18836,34.47626],[-119.18865,34.47621],[-119.18861,34.47607],[-119.18806,34.47578],[-119.18784,34.47521],[-119.18733,34.47522],[-119.18681,34.47469],[-119.1863,34.47486],[-119.18544,34.47481],[-119.1851,34.47409],[-119.18484,34.4738],[-119.18475,34.47332],[-119.18445,34.47338],[-119.18419,34.4738],[-119.18372,34.47407],[-119.18356,34.47451],[-119.18336,34.47465],[-119.18321,34.47493],[-119.18303,34.47496],[-119.18268,34.47409],[-119.18269,34.4738],[-119.18252,34.47376],[-119.18229,34.47394],[-119.18183,34.47458],[-119.18166,34.47462],[-119.18154,34.47451],[-119.18155,34.47394],[-119.18139,34.47352],[-119.18152,34.47309],[-119.182,34.4728],[-119.18218,34.47258],[-119.18218,34.47171],[-119.18183,34.47168],[-119.1808,34.47204],[-119.18046,34.47175],[-119.18029,34.47173],[-119.17994,34.47191],[-119.17977,34.47185],[-119.17926,34.47123],[-119.17909,34.47116],[-119.17862,34.47126],[-119.1786,34.4714],[-119.17875,34.47182],[-119.17856,34.4721],[-119.17857,34.47225],[-119.17899,34.47295],[-119.17892,34.4731],[-119.17857,34.47298],[-119.17806,34.47306],[-119.17789,34.47269],[-119.17736,34.47309],[-119.17715,34.47338],[-119.17703,34.47378],[-119.17686,34.47372],[-119.17685,34.47267],[-119.17674,34.47239],[-119.17576,34.47239],[-119.17583,34.47209],[-119.17562,34.4714],[-119.17586,34.47111],[-119.17604,34.47012],[-119.17565,34.46959],[-119.17531,34.46967],[-119.17497,34.46992],[-119.17445,34.46999],[-119.17403,34.47026],[-119.17393,34.47041],[-119.17388,34.47097],[-119.17356,34.47126],[-119.17308,34.47141],[-119.17283,34.47182],[-119.17274,34.47223],[-119.17171,34.47356],[-119.17102,34.47402],[-119.1705,34.47419],[-119.17031,34.47493],[-119.16982,34.47544],[-119.16965,34.47541],[-119.1697,34.47493],[-119.16958,34.47451],[-119.16969,34.4738],[-119.17031,34.47338],[-119.17038,34.47324],[-119.17037,34.47267],[-119.17018,34.47239],[-119.17033,34.47211],[-119.17036,34.47154],[-119.16965,34.47137],[-119.16855,34.47069],[-119.16861,34.47055],[-119.16982,34.47047],[-119.17011,34.47041],[-119.1703,34.47026],[-119.17025,34.47012],[-119.16943,34.46942],[-119.16876,34.46842],[-119.16912,34.46842],[-119.16981,34.46871],[-119.16999,34.46861],[-119.17026,34.46828],[-119.17085,34.46796],[-119.17149,34.46743],[-119.17157,34.46729],[-119.17131,34.46701],[-119.17122,34.46673],[-119.17102,34.46664],[-119.16999,34.46655],[-119.16947,34.46661],[-119.16916,34.46616],[-119.16896,34.46557],[-119.16782,34.46588],[-119.16741,34.46519],[-119.16656,34.46556],[-119.16637,34.46545],[-119.16627,34.46503],[-119.1663,34.4646],[-119.16587,34.46441],[-119.16535,34.46433],[-119.16511,34.46418],[-119.16535,34.46361],[-119.16518,34.46351],[-119.16467,34.46365],[-119.16432,34.46327],[-119.16364,34.46341],[-119.16329,34.46342],[-119.16316,34.46333],[-119.16294,34.46305],[-119.16321,34.46234],[-119.16329,34.46219],[-119.1638,34.46191],[-119.16389,34.46177],[-119.16366,34.46149],[-119.16329,34.46141],[-119.16257,34.46206],[-119.16249,34.46191],[-119.16264,34.46163],[-119.16262,34.46149],[-119.16244,34.46138],[-119.16192,34.46143],[-119.16189,34.46135],[-119.1626,34.46092],[-119.16261,34.46077],[-119.16226,34.46034],[-119.16089,34.46003],[-119.16003,34.4606]]}},{"type":"Feature","properties":{"m":600,"index":1},"geometry":{"type":"LineString","coordinates":[[-119.16003,34.42219],[-119.16055,34.42207],[-119.16158,34.42134],[-119.16185,34.42143],[-119.16209,34.42192],[-119.16244,34.42192],[-119.16268,34.42143],[-119.16267,34.42043],[-119.16291,34.42001],[-119.16291,34.41958],[-119.16364,34.4194],[-119.16381,34.4193],[-119.16398,34.41902],[-119.16415,34.41896],[-119.16501,34.41908],[-119.16553,34.41898],[-119.16587,34.41837],[-119.16656,34.41826],[-119.16707,34.4178],[-119.16724,34.41776],[-119.16844,34.41779],[-119.16947,34.41812],[-119.16965,34.41809],[-119.17017,34.41774],[-119.17102,34.41679],[-119.17153,34.41604],[-119.17239,34.41596],[-119.1731,34.41562],[-119.17342,34.41524],[-119.17411,34.41512],[-119.17429,34.41519],[-119.17419,34.41548],[-119.17434,34.41604],[-119.17543,34.41661],[-119.17542,34.41675],[-119.17512,34.41704],[-119.17445,34.41732],[-119.17408,34.41774],[-119.17415,34.41789],[-119.17445,34.41797],[-119.17471,34.41817],[-119.17514,34.41885],[-119.17541,34.41873],[-119.17565,34.41817],[-119.17617,34.41795],[-119.17638,34.41803],[-119.17668,34.41865],[-119.17686,34.41877],[-119.17789,34.41798],[-119.17806,34.41798],[-119.17812,34.41817],[-119.1772,34.41976],[-119.17668,34.42002],[-119.17638,34.42001],[-119.17617,34.42031],[-119.17583,34.42032],[-119.17548,34.42061],[-119.1748,34.42077],[-119.17445,34.42068],[-119.17428,34.42073],[-119.17391,34.42128],[-119.17291,34.42154],[-119.17274,34.42193],[-119.17247,34.42213],[-119.1724,34.42242],[-119.1729,34.42284],[-119.1728,34.42312],[-119.17325,34.42349],[-119.17342,34.42352],[-119.17428,34.42338],[-119.17445,34.42277],[-119.17462,34.42252],[-119.17531,34.42307],[-119.17548,34.42311],[-119.17573,34.42284],[-119.17583,34.42199],[-119.176,34.42186],[-119.17634,34.42232],[-119.17668,34.4226],[-119.1772,34.42275],[-119.17757,34.4227],[-119.17787,34.42227],[-119.17806,34.42173],[-119.17806,34.42119],[-119.17791,34.42058],[-119.17823,34.42013],[-119.17831,34.42058],[-119.17866,34.42114],[-119.17884,34.42185],[-119.17907,34.42213],[-119.1796,34.4221],[-119.17994,34.42182],[-119.18012,34.42184],[-119.18029,34.42199],[-119.18046,34.42238],[-119.18097,34.42238],[-119.18117,34.42227],[-119.18138,34.42157],[-119.18139,34.42114],[-119.18218,34.42133],[-119.18235,34.42111],[-119.18249,34.42058],[-119.18244,34.42001],[-119.18252,34.41977],[-119.18269,34.41977],[-119.18277,34.42001],[-119.18321,34.42047],[-119.18372,34.42072],[-119.18391,34.42072],[-119.18445,34.41973],[-119.18411,34.41916],[-119.18409,34.41888],[-119.18424,34.41883],[-119.18475,34.41922],[-119.18529,34.41944],[-119.18559,34.41973],[-119.18612,34.41992],[-119.18633,34.41973],[-119.18644,34.41902],[-119.18664,34.41901],[-119.18715,34.4198],[-119.18797,34.42029],[-119.18818,34.42067],[-119.18853,34.42089],[-119.18904,34.42078],[-119.18956,34.42048],[-119.19007,34.42044],[-119.19024,34.42033],[-119.19026,34.42015],[-119.19013,34.41987],[-119.19025,34.41916],[-119.19012,34.41873],[-119.19024,34.4186],[-119.19093,34.4189],[-119.19145,34.41868],[-119.1923,34.41899],[-119.19282,34.41884],[-119.19402,34.41908],[-119.19444,34.41888],[-119.19471,34.41858],[-119.19557,34.41856],[-119.1966,34.41813],[-119.19733,34.4176],[-119.19814,34.41723],[-119.199,34.41763],[-119.19986,34.41787],[-119.20072,34.4183],[-119.20157,34.41842],[-119.20312,34.41775],[-119.20363,34.41719],[-119.20415,34.41725],[-119.20484,34.4168],[-119.20494,34.41661],[-119.20486,34.41619],[-119.20466,34.41587],[-119.20463,34.41505]]}},{"type":"Feature","properties":{"m":640,"index":0},"geometry":{"type":"LineString","coordinates":[[-119.27298,34.51568],[-119.27298,34.51568]]}},{"type":"Feature","properties":{"m":640,"index":0},"geometry":{"type":"LineString","coordinates":[[-119.30055,34.50436],[-119.30055,34.50436]]}},{"type":"Feature","properties":{"m":640,"index":0},"geometry":{"type":"LineString","coordinates":[[-119.3004,34.49121],[-119.3004,34.49121]]}},{"type":"Feature","properties":{"m":640,"index":0},"geometry":{"type":"LineString","coordinates":[[-119.24047,34.47536],[-119.24047,34.47536]]}},{"type":"Feature","properties":{"m":640,"index":0},"geometry":{"type":"LineString","coordinates":[[-119.25732,34.47493],[-119.25732,34.47493]]}},{"type":"Feature","properties":{"m":640,"index":0},"geometry":{"type":"LineString","coordinates":[[-119.17968,34.47239],[-119.17968,34.47239]]}},{"type":"Feature","properties":{"m":640,"index":0},"geometry":{"type":"LineString","coordinates":[[-119.3392,34.46347],[-119.33908,34.46375],[-119.33993,34.4639]]}},{"type":"Feature","properties":{"m":640,"index":0},"geometry":{"type":"LineString","coordinates":[[-119.33477,34.46347],[-119.33477,34.46347]]}},{"type":"Feature","properties":{"m":640,"index":0},"geometry":{"type":"LineString","coordinates":[[-119.34,34.46531],[-119.33931,34.46545],[-119.33912,34.46559],[-119.33913,34.46588],[-119.33943,34.46644],[-119.3393,34.46673],[-119.33908,34.46689],[-119.33904,34.46743],[-119.3389,34.4676],[-119.33848,34.46701],[-119.33839,34.46673],[-119.33784,34.4663],[-119.33783,34.46602],[-119.3377,34.46587],[-119.33753,34.46587],[-119.33737,34.46602],[-119.33746,34.4663],[-119.33736,34.46645],[-119.33701,34.46658],[-119.33702,34.46701],[-119.33684,34.46711],[-119.33609,34.4663],[-119.33612,34.46602],[-119.33581,34.46545],[-119.33547,34.46546],[-119.33533,34.46559],[-119.33485,34.46673],[-119.33427,34.46688],[-119.33405,34.46715],[-119.33435,34.46758],[-119.33486,34.46772],[-119.33482,34.468],[-119.33437,34.46857],[-119.33444,34.46875],[-119.33487,34.46899],[-119.33495,34.46913],[-119.33455,34.46927],[-119.33449,34.46942],[-119.33461,34.4697],[-119.33437,34.46984],[-119.33436,34.47012],[-119.3341,34.47041],[-119.33393,34.47037],[-119.33377,34.46998],[-119.33341,34.46983],[-119.33272,34.46915],[-119.33255,34.46911],[-119.33238,34.46861],[-119.33204,34.46858],[-119.33121,34.46885],[-119.33066,34.46865],[-119.33046,34.46786],[-119.33069,34.46758],[-119.32998,34.46692],[-119.32963,34.46693],[-119.32929,34.46719],[-119.32916,34.46743],[-119.32917,34.46772],[-119.32878,34.46829],[-119.32844,34.46814],[-119.32775,34.46836],[-119.32759,34.46828],[-119.3277,34.46772],[-119.32796,34.46758],[-119.32804,34.46743],[-119.32775,34.46687],[-119.3274,34.46673],[-119.32738,34.46658],[-119.32777,34.46588],[-119.3274,34.4656],[-119.32706,34.4657],[-119.32689,34.4661],[-119.32637,34.46638],[-119.32603,34.46687],[-119.32569,34.46686],[-119.32534,34.46755],[-119.325,34.46716],[-119.32459,34.46715],[-119.32442,34.46658],[-119.32415,34.46644],[-119.32363,34.46662],[-119.32294,34.46621],[-119.3226,34.46617],[-119.32233,34.46673],[-119.32208,34.46692],[-119.32175,34.46687],[-119.32122,34.46653],[-119.32105,34.46657],[-119.32061,34.46729],[-119.32062,34.46743],[-119.32233,34.46772],[-119.3224,34.46786],[-119.32215,34.46828],[-119.3218,34.46857],[-119.32184,34.46871],[-119.32208,34.46897],[-119.32289,34.46913],[-119.32294,34.46927],[-119.32255,34.46956],[-119.32218,34.4697],[-119.32208,34.47006],[-119.32174,34.46992],[-119.32157,34.46998],[-119.32132,34.47026],[-119.32122,34.47054],[-119.32036,34.47008],[-119.31985,34.4702],[-119.31933,34.46994],[-119.31882,34.47046],[-119.3183,34.4707],[-119.31798,34.47055],[-119.31779,34.47031],[-119.31745,34.47035],[-119.3171,34.47017],[-119.31693,34.47016],[-119.3167,34.47041],[-119.31624,34.4706],[-119.31521,34.47047],[-119.31487,34.4703],[-119.31464,34.47041],[-119.3145,34.47083],[-119.31411,34.47126],[-119.31315,34.47143],[-119.31281,34.47174],[-119.3123,34.47171],[-119.31161,34.47221],[-119.31127,34.47219],[-119.31075,34.47244],[-119.30989,34.47254],[-119.30957,34.47281],[-119.30835,34.47344],[-119.30749,34.47372],[-119.30715,34.47362],[-119.30629,34.4739],[-119.30609,34.47409],[-119.30612,34.47424],[-119.308,34.47382],[-119.30938,34.47374],[-119.31006,34.47382],[-119.31058,34.47377],[-119.31109,34.47356],[-119.31119,34.47366],[-119.31085,34.47437],[-119.31016,34.47465],[-119.31014,34.47508],[-119.30962,34.47522],[-119.30956,34.47536],[-119.3097,34.47564],[-119.30966,34.47578],[-119.30927,34.47607],[-119.30898,34.47663],[-119.30862,34.47692],[-119.30851,34.4772],[-119.30792,34.47776],[-119.30788,34.47819],[-119.308,34.47839],[-119.30851,34.47876],[-119.30938,34.4788],[-119.30989,34.47859],[-119.31039,34.47861],[-119.31058,34.47904],[-119.31092,34.47926],[-119.31247,34.47914],[-119.31281,34.4792],[-119.31333,34.47908],[-119.31341,34.47918],[-119.31329,34.47946],[-119.31335,34.47975],[-119.31247,34.47984],[-119.31139,34.48059],[-119.31135,34.48074],[-119.31149,34.48088],[-119.31244,34.4813],[-119.31401,34.48138],[-119.31453,34.48101],[-119.3147,34.48103],[-119.31491,34.48116],[-119.31521,34.48173],[-119.31556,34.48211],[-119.31607,34.48236],[-119.31642,34.4823],[-119.31676,34.48208],[-119.31691,34.48173],[-119.31712,34.48159],[-119.31754,34.48102],[-119.31762,34.48045],[-119.31813,34.48032],[-119.31865,34.47982],[-119.31865,34.47967],[-119.3181,34.47946],[-119.31848,34.47927],[-119.31882,34.47891],[-119.31933,34.47912],[-119.31985,34.47893],[-119.32019,34.47906],[-119.32105,34.47889],[-119.32108,34.47904],[-119.32089,34.47932],[-119.32052,34.4796],[-119.32018,34.48003],[-119.32045,34.48031],[-119.32038,34.48074],[-119.32058,34.48102],[-119.32039,34.4813],[-119.3204,34.48144],[-119.32072,34.48187],[-119.32116,34.48215],[-119.32139,34.48258],[-119.32174,34.48289],[-119.32191,34.48295],[-119.32294,34.48275],[-119.32346,34.48229],[-119.32448,34.48175],[-119.32517,34.48122],[-119.32567,34.48229],[-119.32619,34.48258],[-119.32627,34.48342],[-119.32688,34.48385],[-119.32685,34.48442],[-119.32706,34.4848],[-119.32806,34.48427],[-119.32826,34.48391],[-119.32895,34.48345],[-119.32965,34.48272],[-119.32985,34.48229],[-119.33032,34.48189],[-119.33049,34.48221],[-119.33086,34.48243],[-119.33107,34.48272],[-119.33106,34.48314],[-119.33124,34.48371],[-119.33118,34.48399],[-119.33135,34.48431],[-119.33183,34.48442],[-119.33266,34.48442],[-119.33309,34.48427],[-119.33496,34.48396],[-119.33492,34.48456],[-119.33471,34.48498],[-119.33467,34.48541],[-119.33425,34.48597],[-119.33397,34.48696],[-119.33375,34.4872],[-119.33336,34.48795],[-119.33341,34.48828],[-119.33504,34.48767],[-119.3353,34.48765],[-119.33564,34.48778],[-119.33599,34.48764],[-119.33633,34.48733],[-119.33665,34.48725],[-119.33673,34.48682],[-119.33755,34.48611],[-119.33791,34.48541],[-119.33839,34.4851],[-119.33854,34.4847],[-119.33886,34.48456],[-119.33925,34.48403],[-119.33944,34.48399],[-119.33944,34.48498],[-119.33959,34.48533],[-119.33995,34.48498]]}},{"type":"Feature","properties":{"m":640,"index":0},"geometry":{"type":"LineString","coordinates":[[-119.33993,34.49104],[-119.33949,34.49135],[-119.33995,34.49177]]}},{"type":"Feature","properties":{"m":640,"index":0},"geometry":{"type":"LineString","coordinates":[[-119.33993,34.50439],[-119.33973,34.50422],[-119.33942,34.50336],[-119.33925,34.50316],[-119.3389,34.50306],[-119.33856,34.50309],[-119.33822,34.50285],[-119.33787,34.50281],[-119.33678,34.50238],[-119.33628,34.50238],[-119.3362,34.50337],[-119.33648,34.50451],[-119.33623,34.50507],[-119.33627,34.50521],[-119.33663,34.5055],[-119.33647,34.50564],[-119.33581,34.50578],[-119.33564,34.5059],[-119.3357,34.50634],[-119.33564,34.5066],[-119.33496,34.50651],[-119.3341,34.50746],[-119.33358,34.50765],[-119.33358,34.50733],[-119.33403,34.50606],[-119.33407,34.50564],[-119.33358,34.50513],[-119.33329,34.50521],[-119.33272,34.5056],[-119.33265,34.50535],[-119.33273,34.50465],[-119.33244,34.50436],[-119.33237,34.50408],[-119.33204,34.50399],[-119.33135,34.50407],[-119.33066,34.50389],[-119.33049,34.50397],[-119.33015,34.5045],[-119.32953,34.50422],[-119.32942,34.50394],[-119.32895,34.50345],[-119.32809,34.50333],[-119.32722,34.50366],[-119.32689,34.50319],[-119.32637,34.5031],[-119.32597,34.50281],[-119.32603,34.50173],[-119.32534,34.50148],[-119.32529,34.50168],[-119.32547,34.50196],[-119.32547,34.5021],[-119.32534,34.5022],[-119.32448,34.50242],[-119.32414,34.50234],[-119.3238,34.50269],[-119.3236,34.50267],[-119.32345,34.50245],[-119.32342,34.50196],[-119.32318,34.50139],[-119.32289,34.50111],[-119.32311,34.50083],[-119.32311,34.50059],[-119.32277,34.50024],[-119.3227,34.49998],[-119.32316,34.49941],[-119.32317,34.49927],[-119.32277,34.49898],[-119.32256,34.49913],[-119.32206,34.50026],[-119.32112,34.50111],[-119.32105,34.50127],[-119.32122,34.50161],[-119.32174,34.5021],[-119.32209,34.50281],[-119.32294,34.50354],[-119.3232,34.50394],[-119.32311,34.50404],[-119.32225,34.50391],[-119.32105,34.50345],[-119.32071,34.50373],[-119.32036,34.50317],[-119.31985,34.50326],[-119.31981,34.50295],[-119.31968,34.50276],[-119.31899,34.50271],[-119.31883,34.50224],[-119.31848,34.50201],[-119.3183,34.50194],[-119.31779,34.50203],[-119.31745,34.50189],[-119.31676,34.50207],[-119.31659,34.50182],[-119.31603,34.50182],[-119.31624,34.50148],[-119.31725,34.50097],[-119.31736,34.50083],[-119.31761,34.50026],[-119.31758,34.49984],[-119.31745,34.49976],[-119.31659,34.49997],[-119.31624,34.49994],[-119.31556,34.49931],[-119.31521,34.49885],[-119.31504,34.4988],[-119.31436,34.49919],[-119.31401,34.49955],[-119.31384,34.50015],[-119.3135,34.5005],[-119.31333,34.50052],[-119.31318,34.50026],[-119.31212,34.49987],[-119.31212,34.4997],[-119.31184,34.49913],[-119.31183,34.49871],[-119.31159,34.49828],[-119.31144,34.49818],[-119.31092,34.4982],[-119.31067,34.49786],[-119.31067,34.49743],[-119.31096,34.49687],[-119.31103,34.49644],[-119.31095,34.49616],[-119.31075,34.49613],[-119.30989,34.49641],[-119.30913,34.49715],[-119.30844,34.49757],[-119.30845,34.49786],[-119.30863,34.49814],[-119.30824,34.49856],[-119.30821,34.49871],[-119.30852,34.49937],[-119.30837,34.4997],[-119.30844,34.50054],[-119.30835,34.50065],[-119.30783,34.50071],[-119.30732,34.50056],[-119.30646,34.50057],[-119.30641,34.50069],[-119.30658,34.50111],[-119.30703,34.50182],[-119.30697,34.50206],[-119.30581,34.50281],[-119.30508,34.50309],[-119.30474,34.50359],[-119.30423,34.50373],[-119.30404,34.50394],[-119.30409,34.50436],[-119.30491,34.50507],[-119.30586,34.50507],[-119.30578,34.50521],[-119.3053,34.5055],[-119.30523,34.50564],[-119.3054,34.50578],[-119.30629,34.5061],[-119.30734,34.50606],[-119.30725,34.50663],[-119.30749,34.50691],[-119.30694,34.50748],[-119.30698,34.50776],[-119.3068,34.50876],[-119.30646,34.50867],[-119.30594,34.50795],[-119.3056,34.50767],[-119.30543,34.50763],[-119.30523,34.50776],[-119.30555,34.50832],[-119.30544,34.50861],[-119.30567,34.50917],[-119.30573,34.5096],[-119.30621,34.51031],[-119.30629,34.51074],[-119.30596,34.51115],[-119.30474,34.51025],[-119.3032,34.50948],[-119.30268,34.50939],[-119.30216,34.5096],[-119.30165,34.50936],[-119.30097,34.50937],[-119.30045,34.50952],[-119.3002,34.50974],[-119.30017,34.51016],[-119.30034,34.51073],[-119.30028,34.51094],[-119.29942,34.51177],[-119.29891,34.51205],[-119.29856,34.51255],[-119.29839,34.51265],[-119.29753,34.51177],[-119.29719,34.51164],[-119.2965,34.51193],[-119.29634,34.51229],[-119.29635,34.51257],[-119.29605,34.51285],[-119.29547,34.51257],[-119.29513,34.51257],[-119.29452,34.51285],[-119.29427,34.51331],[-119.29358,34.51289],[-119.29324,34.5122],[-119.2929,34.51224],[-119.29221,34.51283],[-119.29204,34.51276],[-119.29134,34.512],[-119.29101,34.5119],[-119.29074,34.51214],[-119.29067,34.51271],[-119.29019,34.51299],[-119.28981,34.51365],[-119.28964,34.51368],[-119.28912,34.51333],[-119.28878,34.51331],[-119.28843,34.51345],[-119.28824,34.51313],[-119.28775,34.51265],[-119.28706,34.51266],[-119.28638,34.51306],[-119.2862,34.51306],[-119.28575,34.51257],[-119.28554,34.51214],[-119.28517,34.51196],[-119.28483,34.51203],[-119.28432,34.51181],[-119.28346,34.51205],[-119.28282,34.512],[-119.28272,34.51144],[-119.28346,34.51137],[-119.28393,34.51115],[-119.28379,34.51101],[-119.28311,34.51074],[-119.2826,34.51077],[-119.28174,34.51055],[-119.28127,34.51016],[-119.28112,34.50974],[-119.28074,34.50917],[-119.28088,34.5089],[-119.2814,34.50869],[-119.28162,34.50847],[-119.28157,34.50796],[-119.2814,34.50785],[-119.27968,34.50789],[-119.27899,34.50741],[-119.27883,34.50733],[-119.27865,34.50737],[-119.27799,34.50804],[-119.27753,34.50818],[-119.27745,34.50836],[-119.27625,34.50843],[-119.27598,34.50861],[-119.27599,34.50875],[-119.27728,34.50916],[-119.27865,34.50931],[-119.27874,34.50946],[-119.27865,34.50974],[-119.2787,34.50988],[-119.27917,34.51017],[-119.27943,34.51087],[-119.27917,34.51098],[-119.27882,34.51089],[-119.27854,34.51101],[-119.27833,34.51144],[-119.27814,34.51155],[-119.27762,34.51147],[-119.27748,34.51158],[-119.27747,34.51172],[-119.27779,34.51207],[-119.2782,34.51229],[-119.27814,34.51252],[-119.27761,34.51299],[-119.27783,34.51313],[-119.27788,34.51328],[-119.27726,34.51384],[-119.27706,34.51427],[-119.27693,34.51435],[-119.27668,34.51427],[-119.27666,34.51398],[-119.27642,34.51338],[-119.2761,34.51356],[-119.2759,34.51385],[-119.27588,34.51427],[-119.27519,34.51469],[-119.27493,34.51511],[-119.27528,34.5161],[-119.27505,34.51624],[-119.2747,34.51621],[-119.2738,34.51667],[-119.27372,34.51681],[-119.27402,34.51721],[-119.27403,34.51738],[-119.27373,34.51752],[-119.27367,34.51795],[-119.27333,34.51796],[-119.27262,34.51865],[-119.27316,34.51923],[-119.27419,34.51884],[-119.27546,34.5178],[-119.27676,34.5174],[-119.27701,34.51766],[-119.27708,34.51851],[-119.27684,34.51893],[-119.27608,34.5195],[-119.27598,34.51964],[-119.27604,34.52006],[-119.2759,34.52015],[-119.27522,34.52015],[-119.2747,34.52049],[-119.27453,34.52084],[-119.27436,34.52097],[-119.27402,34.52089],[-119.2735,34.52096],[-119.27213,34.52143],[-119.27134,34.5219],[-119.2714,34.52233],[-119.27127,34.52248],[-119.27093,34.52249],[-119.27058,34.52268],[-119.27048,34.52261],[-119.27046,34.52219],[-119.27024,34.52189],[-119.27007,34.52182],[-119.26921,34.52186],[-119.26869,34.52173],[-119.26818,34.5218],[-119.26784,34.52108],[-119.26766,34.5209],[-119.26715,34.52075],[-119.26671,34.52006],[-119.26646,34.51996],[-119.26578,34.51988],[-119.26543,34.52002],[-119.26526,34.5211],[-119.26492,34.52108],[-119.2645,34.52077],[-119.26423,34.5207],[-119.26372,34.52086],[-119.26318,34.52077],[-119.26337,34.52073],[-119.26376,34.52035],[-119.2644,34.51935],[-119.26492,34.51888],[-119.26698,34.51843],[-119.26784,34.51806],[-119.26887,34.51833],[-119.26929,34.51823],[-119.26951,34.51794],[-119.2695,34.51738],[-119.26944,34.51724],[-119.26907,34.51709],[-119.26892,34.51667],[-119.26866,34.51653],[-119.26877,34.5161],[-119.26835,34.51601],[-119.26734,34.51625],[-119.26698,34.51613],[-119.26578,34.51647],[-119.26566,34.51639],[-119.26563,34.5161],[-119.26457,34.51615],[-119.26354,34.51603],[-119.26357,34.51582],[-119.26371,34.51568],[-119.26476,34.5154],[-119.26462,34.51526],[-119.26369,34.51483],[-119.2632,34.51444],[-119.26286,34.5144],[-119.26217,34.51459],[-119.26193,34.51455],[-119.26224,34.51412],[-119.26217,34.51378],[-119.26183,34.5136],[-119.26097,34.51281],[-119.26033,34.51257],[-119.25977,34.5122],[-119.25883,34.512],[-119.25877,34.51186],[-119.2596,34.5117],[-119.26028,34.5117],[-119.26114,34.51202],[-119.26269,34.51238],[-119.26385,34.51285],[-119.26446,34.51299],[-119.26456,34.51313],[-119.26427,34.51342],[-119.26433,34.51356],[-119.26457,34.51365],[-119.26629,34.51362],[-119.26715,34.51364],[-119.26749,34.51375],[-119.26835,34.51372],[-119.26887,34.5135],[-119.26955,34.51343],[-119.26986,34.51328],[-119.26984,34.51285],[-119.26972,34.51271],[-119.26924,34.51257],[-119.26943,34.51214],[-119.27041,34.51218],[-119.27093,34.51207],[-119.2714,34.51172],[-119.27148,34.51144],[-119.27178,34.51112],[-119.27313,34.51016],[-119.27262,34.50946],[-119.27238,34.50861],[-119.27247,34.50852],[-119.27299,34.50853],[-119.27316,34.50841],[-119.27334,34.50818],[-119.27336,34.50776],[-119.27359,34.50748],[-119.27355,34.50691],[-119.27402,34.50677],[-119.27446,34.50634],[-119.27446,34.5062],[-119.27403,34.50606],[-119.27341,34.50564],[-119.27292,34.50493],[-119.27299,34.50484],[-119.27384,34.50489],[-119.27402,34.50463],[-119.27505,34.50403],[-119.27573,34.50439],[-119.27608,34.50444],[-119.27642,34.50436],[-119.27675,34.50394],[-119.27676,34.5038],[-119.27627,34.50252],[-119.27627,34.50238],[-119.27642,34.50232],[-119.27676,34.50232],[-119.27796,34.50263],[-119.27848,34.50289],[-119.27888,34.50267],[-119.27917,34.50202],[-119.28002,34.50248],[-119.2802,34.50286],[-119.2807,34.50309],[-119.28105,34.50316],[-119.28157,34.50295],[-119.28191,34.50295],[-119.28294,34.50326],[-119.28397,34.50327],[-119.28432,34.50344],[-119.28483,34.50339],[-119.28495,34.50352],[-119.28497,34.50408],[-119.28535,34.5042],[-119.28625,34.50564],[-119.28631,34.50606],[-119.28655,34.50627],[-119.28758,34.50593],[-119.28843,34.50578],[-119.2897,34.50521],[-119.29067,34.50514],[-119.29135,34.50459],[-119.29204,34.50444],[-119.29254,34.50408],[-119.29249,34.50337],[-119.29272,34.50295],[-119.29067,34.50203],[-119.2902,34.50139],[-119.28981,34.50123],[-119.28964,34.50091],[-119.28929,34.50081],[-119.28905,34.5004],[-119.28946,34.49972],[-119.28988,34.49955],[-119.2899,34.49913],[-119.29048,34.49871],[-119.29021,34.498],[-119.28998,34.49782],[-119.28929,34.49756],[-119.28792,34.49782],[-119.28758,34.49771],[-119.28861,34.49736],[-119.28912,34.49688],[-119.28964,34.49665],[-119.29084,34.49692],[-119.29204,34.49793],[-119.29238,34.49808],[-119.29242,34.49771],[-119.29195,34.49687],[-119.29196,34.49644],[-119.29168,34.49573],[-119.29155,34.49446],[-119.29128,34.49404],[-119.29152,34.494],[-119.29221,34.49431],[-119.29263,34.49432],[-119.2929,34.49452],[-119.29393,34.49487],[-119.29444,34.49523],[-119.29496,34.49535],[-119.29511,34.49517],[-119.29513,34.49474],[-119.29599,34.4944],[-119.29617,34.4939],[-119.2965,34.4935],[-119.2972,34.49347],[-119.29781,34.49319],[-119.29775,34.49262],[-119.29877,34.49206],[-119.29877,34.49191],[-119.29849,34.49163],[-119.29737,34.49092],[-119.29667,34.49088],[-119.29616,34.49053],[-119.29547,34.49051],[-119.29479,34.49098],[-119.29461,34.491],[-119.29444,34.49098],[-119.2941,34.49059],[-119.29341,34.49054],[-119.29309,34.49036],[-119.2929,34.49013],[-119.29244,34.49007],[-119.29236,34.48993],[-119.29238,34.48951],[-119.29221,34.48939],[-119.2917,34.4894],[-119.29084,34.48902],[-119.29015,34.48769],[-119.28998,34.48767],[-119.28964,34.48787],[-119.28861,34.48785],[-119.28843,34.48791],[-119.28826,34.48814],[-119.28792,34.4881],[-119.28758,34.48822],[-119.28706,34.48814],[-119.28672,34.48792],[-119.28655,34.48794],[-119.28638,34.48832],[-119.2862,34.4883],[-119.28574,34.48795],[-119.28483,34.48751],[-119.2838,34.48774],[-119.28329,34.48798],[-119.28306,34.48725],[-119.28301,34.48668],[-119.28278,34.48625],[-119.28278,34.48583],[-119.2826,34.4852],[-119.28225,34.48526],[-119.28217,34.48569],[-119.28205,34.48583],[-119.28108,34.48625],[-119.28094,34.48668],[-119.28054,34.48716],[-119.28037,34.48718],[-119.27951,34.48594],[-119.27847,34.48597],[-119.27779,34.48641],[-119.2777,34.48625],[-119.27764,34.48555],[-119.27745,34.48507],[-119.27728,34.48493],[-119.2759,34.48579],[-119.27556,34.48594],[-119.27539,34.48591],[-119.27559,34.48541],[-119.27549,34.48498],[-119.2757,34.48427],[-119.27563,34.48413],[-119.27506,34.48385],[-119.27505,34.48371],[-119.27557,34.48342],[-119.27558,34.48328],[-119.27536,34.483],[-119.27528,34.48258],[-119.27544,34.48243],[-119.27573,34.48241],[-119.27608,34.4822],[-119.27659,34.48225],[-119.27672,34.48215],[-119.27648,34.48144],[-119.2759,34.48127],[-119.27539,34.4808],[-119.27505,34.4811],[-119.27436,34.48137],[-119.27333,34.48088],[-119.27316,34.48054],[-119.27299,34.48047],[-119.27264,34.48044],[-119.2723,34.48057],[-119.27144,34.48043],[-119.27089,34.48102],[-119.27126,34.4813],[-119.27196,34.48153],[-119.27201,34.48173],[-119.27185,34.48187],[-119.27098,34.48215],[-119.27086,34.48314],[-119.27043,34.48357],[-119.27023,34.48357],[-119.27019,34.48314],[-119.27007,34.48297],[-119.26921,34.48252],[-119.26869,34.48244],[-119.26818,34.48271],[-119.26732,34.48186],[-119.26612,34.48246],[-119.26586,34.48286],[-119.26406,34.48468],[-119.26389,34.48442],[-119.26393,34.48328],[-119.26364,34.483],[-119.26326,34.48173],[-119.26303,34.48161],[-119.26217,34.48179],[-119.26198,34.48173],[-119.26214,34.48116],[-119.26179,34.48059],[-119.26151,34.48045],[-119.26182,34.48003],[-119.26132,34.47946],[-119.26131,34.47931],[-119.26269,34.47968],[-119.26348,34.4796],[-119.26356,34.47946],[-119.26286,34.47876],[-119.26217,34.47887],[-119.26197,34.47876],[-119.26148,34.4782],[-119.26131,34.47821],[-119.26097,34.47846],[-119.2608,34.47847],[-119.26045,34.47822],[-119.25994,34.47833],[-119.2596,34.47793],[-119.25908,34.47775],[-119.25752,34.47663],[-119.25719,34.47684],[-119.25693,34.47734],[-119.25644,34.47748],[-119.25616,34.47773],[-119.25602,34.47819],[-119.25606,34.47833],[-119.25675,34.47876],[-119.25645,34.47918],[-119.25565,34.47932],[-119.2553,34.47969],[-119.25462,34.47969],[-119.2539,34.48031],[-119.25384,34.48059],[-119.25347,34.48088],[-119.25324,34.4812],[-119.25307,34.48113],[-119.25291,34.48088],[-119.25298,34.48045],[-119.2527,34.4796],[-119.25201,34.47932],[-119.25225,34.47904],[-119.25193,34.47876],[-119.25187,34.47847],[-119.25142,34.47805],[-119.25218,34.47776],[-119.25212,34.47748],[-119.25184,34.4772],[-119.25136,34.47707],[-119.2505,34.47726],[-119.25036,34.47734],[-119.25022,34.47776],[-119.25007,34.47791],[-119.2493,34.47809],[-119.24909,34.47805],[-119.24895,34.47769],[-119.24861,34.47736],[-119.24827,34.47766],[-119.24809,34.47755],[-119.24775,34.47755],[-119.24741,34.47699],[-119.24715,34.4772],[-119.24657,34.47805],[-119.24603,34.47752],[-119.24569,34.47789],[-119.24535,34.47795],[-119.24483,34.47838],[-119.24466,34.47831],[-119.24467,34.47762],[-119.24518,34.47681],[-119.24518,34.47661],[-119.24397,34.47714],[-119.2438,34.47671],[-119.24359,34.47663],[-119.24329,34.47676],[-119.24312,34.47663],[-119.24314,34.47635],[-119.24329,34.47626],[-119.24397,34.47615],[-119.24449,34.47588],[-119.24452,34.47564],[-119.24415,34.47531],[-119.24397,34.4753],[-119.24346,34.47568],[-119.24288,34.47564],[-119.24251,34.47635],[-119.24209,34.47658],[-119.24191,34.47687],[-119.24157,34.47686],[-119.24106,34.47703],[-119.24088,34.47608],[-119.24085,34.47621],[-119.24054,34.47635],[-119.2402,34.4767],[-119.23968,34.47632],[-119.23917,34.47646],[-119.239,34.4773],[-119.2385,34.47748],[-119.23779,34.47822],[-119.23758,34.47805],[-119.23762,34.47721],[-119.23694,34.47766],[-119.23676,34.47761],[-119.23628,34.47692],[-119.23628,34.47677],[-119.23649,34.47663],[-119.23647,34.47649],[-119.23591,34.47609],[-119.23573,34.47614],[-119.23539,34.47633],[-119.23536,34.47663],[-119.23488,34.47716],[-119.23419,34.47709],[-119.23385,34.4775],[-119.2335,34.4777],[-119.23302,34.47776],[-119.23282,34.47793],[-119.2323,34.47778],[-119.23213,34.47786],[-119.23198,34.47805],[-119.2318,34.4789],[-119.23146,34.47918],[-119.23093,34.48037],[-119.23076,34.48036],[-119.23057,34.48017],[-119.23041,34.47979],[-119.23007,34.47972],[-119.22956,34.47975],[-119.22938,34.47986],[-119.22904,34.48041],[-119.22835,34.48031],[-119.22779,34.47975],[-119.22777,34.47946],[-119.22732,34.47852],[-119.22681,34.47892],[-119.22664,34.47943],[-119.22647,34.47962],[-119.22595,34.47967],[-119.22544,34.4799],[-119.22492,34.47985],[-119.22458,34.47971],[-119.22431,34.47932],[-119.22418,34.4789],[-119.22355,34.47865],[-119.22286,34.47873],[-119.222,34.4795],[-119.22149,34.47926],[-119.22063,34.47945],[-119.22035,34.47975],[-119.22024,34.48003],[-119.2196,34.48034],[-119.21918,34.48088],[-119.21882,34.48116],[-119.2191,34.48159],[-119.22015,34.48229],[-119.22067,34.483],[-119.22063,34.48319],[-119.22046,34.48328],[-119.21994,34.48307],[-119.21943,34.48324],[-119.21908,34.4831],[-119.2184,34.48314],[-119.21805,34.48304],[-119.21737,34.48336],[-119.21651,34.48276],[-119.21565,34.48269],[-119.21546,34.48272],[-119.21536,34.48286],[-119.21582,34.48357],[-119.21612,34.48385],[-119.21617,34.48414],[-119.21599,34.48433],[-119.21531,34.4847],[-119.21528,34.48512],[-119.21445,34.48512],[-119.2141,34.48526],[-119.21395,34.48583],[-119.21342,34.4864],[-119.21348,34.48668],[-119.21376,34.48695],[-119.21548,34.4879],[-119.21585,34.48824],[-119.21468,34.48824],[-119.21445,34.48908],[-119.21428,34.48905],[-119.21411,34.48869],[-119.21359,34.48833],[-119.21273,34.48786],[-119.21239,34.48792],[-119.21222,34.48781],[-119.21236,34.48753],[-119.21223,34.4871],[-119.21235,34.48682],[-119.21231,34.48625],[-119.21172,34.48583],[-119.2117,34.48562],[-119.21149,34.48541],[-119.21165,34.48442],[-119.21103,34.48413],[-119.21099,34.48385],[-119.21078,34.48357],[-119.21084,34.48337],[-119.21136,34.48323],[-119.2117,34.48305],[-119.21182,34.48286],[-119.21133,34.48229],[-119.21133,34.48201],[-119.21154,34.48173],[-119.21148,34.48116],[-119.21112,34.48074],[-119.21102,34.48019],[-119.2105,34.47999],[-119.21016,34.47971],[-119.20947,34.47968],[-119.20896,34.47998],[-119.20827,34.47972],[-119.20793,34.47938],[-119.20758,34.47932],[-119.20724,34.47913],[-119.20707,34.47917],[-119.20648,34.48017],[-119.2063,34.48074],[-119.20641,34.48102],[-119.20627,34.4813],[-119.20587,34.48163],[-119.20569,34.48191],[-119.20535,34.48191],[-119.20484,34.4822],[-119.20346,34.48076],[-119.20316,34.48031],[-119.20192,34.47992],[-119.20157,34.47994],[-119.20104,34.48017],[-119.20053,34.48088],[-119.20062,34.4813],[-119.20101,34.48187],[-119.20089,34.4823],[-119.20032,34.483],[-119.20037,34.48343],[-119.2002,34.48353],[-119.19986,34.48352],[-119.199,34.48321],[-119.19861,34.48328],[-119.19856,34.48371],[-119.19837,34.48399],[-119.19837,34.4847],[-119.19806,34.48498],[-119.19793,34.48526],[-119.19906,34.48625],[-119.19906,34.4864],[-119.19866,34.48671],[-119.19745,34.48689],[-119.19723,34.48696],[-119.19713,34.4871],[-119.19728,34.48763],[-119.19814,34.48838],[-119.19866,34.48844],[-119.19889,34.48866],[-119.19951,34.48887],[-119.20089,34.48903],[-119.20175,34.48896],[-119.20201,34.48908],[-119.20123,34.48959],[-119.20022,34.48979],[-119.19996,34.49007],[-119.20037,34.4908],[-119.20149,34.49177],[-119.2014,34.49186],[-119.20054,34.4919],[-119.20037,34.4921],[-119.20022,34.49276],[-119.20029,34.49305],[-119.20015,34.49432],[-119.2002,34.4948],[-119.19986,34.49477],[-119.19969,34.4946],[-119.19967,34.4939],[-119.19946,34.49333],[-119.19917,34.49294],[-119.19883,34.49283],[-119.19866,34.49354],[-119.19814,34.4944],[-119.1978,34.49447],[-119.19677,34.49429],[-119.1965,34.49432],[-119.19454,34.49488],[-119.19402,34.49545],[-119.19385,34.49543],[-119.19378,34.49503],[-119.19343,34.49489],[-119.19351,34.4946],[-119.19436,34.49418],[-119.19467,34.4939],[-119.19532,34.49276],[-119.1954,34.49234],[-119.19519,34.49177],[-119.19478,34.49121],[-119.19405,34.49078],[-119.19368,34.49078],[-119.19299,34.49122],[-119.19256,34.49121],[-119.19253,34.49107],[-119.19306,34.49022],[-119.19293,34.48993],[-119.19239,34.48951],[-119.19233,34.48937],[-119.19316,34.48925],[-119.19323,34.48908],[-119.19269,34.48852],[-119.19235,34.48767],[-119.1921,34.48739],[-119.19213,34.48682],[-119.19185,34.48625],[-119.19187,34.48597],[-119.19174,34.48569],[-119.19179,34.48554],[-119.19248,34.48531],[-119.19262,34.48512],[-119.19264,34.48399],[-119.19254,34.48357],[-119.19288,34.48314],[-119.19308,34.48258],[-119.19305,34.48243],[-119.19221,34.48201],[-119.19195,34.48144],[-119.19145,34.48103],[-119.19127,34.48104],[-119.19059,34.48149],[-119.19024,34.48143],[-119.18956,34.48077],[-119.18836,34.48098],[-119.18838,34.48116],[-119.18894,34.48159],[-119.18893,34.48201],[-119.1887,34.48274],[-119.18801,34.4834],[-119.1875,34.4834],[-119.18715,34.48328],[-119.18703,34.48342],[-119.18699,34.48385],[-119.18681,34.48398],[-119.18663,34.48371],[-119.18635,34.48357],[-119.1863,34.48342],[-119.18673,34.48272],[-119.18715,34.48248],[-119.18714,34.48229],[-119.1862,34.48144],[-119.18591,34.48102],[-119.18566,34.48031],[-119.18527,34.48016],[-119.18424,34.48041],[-119.18369,34.48017],[-119.18372,34.48001],[-119.18424,34.4797],[-119.18443,34.47932],[-119.18474,34.47904],[-119.1848,34.4789],[-119.18452,34.47847],[-119.18458,34.47839],[-119.18544,34.47831],[-119.18561,34.47821],[-119.18571,34.47791],[-119.18566,34.47762],[-119.18545,34.47748],[-119.18418,34.47706],[-119.18411,34.47692],[-119.18429,34.47635],[-119.18406,34.47547],[-119.18389,34.47535],[-119.18286,34.47584],[-119.18256,34.4755],[-119.18235,34.47484],[-119.18149,34.47532],[-119.18132,34.47527],[-119.18092,34.47493],[-119.18075,34.47409],[-119.18046,34.47381],[-119.18029,34.47384],[-119.1796,34.47458],[-119.17943,34.47452],[-119.17926,34.47388],[-119.17874,34.47373],[-119.17856,34.4738],[-119.17874,34.47442],[-119.17771,34.47427],[-119.17668,34.47536],[-119.17651,34.47519],[-119.17646,34.47437],[-119.17623,34.4738],[-119.17617,34.47333],[-119.17548,34.47346],[-119.17497,34.47338],[-119.17445,34.47348],[-119.1742,34.47253],[-119.17457,34.47196],[-119.17445,34.47177],[-119.17355,34.47182],[-119.17345,34.47196],[-119.17341,34.47239],[-119.17308,34.47267],[-119.17269,34.47338],[-119.17171,34.47402],[-119.1712,34.47451],[-119.17098,34.47493],[-119.17116,34.47536],[-119.17107,34.4755],[-119.1701,34.47607],[-119.17006,34.47621],[-119.17031,34.47663],[-119.1702,34.47706],[-119.16985,34.47734],[-119.16947,34.47821],[-119.16913,34.47763],[-119.16944,34.47677],[-119.1694,34.47649],[-119.16913,34.47634],[-119.16844,34.47649],[-119.1681,34.47621],[-119.16763,34.47607],[-119.1675,34.47593],[-119.16862,34.47568],[-119.16879,34.47552],[-119.16856,34.47522],[-119.16881,34.47493],[-119.16891,34.47409],[-119.1693,34.4739],[-119.1694,34.47352],[-119.16965,34.47335],[-119.16977,34.47309],[-119.16965,34.47275],[-119.1693,34.47254],[-119.16923,34.47239],[-119.16952,34.4721],[-119.16957,34.47182],[-119.16844,34.47125],[-119.16793,34.47113],[-119.16709,34.47055],[-119.16741,34.47032],[-119.16741,34.47009],[-119.16757,34.46998],[-119.16927,34.46998],[-119.16862,34.469],[-119.1675,34.46772],[-119.16759,34.46748],[-119.16879,34.4677],[-119.16965,34.46803],[-119.16982,34.46798],[-119.17,34.46772],[-119.17059,34.46758],[-119.1708,34.46729],[-119.17068,34.46713],[-119.1705,34.4671],[-119.16913,34.46706],[-119.16862,34.46625],[-119.16844,34.4662],[-119.16793,34.46636],[-119.16759,34.46636],[-119.16724,34.46588],[-119.16707,34.46584],[-119.16673,34.46598],[-119.1657,34.46597],[-119.1655,34.46574],[-119.16574,34.46531],[-119.16555,34.46489],[-119.16484,34.4646],[-119.16465,34.46446],[-119.16452,34.46418],[-119.16398,34.4638],[-119.1636,34.4639],[-119.16312,34.46516],[-119.16295,34.46509],[-119.1626,34.46489],[-119.16252,34.46474],[-119.16274,34.46446],[-119.16261,34.46399],[-119.16226,34.46397],[-119.16176,34.46375],[-119.16192,34.46313],[-119.16158,34.46318],[-119.16146,34.46305],[-119.16172,34.46234],[-119.16158,34.46226],[-119.16123,34.46235],[-119.16089,34.4621],[-119.1602,34.4626],[-119.16003,34.46208]]}},{"type":"Feature","properties":{"m":640,"index":0},"geometry":{"type":"LineString","coordinates":[[-119.17735,34.42043],[-119.17735,34.42043]]}},{"type":"Feature","properties":{"m":640,"index":0},"geometry":{"type":"LineString","coordinates":[[-119.17819,34.4193],[-119.17819,34.4193]]}},{"type":"Feature","properties":{"m":640,"index":0},"geometry":{"type":"LineString","coordinates":[[-119.16003,34.42023],[-119.16038,34.42011],[-119.16089,34.4197],[-119.16141,34.41969],[-119.16151,34.41958],[-119.16158,34.41911],[-119.16192,34.41912],[-119.16244,34.4188],[-119.16295,34.41862],[-119.16347,34.4182],[-119.16364,34.41815],[-119.16415,34.41834],[-119.16484,34.41843],[-119.16518,34.41836],[-119.16537,34.41817],[-119.16538,34.41803],[-119.1652,34.41774],[-119.16535,34.41755],[-119.16604,34.41751],[-119.16638,34.41723],[-119.16707,34.41707],[-119.16741,34.41674],[-119.16776,34.41682],[-119.1681,34.41666],[-119.16879,34.41688],[-119.16982,34.41705],[-119.17076,34.41619],[-119.1711,34.41576],[-119.17126,34.41534],[-119.17188,34.41541],[-119.17222,34.41527],[-119.17242,34.41505]]}},{"type":"Feature","properties":{"m":640,"index":0},"geometry":{"type":"LineString","coordinates":[[-119.17548,34.41503],[-119.17554,34.4159],[-119.17589,34.41619],[-119.17634,34.41633],[-119.17647,34.41647],[-119.17652,34.41675],[-119.17634,34.41718],[-119.1772,34.41787],[-119.17738,34.41774],[-119.17771,34.41721],[-119.1784,34.41723],[-119.1788,34.4176],[-119.17882,34.41817],[-119.17892,34.41836],[-119.17977,34.41759],[-119.18029,34.41733],[-119.18046,34.41737],[-119.18048,34.41774],[-119.18037,34.41817],[-119.17962,34.41888],[-119.1795,34.41944],[-119.17875,34.42029],[-119.17882,34.42058],[-119.17909,34.42084],[-119.17926,34.42127],[-119.17943,34.42138],[-119.17977,34.42074],[-119.17994,34.42065],[-119.18046,34.42119],[-119.18063,34.42108],[-119.18074,34.42058],[-119.18087,34.42043],[-119.1811,34.42043],[-119.18166,34.42071],[-119.18183,34.42067],[-119.18193,34.42043],[-119.18183,34.41973],[-119.18252,34.41897],[-119.18315,34.41944],[-119.18338,34.41981],[-119.18355,34.41986],[-119.18367,34.41958],[-119.18355,34.41873],[-119.18336,34.41845],[-119.18295,34.41817],[-119.1831,34.41803],[-119.18361,34.41789],[-119.18406,34.41734],[-119.18441,34.41746],[-119.18434,34.41774],[-119.18446,34.41845],[-119.18475,34.41875],[-119.18561,34.41884],[-119.1862,34.41817],[-119.18664,34.41796],[-119.1875,34.41875],[-119.18784,34.41931],[-119.18836,34.41937],[-119.1887,34.41928],[-119.18894,34.41902],[-119.18927,34.41831],[-119.18939,34.41762],[-119.19024,34.41773],[-119.19127,34.41745],[-119.19165,34.41746],[-119.19213,34.41767],[-119.19282,34.41818],[-119.19351,34.41831],[-119.19471,34.41767],[-119.19557,34.4177],[-119.19797,34.41663],[-119.19848,34.41661],[-119.19963,34.41718],[-119.20089,34.41757],[-119.20157,34.41765],[-119.20209,34.41755],[-119.20266,34.41732],[-119.2029,34.41661],[-119.20329,34.4166],[-119.20404,34.41633],[-119.20414,34.41619],[-119.20397,34.41505]]}},{"type":"Feature","properties":{"m":680,"index":0},"geometry":{"type":"LineString","coordinates":[[-119.27858,34.50818],[-119.27858,34.50818]]}},{"type":"Feature","properties":{"m":680,"index":0},"geometry":{"type":"LineString","coordinates":[[-119.32195,34.50111],[-119.32195,34.50111]]}},{"type":"Feature","properties":{"m":680,"index":0},"geometry":{"type":"LineString","coordinates":[[-119.27252,34.48102],[-119.27252,34.48102]]}},{"type":"Feature","properties":{"m":680,"index":0},"geometry":{"type":"LineString","coordinates":[[-119.16794,34.46673],[-119.16794,34.46673]]}},{"type":"Feature","properties":{"m":680,"index":0},"geometry":{"type":"LineString","coordinates":[[-119.33993,34.4671],[-119.33971,34.46729],[-119.33982,34.46758],[-119.33974,34.46772],[-119.33941,34.468],[-119.33941,34.46842],[-119.33925,34.46874],[-119.3389,34.46857],[-119.33856,34.46872],[-119.33844,34.468],[-119.33808,34.46772],[-119.33819,34.46743],[-119.33787,34.46701],[-119.33767,34.46701],[-119.33754,34.46743],[-119.33801,34.46772],[-119.33769,34.468],[-119.33753,34.46852],[-119.33736,34.4685],[-119.33719,34.46828],[-119.33684,34.46812],[-119.33664,34.46786],[-119.33633,34.46768],[-119.33622,34.46729],[-119.33599,34.46702],[-119.33581,34.46688],[-119.33544,34.46687],[-119.3351,34.46715],[-119.33512,34.46729],[-119.33547,34.46759],[-119.33551,34.46786],[-119.3351,34.46842],[-119.33518,34.46857],[-119.33581,34.46888],[-119.3361,34.46913],[-119.33599,34.46928],[-119.33547,34.46938],[-119.3352,34.46956],[-119.33547,34.46998],[-119.33499,34.47012],[-119.33496,34.47043],[-119.33461,34.47068],[-119.33375,34.4716],[-119.33358,34.47156],[-119.33324,34.47065],[-119.3329,34.47043],[-119.33272,34.47006],[-119.33204,34.46981],[-119.33175,34.46927],[-119.33134,34.46927],[-119.33084,34.46951],[-119.33066,34.46921],[-119.33015,34.46908],[-119.32991,34.46885],[-119.33007,34.46842],[-119.32981,34.46802],[-119.32963,34.46803],[-119.32929,34.46834],[-119.32912,34.46893],[-119.32826,34.46864],[-119.32809,34.46879],[-119.32794,34.46913],[-119.3274,34.46923],[-119.32706,34.46906],[-119.32692,34.46885],[-119.32689,34.46866],[-119.32706,34.46843],[-119.32709,34.46814],[-119.32676,34.46758],[-119.32688,34.46743],[-119.32723,34.46729],[-119.32722,34.46715],[-119.32672,34.46683],[-119.32654,34.46689],[-119.32631,34.46729],[-119.32569,34.46794],[-119.32534,34.46812],[-119.32466,34.46773],[-119.32431,34.46773],[-119.32393,34.46715],[-119.32294,34.46673],[-119.32277,34.46682],[-119.32258,34.46715],[-119.32333,34.46743],[-119.32332,34.46758],[-119.32287,34.46828],[-119.32291,34.46842],[-119.32347,34.46871],[-119.32435,34.46899],[-119.32445,34.46942],[-119.32397,34.46963],[-119.32345,34.46963],[-119.32291,34.47012],[-119.32294,34.47041],[-119.32283,34.47055],[-119.32209,34.47083],[-119.32196,34.47097],[-119.3219,34.47126],[-119.32174,34.47134],[-119.32121,34.47126],[-119.32058,34.47083],[-119.32019,34.47076],[-119.31984,34.47083],[-119.31951,34.47072],[-119.31867,34.47126],[-119.31848,34.47129],[-119.31814,34.47126],[-119.31762,34.47092],[-119.3171,34.47077],[-119.31642,34.47108],[-119.31573,34.4711],[-119.31521,34.47099],[-119.31436,34.4717],[-119.31384,34.47178],[-119.31298,34.47215],[-119.31247,34.4722],[-119.31092,34.47278],[-119.30989,34.47295],[-119.30982,34.47309],[-119.30989,34.47313],[-119.31109,34.47299],[-119.31178,34.47301],[-119.31212,34.47317],[-119.31264,34.47301],[-119.31278,34.47309],[-119.31247,34.47388],[-119.31174,34.47394],[-119.31196,34.47451],[-119.31188,34.47465],[-119.31144,34.47496],[-119.31092,34.47502],[-119.31083,34.47508],[-119.31074,34.4755],[-119.31023,34.47564],[-119.31017,34.47593],[-119.30884,34.47762],[-119.30877,34.47791],[-119.30886,34.4781],[-119.30921,34.47824],[-119.30972,34.47809],[-119.31109,34.4781],[-119.31148,34.47833],[-119.31157,34.4789],[-119.31178,34.47899],[-119.31281,34.47899],[-119.31384,34.47874],[-119.31407,34.47876],[-119.31394,34.47918],[-119.31415,34.48003],[-119.31408,34.48017],[-119.31367,34.48036],[-119.31264,34.4803],[-119.31247,34.48045],[-119.31251,34.48059],[-119.31281,34.48084],[-119.31367,34.48094],[-119.31401,34.48088],[-119.3144,34.48059],[-119.3147,34.48052],[-119.31536,34.48102],[-119.31573,34.48157],[-119.31607,34.48179],[-119.31624,34.48176],[-119.31676,34.48131],[-119.31688,34.48102],[-119.31707,34.48088],[-119.31714,34.48074],[-119.31707,34.48017],[-119.31766,34.47989],[-119.31746,34.47946],[-119.31745,34.47902],[-119.31762,34.47891],[-119.31818,34.4789],[-119.31847,34.47847],[-119.31865,34.47839],[-119.31933,34.47869],[-119.31985,34.47849],[-119.32054,34.47857],[-119.32122,34.47844],[-119.32156,34.47876],[-119.3221,34.47904],[-119.32208,34.47919],[-119.32157,34.47935],[-119.32088,34.47981],[-119.32081,34.48003],[-119.32104,34.48045],[-119.32102,34.48074],[-119.32112,34.48102],[-119.32103,34.48144],[-119.3216,34.48187],[-119.32191,34.48238],[-119.32208,34.48244],[-119.32277,34.48229],[-119.32311,34.48196],[-119.32414,34.48151],[-119.32448,34.48122],[-119.32483,34.48109],[-119.32534,34.48065],[-119.32553,34.48074],[-119.32559,34.48116],[-119.32575,34.4813],[-119.32582,34.48173],[-119.3262,34.48215],[-119.32657,34.48229],[-119.32657,34.48258],[-119.32678,34.48314],[-119.32757,34.4837],[-119.32826,34.48335],[-119.32878,34.48295],[-119.32915,34.48258],[-119.32929,34.48229],[-119.32981,34.48191],[-119.33032,34.48115],[-119.33079,34.48159],[-119.33075,34.48201],[-119.33119,34.48215],[-119.3313,34.48229],[-119.33161,34.48342],[-119.33187,34.48388],[-119.33255,34.48396],[-119.33307,34.48379],[-119.33444,34.48366],[-119.33547,34.48345],[-119.33556,34.48357],[-119.33537,34.48484],[-119.33509,34.48526],[-119.33507,34.48555],[-119.33476,34.48611],[-119.3349,34.4864],[-119.33564,34.48705],[-119.33599,34.48694],[-119.33737,34.48512],[-119.33789,34.48484],[-119.33814,34.48427],[-119.33856,34.48415],[-119.33895,34.48371],[-119.33936,34.48357],[-119.33959,34.48318],[-119.33976,34.48313],[-119.33983,34.48328],[-119.33997,34.48371],[-119.33997,34.48413]]}},{"type":"Feature","properties":{"m":680,"index":0},"geometry":{"type":"LineString","coordinates":[[-119.33993,34.50508],[-119.3399,34.50493],[-119.33943,34.50451],[-119.3389,34.50376],[-119.33805,34.50343],[-119.3377,34.50339],[-119.33753,34.50347],[-119.33735,34.50394],[-119.3375,34.50521],[-119.33741,34.50564],[-119.33702,34.50625],[-119.33667,34.50609],[-119.3364,34.5062],[-119.33604,34.50691],[-119.33599,34.50738],[-119.33581,34.50747],[-119.3353,34.50708],[-119.33513,34.50707],[-119.33478,34.50747],[-119.33471,34.50776],[-119.33392,34.50818],[-119.33362,34.50847],[-119.3329,34.50886],[-119.33227,34.50889],[-119.33238,34.50845],[-119.3329,34.5079],[-119.33308,34.50705],[-119.33346,34.5062],[-119.33341,34.50606],[-119.33324,34.50608],[-119.33221,34.50689],[-119.33204,34.50677],[-119.33196,34.50592],[-119.33204,34.50507],[-119.33196,34.50493],[-119.33152,34.50468],[-119.33101,34.50464],[-119.33049,34.50495],[-119.32997,34.50507],[-119.32963,34.50475],[-119.32912,34.50473],[-119.32888,34.50422],[-119.3286,34.50392],[-119.32826,34.50391],[-119.32775,34.50414],[-119.32706,34.50418],[-119.32595,34.50337],[-119.32534,34.50317],[-119.32466,34.50333],[-119.32414,34.50358],[-119.3238,34.5036],[-119.32378,34.5038],[-119.32398,34.50436],[-119.32387,34.50493],[-119.32363,34.50516],[-119.32311,34.50459],[-119.32272,34.50436],[-119.32208,34.50439],[-119.32122,34.50414],[-119.32071,34.50447],[-119.32054,34.5044],[-119.31997,34.5038],[-119.31951,34.50375],[-119.31933,34.50319],[-119.31865,34.50311],[-119.31848,34.50265],[-119.31813,34.50243],[-119.31727,34.50236],[-119.31642,34.50265],[-119.31607,34.50233],[-119.31521,34.50268],[-119.315,34.50267],[-119.31557,34.50153],[-119.31673,34.50069],[-119.31678,34.5004],[-119.31556,34.50026],[-119.31533,34.50012],[-119.31523,34.49984],[-119.31487,34.49984],[-119.3147,34.49989],[-119.31384,34.50095],[-119.31333,34.50102],[-119.31298,34.50118],[-119.31281,34.50114],[-119.31281,34.50054],[-119.31216,34.50026],[-119.31161,34.50018],[-119.31151,34.4997],[-119.31092,34.49908],[-119.31056,34.49899],[-119.31039,34.49842],[-119.31013,34.498],[-119.31006,34.49734],[-119.30989,34.49719],[-119.30926,34.49757],[-119.30903,34.49785],[-119.30915,34.49828],[-119.30886,34.49872],[-119.30909,34.49941],[-119.3089,34.49998],[-119.30898,34.50054],[-119.30878,34.50097],[-119.308,34.50115],[-119.30737,34.50111],[-119.30733,34.50125],[-119.30756,34.50196],[-119.30745,34.50224],[-119.30694,34.50267],[-119.30646,34.50279],[-119.30612,34.50319],[-119.30535,34.50352],[-119.30472,34.50408],[-119.30509,34.50445],[-119.30663,34.50456],[-119.30763,34.50479],[-119.30789,34.50493],[-119.30797,34.50507],[-119.30783,34.50514],[-119.3068,34.50526],[-119.30649,34.50535],[-119.30636,34.5055],[-119.30663,34.50558],[-119.30749,34.50551],[-119.30818,34.50567],[-119.30833,34.50578],[-119.30806,34.50606],[-119.30796,34.50634],[-119.30852,34.50677],[-119.30818,34.50719],[-119.30763,34.50762],[-119.30748,34.50804],[-119.30745,34.50847],[-119.30754,34.50875],[-119.30806,34.50932],[-119.308,34.50946],[-119.30732,34.50952],[-119.30629,34.50909],[-119.30612,34.50909],[-119.30608,34.50917],[-119.30631,34.50974],[-119.30665,34.51002],[-119.30664,34.51031],[-119.30691,34.51101],[-119.3067,34.51144],[-119.30577,34.51238],[-119.3056,34.51238],[-119.30551,34.51214],[-119.30567,34.51172],[-119.30491,34.51105],[-119.30457,34.51051],[-119.30303,34.50987],[-119.30217,34.51007],[-119.30131,34.50993],[-119.30114,34.50998],[-119.30104,34.51016],[-119.30103,34.51101],[-119.30062,34.51172],[-119.29994,34.51235],[-119.29925,34.5128],[-119.29891,34.51336],[-119.29879,34.51342],[-119.29841,34.51328],[-119.2977,34.51259],[-119.29736,34.51255],[-119.29705,34.51271],[-119.29685,34.51302],[-119.29633,34.51345],[-119.29599,34.51347],[-119.2953,34.51319],[-119.29513,34.51325],[-119.29507,34.51342],[-119.29533,34.51384],[-119.2953,34.51443],[-119.29461,34.5141],[-119.29393,34.51404],[-119.29376,34.51368],[-119.29307,34.51325],[-119.29273,34.51323],[-119.29238,34.51346],[-119.29221,34.51346],[-119.29152,34.51318],[-119.29085,34.51342],[-119.28998,34.51433],[-119.28929,34.51414],[-119.28912,34.51393],[-119.28895,34.51389],[-119.28826,34.51403],[-119.28775,34.51344],[-119.28741,34.51329],[-119.28723,34.51336],[-119.28689,34.51376],[-119.28655,34.51384],[-119.2862,34.51407],[-119.28535,34.51298],[-119.28432,34.51261],[-119.28346,34.51279],[-119.28311,34.51309],[-119.28264,34.51313],[-119.28226,34.51366],[-119.28208,34.51367],[-119.28174,34.51355],[-119.28123,34.51309],[-119.2809,34.51299],[-119.28099,34.51271],[-119.28142,34.51257],[-119.28172,34.51229],[-119.28159,34.512],[-119.28088,34.51175],[-119.28027,34.51172],[-119.27968,34.51151],[-119.27899,34.51155],[-119.27863,34.51186],[-119.27882,34.51216],[-119.27951,34.51263],[-119.28005,34.51271],[-119.28088,34.51313],[-119.28081,34.51356],[-119.28037,34.5141],[-119.27848,34.51441],[-119.27835,34.51469],[-119.27848,34.51478],[-119.27899,34.51468],[-119.27951,34.51475],[-119.28105,34.5154],[-119.28153,34.51526],[-119.28208,34.51487],[-119.28243,34.51484],[-119.28251,34.51497],[-119.28174,34.51606],[-119.28088,34.51643],[-119.28054,34.51669],[-119.2804,34.51695],[-119.28043,34.51752],[-119.27985,34.51748],[-119.27951,34.5173],[-119.27934,34.51736],[-119.27922,34.51752],[-119.27917,34.51814],[-119.27903,34.51851],[-119.27814,34.51867],[-119.27782,34.51893],[-119.27765,34.51922],[-119.27686,34.5195],[-119.27677,34.51964],[-119.27683,34.51978],[-119.2774,34.51992],[-119.27769,34.52021],[-119.27769,34.52035],[-119.27676,34.5208],[-119.27642,34.5213],[-119.27539,34.52102],[-119.27511,34.5212],[-119.27487,34.5217],[-119.27436,34.52166],[-119.27367,34.52145],[-119.27275,34.5219],[-119.27296,34.52247],[-119.27281,34.52273],[-119.27178,34.52294],[-119.27144,34.52327],[-119.2711,34.52324],[-119.27075,34.52353],[-119.27037,34.52431],[-119.27038,34.52445],[-119.27065,34.52473],[-119.27058,34.52479],[-119.2699,34.52483],[-119.26972,34.52476],[-119.2695,34.52388],[-119.26978,34.52289],[-119.26969,34.52261],[-119.26955,34.52249],[-119.26873,34.52318],[-119.26873,34.52346],[-119.26891,34.52374],[-119.26869,34.52447],[-119.26855,34.52403],[-119.26835,34.52384],[-119.26749,34.52385],[-119.26681,34.52352],[-119.26663,34.52356],[-119.26646,34.52396],[-119.26593,34.52417],[-119.26526,34.52522],[-119.26485,34.52487],[-119.26477,34.52417],[-119.26491,34.52346],[-119.26543,34.52318],[-119.26547,34.52304],[-119.26528,34.52261],[-119.26492,34.52238],[-119.26354,34.5223],[-119.26303,34.52216],[-119.26131,34.52213],[-119.26101,34.52204],[-119.26063,34.52217],[-119.26011,34.52207],[-119.2596,34.52222],[-119.25891,34.52208],[-119.25839,34.52222],[-119.25771,34.52214],[-119.25701,34.52219],[-119.25908,34.52106],[-119.25942,34.52119],[-119.25977,34.52113],[-119.25994,34.52106],[-119.26011,34.52078],[-119.26063,34.52078],[-119.26114,34.52065],[-119.26131,34.52028],[-119.26251,34.52018],[-119.26269,34.51983],[-119.26303,34.51976],[-119.26414,34.51879],[-119.26492,34.51842],[-119.26595,34.51823],[-119.26681,34.51776],[-119.26801,34.5176],[-119.26869,34.51775],[-119.26886,34.51766],[-119.26878,34.51752],[-119.26801,34.51665],[-119.26749,34.51681],[-119.26698,34.51673],[-119.26663,34.51687],[-119.26612,34.51692],[-119.26578,34.51744],[-119.26475,34.51781],[-119.26446,34.5178],[-119.26422,34.51766],[-119.2646,34.51738],[-119.26481,34.51709],[-119.26488,34.51681],[-119.26475,34.51665],[-119.26406,34.51656],[-119.26374,34.51667],[-119.26337,34.51698],[-119.26286,34.51682],[-119.26166,34.51707],[-119.26152,34.51695],[-119.2616,34.51681],[-119.262,34.51648],[-119.26251,34.51634],[-119.26308,34.51596],[-119.2634,34.51526],[-119.26286,34.51501],[-119.26148,34.51522],[-119.25994,34.515],[-119.25985,34.51483],[-119.25994,34.51465],[-119.26097,34.51429],[-119.26111,34.51412],[-119.26109,34.5137],[-119.2608,34.51336],[-119.25977,34.51309],[-119.25955,34.51285],[-119.25907,34.51271],[-119.25874,34.51249],[-119.25758,34.51257],[-119.25633,34.51194],[-119.25582,34.51197],[-119.2553,34.51179],[-119.25427,34.51177],[-119.25414,34.51172],[-119.25414,34.51158],[-119.25442,34.51115],[-119.25496,34.51096],[-119.25771,34.51125],[-119.25994,34.51103],[-119.26097,34.5113],[-119.26354,34.51159],[-119.26471,34.512],[-119.26578,34.51225],[-119.26663,34.51292],[-119.26749,34.5129],[-119.26766,34.51262],[-119.26801,34.51249],[-119.26835,34.51222],[-119.26852,34.51181],[-119.26887,34.51165],[-119.27075,34.51128],[-119.27161,34.51055],[-119.27209,34.51031],[-119.27227,34.50988],[-119.27203,34.50946],[-119.27197,34.50903],[-119.27127,34.50894],[-119.27106,34.50875],[-119.27196,34.50813],[-119.27273,34.5079],[-119.27305,34.50719],[-119.27297,34.50663],[-119.27353,34.50649],[-119.27341,34.5062],[-119.27293,34.50592],[-119.2725,34.50507],[-119.27243,34.50479],[-119.27248,34.50436],[-119.27238,34.50408],[-119.27247,34.50394],[-119.27264,34.50397],[-119.27299,34.50438],[-119.27316,34.50444],[-119.2735,34.50437],[-119.27453,34.5038],[-119.27505,34.50367],[-119.27556,34.50387],[-119.2759,34.50387],[-119.27608,34.50373],[-119.27611,34.50352],[-119.27585,34.50281],[-119.27539,34.50234],[-119.27532,34.5021],[-119.27608,34.50201],[-119.27642,34.50181],[-119.27711,34.502],[-119.27745,34.50221],[-119.27831,34.50237],[-119.27848,34.50221],[-119.27882,34.50153],[-119.27934,34.50129],[-119.27974,34.50182],[-119.28054,34.50208],[-119.28061,34.50238],[-119.28088,34.5026],[-119.28157,34.50262],[-119.28191,34.50249],[-119.2826,34.50275],[-119.28311,34.5026],[-119.28329,34.50281],[-119.28363,34.50293],[-119.2838,34.50283],[-119.28438,34.50281],[-119.28466,34.50303],[-119.28532,34.50323],[-119.28538,34.50366],[-119.28689,34.50552],[-119.28716,34.50521],[-119.28849,34.50451],[-119.28912,34.50429],[-119.28998,34.5042],[-119.29101,34.50375],[-119.29158,34.50337],[-119.29157,34.50309],[-119.29032,34.50245],[-119.28981,34.50189],[-119.28944,34.50168],[-119.28916,34.50125],[-119.28877,34.50111],[-119.28843,34.50043],[-119.28844,34.50026],[-119.28881,34.49998],[-119.28891,34.49955],[-119.28937,34.49927],[-119.28931,34.49899],[-119.28976,34.49856],[-119.28981,34.49842],[-119.28972,34.49828],[-119.28929,34.49799],[-119.28912,34.49798],[-119.28809,34.49819],[-119.28723,34.49821],[-119.28705,34.49786],[-119.28648,34.49757],[-119.28655,34.49732],[-119.28649,34.49715],[-119.28604,34.49687],[-119.28604,34.49672],[-119.2862,34.49657],[-119.28638,34.49661],[-119.28706,34.49687],[-119.28741,34.49717],[-119.28775,34.49721],[-119.28826,34.49701],[-119.28864,34.49658],[-119.28946,34.49603],[-119.28964,34.49599],[-119.29015,34.49614],[-119.29049,34.4961],[-119.29135,34.4963],[-119.29105,34.49531],[-119.291,34.4946],[-119.29077,34.49432],[-119.29013,34.49404],[-119.29034,34.4939],[-119.29032,34.49356],[-119.29049,34.49349],[-119.29084,34.49359],[-119.29152,34.49359],[-119.29221,34.49378],[-119.2929,34.4938],[-119.29341,34.49403],[-119.29393,34.49405],[-119.29461,34.49441],[-119.29547,34.49404],[-119.29593,34.49347],[-119.29604,34.49305],[-119.29668,34.49248],[-119.29673,34.49206],[-119.29713,34.49191],[-119.29674,34.49135],[-119.29547,34.49115],[-119.2953,34.4912],[-119.29513,34.4914],[-119.29427,34.49141],[-119.29411,34.49135],[-119.29393,34.49105],[-119.29372,34.49092],[-119.29221,34.49055],[-119.29204,34.49044],[-119.29176,34.48993],[-119.29118,34.48983],[-119.29045,34.48937],[-119.29013,34.48866],[-119.28984,34.48838],[-119.28964,34.48832],[-119.28878,34.48834],[-119.28843,34.48851],[-119.28792,34.48852],[-119.28758,34.48877],[-119.28706,34.48856],[-119.2862,34.48891],[-119.28552,34.48858],[-119.28517,34.48851],[-119.28466,34.48811],[-119.28396,34.48809],[-119.28329,34.48856],[-119.28311,34.48847],[-119.28274,34.48852],[-119.28261,34.48824],[-119.28281,34.48781],[-119.2825,34.48725],[-119.2823,34.48654],[-119.28208,34.48633],[-119.28157,34.4866],[-119.28054,34.48788],[-119.28037,34.48788],[-119.2798,34.48725],[-119.27958,34.48682],[-119.27917,34.48649],[-119.27848,34.48655],[-119.27814,34.48669],[-119.27796,34.4869],[-119.27753,34.48696],[-119.27727,34.4864],[-119.27723,34.48583],[-119.27711,34.48561],[-119.27676,34.48569],[-119.27573,34.48629],[-119.27487,34.48645],[-119.27478,34.48625],[-119.27499,34.48583],[-119.27497,34.48555],[-119.27511,34.48526],[-119.27495,34.48484],[-119.27511,34.48456],[-119.27435,34.48371],[-119.27476,34.48314],[-119.2746,34.48258],[-119.27465,34.48215],[-119.27525,34.48187],[-119.27536,34.48173],[-119.27522,34.48156],[-119.27436,34.48183],[-119.27367,34.48172],[-119.2735,34.48179],[-119.27316,34.48233],[-119.27299,34.48241],[-119.27264,34.48235],[-119.2723,34.4826],[-119.27196,34.48247],[-119.27161,34.48248],[-119.27142,34.48286],[-119.27146,34.48328],[-119.27127,34.48359],[-119.27059,34.48399],[-119.27024,34.48433],[-119.27001,34.48427],[-119.26964,34.48357],[-119.26904,34.48301],[-119.26869,34.48299],[-119.26801,34.48322],[-119.26732,34.48257],[-119.26715,34.48248],[-119.26698,34.48254],[-119.2665,34.48286],[-119.26621,34.48328],[-119.26534,34.48413],[-119.26457,34.48473],[-119.26443,34.48498],[-119.26445,34.48541],[-119.26423,34.48565],[-119.26348,34.48456],[-119.26336,34.48399],[-119.26356,34.48371],[-119.2632,34.48329],[-119.26312,34.48286],[-119.26288,34.48258],[-119.26286,34.48228],[-119.2627,34.48215],[-119.262,34.48229],[-119.2612,34.48215],[-119.26129,34.48173],[-119.26116,34.4813],[-119.26128,34.48102],[-119.26117,34.48088],[-119.26055,34.48074],[-119.26045,34.48062],[-119.26066,34.48031],[-119.26057,34.47989],[-119.26011,34.4795],[-119.25977,34.47941],[-119.25917,34.47876],[-119.25916,34.47861],[-119.25931,34.47847],[-119.25925,34.47831],[-119.25771,34.47741],[-119.25754,34.47743],[-119.25688,34.47791],[-119.25702,34.47819],[-119.25782,34.47847],[-119.25797,34.47861],[-119.25736,34.47913],[-119.25732,34.4796],[-119.25702,34.47976],[-119.25599,34.47972],[-119.25582,34.47983],[-119.25565,34.48024],[-119.25513,34.48023],[-119.25479,34.48039],[-119.25445,34.48067],[-119.25436,34.48088],[-119.25361,34.48144],[-119.25341,34.48215],[-119.25307,34.48247],[-119.2528,34.48201],[-119.25271,34.48144],[-119.25231,34.48116],[-119.25225,34.48102],[-119.25234,34.48074],[-119.25231,34.48045],[-119.25187,34.47984],[-119.25109,34.4796],[-119.25105,34.47946],[-119.25128,34.47904],[-119.25127,34.4789],[-119.25107,34.47861],[-119.25084,34.47852],[-119.2505,34.47853],[-119.25015,34.47871],[-119.24981,34.4787],[-119.24895,34.47892],[-119.24855,34.47876],[-119.24844,34.47825],[-119.2481,34.47847],[-119.24792,34.47847],[-119.24775,34.47823],[-119.24724,34.47803],[-119.24689,34.47858],[-119.24655,34.47885],[-119.24621,34.47845],[-119.24595,34.47833],[-119.24503,34.4789],[-119.24415,34.47917],[-119.24397,34.47914],[-119.24392,34.47904],[-119.24415,34.47848],[-119.24413,34.47833],[-119.24363,34.47827],[-119.24346,34.47802],[-119.24294,34.47793],[-119.24271,34.47748],[-119.24249,34.47734],[-119.24226,34.47739],[-119.24191,34.47775],[-119.24157,34.47759],[-119.24106,34.47794],[-119.24088,34.47791],[-119.24055,34.47762],[-119.2402,34.47777],[-119.24003,34.47772],[-119.23968,34.4774],[-119.23934,34.47785],[-119.23897,34.47791],[-119.23833,34.47833],[-119.23814,34.47862],[-119.23785,34.47876],[-119.23762,34.47903],[-119.23728,34.47901],[-119.23712,34.4789],[-119.23702,34.47861],[-119.23659,34.47858],[-119.23647,34.47847],[-119.23573,34.4772],[-119.23556,34.4772],[-119.23505,34.4777],[-119.23453,34.47768],[-119.23385,34.47804],[-119.23368,34.47823],[-119.23254,34.47847],[-119.23238,34.47876],[-119.2324,34.47904],[-119.23196,34.47938],[-119.23141,34.48017],[-119.2311,34.48123],[-119.23093,34.48123],[-119.23042,34.48059],[-119.2299,34.48035],[-119.2296,34.48045],[-119.22904,34.48113],[-119.22887,34.48122],[-119.22873,34.48116],[-119.22853,34.48093],[-119.22818,34.48079],[-119.22769,34.48031],[-119.22732,34.48012],[-119.22715,34.47946],[-119.22664,34.47998],[-119.22595,34.48013],[-119.22544,34.48037],[-119.22475,34.48036],[-119.22423,34.48012],[-119.22406,34.47998],[-119.22372,34.47925],[-119.22355,34.47915],[-119.2232,34.4792],[-119.22235,34.47981],[-119.222,34.47995],[-119.22183,34.47997],[-119.22149,34.47979],[-119.22103,34.47989],[-119.21961,34.48116],[-119.2196,34.48129],[-119.21995,34.48173],[-119.22068,34.48201],[-119.22077,34.48215],[-119.22073,34.48243],[-119.22135,34.483],[-119.22102,34.48328],[-119.22097,34.48381],[-119.22063,34.48383],[-119.22011,34.48352],[-119.2196,34.48373],[-119.21908,34.48354],[-119.2184,34.48362],[-119.21805,34.48355],[-119.21742,34.48385],[-119.21685,34.48359],[-119.21687,34.48427],[-119.21648,34.4847],[-119.21583,34.48512],[-119.21569,34.48555],[-119.21462,34.4856],[-119.21407,34.4864],[-119.21409,34.48654],[-119.21462,34.48686],[-119.21548,34.48711],[-119.21651,34.48763],[-119.21737,34.48838],[-119.2187,34.48894],[-119.21959,34.48965],[-119.2198,34.48993],[-119.2196,34.49017],[-119.21857,34.48975],[-119.21737,34.48979],[-119.21685,34.48963],[-119.21651,34.48979],[-119.21634,34.48935],[-119.21617,34.48919],[-119.21582,34.48907],[-119.21548,34.48912],[-119.21518,34.48937],[-119.21493,34.49064],[-119.21465,34.49107],[-119.21445,34.49122],[-119.21362,34.49149],[-119.21298,34.49191],[-119.2129,34.49212],[-119.21279,34.49177],[-119.21338,34.49064],[-119.21298,34.49036],[-119.21293,34.49022],[-119.21342,34.48994],[-119.21366,34.48965],[-119.21362,34.48908],[-119.21325,34.48875],[-119.21239,34.48844],[-119.21102,34.48851],[-119.21063,34.48838],[-119.21061,34.48824],[-119.21102,34.48799],[-119.2115,34.48753],[-119.2115,34.4871],[-119.21181,34.48668],[-119.21168,34.48625],[-119.21124,34.48597],[-119.21088,34.48541],[-119.21119,34.48501],[-119.21116,34.4847],[-119.21036,34.48427],[-119.2103,34.48399],[-119.21037,34.48385],[-119.21009,34.48357],[-119.21014,34.48314],[-119.21119,34.48272],[-119.21084,34.48216],[-119.211,34.48144],[-119.21072,34.48102],[-119.21057,34.48059],[-119.20981,34.48025],[-119.2093,34.48029],[-119.20896,34.48045],[-119.20775,34.47996],[-119.2073,34.48031],[-119.20677,34.48159],[-119.20627,34.48187],[-119.2062,34.48229],[-119.20587,34.48247],[-119.20552,34.48244],[-119.20535,34.48252],[-119.20518,34.48282],[-119.20501,34.48287],[-119.2045,34.48258],[-119.20278,34.48076],[-119.20228,34.48059],[-119.20192,34.48062],[-119.20137,34.48116],[-119.20153,34.48187],[-119.20126,34.48258],[-119.20089,34.48314],[-119.20095,34.48371],[-119.20089,34.48382],[-119.20037,34.48396],[-119.19986,34.48397],[-119.19934,34.48384],[-119.19917,34.48391],[-119.199,34.48457],[-119.19857,34.48512],[-119.19857,34.48526],[-119.19976,34.48611],[-119.19979,34.48625],[-119.19917,34.48692],[-119.19831,34.48728],[-119.19814,34.48739],[-119.19812,34.48753],[-119.19816,34.48767],[-119.19848,34.48794],[-119.19973,34.48838],[-119.20089,34.48844],[-119.20123,34.48837],[-119.20226,34.48848],[-119.20259,34.48838],[-119.20291,34.48809],[-119.20312,34.48802],[-119.20329,34.48838],[-119.20386,34.48866],[-119.20312,34.48898],[-119.20286,34.48923],[-119.20192,34.48969],[-119.20157,34.49003],[-119.20102,34.49007],[-119.20086,34.49022],[-119.20108,34.49064],[-119.20157,34.4911],[-119.2026,34.49172],[-119.20346,34.49195],[-119.20375,34.49234],[-119.20363,34.49254],[-119.20312,34.49235],[-119.20278,34.49262],[-119.20226,34.49242],[-119.20157,34.49244],[-119.20123,34.49256],[-119.2011,34.49276],[-119.20108,34.49319],[-119.20093,34.49347],[-119.20087,34.4939],[-119.20129,34.49432],[-119.20131,34.49474],[-119.20169,34.49531],[-119.20132,34.49545],[-119.20131,34.49559],[-119.20179,34.49658],[-119.20178,34.49672],[-119.20086,34.4963],[-119.19935,34.49489],[-119.19917,34.49441],[-119.199,34.49439],[-119.19871,34.49489],[-119.19856,34.49545],[-119.19801,34.49559],[-119.19791,34.49588],[-119.19752,34.4963],[-119.19677,34.4958],[-119.19642,34.49584],[-119.19591,34.49614],[-119.19539,34.49599],[-119.19471,34.49604],[-119.19436,34.49619],[-119.19409,34.49644],[-119.19378,34.49701],[-119.19333,34.49731],[-119.19298,34.49771],[-119.19265,34.49828],[-119.19248,34.49824],[-119.19231,34.49786],[-119.19241,34.49729],[-119.19283,34.49644],[-119.19283,34.49616],[-119.19145,34.49641],[-119.1911,34.49639],[-119.1907,34.49616],[-119.19083,34.49602],[-119.19162,34.49578],[-119.19213,34.49542],[-119.19282,34.49447],[-119.19417,34.4939],[-119.19453,34.49333],[-119.19481,34.49248],[-119.19471,34.49214],[-119.19431,34.49163],[-119.19385,34.4913],[-119.19317,34.49163],[-119.19263,34.49163],[-119.19196,34.49187],[-119.19165,34.49177],[-119.19232,34.49022],[-119.19213,34.48995],[-119.19136,34.48951],[-119.19121,34.48923],[-119.19129,34.48908],[-119.19222,34.4888],[-119.19198,34.48809],[-119.19143,34.48753],[-119.19161,34.48682],[-119.19125,34.4864],[-119.19119,34.48625],[-119.19126,34.48597],[-119.19104,34.48555],[-119.19111,34.48526],[-119.19196,34.48498],[-119.19205,34.48484],[-119.19189,34.48371],[-119.19207,34.48314],[-119.19206,34.48272],[-119.19162,34.48229],[-119.19145,34.48188],[-119.19076,34.48202],[-119.19007,34.48193],[-119.18956,34.48156],[-119.18947,34.48173],[-119.18951,34.48201],[-119.18927,34.48258],[-119.18904,34.48298],[-119.18868,34.48328],[-119.18837,34.48371],[-119.18767,34.48385],[-119.1875,34.48424],[-119.18715,34.48457],[-119.18664,34.48489],[-119.1863,34.48498],[-119.18612,34.48524],[-119.18577,34.48541],[-119.18592,34.48456],[-119.18578,34.48435],[-119.18553,34.48427],[-119.18533,34.48371],[-119.18578,34.48306],[-119.1859,34.48272],[-119.1863,34.48245],[-119.18636,34.48229],[-119.1857,34.48173],[-119.18544,34.48116],[-119.18509,34.48083],[-119.18406,34.4809],[-119.18372,34.48066],[-119.18301,34.48059],[-119.1832,34.48017],[-119.18312,34.47975],[-119.18372,34.47952],[-119.18418,34.4789],[-119.18383,34.47847],[-119.18382,34.47833],[-119.18421,34.47776],[-119.18372,34.47739],[-119.18348,34.47706],[-119.18361,34.47635],[-119.18355,34.47619],[-119.18269,34.47658],[-119.18252,34.47646],[-119.182,34.47567],[-119.18115,34.47599],[-119.18097,34.47587],[-119.18063,34.47536],[-119.18012,34.47497],[-119.17892,34.47544],[-119.1784,34.47507],[-119.17771,34.47513],[-119.17754,34.4752],[-119.17714,34.47564],[-119.17686,34.47619],[-119.17668,34.47625],[-119.17621,34.47564],[-119.1756,34.47409],[-119.17548,34.47401],[-119.17514,34.47407],[-119.17428,34.47481],[-119.17411,34.47482],[-119.17378,34.47437],[-119.17363,34.4738],[-119.17342,34.47348],[-119.17325,34.4735],[-119.17308,34.47369],[-119.17204,34.47423],[-119.17171,34.47479],[-119.17169,34.47508],[-119.17188,34.47535],[-119.17171,34.47579],[-119.17154,34.47593],[-119.17102,34.47608],[-119.17078,34.47635],[-119.17092,34.47663],[-119.17098,34.47734],[-119.17035,34.47762],[-119.17005,34.47805],[-119.17007,34.47833],[-119.17053,34.4789],[-119.17099,34.48031],[-119.17094,34.48059],[-119.17085,34.48062],[-119.16998,34.47989],[-119.16975,34.47946],[-119.16936,34.47918],[-119.16908,34.47876],[-119.16879,34.47867],[-119.16822,34.47876],[-119.16828,34.47847],[-119.16885,34.47805],[-119.1689,34.47791],[-119.16874,34.47762],[-119.16876,34.4772],[-119.16864,34.47706],[-119.16827,34.47706],[-119.16759,34.47736],[-119.16741,34.47735],[-119.16741,34.47706],[-119.16707,34.47659],[-119.16604,34.47653],[-119.1654,34.47635],[-119.16523,34.47621],[-119.16638,34.47586],[-119.16707,34.47544],[-119.16783,34.47536],[-119.16787,34.47508],[-119.16816,34.47493],[-119.16839,34.47451],[-119.16845,34.47423],[-119.16835,34.4738],[-119.16842,34.47366],[-119.16896,34.47361],[-119.16908,34.47324],[-119.16923,34.47309],[-119.16866,34.47239],[-119.16879,34.47211],[-119.16875,34.47182],[-119.16827,34.47159],[-119.16776,34.47149],[-119.16695,34.47097],[-119.16604,34.47094],[-119.16592,34.47069],[-119.16571,34.47055],[-119.16567,34.47041],[-119.16619,34.47012],[-119.16581,34.46984],[-119.16601,34.4697],[-119.16673,34.46946],[-119.16808,34.46942],[-119.16805,34.46927],[-119.16761,34.46885],[-119.16716,34.46814],[-119.16652,34.468],[-119.16656,34.46658],[-119.16638,34.46646],[-119.16621,34.46648],[-119.1657,34.46686],[-119.1655,34.46687],[-119.1648,34.46602],[-119.16478,34.46588],[-119.16506,34.46545],[-119.16505,34.46517],[-119.16415,34.46466],[-119.16396,34.46474],[-119.16368,34.46517],[-119.16363,34.46588],[-119.16329,34.46612],[-119.16324,34.46644],[-119.16278,34.46676],[-119.16261,34.46614],[-119.16219,34.46602],[-119.16192,34.46527],[-119.16175,34.46523],[-119.16123,34.46543],[-119.16106,34.46532],[-119.16106,34.46494],[-119.16149,34.4646],[-119.16149,34.46446],[-119.16114,34.4639],[-119.16091,34.46319],[-119.16072,34.46321],[-119.16003,34.4636]]}},{"type":"Feature","properties":{"m":680,"index":0},"geometry":{"type":"LineString","coordinates":[[-119.16003,34.41813],[-119.16055,34.41785],[-119.16158,34.41771],[-119.16209,34.41747],[-119.16278,34.41758],[-119.16294,34.41732],[-119.16287,34.41633],[-119.16295,34.4163],[-119.1634,34.41647],[-119.16394,34.41704],[-119.16432,34.41709],[-119.16467,34.41688],[-119.16485,34.41633],[-119.16501,34.41616],[-119.16587,34.41601],[-119.16656,34.41607],[-119.16707,34.41568],[-119.16759,34.4155],[-119.16862,34.41573],[-119.16896,34.41592],[-119.17016,34.41577],[-119.17051,34.41562],[-119.17061,34.41548],[-119.17059,34.41505]]}},{"type":"Feature","properties":{"m":680,"index":0},"geometry":{"type":"LineString","coordinates":[[-119.17664,34.41505],[-119.17668,34.41534],[-119.17737,34.41551],[-119.17745,34.41562],[-119.17737,34.41606],[-119.17779,34.41633],[-119.17798,34.41661],[-119.17874,34.41652],[-119.17926,34.41705],[-119.17943,34.41707],[-119.17977,34.4169],[-119.18046,34.41622],[-119.18115,34.41621],[-119.18124,34.41633],[-119.18151,34.4176],[-119.1815,34.41803],[-119.18111,34.41888],[-119.18065,34.4193],[-119.18052,34.41958],[-119.18022,34.41987],[-119.18015,34.42001],[-119.18029,34.42011],[-119.18115,34.41989],[-119.18132,34.41973],[-119.18216,34.41845],[-119.18235,34.4176],[-119.18293,34.41732],[-119.18316,34.41689],[-119.18355,34.41645],[-119.18406,34.41649],[-119.18492,34.41699],[-119.185,34.4176],[-119.18509,34.41781],[-119.18527,34.41788],[-119.18561,34.41781],[-119.1863,34.41741],[-119.18698,34.41734],[-119.18727,34.41746],[-119.18767,34.41798],[-119.18818,34.41814],[-119.18853,34.41801],[-119.18863,34.41746],[-119.18887,34.41703],[-119.19024,34.41714],[-119.1911,34.41675],[-119.19162,34.41676],[-119.19214,34.41689],[-119.19299,34.41739],[-119.19351,34.41743],[-119.19402,34.41723],[-119.19454,34.41686],[-119.19539,34.41695],[-119.19642,34.41677],[-119.1978,34.41601],[-119.19883,34.416],[-119.19951,34.41644],[-119.2002,34.41665],[-119.20123,34.41662],[-119.20192,34.41674],[-119.20209,34.41666],[-119.20216,34.41647],[-119.20196,34.41576],[-119.20209,34.41567],[-119.20278,34.41595],[-119.20315,34.4159],[-119.2033,34.41576],[-119.20316,34.41505]]}},{"type":"Feature","properties":{"m":720,"index":0},"geometry":{"type":"LineString","coordinates":[[-119.28466,34.51356],[-119.28466,34.51356]]}},{"type":"Feature","properties":{"m":720,"index":0},"geometry":{"type":"LineString","coordinates":[[-119.32606,34.46828],[-119.32552,34.46857],[-119.325,34.46849],[-119.32493,34.46857],[-119.32572,34.46899],[-119.32569,34.46916],[-119.32526,34.46956],[-119.32517,34.47],[-119.32466,34.47005],[-119.32431,34.47025],[-119.3238,34.47037],[-119.32345,34.47087],[-119.32297,34.47111],[-119.32208,34.47181],[-119.32036,34.4713],[-119.31951,34.47123],[-119.31848,34.47174],[-119.31812,34.47168],[-119.31745,34.47136],[-119.31693,34.47137],[-119.31642,34.47156],[-119.31539,34.4715],[-119.31468,34.47196],[-119.3137,34.47225],[-119.31384,34.47237],[-119.31473,34.47253],[-119.31418,34.47281],[-119.314,34.47295],[-119.31399,34.47309],[-119.31418,34.47328],[-119.31462,34.47338],[-119.31471,34.47352],[-119.31436,34.47355],[-119.31384,34.47383],[-119.3135,34.47378],[-119.31315,34.47445],[-119.31257,34.47451],[-119.31249,34.47508],[-119.31205,34.47522],[-119.31178,34.47546],[-119.31141,34.4755],[-119.31109,34.47583],[-119.31075,34.476],[-119.31006,34.4767],[-119.30986,34.4772],[-119.30994,34.47748],[-119.31041,34.47771],[-119.31195,34.47784],[-119.31247,34.47797],[-119.31258,34.47805],[-119.31258,34.47861],[-119.31281,34.47869],[-119.31367,34.47863],[-119.31436,34.47829],[-119.31453,34.47829],[-119.31445,34.47918],[-119.3148,34.48003],[-119.31607,34.4809],[-119.31628,34.48059],[-119.3164,34.48017],[-119.31701,34.4796],[-119.317,34.47932],[-119.31679,34.47904],[-119.31681,34.4789],[-119.31727,34.4785],[-119.31779,34.47844],[-119.3183,34.47784],[-119.31865,34.47788],[-119.31933,34.47817],[-119.31968,34.47796],[-119.32019,34.47814],[-119.32071,34.47815],[-119.32139,34.47801],[-119.32191,34.47854],[-119.32277,34.4788],[-119.32282,34.4789],[-119.3226,34.47941],[-119.32225,34.47951],[-119.32137,34.48003],[-119.32154,34.48045],[-119.32163,34.4813],[-119.32174,34.48142],[-119.32242,34.48186],[-119.3226,34.48182],[-119.3238,34.48129],[-119.32534,34.48019],[-119.32575,34.48017],[-119.3259,34.48031],[-119.32603,34.48092],[-119.32632,34.48116],[-119.32635,34.48173],[-119.32689,34.48196],[-119.32702,34.48258],[-119.32723,34.4828],[-119.32757,34.48294],[-119.32809,34.48287],[-119.32874,34.48229],[-119.32891,34.48201],[-119.32956,34.48173],[-119.32987,34.48102],[-119.33049,34.48054],[-119.33074,34.48116],[-119.33127,34.4813],[-119.33119,34.48187],[-119.33161,34.48215],[-119.33177,34.48258],[-119.33238,34.48335],[-119.33255,34.48342],[-119.33375,34.4832],[-119.33496,34.48314],[-119.33581,34.48289],[-119.33595,34.48314],[-119.33599,34.48414],[-119.33552,34.48569],[-119.33581,34.48594],[-119.33599,34.48593],[-119.33702,34.48476],[-119.33752,34.48442],[-119.33787,34.48379],[-119.33839,34.48369],[-119.33856,34.48333],[-119.33908,34.48316],[-119.33959,34.48249],[-119.33976,34.48241],[-119.33993,34.48261]]}},{"type":"Feature","properties":{"m":720,"index":0},"geometry":{"type":"LineString","coordinates":[[-119.33998,34.46857],[-119.33957,34.46913],[-119.33942,34.46954],[-119.33908,34.46971],[-119.33873,34.46946],[-119.33836,34.46956],[-119.33805,34.46893],[-119.3377,34.46919],[-119.33753,34.4692],[-119.33677,34.46871],[-119.33633,34.4683],[-119.33606,34.46828],[-119.33656,34.46885],[-119.33674,34.46927],[-119.33633,34.46963],[-119.33597,34.4697],[-119.33599,34.47028],[-119.33552,34.47055],[-119.33538,34.47083],[-119.33509,34.47097],[-119.3341,34.47182],[-119.33427,34.47239],[-119.3346,34.47267],[-119.33427,34.47286],[-119.3341,34.4733],[-119.33393,34.47325],[-119.33358,34.47273],[-119.33341,34.47262],[-119.3329,34.4727],[-119.33255,34.4726],[-119.33204,34.47269],[-119.33255,34.47232],[-119.33324,34.472],[-119.33329,34.47182],[-119.3329,34.4711],[-119.33241,34.47083],[-119.33221,34.47043],[-119.33169,34.47036],[-119.33135,34.46991],[-119.33118,34.46987],[-119.33084,34.47005],[-119.33049,34.46995],[-119.33032,34.46969],[-119.32963,34.46926],[-119.32946,34.46926],[-119.32912,34.46955],[-119.32878,34.46933],[-119.3286,34.46935],[-119.32838,34.4697],[-119.32792,34.46973],[-119.32757,34.46995],[-119.32723,34.46974],[-119.32689,34.46968],[-119.32642,34.46927],[-119.3262,34.46858],[-119.32636,34.46828],[-119.3262,34.46816],[-119.32606,34.46828]]}},{"type":"Feature","properties":{"m":720,"index":0},"geometry":{"type":"LineString","coordinates":[[-119.16003,34.46449],[-119.16038,34.46452],[-119.16059,34.46432],[-119.16055,34.46414],[-119.16038,34.46409],[-119.16003,34.46416]]}},{"type":"Feature","properties":{"m":720,"index":0},"geometry":{"type":"LineString","coordinates":[[-119.33993,34.50685],[-119.33976,34.50651],[-119.33955,34.50634],[-119.33966,34.50592],[-119.33944,34.50535],[-119.33908,34.50502],[-119.33873,34.50499],[-119.33779,34.50606],[-119.33761,34.50634],[-119.33756,34.50677],[-119.33736,34.50703],[-119.33702,34.50677],[-119.33684,34.50678],[-119.33643,34.50762],[-119.33581,34.50801],[-119.3353,34.50787],[-119.33513,34.5081],[-119.33444,34.5085],[-119.3341,34.50886],[-119.33375,34.5089],[-119.33358,34.50908],[-119.33324,34.50981],[-119.33255,34.50949],[-119.33187,34.50988],[-119.33135,34.51004],[-119.33134,34.5096],[-119.33149,34.50917],[-119.33231,34.50804],[-119.33238,34.50746],[-119.33221,34.5074],[-119.33169,34.50758],[-119.33152,34.50755],[-119.33141,34.50719],[-119.33147,34.50691],[-119.33137,34.50578],[-119.33118,34.5054],[-119.32963,34.50556],[-119.32929,34.50526],[-119.3287,34.50507],[-119.32836,34.50465],[-119.32775,34.50457],[-119.32689,34.50472],[-119.32654,34.50443],[-119.32605,34.50422],[-119.32586,34.50394],[-119.32534,34.50383],[-119.32483,34.50399],[-119.32455,34.50422],[-119.32437,34.50521],[-119.3238,34.50604],[-119.32328,34.50573],[-119.32307,34.50521],[-119.3226,34.5048],[-119.32208,34.50483],[-119.32122,34.50467],[-119.32054,34.50504],[-119.32036,34.505],[-119.32002,34.50451],[-119.31951,34.50425],[-119.31916,34.50418],[-119.31897,34.50366],[-119.31827,34.50352],[-119.31813,34.50309],[-119.31779,34.50283],[-119.31727,34.50279],[-119.31607,34.50332],[-119.31573,34.50295],[-119.31476,34.50323],[-119.31436,34.50348],[-119.31419,34.50337],[-119.31425,34.50309],[-119.31449,34.50252],[-119.31483,34.5021],[-119.31506,34.50139],[-119.31534,34.50097],[-119.31525,34.50069],[-119.31487,34.50067],[-119.31401,34.5014],[-119.3135,34.50142],[-119.31281,34.50164],[-119.31264,34.50158],[-119.3123,34.50164],[-119.3122,34.50139],[-119.31234,34.50083],[-119.31144,34.50057],[-119.31092,34.49971],[-119.31006,34.49935],[-119.30991,34.49856],[-119.30972,34.49834],[-119.30943,34.49871],[-119.30968,34.49941],[-119.30943,34.49998],[-119.3095,34.50054],[-119.3094,34.50083],[-119.30902,34.50125],[-119.3082,34.50153],[-119.30804,34.50168],[-119.30795,34.50252],[-119.30608,34.5038],[-119.30612,34.50394],[-119.30629,34.50402],[-119.30766,34.50427],[-119.30852,34.50469],[-119.30921,34.50472],[-119.30956,34.50521],[-119.30903,34.50525],[-119.3089,34.50535],[-119.30913,34.50578],[-119.30912,34.50592],[-119.30886,34.50623],[-119.30925,34.50677],[-119.30922,34.50691],[-119.30812,34.5079],[-119.30797,34.50832],[-119.30806,34.50875],[-119.30913,34.50932],[-119.30852,34.5096],[-119.30851,34.50974],[-119.30871,34.51002],[-119.30869,34.51017],[-119.308,34.51008],[-119.30766,34.50991],[-119.30714,34.51002],[-119.30725,34.51073],[-119.30744,34.51101],[-119.30736,34.51144],[-119.3068,34.51182],[-119.30648,34.51243],[-119.30598,34.51299],[-119.30577,34.5135],[-119.30543,34.5134],[-119.30509,34.51348],[-119.30495,34.51342],[-119.30525,34.51271],[-119.30504,34.512],[-119.30457,34.51139],[-119.3044,34.51086],[-119.30337,34.51049],[-119.30285,34.5106],[-119.30221,34.51101],[-119.30082,34.51271],[-119.29976,34.5133],[-119.29925,34.51443],[-119.29908,34.51437],[-119.29883,34.51398],[-119.2977,34.51327],[-119.29753,34.51329],[-119.29667,34.51403],[-119.29607,34.51412],[-119.29606,34.51483],[-119.29582,34.51495],[-119.2953,34.51491],[-119.29444,34.51453],[-119.29376,34.51457],[-119.29323,34.51398],[-119.2929,34.51382],[-119.29152,34.51395],[-119.29118,34.51411],[-119.29067,34.51457],[-119.29032,34.51471],[-119.29015,34.51492],[-119.28998,34.51495],[-119.28946,34.51464],[-119.28912,34.51461],[-119.28878,34.51444],[-119.28809,34.51457],[-119.28775,34.51416],[-119.28758,34.5141],[-119.28673,34.51469],[-119.28657,34.51511],[-119.2862,34.51529],[-119.28595,34.51554],[-119.28583,34.51582],[-119.28611,34.51639],[-119.28603,34.51647],[-119.28517,34.51633],[-119.28483,34.5166],[-119.28466,34.51691],[-119.28449,34.51692],[-119.2842,34.51681],[-119.28422,34.51653],[-119.28406,34.51625],[-119.28363,34.51618],[-119.28342,34.51639],[-119.28329,34.51674],[-119.28294,34.51684],[-119.28225,34.51724],[-119.28214,34.51738],[-119.28246,34.5178],[-119.28294,34.51873],[-119.28311,34.51886],[-119.28353,34.51893],[-119.28303,34.51936],[-119.28258,34.5195],[-119.2826,34.51997],[-119.28191,34.5199],[-119.28157,34.51996],[-119.28088,34.52028],[-119.28054,34.52061],[-119.28054,34.52011],[-119.28105,34.5195],[-119.28116,34.51907],[-119.28094,34.51879],[-119.2802,34.51867],[-119.27973,34.51893],[-119.27923,34.51936],[-119.27882,34.51946],[-119.27867,34.52021],[-119.27839,34.52077],[-119.27712,34.52134],[-119.27695,34.52162],[-119.27686,34.52219],[-119.27676,34.52231],[-119.27642,34.52229],[-119.27608,34.5219],[-119.27573,34.52177],[-119.27554,34.5219],[-119.27553,34.52233],[-119.27522,34.52259],[-119.27505,34.52255],[-119.27453,34.52213],[-119.27384,34.52196],[-119.27355,34.52204],[-119.2735,34.52219],[-119.27361,34.52289],[-119.27353,34.5236],[-119.27299,34.52345],[-119.27264,34.52347],[-119.2723,34.52331],[-119.27161,34.52369],[-119.27134,34.52374],[-119.27122,34.52388],[-119.27111,34.52431],[-119.27124,34.52445],[-119.27196,34.52473],[-119.27214,34.52487],[-119.27211,34.52502],[-119.27024,34.52543],[-119.26944,34.52586],[-119.26938,34.5263],[-119.26969,34.527],[-119.26977,34.52756],[-119.26955,34.5278],[-119.26921,34.52709],[-119.26852,34.52654],[-119.26835,34.52582],[-119.26805,34.52516],[-119.26749,34.52493],[-119.26732,34.52554],[-119.26681,34.52536],[-119.26629,34.52542],[-119.26595,34.52585],[-119.26463,34.52671],[-119.26437,34.527],[-119.26393,34.52728],[-119.26354,34.52775],[-119.26315,34.52784],[-119.26317,34.52714],[-119.26352,34.52643],[-119.26349,34.52629],[-119.26238,34.52629],[-119.26215,34.52615],[-119.262,34.52588],[-119.26165,34.52586],[-119.262,34.52581],[-119.26217,34.52565],[-119.26269,34.52561],[-119.26286,34.52521],[-119.2632,34.52518],[-119.26345,34.52502],[-119.26351,34.52459],[-119.26378,34.52403],[-119.26428,34.52346],[-119.26476,34.52318],[-119.26489,34.52304],[-119.26488,34.52289],[-119.2632,34.52282],[-119.26269,34.52293],[-119.26217,34.5228],[-119.26148,34.52278],[-119.26063,34.52291],[-119.26011,34.52279],[-119.25977,34.52288],[-119.25839,34.52293],[-119.25788,34.52283],[-119.25668,34.52303],[-119.25616,34.52293],[-119.25548,34.52299],[-119.2541,34.52322],[-119.25273,34.52363],[-119.25239,34.52361],[-119.25211,34.52346],[-119.25273,34.52337],[-119.25342,34.52288],[-119.25364,34.52261],[-119.25359,34.5223],[-119.25445,34.52232],[-119.2547,34.52219],[-119.25479,34.52192],[-119.2553,34.52203],[-119.2555,34.52176],[-119.25576,34.52162],[-119.25582,34.52117],[-119.25616,34.52115],[-119.25651,34.52134],[-119.25685,34.52138],[-119.25729,34.5212],[-119.25754,34.52082],[-119.25822,34.52084],[-119.25836,34.52077],[-119.25868,34.52035],[-119.25891,34.52022],[-119.25942,34.52036],[-119.2596,34.52031],[-119.25973,34.52006],[-119.25994,34.51998],[-119.26039,34.52006],[-119.26049,34.51964],[-119.26234,34.51945],[-119.26399,34.51837],[-119.26377,34.51823],[-119.2632,34.5182],[-119.26303,34.51811],[-119.26295,34.51794],[-119.26301,34.51752],[-119.26269,34.51736],[-119.26217,34.51739],[-119.26166,34.51776],[-119.26114,34.51771],[-119.25975,34.5178],[-119.25945,34.51766],[-119.26011,34.51728],[-119.26028,34.51704],[-119.26097,34.51678],[-119.26168,34.51596],[-119.26175,34.51582],[-119.26167,34.51568],[-119.26028,34.51558],[-119.25977,34.5157],[-119.25908,34.51602],[-119.25895,34.51596],[-119.25923,34.5154],[-119.25909,34.51483],[-119.2593,34.51427],[-119.25916,34.51398],[-119.25861,34.51342],[-119.25842,34.51299],[-119.25702,34.51276],[-119.25651,34.51249],[-119.25618,34.51257],[-119.25582,34.51282],[-119.25548,34.51266],[-119.25513,34.51281],[-119.25479,34.5126],[-119.2541,34.51256],[-119.25376,34.51244],[-119.25342,34.51248],[-119.25324,34.51232],[-119.2529,34.51231],[-119.25221,34.51204],[-119.25189,34.51172],[-119.25148,34.51158],[-119.25147,34.51144],[-119.25184,34.51073],[-119.25198,34.50974],[-119.25187,34.50945],[-119.25226,34.50946],[-119.25225,34.51031],[-119.25239,34.51051],[-119.2529,34.51063],[-119.25324,34.51051],[-119.25359,34.5108],[-119.25393,34.51077],[-119.25462,34.51026],[-119.25479,34.51024],[-119.2553,34.51041],[-119.25565,34.51067],[-119.25599,34.51073],[-119.25633,34.51064],[-119.25668,34.51072],[-119.25805,34.51071],[-119.2596,34.51043],[-119.26131,34.51082],[-119.26303,34.51082],[-119.2644,34.51095],[-119.26509,34.5109],[-119.26663,34.51141],[-119.26768,34.51144],[-119.26828,34.51115],[-119.26938,34.51092],[-119.26972,34.51074],[-119.27074,34.51059],[-119.27168,34.50988],[-119.27144,34.50944],[-119.27075,34.50916],[-119.27046,34.50875],[-119.27018,34.50861],[-119.26958,34.50804],[-119.2699,34.50798],[-119.2711,34.50813],[-119.27127,34.50808],[-119.27214,34.50748],[-119.27257,34.5062],[-119.27233,34.50578],[-119.27193,34.50436],[-119.27144,34.50403],[-119.27119,34.50366],[-119.27051,34.50309],[-119.27055,34.50295],[-119.27144,34.50296],[-119.27178,34.50318],[-119.2723,34.50328],[-119.27264,34.50347],[-119.27299,34.5035],[-119.27333,34.50378],[-119.27367,34.50375],[-119.27419,34.50343],[-119.27526,34.50323],[-119.27514,34.50281],[-119.27445,34.50196],[-119.27439,34.50168],[-119.27453,34.5016],[-119.27505,34.50167],[-119.27608,34.50152],[-119.27642,34.50136],[-119.27676,34.50159],[-119.27779,34.5017],[-119.27814,34.5015],[-119.27865,34.50096],[-119.27917,34.50067],[-119.27934,34.50067],[-119.27968,34.50077],[-119.2802,34.50127],[-119.28078,34.50139],[-119.28123,34.50172],[-119.28191,34.50196],[-119.28243,34.50203],[-119.28311,34.50189],[-119.28414,34.50221],[-119.28483,34.50214],[-119.28496,34.50224],[-119.28501,34.50252],[-119.28517,34.50272],[-119.28569,34.50283],[-119.28585,34.50295],[-119.28585,34.50337],[-119.28608,34.50352],[-119.28618,34.50394],[-119.28672,34.50429],[-119.28706,34.50432],[-119.28775,34.50419],[-119.29032,34.50335],[-119.29052,34.50323],[-119.29043,34.50309],[-119.28998,34.50277],[-119.28964,34.50229],[-119.28899,34.50196],[-119.28878,34.50163],[-119.28833,34.50125],[-119.28778,34.50026],[-119.28792,34.49997],[-119.28828,34.4997],[-119.28836,34.49941],[-119.28874,34.49913],[-119.28895,34.49855],[-119.28775,34.49866],[-119.28689,34.49863],[-119.28655,34.49806],[-119.28596,34.49786],[-119.28598,34.49743],[-119.28586,34.49724],[-119.28517,34.4972],[-119.28466,34.49684],[-119.28414,34.49686],[-119.28287,34.49658],[-119.28346,34.49656],[-119.28432,34.49637],[-119.28466,34.4962],[-119.28552,34.4964],[-119.28569,34.4963],[-119.2857,34.49588],[-119.28603,34.49565],[-119.28638,34.49598],[-119.28741,34.49662],[-119.28775,34.49663],[-119.28809,34.49646],[-119.28839,34.49616],[-119.28895,34.49536],[-119.29049,34.49555],[-119.29058,34.49545],[-119.29049,34.49474],[-119.28971,34.49432],[-119.28925,34.4939],[-119.28939,34.49375],[-119.28977,34.49361],[-119.28956,34.49319],[-119.28964,34.49282],[-119.28981,34.49282],[-119.29032,34.49309],[-119.29118,34.49313],[-119.29202,34.49333],[-119.29307,34.49321],[-119.29461,34.49331],[-119.29493,34.49319],[-119.29534,34.49248],[-119.29529,34.49234],[-119.29485,34.49206],[-119.29381,34.49177],[-119.29341,34.49131],[-119.29175,34.49078],[-119.29152,34.49033],[-119.29101,34.49047],[-119.29084,34.49038],[-119.28994,34.48965],[-119.28964,34.48923],[-119.2896,34.48894],[-119.28946,34.48882],[-119.28895,34.4888],[-119.28824,34.48894],[-119.28792,34.48927],[-119.28775,34.48931],[-119.28706,34.48918],[-119.28655,34.48925],[-119.28638,34.48942],[-119.2862,34.48942],[-119.28569,34.48926],[-119.28449,34.48859],[-119.28414,34.48856],[-119.28346,34.48901],[-119.28329,34.48903],[-119.28294,34.48881],[-119.28243,34.48914],[-119.28226,34.4888],[-119.28216,34.48781],[-119.28191,34.48733],[-119.28174,34.48726],[-119.2814,34.48771],[-119.28105,34.48794],[-119.28082,34.48824],[-119.2802,34.48851],[-119.27899,34.48698],[-119.27848,34.48703],[-119.27818,34.48739],[-119.27728,34.48762],[-119.27709,34.48739],[-119.27701,34.48682],[-119.27676,34.4863],[-119.27505,34.48687],[-119.27436,34.4869],[-119.27427,34.48654],[-119.27456,34.48526],[-119.27447,34.48456],[-119.27436,34.48439],[-119.27393,34.48413],[-119.27384,34.48394],[-119.27382,34.48357],[-119.2741,34.48286],[-119.27402,34.48255],[-119.27384,34.48242],[-119.27316,34.48286],[-119.27247,34.48304],[-119.27213,34.48301],[-119.27195,34.48314],[-119.27166,34.48385],[-119.27024,34.48485],[-119.27007,34.48485],[-119.26972,34.48453],[-119.26955,34.48413],[-119.26887,34.48354],[-119.26869,34.48348],[-119.26818,34.48365],[-119.26784,34.48365],[-119.26698,34.48309],[-119.26619,34.48385],[-119.26579,34.48442],[-119.26539,34.48456],[-119.26507,34.48484],[-119.26482,34.48583],[-119.26446,34.48611],[-119.26406,34.48668],[-119.26375,34.48583],[-119.26324,34.48541],[-119.26323,34.48512],[-119.26303,34.4847],[-119.26307,34.48442],[-119.26289,34.48371],[-119.26269,34.48342],[-119.26267,34.483],[-119.26217,34.48265],[-119.26092,34.48258],[-119.26069,34.48215],[-119.26074,34.48187],[-119.26056,34.48159],[-119.26052,34.48116],[-119.25994,34.48091],[-119.25982,34.48074],[-119.2598,34.48059],[-119.25995,34.48031],[-119.25989,34.48017],[-119.25925,34.48008],[-119.25839,34.47926],[-119.2579,34.47946],[-119.25782,34.47989],[-119.25754,34.48018],[-119.25736,34.48027],[-119.25685,34.4802],[-119.25633,34.48026],[-119.25599,34.48062],[-119.2554,34.48074],[-119.25514,34.48102],[-119.25496,34.48104],[-119.25456,34.4813],[-119.25335,34.48272],[-119.25307,34.48326],[-119.2527,34.483],[-119.2527,34.48258],[-119.25187,34.48135],[-119.25158,34.48031],[-119.25136,34.48014],[-119.25047,34.48003],[-119.2505,34.47946],[-119.25033,34.47925],[-119.25015,34.47919],[-119.24861,34.4796],[-119.24805,34.47904],[-119.24775,34.47897],[-119.24758,34.47876],[-119.24741,34.47872],[-119.24672,34.47934],[-119.24638,34.47938],[-119.24603,34.47904],[-119.24586,34.47902],[-119.245,34.47947],[-119.24363,34.47984],[-119.24342,34.47975],[-119.24333,34.4796],[-119.24329,34.47888],[-119.2426,34.47834],[-119.24243,34.47806],[-119.2421,34.47819],[-119.24174,34.47815],[-119.24123,34.47853],[-119.24054,34.47823],[-119.2402,34.47844],[-119.24003,34.47841],[-119.23968,34.47818],[-119.23917,34.47838],[-119.23865,34.47889],[-119.23828,34.47904],[-119.23797,34.4796],[-119.23745,34.47942],[-119.23694,34.47978],[-119.23676,34.47965],[-119.23659,34.47922],[-119.23607,34.47904],[-119.23573,34.47854],[-119.23556,34.4781],[-119.23539,34.478],[-119.23464,34.47819],[-119.23394,34.47876],[-119.23333,34.47875],[-119.23299,34.47886],[-119.23297,34.47918],[-119.23282,34.47941],[-119.2323,34.47974],[-119.23195,34.48017],[-119.23144,34.48197],[-119.23127,34.48208],[-119.23065,34.48159],[-119.23024,34.48111],[-119.2299,34.48102],[-119.22956,34.48121],[-119.22907,34.48173],[-119.2287,34.4819],[-119.22832,34.48144],[-119.22772,34.48116],[-119.2274,34.48074],[-119.22681,34.48044],[-119.22633,34.48045],[-119.22595,34.48054],[-119.22561,34.48075],[-119.22441,34.48092],[-119.22389,34.48058],[-119.2232,34.47984],[-119.22235,34.48029],[-119.22183,34.48042],[-119.2214,34.48031],[-119.22087,34.48059],[-119.22025,34.48116],[-119.22034,34.4813],[-119.22119,34.48173],[-119.22134,34.48229],[-119.22199,34.483],[-119.22145,34.48342],[-119.22162,34.48385],[-119.22132,34.48427],[-119.22063,34.48433],[-119.22011,34.48409],[-119.2196,34.48419],[-119.21908,34.484],[-119.21823,34.48405],[-119.21754,34.48427],[-119.21737,34.48435],[-119.2169,34.48498],[-119.21638,34.48526],[-119.21636,34.48555],[-119.21599,34.48607],[-119.21531,34.48609],[-119.21524,34.48625],[-119.21554,34.48654],[-119.21702,34.48732],[-119.21805,34.48807],[-119.21937,34.48852],[-119.21954,34.4888],[-119.22026,34.48937],[-119.22097,34.4896],[-119.22151,34.48993],[-119.22202,34.49064],[-119.2214,34.4905],[-119.22114,34.49029],[-119.22097,34.49028],[-119.22093,34.49036],[-119.22101,34.49064],[-119.22096,34.49135],[-119.22153,34.49177],[-119.22101,34.49206],[-119.22108,34.49234],[-119.22129,34.49262],[-119.22114,34.49266],[-119.2208,34.49252],[-119.22055,34.49262],[-119.22029,34.49211],[-119.21983,34.49191],[-119.2196,34.49114],[-119.21926,34.49109],[-119.21908,34.49073],[-119.21891,34.49066],[-119.2184,34.4907],[-119.21788,34.49043],[-119.21737,34.4903],[-119.2172,34.49037],[-119.21685,34.49096],[-119.21622,34.49022],[-119.21599,34.4898],[-119.21582,34.48984],[-119.21566,34.49007],[-119.2155,34.49064],[-119.21514,34.49129],[-119.21446,34.49191],[-119.21451,34.49206],[-119.21486,34.49234],[-119.21393,34.49247],[-119.21368,34.49262],[-119.21342,34.49305],[-119.2133,34.49347],[-119.21344,34.49404],[-119.2129,34.49393],[-119.21273,34.49451],[-119.21226,34.49418],[-119.21221,34.49404],[-119.21225,34.49375],[-119.2121,34.49333],[-119.21224,34.4929],[-119.21195,34.49206],[-119.21239,34.49146],[-119.21271,34.49078],[-119.21222,34.4904],[-119.21117,34.49022],[-119.21138,34.48993],[-119.21268,34.48951],[-119.21283,34.48937],[-119.21279,34.48908],[-119.21239,34.48888],[-119.21102,34.48895],[-119.20981,34.48861],[-119.20947,34.48842],[-119.20896,34.48844],[-119.20887,34.48824],[-119.20892,34.48809],[-119.20999,34.48791],[-119.21052,34.48767],[-119.21082,34.48739],[-119.2109,34.4871],[-119.21121,34.48668],[-119.21119,34.48641],[-119.21078,34.48611],[-119.21054,34.48569],[-119.21036,34.48555],[-119.21033,34.4854],[-119.21065,34.48498],[-119.21053,34.48484],[-119.2101,34.4847],[-119.20947,34.48371],[-119.20955,34.48328],[-119.2094,34.48286],[-119.21043,34.48243],[-119.21033,34.48201],[-119.21043,34.48159],[-119.21018,34.48116],[-119.20947,34.48088],[-119.20827,34.48086],[-119.20775,34.48102],[-119.20749,34.4813],[-119.20741,34.48173],[-119.20676,34.48215],[-119.20678,34.48243],[-119.20665,34.48272],[-119.20604,34.48299],[-119.20569,34.48298],[-119.20551,34.48328],[-119.20518,34.48341],[-119.20409,34.483],[-119.20379,34.48272],[-119.20326,34.48187],[-119.20278,34.48147],[-119.20243,34.48135],[-119.20212,34.48144],[-119.20195,34.48173],[-119.20182,34.48272],[-119.20153,34.48385],[-119.20106,34.48421],[-119.19951,34.48443],[-119.19923,34.48498],[-119.19921,34.48512],[-119.19951,34.48547],[-119.20045,34.48611],[-119.20027,34.4864],[-119.19986,34.48668],[-119.19963,34.4871],[-119.19932,34.48739],[-119.19931,34.48753],[-119.20003,34.48778],[-119.20192,34.48794],[-119.20295,34.48749],[-119.20329,34.48706],[-119.20401,34.48696],[-119.20409,34.4871],[-119.2039,34.48753],[-119.20393,34.48809],[-119.20432,34.48827],[-119.20484,34.48823],[-119.20515,34.48894],[-119.20449,34.48898],[-119.20415,34.48916],[-119.20363,34.48922],[-119.20346,34.48932],[-119.20329,34.48962],[-119.20229,34.49007],[-119.20186,34.4905],[-119.20209,34.49077],[-119.20295,34.49128],[-119.20381,34.49129],[-119.20532,34.49248],[-119.20501,34.49267],[-119.20436,34.49276],[-119.20415,34.4929],[-119.20412,34.49305],[-119.20438,34.49361],[-119.20432,34.49366],[-119.20363,34.4935],[-119.20329,34.49321],[-119.20295,34.49329],[-119.20226,34.49298],[-119.20175,34.49305],[-119.20163,34.49361],[-119.20209,34.494],[-119.20218,34.49418],[-119.202,34.49446],[-119.20209,34.49477],[-119.2026,34.4953],[-119.20346,34.4954],[-119.20376,34.49559],[-119.20295,34.49596],[-119.20226,34.49602],[-119.2022,34.49616],[-119.20281,34.49701],[-119.20308,34.49771],[-119.20302,34.49786],[-119.20192,34.49861],[-119.20183,34.49856],[-119.20205,34.498],[-119.20198,34.49771],[-119.20175,34.49755],[-119.20123,34.49745],[-119.20106,34.49709],[-119.20066,34.49701],[-119.2002,34.49675],[-119.19986,34.49622],[-119.19951,34.49589],[-119.19934,34.49586],[-119.19865,34.49616],[-119.19857,34.49658],[-119.19829,34.49672],[-119.19797,34.498],[-119.19677,34.49706],[-119.19642,34.49705],[-119.19608,34.49725],[-119.19574,34.49727],[-119.19531,34.49687],[-119.19471,34.49677],[-119.19443,34.49701],[-119.19419,34.49784],[-119.19316,34.49897],[-119.19328,34.49984],[-119.19316,34.49988],[-119.19265,34.49948],[-119.1923,34.49904],[-119.19184,34.49814],[-119.19182,34.49786],[-119.19213,34.49694],[-119.19196,34.49688],[-119.19076,34.49698],[-119.19042,34.49711],[-119.19007,34.49683],[-119.18956,34.49678],[-119.18921,34.49683],[-119.1887,34.49707],[-119.18852,34.49701],[-119.18865,34.49644],[-119.18877,34.4963],[-119.19024,34.49566],[-119.19112,34.49545],[-119.19179,34.49497],[-119.19261,34.49404],[-119.19323,34.4939],[-119.19368,34.49362],[-119.19399,34.49319],[-119.19414,34.49262],[-119.19409,34.49234],[-119.19385,34.49205],[-119.19368,34.49199],[-119.19196,34.49228],[-119.19127,34.4923],[-119.19099,34.4922],[-119.19076,34.49192],[-119.19091,34.49163],[-119.19129,34.49135],[-119.19172,34.4905],[-119.19162,34.4903],[-119.19128,34.49007],[-119.19076,34.48988],[-119.19059,34.48939],[-119.19029,34.48894],[-119.19028,34.4888],[-119.19042,34.48873],[-119.19148,34.48852],[-119.19139,34.48824],[-119.1909,34.48781],[-119.19088,34.48739],[-119.19104,34.4871],[-119.19105,34.48682],[-119.1907,34.4864],[-119.1907,34.48597],[-119.19047,34.48526],[-119.19053,34.48498],[-119.19069,34.48484],[-119.19133,34.4847],[-119.19148,34.48456],[-119.19136,34.48385],[-119.19137,34.48314],[-119.19115,34.48258],[-119.19076,34.48241],[-119.1899,34.48238],[-119.18926,34.48328],[-119.18906,34.48399],[-119.18833,34.48427],[-119.18733,34.48509],[-119.18664,34.48541],[-119.18604,34.48583],[-119.18591,34.48654],[-119.186,34.4871],[-119.18594,34.48725],[-119.18561,34.48694],[-119.18515,34.48625],[-119.18424,34.48614],[-119.18371,34.48583],[-119.18475,34.48569],[-119.18509,34.48551],[-119.18543,34.48512],[-119.18543,34.48484],[-119.18527,34.48479],[-119.18468,34.48498],[-119.18461,34.48484],[-119.18476,34.48427],[-119.1845,34.48385],[-119.18452,34.48371],[-119.18483,34.48342],[-119.1852,34.48286],[-119.18532,34.48243],[-119.1855,34.48229],[-119.18497,34.48144],[-119.18475,34.48129],[-119.18441,34.48123],[-119.18389,34.48129],[-119.18355,34.48106],[-119.18237,34.48088],[-119.18271,34.48003],[-119.18252,34.47957],[-119.18258,34.47946],[-119.18324,34.47918],[-119.18344,34.4789],[-119.18325,34.47833],[-119.18344,34.47791],[-119.18312,34.47748],[-119.18303,34.4772],[-119.18286,34.47705],[-119.18218,34.47694],[-119.18183,34.47634],[-119.18115,34.4765],[-119.1808,34.47644],[-119.18046,34.47592],[-119.18012,34.47565],[-119.17994,34.47562],[-119.17892,34.47606],[-119.1784,34.4757],[-119.17806,34.47559],[-119.17754,34.47585],[-119.1774,34.47635],[-119.17695,34.47663],[-119.17703,34.4771],[-119.17686,34.47717],[-119.17668,34.47712],[-119.17514,34.47472],[-119.17496,34.47479],[-119.17455,34.47522],[-119.17445,34.47568],[-119.17368,34.47508],[-119.17308,34.47421],[-119.17256,34.4744],[-119.17232,34.47479],[-119.17232,34.47508],[-119.17248,34.47536],[-119.1722,34.47593],[-119.17188,34.4762],[-119.17146,34.47635],[-119.17136,34.47649],[-119.17137,34.47692],[-119.17164,34.47748],[-119.17156,34.47762],[-119.17075,34.47791],[-119.17053,34.47819],[-119.1713,34.47932],[-119.17223,34.48017],[-119.17247,34.48059],[-119.17193,34.48074],[-119.17173,34.4813],[-119.17171,34.48183],[-119.17156,34.48215],[-119.17102,34.48274],[-119.17085,34.48281],[-119.17072,34.48272],[-119.17084,34.48243],[-119.17082,34.48215],[-119.17043,34.48144],[-119.17016,34.48124],[-119.16982,34.4806],[-119.16947,34.4807],[-119.16927,34.47989],[-119.16876,34.47932],[-119.16862,34.47922],[-119.16759,34.47932],[-119.16723,34.47918],[-119.1676,34.47833],[-119.16827,34.47785],[-119.16827,34.47757],[-119.16787,34.47762],[-119.1674,34.47791],[-119.1669,34.47808],[-119.16681,34.47805],[-119.16672,34.47776],[-119.16668,34.4772],[-119.16656,34.4771],[-119.16484,34.47695],[-119.16432,34.47672],[-119.1631,34.47649],[-119.16329,34.47626],[-119.16364,34.47608],[-119.16621,34.47544],[-119.16723,34.47493],[-119.1674,34.47465],[-119.16776,34.47461],[-119.16801,34.47409],[-119.16777,34.47366],[-119.16776,34.47347],[-119.16793,34.47335],[-119.16849,34.47324],[-119.16859,34.47309],[-119.16813,34.47253],[-119.16818,34.4721],[-119.16809,34.47196],[-119.16748,34.47182],[-119.16673,34.47134],[-119.16587,34.47146],[-119.1657,34.47141],[-119.16519,34.47097],[-119.16486,34.47083],[-119.16487,34.47041],[-119.16464,34.47026],[-119.16458,34.46956],[-119.16467,34.46939],[-119.16501,34.46945],[-119.16587,34.46929],[-119.1669,34.46893],[-119.1669,34.46869],[-119.16656,34.46844],[-119.16584,34.46828],[-119.16574,34.46814],[-119.16587,34.46741],[-119.1657,34.46732],[-119.16518,34.46736],[-119.16467,34.46703],[-119.16416,34.46644],[-119.16398,34.46644],[-119.16371,34.46687],[-119.16339,34.46701],[-119.16312,34.46745],[-119.16226,34.46742],[-119.16209,34.46666],[-119.16147,34.46658],[-119.16141,34.46612],[-119.16131,34.46602],[-119.16072,34.46603],[-119.16053,34.46574],[-119.16038,34.46522],[-119.16003,34.46508]]}},{"type":"Feature","properties":{"m":720,"index":0},"geometry":{"type":"LineString","coordinates":[[-119.16003,34.41719],[-119.16103,34.41689],[-119.16131,34.41661],[-119.16135,34.41647],[-119.16123,34.41621],[-119.16059,34.4159],[-119.16123,34.41579],[-119.16158,34.41557],[-119.16244,34.41544],[-119.16312,34.41502]]}},{"type":"Feature","properties":{"m":720,"index":0},"geometry":{"type":"LineString","coordinates":[[-119.17851,34.41505],[-119.17897,34.41562],[-119.17901,34.4159],[-119.17926,34.41605],[-119.17943,34.41636],[-119.17968,34.41633],[-119.18029,34.41567],[-119.18149,34.41564],[-119.1819,34.41619],[-119.182,34.41656],[-119.18218,34.4167],[-119.18269,34.41658],[-119.18321,34.41585],[-119.18372,34.41585],[-119.18424,34.41594],[-119.18492,34.41644],[-119.18538,34.41661],[-119.18561,34.41694],[-119.18578,34.41699],[-119.18698,34.41686],[-119.18784,34.41701],[-119.18817,34.41689],[-119.18836,34.4165],[-119.18904,34.41637],[-119.1899,34.41653],[-119.19059,34.4162],[-119.19179,34.41622],[-119.1923,34.41637],[-119.19282,34.41666],[-119.19316,34.41671],[-119.19391,34.41647],[-119.19419,34.41618],[-119.19471,34.41628],[-119.19518,34.41619],[-119.19614,34.41562],[-119.19683,34.41505]]}},{"type":"Feature","properties":{"m":760,"index":0},"geometry":{"type":"LineString","coordinates":[[-119.28334,34.5178],[-119.28334,34.5178]]}},{"type":"Feature","properties":{"m":760,"index":0},"geometry":{"type":"LineString","coordinates":[[-119.33705,34.4697],[-119.33652,34.47012],[-119.3365,34.47055],[-119.33599,34.4709],[-119.33581,34.47113],[-119.33547,34.47125],[-119.33473,34.47182],[-119.33499,34.47225],[-119.33622,34.47267],[-119.33616,34.4729],[-119.33564,34.47293],[-119.33461,34.47333],[-119.33478,34.4735],[-119.33552,34.47366],[-119.33475,34.47394],[-119.33462,34.47409],[-119.3347,34.47451],[-119.33461,34.47472],[-119.33395,34.47423],[-119.33347,34.47338],[-119.33324,34.47315],[-119.33255,34.47303],[-119.33239,34.47309],[-119.33219,34.47338],[-119.33204,34.4739],[-119.33187,34.47402],[-119.33136,34.4738],[-119.33154,34.47324],[-119.33103,34.47225],[-119.33135,34.47215],[-119.33187,34.47216],[-119.33256,34.47182],[-119.33265,34.47168],[-119.33261,34.47154],[-119.33187,34.47086],[-119.33135,34.4707],[-119.33101,34.47043],[-119.33015,34.47035],[-119.32963,34.46996],[-119.32878,34.47006],[-119.32843,34.47027],[-119.32809,34.47025],[-119.32792,34.47039],[-119.32757,34.47047],[-119.32672,34.47017],[-119.3262,34.46985],[-119.32586,34.47006],[-119.3255,34.47055],[-119.32466,34.47061],[-119.32363,34.4713],[-119.32328,34.4714],[-119.32297,34.47168],[-119.32295,34.47182],[-119.32334,34.47196],[-119.32331,34.47239],[-119.32355,34.47267],[-119.32347,34.47295],[-119.32368,34.47338],[-119.32363,34.47349],[-119.32313,34.47324],[-119.32294,34.47297],[-119.32277,34.47289],[-119.32242,34.47284],[-119.32208,34.47301],[-119.32174,34.47283],[-119.32139,34.47299],[-119.32122,34.47294],[-119.32063,34.47253],[-119.32104,34.4721],[-119.32091,34.47196],[-119.32036,34.47177],[-119.31968,34.47168],[-119.31951,34.47174],[-119.31899,34.47212],[-119.31865,34.47269],[-119.31813,34.47241],[-119.31762,34.47244],[-119.3171,34.47199],[-119.31607,34.47201],[-119.31593,34.4721],[-119.31594,34.47239],[-119.3154,34.47295],[-119.31607,34.47309],[-119.31607,34.4738],[-119.31556,34.47382],[-119.31539,34.47409],[-119.31504,34.47419],[-119.3147,34.47415],[-119.31436,34.47446],[-119.31395,34.47451],[-119.31367,34.47483],[-119.31315,34.47504],[-119.31298,34.47536],[-119.31281,34.47547],[-119.31161,34.47592],[-119.31085,34.47649],[-119.31068,34.47677],[-119.31105,34.47734],[-119.31127,34.47745],[-119.3123,34.47745],[-119.31324,34.47762],[-119.3134,34.47776],[-119.3133,34.47819],[-119.3135,34.47827],[-119.31453,34.47787],[-119.31504,34.47795],[-119.31517,34.47805],[-119.31501,34.47847],[-119.31515,34.47946],[-119.31533,34.47975],[-119.31573,34.47993],[-119.31633,34.47946],[-119.31638,34.47932],[-119.31596,34.47904],[-119.31588,34.4789],[-119.31596,34.47876],[-119.31659,34.4785],[-119.31669,34.47819],[-119.31685,34.47805],[-119.31747,34.47791],[-119.31796,34.47739],[-119.31882,34.47739],[-119.31916,34.47763],[-119.31985,34.47739],[-119.32019,34.47756],[-119.32071,34.47765],[-119.32225,34.47761],[-119.32231,34.47776],[-119.32218,34.47819],[-119.32242,34.47834],[-119.32277,34.47837],[-119.32328,34.47858],[-119.32337,34.47876],[-119.32324,34.4796],[-119.32306,34.47975],[-119.32242,34.47987],[-119.32205,34.48031],[-119.32198,34.48074],[-119.32225,34.48117],[-119.3226,34.48128],[-119.32345,34.48104],[-119.32393,34.48059],[-119.3245,34.48031],[-119.32534,34.47968],[-119.3262,34.47979],[-119.32634,34.47989],[-119.32627,34.48017],[-119.32644,34.48074],[-119.32681,34.48102],[-119.32679,34.48144],[-119.32723,34.48179],[-119.3274,34.4823],[-119.32775,34.48244],[-119.32829,34.48215],[-119.32844,34.48201],[-119.32852,34.48173],[-119.32915,34.48144],[-119.32945,34.48074],[-119.32998,34.48062],[-119.3301,34.48045],[-119.33013,34.48003],[-119.33049,34.47994],[-119.33118,34.48088],[-119.3317,34.48088],[-119.33161,34.48173],[-119.33168,34.48187],[-119.33205,34.48215],[-119.33221,34.48246],[-119.33272,34.48283],[-119.33307,34.48287],[-119.33358,34.48273],[-119.33496,34.48268],[-119.33542,34.48258],[-119.33581,34.4823],[-119.33599,34.48229],[-119.33641,34.48286],[-119.33638,34.48314],[-119.33656,34.48357],[-119.33655,34.48413],[-119.33667,34.4843],[-119.33719,34.48397],[-119.33739,34.48357],[-119.33805,34.48329],[-119.3381,34.483],[-119.3389,34.48273],[-119.33959,34.48186],[-119.33976,34.48189],[-119.33993,34.48207]]}},{"type":"Feature","properties":{"m":760,"index":0},"geometry":{"type":"LineString","coordinates":[[-119.33996,34.46998],[-119.33976,34.46992],[-119.33925,34.4702],[-119.3389,34.47023],[-119.33856,34.4701],[-119.33805,34.47011],[-119.3377,34.46971],[-119.33719,34.46962],[-119.33705,34.4697]]}},{"type":"Feature","properties":{"m":760,"index":0},"geometry":{"type":"LineString","coordinates":[[-119.33993,34.52139],[-119.33976,34.52148],[-119.33966,34.52134],[-119.33993,34.52083]]}},{"type":"Feature","properties":{"m":760,"index":0},"geometry":{"type":"LineString","coordinates":[[-119.33993,34.50737],[-119.33976,34.50738],[-119.33959,34.50724],[-119.33947,34.50691],[-119.3389,34.50632],[-119.33874,34.5062],[-119.33856,34.50625],[-119.33822,34.50664],[-119.3377,34.50771],[-119.33753,34.5078],[-119.33719,34.50753],[-119.33701,34.50762],[-119.33682,34.5079],[-119.33633,34.50814],[-119.33564,34.50866],[-119.33496,34.50872],[-119.3341,34.50937],[-119.33341,34.5104],[-119.33323,34.51045],[-119.33289,34.51016],[-119.33255,34.51008],[-119.33169,34.51048],[-119.33049,34.51074],[-119.33049,34.51044],[-119.33076,34.50988],[-119.33078,34.50946],[-119.33114,34.50875],[-119.3316,34.50818],[-119.33101,34.50819],[-119.3309,34.50804],[-119.33097,34.50762],[-119.33062,34.50705],[-119.3308,34.50677],[-119.33068,34.5062],[-119.33056,34.50606],[-119.32946,34.50606],[-119.32895,34.50567],[-119.32775,34.50532],[-119.32672,34.50523],[-119.32586,34.50477],[-119.32534,34.5046],[-119.32517,34.50462],[-119.325,34.50479],[-119.32492,34.50535],[-119.32465,34.50564],[-119.32449,34.50606],[-119.3238,34.50672],[-119.3228,34.50592],[-119.32267,34.5055],[-119.32252,34.50535],[-119.32208,34.50529],[-119.32157,34.50506],[-119.32092,34.50521],[-119.32036,34.50549],[-119.32019,34.5054],[-119.31968,34.50478],[-119.31933,34.50478],[-119.31899,34.50464],[-119.31848,34.50397],[-119.31791,34.5038],[-119.31762,34.5035],[-119.31732,34.50337],[-119.31693,34.50346],[-119.31607,34.50393],[-119.3159,34.50393],[-119.31556,34.50352],[-119.31521,34.50352],[-119.31474,34.5038],[-119.31464,34.50394],[-119.31468,34.50422],[-119.31418,34.50447],[-119.31403,34.50436],[-119.31397,34.50408],[-119.31364,34.50366],[-119.31372,34.50309],[-119.3141,34.5021],[-119.31401,34.502],[-119.3135,34.50191],[-119.31281,34.50218],[-119.31247,34.50207],[-119.31195,34.50219],[-119.31155,34.50153],[-119.31142,34.50097],[-119.31102,34.50069],[-119.31067,34.50026],[-119.31024,34.50016],[-119.31006,34.50032],[-119.30947,34.50153],[-119.30861,34.50182],[-119.30854,34.5021],[-119.30863,34.50281],[-119.30762,34.50337],[-119.30745,34.50366],[-119.30886,34.50416],[-119.30989,34.50408],[-119.30994,34.50465],[-119.31088,34.50507],[-119.31058,34.5055],[-119.30978,34.5062],[-119.3097,34.50649],[-119.30972,34.50714],[-119.30941,34.50733],[-119.30876,34.50832],[-119.30886,34.50865],[-119.30972,34.5092],[-119.31041,34.50946],[-119.30938,34.50977],[-119.30926,34.50988],[-119.30944,34.51031],[-119.30938,34.5106],[-119.30903,34.5107],[-119.30835,34.51057],[-119.308,34.51069],[-119.30813,34.51144],[-119.30804,34.51158],[-119.30767,34.51186],[-119.30722,34.51243],[-119.30644,34.51299],[-119.30619,34.51342],[-119.30612,34.51398],[-119.30558,34.51398],[-119.30529,34.51412],[-119.30526,34.5147],[-119.30485,34.51455],[-119.30445,34.51398],[-119.30486,34.51299],[-119.30487,34.51257],[-119.30427,34.51172],[-119.30406,34.51153],[-119.30371,34.51145],[-119.30315,34.51172],[-119.30182,34.51284],[-119.30131,34.51343],[-119.30023,34.51412],[-119.29988,34.51483],[-119.29959,34.51516],[-119.29925,34.51506],[-119.29891,34.5151],[-119.29873,34.51499],[-119.29856,34.51449],[-119.29822,34.51427],[-119.29685,34.51478],[-119.2965,34.51545],[-119.29636,34.51554],[-119.29547,34.51539],[-119.2953,34.51546],[-119.29444,34.51507],[-119.29376,34.51509],[-119.29307,34.51459],[-119.29273,34.51447],[-119.29204,34.51457],[-119.29135,34.51504],[-119.29084,34.51519],[-119.29049,34.51546],[-119.29003,34.5154],[-119.28878,34.515],[-119.28809,34.51506],[-119.28704,34.5161],[-119.2869,34.51709],[-119.28692,34.51724],[-119.28758,34.51725],[-119.28787,34.51738],[-119.28808,34.5178],[-119.28792,34.51789],[-119.28758,34.51782],[-119.28689,34.5179],[-119.28655,34.51773],[-119.28638,34.51775],[-119.28632,34.51794],[-119.28646,34.51837],[-119.28638,34.51868],[-119.28586,34.51824],[-119.28569,34.5182],[-119.28535,34.51843],[-119.28486,34.51907],[-119.28494,34.51936],[-119.28515,34.51964],[-119.285,34.52003],[-119.28483,34.52008],[-119.28449,34.51982],[-119.28414,34.51988],[-119.28389,34.52049],[-119.28349,34.52077],[-119.28354,34.5212],[-119.28346,34.52133],[-119.28294,34.52143],[-119.28243,34.52131],[-119.28174,34.52133],[-119.28166,34.52148],[-119.28169,34.5219],[-119.28208,34.52224],[-119.28236,34.52289],[-119.28174,34.52339],[-119.28158,34.52332],[-119.28159,34.52304],[-119.28144,34.52289],[-119.28105,34.5229],[-119.28054,34.52263],[-119.2799,34.52176],[-119.27988,34.52134],[-119.28006,34.52035],[-119.2803,34.51978],[-119.28054,34.51951],[-119.28054,34.51932],[-119.27973,34.52006],[-119.27951,34.5207],[-119.27899,34.52134],[-119.27848,34.52167],[-119.27796,34.52164],[-119.27774,34.52176],[-119.2776,34.52233],[-119.27775,34.52275],[-119.27802,34.52304],[-119.27762,34.52343],[-119.27728,34.52356],[-119.27706,34.52318],[-119.27676,34.52297],[-119.27642,34.52295],[-119.27611,34.52318],[-119.2759,34.5236],[-119.27556,34.52327],[-119.27539,34.52322],[-119.2747,34.52332],[-119.2747,34.52296],[-119.27436,34.52272],[-119.27416,34.52304],[-119.27418,34.52388],[-119.27436,34.52403],[-119.27447,34.52431],[-119.27413,34.52431],[-119.27402,34.52419],[-119.27367,34.52429],[-119.27247,34.52397],[-119.2722,34.52403],[-119.27208,34.52417],[-119.27218,34.52431],[-119.27316,34.52483],[-119.2735,34.52491],[-119.2739,34.5253],[-119.27384,34.52541],[-119.27333,34.52539],[-119.27316,34.52528],[-119.27281,34.52558],[-119.27247,34.52571],[-119.27127,34.52578],[-119.27104,34.52586],[-119.27075,34.52614],[-119.27037,34.527],[-119.27035,34.52742],[-119.27046,34.52784],[-119.26964,34.52869],[-119.2701,34.52954],[-119.27007,34.52968],[-119.2699,34.52973],[-119.26924,34.52954],[-119.26869,34.52903],[-119.26851,34.52841],[-119.26876,34.52798],[-119.26876,34.5277],[-119.26852,34.52746],[-119.26732,34.52688],[-119.26697,34.52643],[-119.26663,34.52624],[-119.26568,34.52671],[-119.26526,34.52728],[-119.26481,34.52742],[-119.2645,34.52798],[-119.26452,34.52813],[-119.2648,34.52841],[-119.26475,34.5285],[-119.26368,34.52897],[-119.26315,34.5294],[-119.26304,34.52968],[-119.26286,34.52984],[-119.26251,34.52921],[-119.262,34.5291],[-119.26131,34.52916],[-119.25977,34.52975],[-119.25969,34.52968],[-119.25977,34.52925],[-119.26001,34.52869],[-119.26045,34.52842],[-119.26148,34.52821],[-119.26217,34.52788],[-119.26255,34.52742],[-119.26269,34.52695],[-119.26183,34.52674],[-119.26063,34.52671],[-119.26062,34.52643],[-119.26045,34.52627],[-119.25983,34.52643],[-119.25942,34.52665],[-119.25894,34.52657],[-119.25965,34.52586],[-119.26097,34.52534],[-119.26131,34.52532],[-119.26166,34.52502],[-119.26185,34.52502],[-119.26205,34.52473],[-119.26269,34.52459],[-119.26303,34.52426],[-119.26336,34.52374],[-119.26384,34.52332],[-119.2632,34.52327],[-119.26269,34.52344],[-119.262,34.52319],[-119.26063,34.52332],[-119.26028,34.52323],[-119.25942,34.52323],[-119.25805,34.52333],[-119.25754,34.52357],[-119.25719,34.5234],[-119.25685,34.52352],[-119.25633,34.52337],[-119.25565,34.52339],[-119.25221,34.52401],[-119.2505,34.52411],[-119.25015,34.52388],[-119.24914,34.52417],[-119.24706,34.52417],[-119.24702,34.52403],[-119.24775,34.52387],[-119.24827,34.52356],[-119.24878,34.52376],[-119.2493,34.52333],[-119.24964,34.52327],[-119.24998,34.52307],[-119.25033,34.52268],[-119.25101,34.52252],[-119.25136,34.52262],[-119.25136,34.52233],[-119.25153,34.52222],[-119.25221,34.52258],[-119.25265,34.52261],[-119.25274,34.52247],[-119.25256,34.52204],[-119.25247,34.52148],[-119.25256,34.52132],[-119.25342,34.52165],[-119.25393,34.52173],[-119.2541,34.52164],[-119.25427,34.52126],[-119.25479,34.52118],[-119.25521,34.52063],[-119.25633,34.52055],[-119.25668,34.52063],[-119.25719,34.52029],[-119.25788,34.52011],[-119.25855,34.51978],[-119.25977,34.51955],[-119.26028,34.51921],[-119.26217,34.51887],[-119.26281,34.51865],[-119.2628,34.51851],[-119.26234,34.51807],[-119.26166,34.51825],[-119.25994,34.51829],[-119.25942,34.51816],[-119.25891,34.5182],[-119.25839,34.51811],[-119.25878,34.51752],[-119.25924,34.51724],[-119.25942,34.51682],[-119.2606,34.51625],[-119.26069,34.5161],[-119.2603,34.5161],[-119.25857,34.51668],[-119.25787,34.51681],[-119.25779,34.51667],[-119.25805,34.51639],[-119.25812,34.51596],[-119.25787,34.51554],[-119.25787,34.51511],[-119.25776,34.51483],[-119.25793,34.51441],[-119.25773,34.51398],[-119.25776,34.51356],[-119.25766,34.51342],[-119.25736,34.51327],[-119.25685,34.51337],[-119.25651,34.51321],[-119.25599,34.51359],[-119.2553,34.51333],[-119.25462,34.51346],[-119.25427,34.51308],[-119.25359,34.51294],[-119.25307,34.51312],[-119.25256,34.51292],[-119.25221,34.51258],[-119.25187,34.51256],[-119.25136,34.5122],[-119.25084,34.51212],[-119.25044,34.5113],[-119.25045,34.51115],[-119.25113,34.51087],[-119.25141,34.51059],[-119.25147,34.51016],[-119.25129,34.50974],[-119.25084,34.50963],[-119.2505,34.50968],[-119.25022,34.50988],[-119.25015,34.51023],[-119.24981,34.51059],[-119.24947,34.51049],[-119.24894,34.51059],[-119.24947,34.51019],[-119.24983,34.51016],[-119.24996,34.50946],[-119.25015,34.50916],[-119.25059,34.50889],[-119.25098,34.50847],[-119.25136,34.50842],[-119.25187,34.50814],[-119.25209,34.50832],[-119.2523,34.50889],[-119.25393,34.51],[-119.25479,34.50981],[-119.25596,34.51031],[-119.25977,34.50998],[-119.26028,34.51005],[-119.26114,34.51036],[-119.26406,34.5104],[-119.26492,34.51033],[-119.26578,34.51053],[-119.26715,34.51061],[-119.27041,34.51013],[-119.27096,34.50974],[-119.27042,34.50946],[-119.27007,34.50903],[-119.26856,34.50776],[-119.26869,34.50759],[-119.26904,34.50749],[-119.27041,34.50758],[-119.27126,34.50748],[-119.27161,34.50719],[-119.2717,34.50677],[-119.27195,34.50649],[-119.27203,34.5062],[-119.27138,34.50465],[-119.271,34.50436],[-119.27038,34.50366],[-119.26938,34.50317],[-119.26887,34.50267],[-119.26885,34.50238],[-119.26904,34.50221],[-119.26955,34.50248],[-119.2699,34.50254],[-119.27075,34.50227],[-119.2711,34.50197],[-119.27127,34.50196],[-119.2717,34.5021],[-119.27213,34.50269],[-119.27299,34.50307],[-119.2735,34.50321],[-119.27419,34.50309],[-119.27452,34.50295],[-119.27456,34.50281],[-119.27402,34.50193],[-119.27376,34.50168],[-119.27419,34.50113],[-119.2759,34.50116],[-119.27625,34.50078],[-119.27693,34.50112],[-119.27728,34.50111],[-119.27795,34.50083],[-119.27882,34.50013],[-119.27968,34.50015],[-119.28037,34.50032],[-119.28054,34.5004],[-119.28067,34.50069],[-119.28105,34.50093],[-119.28191,34.50124],[-119.28243,34.50129],[-119.28329,34.50114],[-119.28432,34.50158],[-119.28552,34.50161],[-119.28565,34.50238],[-119.2862,34.50269],[-119.28631,34.50309],[-119.28672,34.50364],[-119.28809,34.5035],[-119.28847,34.50323],[-119.28929,34.503],[-119.28938,34.50295],[-119.28937,34.50281],[-119.28915,34.50252],[-119.28792,34.50157],[-119.28742,34.50069],[-119.28725,34.50026],[-119.28725,34.49998],[-119.28778,34.49941],[-119.28783,34.49927],[-119.28775,34.49916],[-119.28655,34.49905],[-119.28636,34.49885],[-119.2862,34.49846],[-119.28569,34.49839],[-119.28554,34.49828],[-119.2854,34.49771],[-119.285,34.4977],[-119.28449,34.49734],[-119.28397,34.49735],[-119.28243,34.49703],[-119.28157,34.49698],[-119.28088,34.49662],[-119.28032,34.49658],[-119.28088,34.49638],[-119.28243,34.49622],[-119.2826,34.49615],[-119.28294,34.49574],[-119.28329,34.49606],[-119.28394,34.49602],[-119.28432,34.49578],[-119.28468,34.49573],[-119.28484,34.49531],[-119.28569,34.49532],[-119.28586,34.49496],[-119.2862,34.49495],[-119.28723,34.49579],[-119.28775,34.49593],[-119.28812,34.49531],[-119.28807,34.49503],[-119.28826,34.49487],[-119.28946,34.49488],[-119.28958,34.49474],[-119.28857,34.4939],[-119.2885,34.49375],[-119.28859,34.49361],[-119.28902,34.49347],[-119.28913,34.49333],[-119.28906,34.49305],[-119.28912,34.49276],[-119.28897,34.49234],[-119.28912,34.49222],[-119.28998,34.49234],[-119.29049,34.49271],[-119.29101,34.49267],[-119.2917,34.4928],[-119.29204,34.49272],[-119.29324,34.49275],[-119.29357,34.49262],[-119.29359,34.49248],[-119.29349,34.4922],[-119.29293,34.49163],[-119.29152,34.49111],[-119.29118,34.49089],[-119.29054,34.49078],[-119.28981,34.4903],[-119.2896,34.48993],[-119.28895,34.48942],[-119.28857,34.48951],[-119.28826,34.48982],[-119.28706,34.4898],[-119.28672,34.4901],[-119.28655,34.49014],[-119.28603,34.48979],[-119.28569,34.48975],[-119.28517,34.48945],[-119.28432,34.48914],[-119.28414,34.48916],[-119.2838,34.48945],[-119.28311,34.48948],[-119.28294,34.48938],[-119.28243,34.48957],[-119.28208,34.48954],[-119.28191,34.48932],[-119.28179,34.48866],[-119.28157,34.48825],[-119.2814,34.48827],[-119.28071,34.48877],[-119.28002,34.48895],[-119.27985,34.48891],[-119.27947,34.48852],[-119.27929,34.48809],[-119.27882,34.48769],[-119.27796,34.4878],[-119.27779,34.48794],[-119.27728,34.48799],[-119.27693,34.48816],[-119.27676,34.48793],[-119.27642,34.48697],[-119.27402,34.48747],[-119.27385,34.4871],[-119.27378,34.48654],[-119.27397,34.48569],[-119.27401,34.48498],[-119.27392,34.4847],[-119.27358,34.48442],[-119.27334,34.48399],[-119.27326,34.48342],[-119.27316,34.48334],[-119.27248,34.48342],[-119.27215,34.48399],[-119.27144,34.48442],[-119.27041,34.48541],[-119.27024,34.48545],[-119.26982,34.48526],[-119.26869,34.48409],[-119.26784,34.48415],[-119.26715,34.48388],[-119.26698,34.48392],[-119.26672,34.48413],[-119.26662,34.48442],[-119.26612,34.48482],[-119.26567,34.48498],[-119.26556,34.48541],[-119.26536,34.48569],[-119.26531,34.48611],[-119.2648,34.4864],[-119.26458,34.48682],[-119.26421,34.4871],[-119.26406,34.48744],[-119.26389,34.48743],[-119.26368,34.4871],[-119.26341,34.48611],[-119.26277,34.48555],[-119.26269,34.4852],[-119.26245,34.48484],[-119.26258,34.48427],[-119.26214,34.48328],[-119.26183,34.48308],[-119.26045,34.48299],[-119.26036,34.48286],[-119.26043,34.48258],[-119.26025,34.48229],[-119.26025,34.48187],[-119.26016,34.48173],[-119.25994,34.48143],[-119.25951,34.48116],[-119.25925,34.48072],[-119.25839,34.48005],[-119.25771,34.48069],[-119.25754,34.48075],[-119.25668,34.48065],[-119.25633,34.48097],[-119.25575,34.48116],[-119.25556,34.48144],[-119.255,34.48159],[-119.25486,34.48173],[-119.25476,34.48215],[-119.25413,34.48243],[-119.25399,34.48272],[-119.25365,34.483],[-119.25363,34.48328],[-119.25342,34.48349],[-119.25332,34.48385],[-119.25303,34.48399],[-119.2529,34.48397],[-119.25273,34.48366],[-119.25208,34.48314],[-119.2523,34.48272],[-119.25226,34.48258],[-119.25189,34.48215],[-119.2517,34.48174],[-119.25151,34.48159],[-119.25118,34.48066],[-119.25084,34.4805],[-119.25015,34.48044],[-119.24997,34.47989],[-119.24981,34.4798],[-119.24844,34.48008],[-119.24775,34.47966],[-119.24758,34.47939],[-119.24741,34.47935],[-119.24706,34.47966],[-119.24638,34.47994],[-119.2459,34.4796],[-119.24569,34.47961],[-119.245,34.48002],[-119.24466,34.47999],[-119.2442,34.48017],[-119.2438,34.48057],[-119.24294,34.47985],[-119.24268,34.47904],[-119.24209,34.47862],[-119.24174,34.47876],[-119.2414,34.4791],[-119.24123,34.47911],[-119.24054,34.47878],[-119.2402,34.47903],[-119.23968,34.47872],[-119.23934,34.47884],[-119.23906,34.47918],[-119.23869,34.47932],[-119.23854,34.47975],[-119.23814,34.48002],[-119.23797,34.48009],[-119.23745,34.47992],[-119.23694,34.48035],[-119.23676,34.48032],[-119.23608,34.47964],[-119.23573,34.47943],[-119.23505,34.47865],[-119.23475,34.47876],[-119.23436,34.4792],[-119.23351,34.47932],[-119.23324,34.47975],[-119.23269,34.48017],[-119.23231,34.48116],[-119.23204,34.48144],[-119.23179,34.48252],[-119.2311,34.48253],[-119.23024,34.48173],[-119.2299,34.48164],[-119.22968,34.48173],[-119.22921,34.4822],[-119.22835,34.48254],[-119.22815,34.48243],[-119.22817,34.48201],[-119.22805,34.48173],[-119.2275,34.48153],[-119.22698,34.48105],[-119.22664,34.48095],[-119.22423,34.48146],[-119.22303,34.4805],[-119.22167,34.48102],[-119.22152,34.48116],[-119.22156,34.4813],[-119.22175,34.48159],[-119.22185,34.48201],[-119.22253,34.48314],[-119.2221,34.48357],[-119.22234,34.48385],[-119.22231,34.48399],[-119.22199,34.48427],[-119.22183,34.48465],[-119.22132,34.48468],[-119.2208,34.48486],[-119.22011,34.48462],[-119.21943,34.48468],[-119.21908,34.48446],[-119.21823,34.4845],[-119.21788,34.48462],[-119.21754,34.48484],[-119.21702,34.48539],[-119.21696,34.48569],[-119.21672,34.48597],[-119.21663,34.48654],[-119.21669,34.48668],[-119.2172,34.48703],[-119.2196,34.48814],[-119.22085,34.48894],[-119.22183,34.48936],[-119.22217,34.48986],[-119.22235,34.48988],[-119.2232,34.48926],[-119.2236,34.48965],[-119.22314,34.48993],[-119.22269,34.49079],[-119.22369,34.49121],[-119.22382,34.49135],[-119.22248,34.49149],[-119.22296,34.49206],[-119.2232,34.49292],[-119.22377,34.49347],[-119.22338,34.49348],[-119.22303,34.49333],[-119.2223,34.49276],[-119.22231,34.49305],[-119.22275,34.49418],[-119.22274,34.49474],[-119.22269,34.49489],[-119.22252,34.49492],[-119.22217,34.49454],[-119.222,34.4941],[-119.22149,34.4936],[-119.2209,34.49319],[-119.2208,34.49315],[-119.22029,34.49364],[-119.22011,34.49363],[-119.22002,34.49347],[-119.21997,34.49276],[-119.21977,34.49249],[-119.21926,34.49258],[-119.21908,34.49189],[-119.21857,34.49217],[-119.21857,34.49127],[-119.21771,34.491],[-119.21754,34.49104],[-119.21702,34.49154],[-119.21668,34.49162],[-119.21617,34.49095],[-119.21599,34.49096],[-119.21529,34.49191],[-119.21533,34.49206],[-119.21584,34.49262],[-119.21582,34.49309],[-119.21496,34.49284],[-119.21462,34.49284],[-119.2144,34.4929],[-119.21416,34.49319],[-119.21408,34.49375],[-119.2147,34.4946],[-119.21448,34.49517],[-119.21428,34.49508],[-119.21393,34.49467],[-119.21376,34.49463],[-119.21344,34.49474],[-119.21297,34.49531],[-119.21279,34.49602],[-119.21239,34.49646],[-119.21225,34.49489],[-119.21205,34.49474],[-119.21123,34.4946],[-119.21158,34.49404],[-119.21157,34.4939],[-119.21101,34.49375],[-119.21096,34.49361],[-119.21157,34.49305],[-119.21129,34.49191],[-119.21185,34.49135],[-119.21199,34.49092],[-119.21188,34.49078],[-119.2117,34.49074],[-119.21102,34.49082],[-119.21016,34.4907],[-119.21012,34.49064],[-119.21055,34.49022],[-119.21093,34.48965],[-119.21101,34.48951],[-119.21092,34.48937],[-119.21024,34.48908],[-119.20964,34.48907],[-119.2093,34.4889],[-119.20861,34.48917],[-119.20844,34.48913],[-119.20847,34.48852],[-119.20775,34.4881],[-119.20802,34.48781],[-119.2081,34.48752],[-119.20896,34.48762],[-119.20964,34.48749],[-119.21015,34.48725],[-119.21061,34.48668],[-119.21065,34.48654],[-119.20975,34.48555],[-119.20975,34.48541],[-119.20999,34.48512],[-119.20935,34.48442],[-119.20878,34.48301],[-119.20878,34.48255],[-119.2093,34.48224],[-119.20981,34.48211],[-119.20984,34.48173],[-119.20947,34.48153],[-119.20861,34.48146],[-119.20827,34.48153],[-119.20808,34.48187],[-119.20755,34.48229],[-119.20747,34.48258],[-119.20707,34.48313],[-119.20587,34.48367],[-119.20518,34.48386],[-119.20449,34.48372],[-119.20381,34.48342],[-119.20295,34.48266],[-119.20278,34.4826],[-119.2026,34.48269],[-119.20212,34.48342],[-119.20197,34.48399],[-119.20175,34.48425],[-119.20106,34.4846],[-119.19986,34.48483],[-119.1998,34.48498],[-119.19986,34.48512],[-119.20037,34.48545],[-119.20109,34.48611],[-119.20109,34.48625],[-119.20039,34.48682],[-119.20033,34.48696],[-119.20054,34.48712],[-119.20089,34.48724],[-119.20175,34.4873],[-119.20228,34.48696],[-119.2026,34.48652],[-119.20383,34.48654],[-119.20432,34.48639],[-119.20449,34.48649],[-119.20482,34.48696],[-119.20464,34.48753],[-119.20518,34.48755],[-119.20532,34.48767],[-119.20552,34.48851],[-119.20587,34.48938],[-119.20569,34.48949],[-119.20518,34.48952],[-119.20466,34.48943],[-119.20398,34.48962],[-119.20363,34.48993],[-119.20295,34.4903],[-119.20281,34.4905],[-119.20286,34.49064],[-119.20312,34.49076],[-119.20381,34.49074],[-119.20484,34.4914],[-119.20552,34.49156],[-119.20626,34.49262],[-119.20612,34.49276],[-119.20569,34.49285],[-119.20494,34.49319],[-119.20496,34.49347],[-119.20535,34.49401],[-119.20535,34.49418],[-119.20484,34.49426],[-119.20358,34.49404],[-119.20312,34.49382],[-119.20277,34.4939],[-119.20294,34.49418],[-119.20297,34.4946],[-119.20312,34.4948],[-119.20453,34.49531],[-119.20524,34.49573],[-119.20523,34.49588],[-119.20466,34.49589],[-119.20398,34.49604],[-119.20312,34.49644],[-119.20407,34.49814],[-119.20381,34.49826],[-119.20329,34.49828],[-119.20237,34.49885],[-119.20246,34.49955],[-119.2026,34.49978],[-119.2029,34.49998],[-119.20291,34.50012],[-119.20243,34.50038],[-119.2014,34.49957],[-119.2012,34.49927],[-119.20115,34.49913],[-119.20138,34.49828],[-119.20123,34.49815],[-119.20089,34.49818],[-119.20062,34.49771],[-119.19988,34.49729],[-119.19951,34.49668],[-119.19934,34.49657],[-119.19894,34.49715],[-119.19831,34.49879],[-119.19711,34.49806],[-119.1966,34.49786],[-119.19557,34.49813],[-119.19522,34.49798],[-119.19505,34.49803],[-119.19464,34.49842],[-119.19448,34.49885],[-119.19387,34.49941],[-119.19412,34.4997],[-119.19471,34.4998],[-119.195,34.49998],[-119.19561,34.50083],[-119.19471,34.50041],[-119.19441,34.5004],[-119.19395,34.50054],[-119.19333,34.50109],[-119.19317,34.50054],[-119.19254,34.50012],[-119.19136,34.49842],[-119.1913,34.49786],[-119.19136,34.49757],[-119.19127,34.49748],[-119.19093,34.49745],[-119.19024,34.49764],[-119.18973,34.49727],[-119.18921,34.49727],[-119.18847,34.49771],[-119.18844,34.49814],[-119.18836,34.49819],[-119.18801,34.49798],[-119.18783,34.49771],[-119.18805,34.49658],[-119.18741,34.49616],[-119.1875,34.49602],[-119.18784,34.49589],[-119.18904,34.49564],[-119.19093,34.49497],[-119.19145,34.49464],[-119.19213,34.49384],[-119.19265,34.49355],[-119.19299,34.49347],[-119.19335,34.49305],[-119.1933,34.49276],[-119.19282,34.49259],[-119.19196,34.49277],[-119.1911,34.49279],[-119.18999,34.4922],[-119.18994,34.49206],[-119.19006,34.49177],[-119.19087,34.49107],[-119.19106,34.49064],[-119.19098,34.4905],[-119.19036,34.49022],[-119.18963,34.4888],[-119.18973,34.48857],[-119.19042,34.48817],[-119.19019,34.48767],[-119.19042,34.48741],[-119.1904,34.4871],[-119.1905,34.48682],[-119.19018,34.4864],[-119.19026,34.48611],[-119.18999,34.48541],[-119.18987,34.4847],[-119.19007,34.48444],[-119.19084,34.48413],[-119.19082,34.48342],[-119.19071,34.48314],[-119.19024,34.48304],[-119.18989,34.48328],[-119.18984,34.48385],[-119.18993,34.48413],[-119.18983,34.48442],[-119.1887,34.48462],[-119.18801,34.48511],[-119.18784,34.48544],[-119.18698,34.48571],[-119.18663,34.48597],[-119.18665,34.4864],[-119.18652,34.48682],[-119.18676,34.48739],[-119.18682,34.48781],[-119.18666,34.48809],[-119.18645,34.48923],[-119.1863,34.4895],[-119.18612,34.48944],[-119.18601,34.48852],[-119.18595,34.48844],[-119.18546,34.48838],[-119.18561,34.48795],[-119.1856,34.48767],[-119.18514,34.48725],[-119.18484,34.48668],[-119.18406,34.48653],[-119.18269,34.48605],[-119.18253,34.48569],[-119.18218,34.4855],[-119.18183,34.48567],[-119.18166,34.48564],[-119.18161,34.48526],[-119.18218,34.48509],[-119.18269,34.48507],[-119.18372,34.48523],[-119.184,34.48512],[-119.18426,34.48427],[-119.18384,34.48357],[-119.18428,34.48328],[-119.18457,34.48272],[-119.18463,34.48215],[-119.18441,34.4819],[-119.18372,34.48186],[-119.18338,34.48157],[-119.18218,34.4814],[-119.18174,34.48116],[-119.18177,34.48088],[-119.18219,34.48017],[-119.18216,34.47989],[-119.18193,34.47946],[-119.18217,34.47918],[-119.18281,34.47876],[-119.18276,34.47791],[-119.18266,34.47762],[-119.18235,34.47742],[-119.18192,34.47734],[-119.18149,34.47687],[-119.18063,34.47688],[-119.18012,34.47636],[-119.17994,34.47629],[-119.17892,34.47658],[-119.17823,34.4762],[-119.17806,34.47626],[-119.17757,34.47677],[-119.17812,34.47734],[-119.17789,34.47775],[-119.1772,34.47777],[-119.17668,34.47802],[-119.17651,34.47794],[-119.17604,34.47734],[-119.17548,34.47631],[-119.17531,34.47628],[-119.17462,34.47678],[-119.17428,34.47684],[-119.17412,34.47677],[-119.17413,34.47635],[-119.17403,34.47607],[-119.17308,34.47524],[-119.17295,34.47564],[-119.17266,34.47607],[-119.17196,34.47677],[-119.17191,34.47692],[-119.17225,34.47748],[-119.17211,34.47776],[-119.17124,34.47833],[-119.17167,34.4789],[-119.17291,34.47995],[-119.17305,34.48031],[-119.17385,34.4813],[-119.17377,34.4814],[-119.17359,34.48141],[-119.17239,34.48114],[-119.17218,34.48144],[-119.17194,34.48229],[-119.17167,34.48258],[-119.1715,34.483],[-119.17119,34.48327],[-119.17085,34.48331],[-119.17045,34.48357],[-119.1698,34.48357],[-119.16963,34.48371],[-119.1693,34.48435],[-119.16913,34.48436],[-119.16896,34.48408],[-119.16919,34.48342],[-119.16896,34.48283],[-119.16974,34.48272],[-119.1703,34.48215],[-119.16999,34.48174],[-119.16965,34.48164],[-119.1696,34.4813],[-119.16947,34.48117],[-119.1689,34.48116],[-119.1688,34.48102],[-119.16883,34.48031],[-119.16844,34.47983],[-119.16793,34.47976],[-119.16673,34.47996],[-119.16644,34.47932],[-119.16675,34.47861],[-119.16619,34.47847],[-119.16618,34.47762],[-119.16604,34.4775],[-119.16553,34.47756],[-119.16501,34.47744],[-119.1645,34.47746],[-119.16401,34.4772],[-119.16347,34.4771],[-119.16278,34.47714],[-119.16158,34.47757],[-119.16129,34.47734],[-119.16158,34.47673],[-119.16209,34.47645],[-119.16278,34.47581],[-119.16329,34.47575],[-119.16484,34.47526],[-119.1657,34.47517],[-119.16631,34.47493],[-119.1669,34.47437],[-119.16739,34.47409],[-119.16712,34.47324],[-119.16765,34.47295],[-119.16767,34.47281],[-119.16741,34.47225],[-119.16656,34.47178],[-119.1657,34.47194],[-119.16535,34.47191],[-119.16518,34.47162],[-119.16467,34.47149],[-119.16418,34.47111],[-119.16425,34.47083],[-119.16384,34.47055],[-119.16407,34.46998],[-119.16391,34.46956],[-119.16382,34.46885],[-119.16432,34.4687],[-119.16501,34.46894],[-119.16579,34.46885],[-119.16502,34.46828],[-119.1652,34.468],[-119.16518,34.46786],[-119.16435,34.46743],[-119.16415,34.4672],[-119.16398,34.46723],[-119.16379,34.46743],[-119.16387,34.46772],[-119.16381,34.46789],[-119.16329,34.46805],[-119.16295,34.46803],[-119.16285,34.46857],[-119.16261,34.46875],[-119.16194,34.468],[-119.16141,34.46718],[-119.16049,34.46644],[-119.16003,34.46581]]}},{"type":"Feature","properties":{"m":760,"index":0},"geometry":{"type":"LineString","coordinates":[[-119.16003,34.46763],[-119.16084,34.46814],[-119.16082,34.46828],[-119.16029,34.46857],[-119.16028,34.46885],[-119.16003,34.46877]]}},{"type":"Feature","properties":{"m":760,"index":0},"geometry":{"type":"LineString","coordinates":[[-119.17977,34.41504],[-119.17977,34.41522],[-119.18029,34.41506],[-119.18166,34.41522],[-119.18235,34.41585],[-119.18254,34.41576],[-119.18286,34.41533],[-119.18355,34.41522],[-119.18406,34.4154],[-119.18475,34.41525],[-119.185,34.41576],[-119.18544,34.41593],[-119.18603,34.41633],[-119.18647,34.41642],[-119.18733,34.41621],[-119.18784,34.41591],[-119.18818,34.41591],[-119.18853,34.41577],[-119.18956,34.41586],[-119.19024,34.41558],[-119.19248,34.41584],[-119.19299,34.41609],[-119.19333,34.41613],[-119.19419,34.41555],[-119.19488,34.41558],[-119.1958,34.41505]]}},{"type":"Feature","properties":{"m":800,"index":1},"geometry":{"type":"LineString","coordinates":[[-119.3371,34.47026],[-119.33702,34.4707],[-119.33571,34.47168],[-119.33581,34.47187],[-119.3365,34.47194],[-119.33684,34.47223],[-119.33719,34.47232],[-119.33722,34.47253],[-119.33693,34.47295],[-119.33736,34.47324],[-119.33741,34.47338],[-119.3365,34.47344],[-119.33633,34.47352],[-119.33667,34.4738],[-119.33666,34.47394],[-119.33603,34.47409],[-119.33581,34.47425],[-119.3353,34.47431],[-119.33512,34.47479],[-119.33524,34.47522],[-119.33513,34.4753],[-119.33367,34.47465],[-119.3329,34.47363],[-119.3327,34.47366],[-119.33246,34.47423],[-119.33241,34.47479],[-119.33221,34.47498],[-119.33169,34.47454],[-119.33101,34.47444],[-119.33066,34.47423],[-119.33012,34.47423],[-119.3301,34.47409],[-119.33024,34.47394],[-119.33085,34.47352],[-119.33093,34.47324],[-119.33032,34.4726],[-119.32981,34.47277],[-119.32939,34.47267],[-119.32934,34.47253],[-119.32953,34.47239],[-119.32953,34.47225],[-119.32935,34.4721],[-119.32933,34.47196],[-119.33066,34.47185],[-119.33101,34.47172],[-119.33169,34.47171],[-119.33184,34.47154],[-119.33152,34.47122],[-119.33046,34.47083],[-119.32998,34.47077],[-119.32946,34.4705],[-119.32895,34.47052],[-119.32757,34.47091],[-119.32637,34.47051],[-119.3262,34.47053],[-119.32569,34.47093],[-119.325,34.47093],[-119.32456,34.47111],[-119.32412,34.47154],[-119.32437,34.47182],[-119.32413,34.4721],[-119.32457,34.47281],[-119.32445,34.47324],[-119.32466,34.47332],[-119.32515,34.47309],[-119.32566,34.47324],[-119.32512,34.4738],[-119.32509,34.47394],[-119.32547,34.47451],[-119.32534,34.47459],[-119.325,34.47456],[-119.32466,34.47467],[-119.32414,34.4745],[-119.32363,34.47477],[-119.32311,34.47401],[-119.3226,34.47371],[-119.32208,34.47386],[-119.32174,34.47368],[-119.32157,34.47369],[-119.32112,34.47409],[-119.32088,34.47412],[-119.32064,34.4738],[-119.32071,34.47352],[-119.32062,34.47338],[-119.31968,34.47297],[-119.319,34.47352],[-119.31882,34.47356],[-119.3183,34.47332],[-119.31762,34.47346],[-119.31693,34.47301],[-119.31675,34.47324],[-119.31677,34.47423],[-119.31659,34.47433],[-119.31607,34.47435],[-119.31539,34.47475],[-119.31504,34.47475],[-119.31436,34.47502],[-119.31401,34.47528],[-119.3135,34.47546],[-119.31315,34.47576],[-119.31206,34.47621],[-119.31179,34.47649],[-119.31186,34.47663],[-119.31281,34.47708],[-119.31367,34.47736],[-119.3147,34.47738],[-119.31505,34.47748],[-119.31553,34.47776],[-119.3159,34.47811],[-119.31656,34.47762],[-119.31714,34.47748],[-119.31749,34.47706],[-119.31779,34.4769],[-119.31813,34.47697],[-119.31882,34.47685],[-119.31933,34.47707],[-119.31985,34.47689],[-119.32036,34.47716],[-119.32088,34.47722],[-119.32191,34.47725],[-119.32277,34.47705],[-119.32294,34.4771],[-119.32299,34.4772],[-119.32282,34.47762],[-119.32325,34.47819],[-119.32369,34.47833],[-119.32385,34.47904],[-119.32375,34.47975],[-119.32345,34.4801],[-119.32276,34.48031],[-119.32262,34.48059],[-119.32277,34.48068],[-119.32328,34.48065],[-119.32406,34.48017],[-119.32482,34.47946],[-119.32534,34.47923],[-119.32658,34.47946],[-119.32685,34.4796],[-119.32672,34.48031],[-119.32729,34.48088],[-119.32735,34.48102],[-119.32726,34.4813],[-119.32763,34.48159],[-119.32775,34.4818],[-119.32792,34.4818],[-119.32805,34.48159],[-119.3286,34.48132],[-119.32895,34.48102],[-119.32895,34.48058],[-119.32965,34.48031],[-119.32981,34.47967],[-119.33032,34.47964],[-119.33065,34.47946],[-119.33084,34.47948],[-119.33095,34.4796],[-119.33096,34.47989],[-119.3312,34.48031],[-119.33135,34.48043],[-119.33205,34.48059],[-119.33213,34.48173],[-119.33255,34.48222],[-119.3329,34.48238],[-119.33513,34.4822],[-119.33561,34.48201],[-119.33581,34.48181],[-119.33599,34.48181],[-119.33684,34.48258],[-119.33702,34.48316],[-119.33719,34.48319],[-119.33753,34.48301],[-119.33787,34.48255],[-119.33856,34.48236],[-119.33959,34.48149],[-119.33993,34.48141],[-119.33999,34.48159]]}},{"type":"Feature","properties":{"m":800,"index":1},"geometry":{"type":"LineString","coordinates":[[-119.33999,34.47168],[-119.33993,34.47111],[-119.33959,34.47065],[-119.3386,34.47069],[-119.33839,34.47058],[-119.33787,34.47053],[-119.33736,34.47017],[-119.3371,34.47026]]}},{"type":"Feature","properties":{"m":800,"index":1},"geometry":{"type":"LineString","coordinates":[[-119.33993,34.52195],[-119.33976,34.52214],[-119.33908,34.52221],[-119.33856,34.52242],[-119.33822,34.52238],[-119.33805,34.52248],[-119.3377,34.52309],[-119.33719,34.5235],[-119.33589,34.52403],[-119.33555,34.52459],[-119.33571,34.5253],[-119.33564,34.52553],[-119.33495,34.52487],[-119.33474,34.52445],[-119.3346,34.52374],[-119.334,34.52332],[-119.33461,34.52294],[-119.33495,34.52261],[-119.33547,34.52259],[-119.33581,34.52241],[-119.33586,34.52219],[-119.33572,34.5219],[-119.33573,34.52134],[-119.33616,34.52062],[-119.3365,34.52068],[-119.33702,34.52055],[-119.33822,34.52056],[-119.33959,34.5201],[-119.33993,34.5199]]}},{"type":"Feature","properties":{"m":800,"index":1},"geometry":{"type":"LineString","coordinates":[[-119.33993,34.50797],[-119.33959,34.50789],[-119.33872,34.50719],[-119.3377,34.50843],[-119.33753,34.50848],[-119.33719,34.5083],[-119.33684,34.50844],[-119.33662,34.50861],[-119.33616,34.50937],[-119.33438,34.51016],[-119.33379,34.51087],[-119.33307,34.51104],[-119.33272,34.51064],[-119.33254,34.51059],[-119.33118,34.51113],[-119.32976,34.51144],[-119.32991,34.51073],[-119.33012,34.51031],[-119.33017,34.50974],[-119.33005,34.50946],[-119.33028,34.50917],[-119.33043,34.50875],[-119.33003,34.50847],[-119.33014,34.50748],[-119.3297,34.50663],[-119.32912,34.50651],[-119.3286,34.50623],[-119.3274,34.50608],[-119.32654,34.50586],[-119.32569,34.5054],[-119.32551,34.50546],[-119.3252,34.50606],[-119.32466,34.50664],[-119.32414,34.50712],[-119.32363,34.50741],[-119.32345,34.50735],[-119.32291,34.50649],[-119.32236,34.5062],[-119.32225,34.50574],[-119.32139,34.50555],[-119.32036,34.50594],[-119.31985,34.50573],[-119.31981,34.5055],[-119.31951,34.5052],[-119.31899,34.50519],[-119.31882,34.50506],[-119.31862,34.50507],[-119.3183,34.50434],[-119.31727,34.50403],[-119.31642,34.50436],[-119.31539,34.50438],[-119.31518,34.50493],[-119.3147,34.50486],[-119.31384,34.5051],[-119.31367,34.50502],[-119.31331,34.50451],[-119.31339,34.50408],[-119.31314,34.50366],[-119.31326,34.50309],[-119.31315,34.50258],[-119.31281,34.50272],[-119.31247,34.50261],[-119.31212,34.50272],[-119.31144,34.50259],[-119.31089,34.50139],[-119.31041,34.50097],[-119.31024,34.50109],[-119.30987,34.50182],[-119.30932,34.5021],[-119.30922,34.50224],[-119.30932,34.50281],[-119.30869,34.50337],[-119.30879,34.50352],[-119.30903,34.50359],[-119.31041,34.50364],[-119.31062,34.5038],[-119.31053,34.50408],[-119.31058,34.50424],[-119.31092,34.50439],[-119.3123,34.50465],[-119.3122,34.50507],[-119.31205,34.50521],[-119.31092,34.50607],[-119.3104,34.50634],[-119.31011,34.50733],[-119.30977,34.50762],[-119.30955,34.50804],[-119.30969,34.50847],[-119.30994,34.50875],[-119.31092,34.5091],[-119.31134,34.50946],[-119.31144,34.50958],[-119.31147,34.51002],[-119.31124,34.51016],[-119.31109,34.51065],[-119.31044,34.51073],[-119.31024,34.511],[-119.30972,34.51136],[-119.30869,34.51173],[-119.30836,34.512],[-119.30798,34.51257],[-119.3068,34.51333],[-119.30689,34.51441],[-119.30663,34.51445],[-119.30629,34.51436],[-119.30594,34.51445],[-119.30587,34.51455],[-119.30591,34.51483],[-119.30559,34.51511],[-119.3056,34.51615],[-119.30491,34.51566],[-119.30474,34.51537],[-119.30469,34.51497],[-119.304,34.51441],[-119.3043,34.51299],[-119.30423,34.51271],[-119.30388,34.51244],[-119.30355,34.51257],[-119.30303,34.51307],[-119.30251,34.51338],[-119.30165,34.51413],[-119.30131,34.51462],[-119.30075,34.51483],[-119.30054,34.51511],[-119.3004,34.51568],[-119.29976,34.51606],[-119.29942,34.51576],[-119.29873,34.51562],[-119.29805,34.51508],[-119.29788,34.51507],[-119.29719,34.51541],[-119.29702,34.51558],[-119.29685,34.51599],[-119.29667,34.51613],[-119.29633,34.51597],[-119.29599,34.51595],[-119.29547,34.51608],[-119.2953,34.51624],[-119.29463,34.51582],[-119.29337,34.51554],[-119.29273,34.51525],[-119.29084,34.51597],[-119.28998,34.51595],[-119.2893,34.51568],[-119.28878,34.51568],[-119.28821,34.51667],[-119.28815,34.51681],[-119.28821,34.51695],[-119.29017,34.51808],[-119.29029,34.51823],[-119.29009,34.51837],[-119.28912,34.5185],[-119.28758,34.51838],[-119.28738,34.51851],[-119.28726,34.51879],[-119.28706,34.51988],[-119.28689,34.51985],[-119.28655,34.51955],[-119.28638,34.51954],[-119.28587,34.51978],[-119.28585,34.52006],[-119.28619,34.52091],[-119.28603,34.52103],[-119.28552,34.52083],[-119.28478,34.52091],[-119.28441,34.52148],[-119.28441,34.5219],[-119.28432,34.522],[-119.28396,34.52204],[-119.28363,34.52248],[-119.28346,34.52253],[-119.28288,34.52204],[-119.28265,34.52204],[-119.28282,34.52261],[-119.28338,34.52346],[-119.28311,34.52357],[-119.28243,34.52357],[-119.28226,34.52374],[-119.28152,34.52403],[-119.28139,34.52417],[-119.28157,34.52478],[-119.28154,34.52516],[-119.2814,34.52523],[-119.28123,34.52497],[-119.28105,34.52497],[-119.28088,34.5253],[-119.2807,34.52544],[-119.28037,34.52553],[-119.28019,34.52544],[-119.28031,34.52516],[-119.27981,34.52431],[-119.28002,34.52392],[-119.28,34.5236],[-119.28019,34.52318],[-119.2799,34.52261],[-119.27951,34.52212],[-119.27934,34.52206],[-119.27899,34.52229],[-119.27846,34.52247],[-119.27846,34.52261],[-119.27905,34.52304],[-119.27848,34.52337],[-119.2784,34.5236],[-119.27846,34.52388],[-119.27835,34.52403],[-119.27779,34.52417],[-119.27745,34.52476],[-119.27711,34.52449],[-119.27659,34.52466],[-119.27642,34.52408],[-119.2759,34.5242],[-119.27539,34.52393],[-119.27522,34.52396],[-119.27516,34.52487],[-119.27505,34.52497],[-119.2745,34.52502],[-119.27447,34.52516],[-119.27481,34.52544],[-119.27466,34.52572],[-119.27468,34.52586],[-119.27454,34.52601],[-119.27393,34.52615],[-119.27394,34.52643],[-119.27384,34.52663],[-119.2735,34.52644],[-119.27299,34.52637],[-119.27213,34.52655],[-119.27158,34.52643],[-119.2712,34.52728],[-119.27118,34.5277],[-119.27185,34.52827],[-119.27075,34.52846],[-119.27045,34.52883],[-119.27049,34.52912],[-119.27093,34.52947],[-119.27264,34.52997]]}},{"type":"Feature","properties":{"m":800,"index":1},"geometry":{"type":"LineString","coordinates":[[-119.26825,34.52996],[-119.26852,34.52973],[-119.26852,34.52956],[-119.26813,34.52926],[-119.26784,34.52834],[-119.26635,34.52756],[-119.26612,34.52723],[-119.26595,34.5273],[-119.26544,34.52784],[-119.26541,34.52798],[-119.26565,34.52841],[-119.26566,34.52855],[-119.26554,34.52869],[-119.26421,34.5294],[-119.26419,34.52954],[-119.26461,34.52996]]}},{"type":"Feature","properties":{"m":800,"index":1},"geometry":{"type":"LineString","coordinates":[[-119.25887,34.52996],[-119.25925,34.52904],[-119.25972,34.52841],[-119.26063,34.52785],[-119.26148,34.52763],[-119.26167,34.52742],[-119.26131,34.52727],[-119.26045,34.52726],[-119.26011,34.52712],[-119.25891,34.52733],[-119.25857,34.52722],[-119.25749,34.52728],[-119.25748,34.52714],[-119.25766,34.52685],[-119.25761,34.52671],[-119.25651,34.52651],[-119.25634,34.52643],[-119.2564,34.52629],[-119.25719,34.52617],[-119.25736,34.52594],[-119.25805,34.52612],[-119.25866,34.52601],[-119.25925,34.52545],[-119.25977,34.52522],[-119.26028,34.52512],[-119.26063,34.52484],[-119.26097,34.52484],[-119.26183,34.52426],[-119.26249,34.52403],[-119.262,34.5236],[-119.2613,34.5236],[-119.26045,34.52383],[-119.26011,34.52363],[-119.25942,34.52363],[-119.25891,34.52375],[-119.25822,34.52368],[-119.25771,34.52398],[-119.25685,34.52407],[-119.25616,34.52375],[-119.25496,34.5241],[-119.25462,34.52402],[-119.2541,34.52426],[-119.25359,34.52412],[-119.25307,34.52435],[-119.25273,34.52426],[-119.25221,34.52437],[-119.25187,34.52456],[-119.25136,34.52451],[-119.25101,34.52473],[-119.2511,34.5253],[-119.25128,34.52558],[-119.25124,34.52572],[-119.25067,34.52614],[-119.25065,34.52572],[-119.2505,34.52565],[-119.25015,34.5257],[-119.24998,34.52532],[-119.24993,34.52473],[-119.24981,34.52447],[-119.24964,34.52442],[-119.24878,34.52465],[-119.24724,34.52467],[-119.24689,34.52483],[-119.24603,34.52482],[-119.245,34.525],[-119.24466,34.52516],[-119.24449,34.52551],[-119.24415,34.52538],[-119.24395,34.52544],[-119.24363,34.52578],[-119.24328,34.52572],[-119.24363,34.52511],[-119.24415,34.52497],[-119.24432,34.52457],[-119.24465,34.52445],[-119.24483,34.52424],[-119.2451,34.52417],[-119.24518,34.52405],[-119.24511,34.52332],[-119.24518,34.52324],[-119.24569,34.52377],[-119.24586,34.5238],[-119.24621,34.52352],[-119.24655,34.52363],[-119.24672,34.52357],[-119.24687,34.52346],[-119.24689,34.52317],[-119.24741,34.52336],[-119.2475,34.52332],[-119.24735,34.52304],[-119.24741,34.52293],[-119.24792,34.52292],[-119.24827,34.52309],[-119.24844,34.52307],[-119.24887,34.52275],[-119.24898,34.52247],[-119.24947,34.52254],[-119.24964,34.52247],[-119.24981,34.52208],[-119.25033,34.52199],[-119.25118,34.52136],[-119.25153,34.52142],[-119.25186,34.52105],[-119.25239,34.52071],[-119.25256,34.52065],[-119.25324,34.52102],[-119.25376,34.52103],[-119.25445,34.5207],[-119.25496,34.52014],[-119.25651,34.52009],[-119.25741,34.51964],[-119.25915,34.51907],[-119.25928,34.51893],[-119.25924,34.51879],[-119.25908,34.51872],[-119.25839,34.51859],[-119.25739,34.51823],[-119.25748,34.51808],[-119.25805,34.51774],[-119.25835,34.51724],[-119.25788,34.51723],[-119.25685,34.51755],[-119.25638,34.51738],[-119.25671,34.51695],[-119.25671,34.51639],[-119.25684,34.51596],[-119.25637,34.51469],[-119.25632,34.51427],[-119.25616,34.51418],[-119.25582,34.51421],[-119.25548,34.51397],[-119.25513,34.51387],[-119.25427,34.51397],[-119.25396,34.51356],[-119.25359,34.51342],[-119.25273,34.51375],[-119.25256,34.51375],[-119.25239,34.51351],[-119.25187,34.51361],[-119.25172,34.51356],[-119.25185,34.51313],[-119.2517,34.51303],[-119.25084,34.51263],[-119.25015,34.51257],[-119.25008,34.51172],[-119.2498,34.5113],[-119.25006,34.51087],[-119.24998,34.51084],[-119.24964,34.51082],[-119.2493,34.51093],[-119.24912,34.51106],[-119.24901,34.5113],[-119.24844,34.5116],[-119.24827,34.51151],[-119.24792,34.5116],[-119.24758,34.5114],[-119.24603,34.51125],[-119.24535,34.51146],[-119.24483,34.51108],[-119.24483,34.51078],[-119.24518,34.51086],[-119.24569,34.51074],[-119.24672,34.51074],[-119.24679,34.51031],[-119.24689,34.51029],[-119.24716,34.51045],[-119.24775,34.51056],[-119.24844,34.51039],[-119.24878,34.51008],[-119.24955,34.50974],[-119.2494,34.50932],[-119.24963,34.50889],[-119.25033,34.5086],[-119.25067,34.50821],[-119.25105,34.50818],[-119.25221,34.50731],[-119.25233,34.50748],[-119.25223,34.5079],[-119.25248,34.50818],[-119.25254,34.50847],[-119.2541,34.50941],[-119.25496,34.50938],[-119.25599,34.50979],[-119.25771,34.50972],[-119.25908,34.50944],[-119.26045,34.5095],[-119.26148,34.50985],[-119.26475,34.50977],[-119.26663,34.50994],[-119.26801,34.50984],[-119.2695,34.5096],[-119.2696,34.50946],[-119.26955,34.50933],[-119.26835,34.50827],[-119.26774,34.5079],[-119.26715,34.50787],[-119.26706,34.50776],[-119.26766,34.5073],[-119.26852,34.50695],[-119.26921,34.50689],[-119.26972,34.5071],[-119.27007,34.50713],[-119.27075,34.50701],[-119.27108,34.50677],[-119.27143,34.50606],[-119.27106,34.5055],[-119.27093,34.50501],[-119.27007,34.50411],[-119.26921,34.50374],[-119.26869,34.50334],[-119.26783,34.50309],[-119.26712,34.50267],[-119.2673,34.50238],[-119.26792,34.50196],[-119.26789,34.50168],[-119.26801,34.50136],[-119.26835,34.50154],[-119.26852,34.50106],[-119.26921,34.50161],[-119.2699,34.50172],[-119.27069,34.50168],[-119.2711,34.50119],[-119.27127,34.50111],[-119.27161,34.50128],[-119.27196,34.5011],[-119.27264,34.50221],[-119.27333,34.50255],[-119.27367,34.50258],[-119.27372,34.50238],[-119.27323,34.50182],[-119.27317,34.50139],[-119.27376,34.50083],[-119.27419,34.50056],[-119.27453,34.50079],[-119.27487,34.50082],[-119.27556,34.50078],[-119.27576,34.50054],[-119.27608,34.50036],[-119.27711,34.50055],[-119.2776,34.49984],[-119.27865,34.49944],[-119.27917,34.49956],[-119.28002,34.49946],[-119.28123,34.50014],[-119.28174,34.49997],[-119.28208,34.50004],[-119.28243,34.49984],[-119.28311,34.49966],[-119.28432,34.50023],[-119.28483,34.50072],[-119.2859,34.50111],[-119.28615,34.50139],[-119.28633,34.50196],[-119.28691,34.50238],[-119.28706,34.50289],[-119.28741,34.50294],[-119.28795,34.50281],[-119.28814,34.50267],[-119.28813,34.50252],[-119.28726,34.50168],[-119.28672,34.50044],[-119.28664,34.50012],[-119.28672,34.49966],[-119.2862,34.49941],[-119.28573,34.49885],[-119.28531,34.49871],[-119.285,34.49825],[-119.28432,34.49785],[-119.2838,34.49783],[-119.28226,34.49748],[-119.28157,34.49748],[-119.28088,34.49712],[-119.27882,34.49728],[-119.27866,34.49701],[-119.27956,34.49658],[-119.27962,34.49644],[-119.27947,34.49602],[-119.27971,34.49573],[-119.27985,34.49536],[-119.28002,34.49538],[-119.28014,34.49588],[-119.28037,34.49601],[-119.28226,34.4956],[-119.28255,34.49531],[-119.2826,34.49502],[-119.28277,34.49479],[-119.28311,34.49529],[-119.28346,34.49541],[-119.28432,34.49479],[-119.28517,34.49479],[-119.28551,34.49432],[-119.28638,34.4943],[-119.28723,34.49472],[-119.28758,34.4944],[-119.28809,34.49429],[-119.28819,34.49418],[-119.28792,34.4936],[-119.28861,34.4928],[-119.28841,34.49234],[-119.28861,34.49187],[-119.28912,34.49171],[-119.28964,34.49176],[-119.29067,34.49211],[-119.29152,34.49216],[-119.29192,34.49206],[-119.29084,34.49135],[-119.29008,34.49107],[-119.28895,34.49015],[-119.28878,34.49012],[-119.28861,34.49026],[-119.28792,34.49019],[-119.28723,34.49025],[-119.2871,34.49036],[-119.28702,34.49064],[-119.28655,34.49073],[-119.28638,34.49068],[-119.28586,34.49022],[-119.28432,34.48979],[-119.2838,34.48992],[-119.28346,34.48984],[-119.28294,34.48987],[-119.28226,34.49001],[-119.28157,34.48985],[-119.28146,34.48937],[-119.28123,34.48906],[-119.28037,34.4893],[-119.27968,34.48929],[-119.27865,34.48823],[-119.27814,34.48817],[-119.27728,34.48854],[-119.27659,34.48856],[-119.27615,34.48767],[-119.2759,34.48747],[-119.27539,34.48765],[-119.2735,34.48797],[-119.27323,34.48654],[-119.27326,34.48611],[-119.27352,34.48569],[-119.27345,34.48512],[-119.27299,34.48443],[-119.27264,34.48425],[-119.27161,34.48479],[-119.27093,34.48564],[-119.27007,34.48594],[-119.2699,34.48576],[-119.26955,34.48564],[-119.26927,34.48526],[-119.26897,34.48512],[-119.26852,34.48469],[-119.26732,34.48455],[-119.26656,34.48512],[-119.26623,34.48526],[-119.26582,34.48583],[-119.26578,34.48627],[-119.26521,34.48654],[-119.26509,34.4869],[-119.26446,34.48739],[-119.26443,34.48809],[-119.26501,34.48866],[-119.26457,34.4887],[-119.26406,34.48837],[-119.26286,34.48829],[-119.26263,34.48809],[-119.26354,34.48798],[-119.26374,34.48781],[-119.2633,34.48725],[-119.2631,34.4864],[-119.26234,34.48576],[-119.2623,34.48541],[-119.26186,34.4847],[-119.26191,34.48427],[-119.26166,34.48358],[-119.26131,34.48345],[-119.26011,34.48333],[-119.25982,34.48286],[-119.25995,34.48258],[-119.25973,34.48229],[-119.25972,34.48187],[-119.25908,34.48133],[-119.25885,34.48102],[-119.25839,34.48071],[-119.25771,34.48119],[-119.25754,34.48121],[-119.25719,34.48104],[-119.25685,34.4811],[-119.25616,34.48151],[-119.25582,34.48185],[-119.25548,34.48191],[-119.25513,34.4825],[-119.25462,34.48257],[-119.25444,34.48272],[-119.25439,34.483],[-119.25399,34.48357],[-119.25387,34.48399],[-119.25309,34.48442],[-119.25273,34.48452],[-119.25252,34.48413],[-119.25145,34.48314],[-119.25163,34.48258],[-119.25136,34.48202],[-119.25101,34.48175],[-119.25077,34.48116],[-119.2505,34.48093],[-119.2499,34.48088],[-119.24964,34.48037],[-119.24947,34.48026],[-119.24844,34.48049],[-119.24809,34.48039],[-119.24741,34.47997],[-119.24706,34.48005],[-119.24638,34.4804],[-119.24586,34.48015],[-119.24572,34.48017],[-119.245,34.48071],[-119.2438,34.48121],[-119.24358,34.48116],[-119.24346,34.48088],[-119.24309,34.48045],[-119.24257,34.48003],[-119.24209,34.47924],[-119.24123,34.47954],[-119.24071,34.4793],[-119.2402,34.4794],[-119.23968,34.47927],[-119.23947,34.47946],[-119.23908,34.4796],[-119.23892,34.48003],[-119.23848,34.48022],[-119.23814,34.4805],[-119.23745,34.48043],[-119.23712,34.48088],[-119.23701,34.48088],[-119.23642,34.48059],[-119.23576,34.48003],[-119.23542,34.47989],[-119.23505,34.47951],[-119.23488,34.47947],[-119.23402,34.47978],[-119.23321,34.48045],[-119.23285,34.48102],[-119.2328,34.4813],[-119.23247,34.48171],[-119.23232,34.48286],[-119.23196,34.48306],[-119.23144,34.48288],[-119.2311,34.48298],[-119.23093,34.48291],[-119.23041,34.48239],[-119.23007,34.48224],[-119.22973,34.48239],[-119.22939,34.48272],[-119.22904,34.4827],[-119.22835,34.48307],[-119.22818,34.48306],[-119.22775,34.48272],[-119.2275,34.48203],[-119.22681,34.4815],[-119.22612,34.48148],[-119.22406,34.48191],[-119.2237,34.48173],[-119.22331,34.4813],[-119.22303,34.48116],[-119.22252,34.48137],[-119.22241,34.48159],[-119.22245,34.48187],[-119.22318,34.48328],[-119.22294,34.48357],[-119.223,34.48399],[-119.22212,34.48498],[-119.222,34.4851],[-119.22149,34.4851],[-119.2208,34.48528],[-119.21994,34.48508],[-119.21926,34.48512],[-119.21891,34.48495],[-119.21823,34.48503],[-119.21793,34.48526],[-119.21774,34.48597],[-119.21776,34.48625],[-119.21829,34.48696],[-119.22183,34.48871],[-119.22235,34.48919],[-119.22269,34.48908],[-119.2232,34.48858],[-119.22389,34.48815],[-119.22397,34.48866],[-119.22384,34.48908],[-119.22406,34.48935],[-119.22423,34.48946],[-119.22486,34.48908],[-119.22513,34.48908],[-119.22511,34.48923],[-119.22487,34.48951],[-119.22475,34.48994],[-119.22423,34.49014],[-119.22372,34.49016],[-119.22347,34.49036],[-119.22355,34.49051],[-119.22458,34.49075],[-119.22509,34.49066],[-119.22544,34.4907],[-119.22555,34.49078],[-119.22544,34.49107],[-119.2255,34.49121],[-119.22458,34.49165],[-119.22363,34.49191],[-119.22351,34.49206],[-119.22372,34.49235],[-119.22465,34.49305],[-119.22544,34.49385],[-119.22622,34.49418],[-119.22618,34.49432],[-119.22526,34.49436],[-119.22389,34.49409],[-119.22339,34.49418],[-119.22329,34.4946],[-119.2234,34.49503],[-119.22299,34.49559],[-119.22305,34.49602],[-119.22252,34.49597],[-119.22212,34.49573],[-119.22212,34.49545],[-119.222,34.49522],[-119.22132,34.49433],[-119.2208,34.49386],[-119.22046,34.49404],[-119.22011,34.49455],[-119.21994,34.4945],[-119.21982,34.49404],[-119.21949,34.49347],[-119.21881,34.49347],[-119.21863,34.49276],[-119.21823,34.49274],[-119.21805,34.49262],[-119.21797,34.49163],[-119.21788,34.49154],[-119.21771,34.49153],[-119.21685,34.49217],[-119.21668,34.49214],[-119.21617,34.4917],[-119.21605,34.49191],[-119.21632,34.49248],[-119.2164,34.49319],[-119.21627,34.49361],[-119.21599,34.49369],[-119.21514,34.49338],[-119.21496,34.49341],[-119.21488,34.49361],[-119.21496,34.4939],[-119.21527,34.49418],[-119.21538,34.49474],[-119.21499,34.49531],[-119.21499,34.49545],[-119.21541,34.49573],[-119.21548,34.49588],[-119.21479,34.49592],[-119.21376,34.4953],[-119.21348,34.49559],[-119.21333,34.4963],[-119.21256,34.49716],[-119.21256,34.49757],[-119.21239,34.49761],[-119.21222,34.49752],[-119.21205,34.49712],[-119.21177,34.49687],[-119.21184,34.49644],[-119.21182,34.49531],[-119.21174,34.49517],[-119.21061,34.49503],[-119.21058,34.4946],[-119.21077,34.49432],[-119.21073,34.49418],[-119.21012,34.49404],[-119.21012,34.4939],[-119.21096,34.4929],[-119.21075,34.49191],[-119.21104,34.49149],[-119.21103,34.49135],[-119.2093,34.49115],[-119.20918,34.49092],[-119.20996,34.49007],[-119.21005,34.48979],[-119.21,34.48965],[-119.20913,34.48948],[-119.2081,34.4896],[-119.20797,34.48937],[-119.20797,34.4888],[-119.20739,34.48852],[-119.20687,34.48809],[-119.2069,34.48769],[-119.20739,34.48753],[-119.20719,34.48682],[-119.20724,34.4867],[-119.20844,34.48696],[-119.20896,34.48697],[-119.20977,34.48682],[-119.20999,34.48662],[-119.20977,34.48611],[-119.20932,34.48569],[-119.20926,34.48555],[-119.20939,34.48512],[-119.20934,34.48498],[-119.20884,34.48442],[-119.20879,34.48413],[-119.20857,34.48385],[-119.20833,34.48328],[-119.2081,34.48306],[-119.20793,34.48308],[-119.20718,34.48357],[-119.20646,34.48385],[-119.20621,34.48404],[-119.20555,34.48413],[-119.20518,34.48435],[-119.20432,34.48408],[-119.20347,34.48371],[-119.20295,34.48331],[-119.20278,34.48333],[-119.20267,34.48342],[-119.20234,34.48427],[-119.20192,34.48462],[-119.20089,34.48506],[-119.20083,34.48526],[-119.20107,34.48555],[-119.20175,34.48592],[-119.20346,34.48571],[-119.20501,34.48581],[-119.2052,34.48597],[-119.20521,34.48625],[-119.20544,34.48654],[-119.20552,34.48697],[-119.20582,34.48725],[-119.20618,34.48866],[-119.20637,34.48908],[-119.20641,34.48979],[-119.20621,34.4899],[-119.20466,34.48999],[-119.20439,34.49022],[-119.20441,34.49036],[-119.20501,34.49086],[-119.20569,34.49094],[-119.20618,34.49121],[-119.2066,34.49177],[-119.20664,34.4922],[-119.20685,34.49276],[-119.20678,34.49305],[-119.20604,34.49321],[-119.20575,34.49347],[-119.20576,34.49375],[-119.20619,34.49432],[-119.20587,34.49454],[-119.20503,34.49474],[-119.20495,34.49489],[-119.20587,34.49566],[-119.20579,34.49602],[-119.20587,34.49646],[-119.20569,34.49651],[-119.20518,34.49634],[-119.20484,34.49633],[-119.20394,34.49658],[-119.20398,34.49715],[-119.20444,34.49757],[-119.20451,34.498],[-119.20478,34.49828],[-119.20472,34.49842],[-119.20432,34.49858],[-119.20346,34.4987],[-119.20303,34.49899],[-119.20296,34.49913],[-119.20299,34.49941],[-119.20312,34.49956],[-119.20363,34.49967],[-119.20398,34.49999],[-119.20431,34.50083],[-119.20459,34.50125],[-119.20458,34.50139],[-119.20449,34.50146],[-119.20432,34.50138],[-119.20363,34.50083],[-119.20312,34.50065],[-119.20278,34.50074],[-119.20226,34.50109],[-119.20198,34.50083],[-119.20192,34.50054],[-119.20074,34.49955],[-119.20065,34.49941],[-119.20076,34.49913],[-119.20072,34.49883],[-119.20019,34.49814],[-119.19986,34.49784],[-119.19951,34.49774],[-119.19848,34.49927],[-119.19831,34.49928],[-119.19694,34.49849],[-119.1966,34.49842],[-119.19539,34.49875],[-119.19505,34.49927],[-119.19522,34.49958],[-119.19611,34.50026],[-119.19617,34.50054],[-119.1966,34.501],[-119.19677,34.50132],[-119.19694,34.50143],[-119.19763,34.50145],[-119.19797,34.5016],[-119.19807,34.50182],[-119.19791,34.50224],[-119.1978,34.50231],[-119.19745,34.50209],[-119.1966,34.50206],[-119.19625,34.50196],[-119.19577,34.50168],[-119.19538,34.50125],[-119.19505,34.50105],[-119.19436,34.50085],[-119.19395,34.50111],[-119.19384,34.50196],[-119.19368,34.50214],[-119.19316,34.50149],[-119.19282,34.50083],[-119.19168,34.50012],[-119.19149,34.49941],[-119.1911,34.49896],[-119.19076,34.49803],[-119.19007,34.49817],[-119.18973,34.49792],[-119.18939,34.49784],[-119.18894,34.498],[-119.18908,34.49885],[-119.18863,34.49927],[-119.18851,34.50026],[-119.18836,34.50047],[-119.18818,34.50002],[-119.18814,34.49913],[-119.18791,34.49885],[-119.18803,34.49856],[-119.1875,34.49807],[-119.18729,34.49743],[-119.18742,34.49701],[-119.18737,34.49672],[-119.18681,34.49659],[-119.18627,34.49616],[-119.18664,34.49587],[-119.18755,34.49545],[-119.18853,34.49537],[-119.18985,34.49489],[-119.19116,34.49418],[-119.1918,34.49347],[-119.19176,34.49333],[-119.19162,34.49328],[-119.19093,34.49326],[-119.19024,34.49295],[-119.19008,34.49276],[-119.18956,34.49252],[-119.1894,34.4922],[-119.18956,34.49149],[-119.19005,34.49107],[-119.19022,34.49078],[-119.18962,34.48993],[-119.18917,34.48894],[-119.18917,34.48838],[-119.18956,34.48807],[-119.18963,34.48795],[-119.18955,34.48753],[-119.18997,34.4871],[-119.18993,34.48682],[-119.18966,34.4864],[-119.18971,34.48597],[-119.1893,34.48512],[-119.18904,34.48499],[-119.18847,34.48526],[-119.18829,34.48569],[-119.18813,34.48583],[-119.18713,34.48625],[-119.18724,34.48696],[-119.18743,34.48739],[-119.18747,34.48795],[-119.18715,34.48826],[-119.18695,34.48866],[-119.18698,34.48895],[-119.18676,34.48965],[-119.18673,34.49036],[-119.18645,34.49064],[-119.18653,34.49107],[-119.18613,34.49135],[-119.18604,34.49107],[-119.18579,34.49078],[-119.18581,34.48993],[-119.1855,34.48894],[-119.18527,34.48884],[-119.18441,34.4889],[-119.18402,34.4888],[-119.18407,34.48866],[-119.18465,34.48838],[-119.18509,34.48795],[-119.1844,34.4871],[-119.18303,34.48656],[-119.18252,34.48649],[-119.18218,34.48657],[-119.182,34.48628],[-119.18183,34.48621],[-119.18115,34.48644],[-119.18046,34.48653],[-119.18029,34.4864],[-119.18044,34.48611],[-119.18087,34.48583],[-119.1811,34.48555],[-119.18071,34.48484],[-119.1808,34.48477],[-119.18152,34.48484],[-119.182,34.48468],[-119.18348,34.4847],[-119.18363,34.48427],[-119.18349,34.48399],[-119.18319,34.48371],[-119.18317,34.48357],[-119.18376,34.48314],[-119.18394,34.48286],[-119.18391,34.48243],[-119.18372,34.48231],[-119.18338,34.48228],[-119.18303,34.48205],[-119.182,34.48189],[-119.18109,34.4813],[-119.18117,34.48059],[-119.18146,34.48031],[-119.18158,34.48003],[-119.1814,34.47946],[-119.18145,34.47932],[-119.18216,34.47861],[-119.18218,34.47812],[-119.182,34.47783],[-119.18115,34.47739],[-119.18046,34.47732],[-119.17977,34.4768],[-119.17909,34.47698],[-119.17874,34.47694],[-119.17866,34.47706],[-119.17895,34.47734],[-119.17866,34.47762],[-119.17875,34.47791],[-119.17857,34.47815],[-119.17806,34.47844],[-119.17753,34.47833],[-119.17651,34.47878],[-119.17613,34.47833],[-119.17596,34.47791],[-119.17531,34.47711],[-119.17484,34.47734],[-119.17467,34.47791],[-119.17411,34.47805],[-119.17389,34.47791],[-119.17348,34.4772],[-119.17345,34.47635],[-119.17325,34.47616],[-119.17264,34.47677],[-119.17264,34.47706],[-119.17285,34.47748],[-119.17268,34.47791],[-119.17259,34.47805],[-119.17208,34.47833],[-119.17202,34.47847],[-119.17347,34.47975],[-119.17359,34.47989],[-119.17366,34.48031],[-119.17396,34.48074],[-119.17462,34.48121],[-119.17495,34.48159],[-119.17411,34.48181],[-119.17308,34.48166],[-119.17268,34.48173],[-119.17237,34.48215],[-119.17223,34.483],[-119.17169,34.48342],[-119.17153,34.48373],[-119.17102,34.48369],[-119.1705,34.48402],[-119.17016,34.4841],[-119.16982,34.48456],[-119.16994,34.48512],[-119.16965,34.48522],[-119.16942,34.48555],[-119.16913,34.48568],[-119.16844,34.48626],[-119.16827,34.48622],[-119.16825,34.48611],[-119.1688,34.48512],[-119.16869,34.48484],[-119.16831,34.48442],[-119.16861,34.48357],[-119.16856,34.48328],[-119.16847,34.48314],[-119.16743,34.48286],[-119.16822,34.48243],[-119.16922,34.48229],[-119.16931,34.48215],[-119.16898,34.48173],[-119.16827,34.48148],[-119.16812,34.4813],[-119.16827,34.48072],[-119.16811,34.48031],[-119.16707,34.48038],[-119.16673,34.48061],[-119.16643,34.48059],[-119.16639,34.48017],[-119.16604,34.48003],[-119.16604,34.47988],[-119.16572,34.4796],[-119.16589,34.47904],[-119.1656,34.47861],[-119.16577,34.47819],[-119.1657,34.478],[-119.16535,34.47795],[-119.16432,34.47806],[-119.16347,34.47761],[-119.16225,34.47776],[-119.16186,34.47819],[-119.16154,34.4789],[-119.16106,34.47928],[-119.16089,34.47918],[-119.16101,34.47876],[-119.16077,34.47833],[-119.16086,34.47805],[-119.16072,34.47791],[-119.16003,34.47782]]}},{"type":"Feature","properties":{"m":800,"index":1},"geometry":{"type":"LineString","coordinates":[[-119.16001,34.47748],[-119.16064,34.4772],[-119.16089,34.47663],[-119.16082,34.47635],[-119.16209,34.4758],[-119.16244,34.47534],[-119.16295,34.47536],[-119.16467,34.47486],[-119.16553,34.47473],[-119.16606,34.47451],[-119.1667,34.47394],[-119.16674,34.4738],[-119.16657,34.47324],[-119.16698,34.47267],[-119.16656,34.47233],[-119.16501,34.47222],[-119.16398,34.47164],[-119.16364,34.4716],[-119.16357,34.47111],[-119.16326,34.47069],[-119.16346,34.46998],[-119.16329,34.46922],[-119.16244,34.46949],[-119.16175,34.4688],[-119.16141,34.46874],[-119.16115,34.46885],[-119.16111,34.46899],[-119.16126,34.46942],[-119.16118,34.46956],[-119.16055,34.46962],[-119.16003,34.47005]]}},{"type":"Feature","properties":{"m":800,"index":1},"geometry":{"type":"LineString","coordinates":[[-119.18544,34.41504],[-119.18561,34.41525],[-119.1863,34.41536],[-119.18681,34.41527],[-119.18704,34.41505]]}},{"type":"Feature","properties":{"m":800,"index":1},"geometry":{"type":"LineString","coordinates":[[-119.18853,34.415],[-119.18904,34.41523],[-119.19024,34.415],[-119.19162,34.41526],[-119.19265,34.41525],[-119.19333,34.41544],[-119.19367,34.41534],[-119.19391,34.41505]]}},{"type":"Feature","properties":{"m":840,"index":0},"geometry":{"type":"LineString","coordinates":[[-119.31038,34.5021],[-119.31038,34.5021]]}},{"type":"Feature","properties":{"m":840,"index":0},"geometry":{"type":"LineString","coordinates":[[-119.20765,34.48371],[-119.20765,34.48371]]}},{"type":"Feature","properties":{"m":840,"index":0},"geometry":{"type":"LineString","coordinates":[[-119.33735,34.47083],[-119.33703,34.47126],[-119.33736,34.47177],[-119.3377,34.47194],[-119.3379,34.47225],[-119.33759,34.47281],[-119.33761,34.47295],[-119.33822,34.47331],[-119.33832,34.47352],[-119.33736,34.47381],[-119.33735,34.47423],[-119.33684,34.47441],[-119.3365,34.47441],[-119.33616,34.47467],[-119.33566,34.47479],[-119.33561,34.4755],[-119.33547,34.47569],[-119.33444,34.47539],[-119.33393,34.47509],[-119.33341,34.47501],[-119.33307,34.47461],[-119.3329,34.47459],[-119.33255,34.47552],[-119.33221,34.47547],[-119.33118,34.47492],[-119.33066,34.47517],[-119.33033,34.47508],[-119.33024,34.47479],[-119.32963,34.47471],[-119.32957,34.47437],[-119.32924,34.47423],[-119.32916,34.47409],[-119.32944,34.4738],[-119.32981,34.47364],[-119.32995,34.47338],[-119.32946,34.47319],[-119.32878,34.47314],[-119.32867,34.47295],[-119.32813,34.47267],[-119.32806,34.47253],[-119.32856,34.4721],[-119.32832,34.47182],[-119.32826,34.47153],[-119.32843,34.47145],[-119.32981,34.47143],[-119.32998,34.4714],[-119.33008,34.47126],[-119.32912,34.47093],[-119.32757,34.4713],[-119.32706,34.47108],[-119.32637,34.47103],[-119.32567,34.4714],[-119.32517,34.47138],[-119.32485,34.47154],[-119.32501,34.47182],[-119.32488,34.4721],[-119.325,34.47234],[-119.3262,34.47263],[-119.32689,34.47246],[-119.32711,34.47281],[-119.32686,34.47324],[-119.32583,34.4738],[-119.32585,34.47409],[-119.32606,34.47437],[-119.32654,34.47451],[-119.3262,34.47528],[-119.32586,34.47565],[-119.32517,34.47523],[-119.32448,34.47547],[-119.32414,34.47521],[-119.32363,34.47543],[-119.32311,34.4754],[-119.32277,34.47522],[-119.32281,34.47493],[-119.3226,34.47462],[-119.32191,34.47444],[-119.32122,34.47455],[-119.32054,34.47484],[-119.32024,34.47437],[-119.31968,34.47391],[-119.31882,34.47415],[-119.3183,34.47396],[-119.31745,34.47409],[-119.31732,34.47423],[-119.31731,34.47451],[-119.31721,34.47465],[-119.3144,34.4755],[-119.31367,34.4759],[-119.31311,34.47635],[-119.31333,34.47659],[-119.31399,34.47692],[-119.3147,34.4769],[-119.3159,34.47746],[-119.31695,34.47692],[-119.31755,34.47621],[-119.31813,34.47623],[-119.3183,34.47613],[-119.31865,34.47558],[-119.31899,34.47568],[-119.31933,34.47548],[-119.31966,34.4755],[-119.31986,34.47564],[-119.32002,34.47593],[-119.32088,34.47617],[-119.32111,34.47635],[-119.32118,34.47663],[-119.32139,34.47675],[-119.32191,34.47681],[-119.32277,34.47664],[-119.32345,34.47685],[-119.32345,34.47759],[-119.32414,34.47801],[-119.32438,34.47833],[-119.32422,34.47861],[-119.32431,34.47928],[-119.32551,34.47884],[-119.32586,34.479],[-119.32689,34.47915],[-119.3274,34.47941],[-119.32748,34.4796],[-119.32715,34.48017],[-119.32771,34.48074],[-119.3278,34.48116],[-119.32792,34.48125],[-119.32846,34.48102],[-119.32845,34.48059],[-119.32878,34.48014],[-119.32913,34.48003],[-119.32924,34.47989],[-119.32925,34.4796],[-119.32947,34.47932],[-119.32963,34.47922],[-119.33015,34.47922],[-119.33066,34.47906],[-119.33101,34.47909],[-119.33154,34.47932],[-119.33165,34.47946],[-119.33146,34.47975],[-119.33152,34.48],[-119.33187,34.48009],[-119.33238,34.48042],[-119.33257,34.48102],[-119.33248,34.48144],[-119.33255,34.48159],[-119.33307,34.48193],[-119.33461,34.48186],[-119.3353,34.4817],[-119.33564,34.48137],[-119.33616,34.48141],[-119.33685,34.48215],[-119.33719,34.48231],[-119.33753,34.48213],[-119.33822,34.48203],[-119.33873,34.4817],[-119.33908,34.48164],[-119.33959,34.48102],[-119.33993,34.48106]]}},{"type":"Feature","properties":{"m":840,"index":0},"geometry":{"type":"LineString","coordinates":[[-119.33998,34.47239],[-119.33978,34.4721],[-119.33942,34.47182],[-119.33934,34.4714],[-119.33939,34.47111],[-119.33856,34.47108],[-119.33753,34.47075],[-119.33735,34.47083]]}},{"type":"Feature","properties":{"m":840,"index":0},"geometry":{"type":"LineString","coordinates":[[-119.33993,34.52289],[-119.33959,34.52303],[-119.33908,34.52308],[-119.33856,34.52299],[-119.33839,34.52311],[-119.33826,34.52346],[-119.33786,34.52374],[-119.3377,34.52411],[-119.33719,34.5242],[-119.3365,34.52457],[-119.3365,34.52489],[-119.33694,34.5253],[-119.33698,34.52544],[-119.33684,34.5256],[-119.33679,34.52586],[-119.337,34.52629],[-119.33708,34.527],[-119.33701,34.52714],[-119.33633,34.52737],[-119.33616,34.5278],[-119.33561,34.52855],[-119.33566,34.52883],[-119.33496,34.52884],[-119.33478,34.52892],[-119.33434,34.5294],[-119.33427,34.52967],[-119.33405,34.52954],[-119.33418,34.52926],[-119.33406,34.52869],[-119.33393,34.5286],[-119.33341,34.52865],[-119.33327,34.52841],[-119.33339,34.52798],[-119.33388,34.5277],[-119.3338,34.52756],[-119.33307,34.5273],[-119.33219,34.52742],[-119.33272,34.52686],[-119.33359,34.52671],[-119.33379,34.52657],[-119.33392,34.52572],[-119.33405,34.52544],[-119.3339,34.52431],[-119.33375,34.52415],[-119.3329,34.52445],[-119.33255,34.52433],[-119.33204,34.52441],[-119.33119,34.52403],[-119.33133,34.52388],[-119.33211,34.52374],[-119.33255,34.52353],[-119.33324,34.52274],[-119.33329,34.52247],[-119.33319,34.52233],[-119.3328,34.52219],[-119.3325,34.5219],[-119.33341,34.52165],[-119.33393,34.52163],[-119.33427,34.52137],[-119.33473,34.5212],[-119.33465,34.52077],[-119.33485,34.52035],[-119.33474,34.5195],[-119.33513,34.51924],[-119.33581,34.51959],[-119.3365,34.51969],[-119.33719,34.51958],[-119.33769,34.51936],[-119.3389,34.51924],[-119.33958,34.51907],[-119.33993,34.5191]]}},{"type":"Feature","properties":{"m":840,"index":0},"geometry":{"type":"LineString","coordinates":[[-119.33993,34.50853],[-119.3389,34.50833],[-119.33787,34.50909],[-119.33719,34.50927],[-119.33679,34.50974],[-119.33616,34.51021],[-119.33564,34.51046],[-119.33478,34.51061],[-119.3341,34.51134],[-119.33375,34.51132],[-119.33307,34.51155],[-119.33238,34.51123],[-119.33049,34.51185],[-119.32981,34.51185],[-119.32946,34.51216],[-119.32937,34.51214],[-119.3294,34.51186],[-119.32926,34.51144],[-119.32944,34.51115],[-119.32948,34.51059],[-119.32964,34.51016],[-119.32944,34.50932],[-119.32961,34.50903],[-119.32936,34.50875],[-119.32895,34.50705],[-119.32878,34.50688],[-119.32757,34.50671],[-119.32585,34.5062],[-119.32553,34.50663],[-119.32427,34.50762],[-119.32328,34.50817],[-119.32312,34.50804],[-119.32295,34.50748],[-119.32276,34.50719],[-119.32242,34.50678],[-119.32205,34.50663],[-119.32174,34.50617],[-119.32139,34.5061],[-119.32036,34.50634],[-119.31968,34.50617],[-119.31956,34.50606],[-119.31954,34.50578],[-119.31943,34.50564],[-119.31882,34.50562],[-119.31865,34.5055],[-119.3183,34.50548],[-119.31801,34.50479],[-119.31779,34.50463],[-119.31745,34.50458],[-119.3159,34.50494],[-119.31556,34.50529],[-119.31453,34.50534],[-119.31384,34.50564],[-119.31333,34.50556],[-119.31281,34.50567],[-119.31212,34.50598],[-119.31126,34.50663],[-119.31092,34.50744],[-119.31092,34.50776],[-119.31058,34.50796],[-119.31051,34.50818],[-119.31079,34.50847],[-119.31127,34.50866],[-119.31204,34.50917],[-119.31216,34.50974],[-119.31238,34.51002],[-119.31238,34.51016],[-119.31212,34.51037],[-119.31207,34.51059],[-119.31251,34.5113],[-119.31212,34.51137],[-119.31177,34.5113],[-119.3117,34.51144],[-119.31187,34.512],[-119.31185,34.51229],[-119.31134,34.51328],[-119.31006,34.51305],[-119.30965,34.51313],[-119.30921,34.51343],[-119.30852,34.51356],[-119.308,34.51384],[-119.30776,34.51412],[-119.30778,34.51441],[-119.30809,34.51483],[-119.30766,34.51499],[-119.3068,34.51509],[-119.30646,34.51533],[-119.3064,34.51568],[-119.30646,34.51614],[-119.30685,34.51681],[-119.30683,34.51695],[-119.30663,34.51698],[-119.30649,34.51738],[-119.3063,34.51752],[-119.30612,34.51721],[-119.30523,34.51667],[-119.30505,34.51625],[-119.30453,34.51596],[-119.30354,34.51456],[-119.30337,34.51445],[-119.30285,34.51453],[-119.30234,34.51481],[-119.30217,34.51512],[-119.30137,34.51568],[-119.30128,34.51625],[-119.30114,34.51638],[-119.30028,34.51636],[-119.29959,34.51681],[-119.29925,34.5164],[-119.29891,34.51636],[-119.29839,34.51604],[-119.29736,34.51633],[-119.29685,34.51672],[-119.29616,34.51646],[-119.29564,34.51654],[-119.29531,34.51681],[-119.29513,34.51679],[-119.29461,34.51637],[-119.29341,34.51606],[-119.2929,34.51614],[-119.29255,34.51642],[-119.29187,34.51637],[-119.29118,34.51656],[-119.29015,34.51652],[-119.28964,34.51635],[-119.28947,34.51653],[-119.28946,34.51681],[-119.29015,34.51719],[-119.29072,34.51766],[-119.29118,34.51808],[-119.29157,34.51865],[-119.29135,34.51877],[-119.28838,34.51893],[-119.28811,34.52006],[-119.28827,34.52049],[-119.28775,34.5204],[-119.28706,34.52049],[-119.28689,34.52063],[-119.2873,34.52134],[-119.28737,34.52162],[-119.28729,34.52176],[-119.28689,34.52171],[-119.28672,34.52181],[-119.2862,34.5215],[-119.28559,34.52162],[-119.2854,34.52176],[-119.28526,34.52204],[-119.28535,34.52261],[-119.28462,34.52261],[-119.2844,34.52304],[-119.28407,34.52318],[-119.28403,34.52332],[-119.2842,34.5236],[-119.28418,34.52374],[-119.28401,34.52388],[-119.28277,34.52411],[-119.28214,34.52445],[-119.28223,34.5253],[-119.28277,34.52564],[-119.28303,34.52629],[-119.28243,34.52608],[-119.2814,34.52592],[-119.28071,34.52607],[-119.28043,34.52629],[-119.2802,34.52683],[-119.27969,34.52728],[-119.27965,34.52784],[-119.27951,34.52787],[-119.27931,34.52714],[-119.27937,34.52685],[-119.27925,34.52615],[-119.27963,34.52516],[-119.27917,34.52477],[-119.27899,34.52438],[-119.27833,34.52473],[-119.27796,34.52544],[-119.27779,34.52556],[-119.27711,34.52531],[-119.27638,34.5253],[-119.27627,34.52544],[-119.27631,34.52586],[-119.27556,34.52606],[-119.27544,34.52615],[-119.27531,34.52657],[-119.27446,34.52657],[-119.27435,34.52742],[-119.27421,34.52756],[-119.2735,34.52714],[-119.27281,34.52733],[-119.27248,34.52756],[-119.27269,34.52784],[-119.27283,34.52827],[-119.27279,34.52841],[-119.27133,34.52897],[-119.27142,34.52912],[-119.27174,34.52926],[-119.27299,34.52959],[-119.2735,34.52997]]}},{"type":"Feature","properties":{"m":840,"index":0},"geometry":{"type":"LineString","coordinates":[[-119.26736,34.52996],[-119.26719,34.52954],[-119.26745,34.52926],[-119.26734,34.52912],[-119.26646,34.52901],[-119.2656,34.52952],[-119.26556,34.52982],[-119.26578,34.52999]]}},{"type":"Feature","properties":{"m":840,"index":0},"geometry":{"type":"LineString","coordinates":[[-119.25817,34.52996],[-119.25822,34.52971],[-119.25858,34.52912],[-119.25916,34.52841],[-119.25979,34.52784],[-119.25977,34.52774],[-119.25685,34.52781],[-119.25673,34.5277],[-119.25668,34.52727],[-119.25616,34.52761],[-119.25582,34.52752],[-119.25513,34.52769],[-119.25484,34.52742],[-119.2553,34.52717],[-119.25585,34.52671],[-119.25588,34.52657],[-119.25572,34.52615],[-119.25647,34.52586],[-119.25664,34.52558],[-119.25719,34.52506],[-119.25754,34.52501],[-119.25788,34.52519],[-119.25839,34.52518],[-119.2596,34.52474],[-119.26011,34.52467],[-119.26088,34.52431],[-119.2608,34.52418],[-119.26011,34.52424],[-119.2596,34.52411],[-119.25857,34.52413],[-119.25702,34.5245],[-119.25599,34.52432],[-119.25513,34.52459],[-119.25376,34.52465],[-119.25342,34.52487],[-119.25324,34.52511],[-119.25273,34.52482],[-119.25238,34.52487],[-119.25167,34.52516],[-119.25186,34.52558],[-119.25191,34.52601],[-119.25158,34.52615],[-119.25126,34.52643],[-119.25081,34.52685],[-119.2505,34.5273],[-119.25015,34.52727],[-119.24981,34.5274],[-119.24989,34.52629],[-119.24981,34.52613],[-119.24952,34.52601],[-119.24952,34.52586],[-119.24933,34.52558],[-119.24948,34.52516],[-119.24947,34.525],[-119.2493,34.52487],[-119.24827,34.52512],[-119.24758,34.52512],[-119.24689,34.52538],[-119.24621,34.52536],[-119.24518,34.52568],[-119.24515,34.52643],[-119.245,34.5265],[-119.24489,34.52671],[-119.24504,34.52714],[-119.24483,34.52734],[-119.24445,34.52685],[-119.24432,34.52633],[-119.24397,34.52614],[-119.24294,34.52629],[-119.24243,34.52659],[-119.24209,34.52667],[-119.24191,34.52651],[-119.2414,34.52641],[-119.24,34.52643],[-119.23968,34.52618],[-119.23909,34.52615],[-119.23934,34.52595],[-119.24054,34.52598],[-119.24083,34.52586],[-119.24088,34.52572],[-119.24209,34.52548],[-119.2422,34.5253],[-119.24209,34.52478],[-119.24278,34.52502],[-119.24363,34.52465],[-119.24377,34.52403],[-119.24415,34.52399],[-119.24445,34.52374],[-119.24449,34.5236],[-119.24442,34.52346],[-119.24411,34.52332],[-119.24418,34.52304],[-119.24405,34.52275],[-119.24415,34.52264],[-119.24466,34.52261],[-119.245,34.52277],[-119.24535,34.52279],[-119.24569,34.52305],[-119.24638,34.52292],[-119.24655,34.52275],[-119.24695,34.52261],[-119.24724,34.52228],[-119.24741,34.52225],[-119.24775,34.52244],[-119.24827,34.52239],[-119.24861,34.52191],[-119.24895,34.52188],[-119.24981,34.52153],[-119.25208,34.52035],[-119.25221,34.51998],[-119.2529,34.51998],[-119.25324,34.52038],[-119.25359,34.52046],[-119.25427,34.52026],[-119.25479,34.51982],[-119.25616,34.51961],[-119.25684,34.51922],[-119.25692,34.51907],[-119.25692,34.51893],[-119.25651,34.51873],[-119.2565,34.51837],[-119.25633,34.51825],[-119.25565,34.51801],[-119.25498,34.51794],[-119.2553,34.51728],[-119.25565,34.51688],[-119.25609,34.51582],[-119.25604,34.5154],[-119.25577,34.51483],[-119.2553,34.51441],[-119.25496,34.5143],[-119.25445,34.51456],[-119.25427,34.51454],[-119.25376,34.51416],[-119.25239,34.51429],[-119.25215,34.51412],[-119.2517,34.51405],[-119.25101,34.51413],[-119.25085,34.51398],[-119.25092,34.5137],[-119.25085,34.51356],[-119.25047,34.51313],[-119.2503,34.51299],[-119.24969,34.51285],[-119.24947,34.51182],[-119.2493,34.51169],[-119.24861,34.51227],[-119.24809,34.51201],[-119.24758,34.51226],[-119.24739,34.512],[-119.24739,34.51186],[-119.24724,34.51176],[-119.24672,34.51189],[-119.24638,34.51176],[-119.24603,34.51192],[-119.24586,34.51187],[-119.24483,34.512],[-119.24465,34.51214],[-119.24471,34.51271],[-119.24415,34.51293],[-119.2441,34.51285],[-119.24424,34.51271],[-119.2443,34.51243],[-119.24415,34.51215],[-119.2439,34.512],[-119.24392,34.51186],[-119.24454,34.51144],[-119.24429,34.51101],[-119.24421,34.51045],[-119.24312,34.51016],[-119.24397,34.50992],[-119.24466,34.50991],[-119.24487,34.51002],[-119.24518,34.51039],[-119.24621,34.51038],[-119.24634,34.51031],[-119.2459,34.50988],[-119.24603,34.50956],[-119.24741,34.51019],[-119.24792,34.5102],[-119.24827,34.51009],[-119.24895,34.5096],[-119.2489,34.50917],[-119.24917,34.50889],[-119.2493,34.50853],[-119.24998,34.50826],[-119.25033,34.50792],[-119.25086,34.50776],[-119.25129,34.50733],[-119.25156,34.50719],[-119.25164,34.50677],[-119.25204,34.50645],[-119.25221,34.50667],[-119.25256,34.50676],[-119.2527,34.50691],[-119.25291,34.50733],[-119.25289,34.5079],[-119.25307,34.50823],[-119.25427,34.50894],[-119.25462,34.50901],[-119.25496,34.50892],[-119.25633,34.50939],[-119.25822,34.50905],[-119.25891,34.50901],[-119.2608,34.50911],[-119.26166,34.50938],[-119.26681,34.50929],[-119.26826,34.50903],[-119.26837,34.50889],[-119.26766,34.50838],[-119.26663,34.50835],[-119.2656,34.508],[-119.26518,34.50762],[-119.26489,34.50705],[-119.26509,34.50696],[-119.26595,34.50731],[-119.26663,34.5073],[-119.26698,34.50719],[-119.26732,34.50684],[-119.26818,34.50649],[-119.26938,34.50648],[-119.27024,34.50666],[-119.27051,34.50649],[-119.27072,34.5062],[-119.27075,34.50592],[-119.27043,34.50521],[-119.26956,34.50436],[-119.26887,34.50413],[-119.26835,34.50376],[-119.26663,34.50317],[-119.26604,34.50267],[-119.26735,34.50153],[-119.26754,34.50111],[-119.26755,34.5004],[-119.26765,34.50026],[-119.26818,34.50054],[-119.26869,34.50016],[-119.26887,34.50056],[-119.26912,34.50083],[-119.26955,34.50102],[-119.27007,34.5011],[-119.27058,34.50102],[-119.27121,34.5004],[-119.27161,34.50058],[-119.27213,34.50035],[-119.27264,34.50101],[-119.27281,34.50101],[-119.27316,34.50086],[-119.27402,34.5002],[-119.27419,34.50016],[-119.2747,34.50036],[-119.27522,34.50036],[-119.27573,34.50006],[-119.27659,34.49993],[-119.27693,34.4994],[-119.27762,34.49927],[-119.27848,34.49883],[-119.27917,34.49878],[-119.27968,34.49889],[-119.28002,34.49878],[-119.2814,34.49882],[-119.28191,34.49873],[-119.28346,34.49883],[-119.28397,34.49908],[-119.28432,34.4991],[-119.285,34.49934],[-119.28531,34.49984],[-119.28569,34.50011],[-119.28586,34.50005],[-119.28601,34.49984],[-119.2854,34.49927],[-119.285,34.49904],[-119.28468,34.49856],[-119.28449,34.49844],[-119.2838,34.49835],[-119.28329,34.49817],[-119.28243,34.49813],[-119.28174,34.49797],[-119.28071,34.49755],[-119.27917,34.49769],[-119.27814,34.49831],[-119.27808,34.49757],[-119.27817,34.49715],[-119.27779,34.49667],[-119.27728,34.49642],[-119.27716,34.49616],[-119.27762,34.49613],[-119.27882,34.49628],[-119.27889,34.49616],[-119.27852,34.49559],[-119.27927,34.49531],[-119.27933,34.49474],[-119.27951,34.49466],[-119.27985,34.49481],[-119.2802,34.49469],[-119.28054,34.49521],[-119.28088,34.49527],[-119.28208,34.49494],[-119.28225,34.49446],[-119.28277,34.49404],[-119.28294,34.49403],[-119.28329,34.49438],[-119.28346,34.49437],[-119.28414,34.49405],[-119.285,34.49388],[-119.28518,34.49375],[-119.28535,34.4934],[-119.28569,34.4936],[-119.28638,34.49343],[-119.28672,34.4936],[-119.28723,34.49367],[-119.28741,34.49354],[-119.28762,34.4929],[-119.28791,34.49262],[-119.28785,34.4922],[-119.28792,34.49204],[-119.28826,34.49148],[-119.28859,34.49121],[-119.28859,34.49107],[-119.2884,34.49092],[-119.28809,34.49082],[-119.28775,34.49085],[-119.28741,34.49122],[-119.28638,34.49154],[-119.28609,34.49121],[-119.28552,34.49084],[-119.28466,34.49053],[-119.2838,34.49054],[-119.28329,34.49032],[-119.28277,34.49035],[-119.28208,34.49055],[-119.28157,34.49044],[-119.2814,34.49059],[-119.28111,34.49036],[-119.28099,34.48965],[-119.28002,34.48963],[-119.27951,34.48982],[-119.27934,34.48952],[-119.27831,34.48872],[-119.27642,34.48887],[-119.27605,34.48852],[-119.27573,34.48798],[-119.27488,34.48809],[-119.27436,34.48828],[-119.27384,34.48826],[-119.27333,34.4885],[-119.27307,34.48824],[-119.27302,34.48753],[-119.27268,34.48654],[-119.27275,34.48541],[-119.27271,34.48526],[-119.27247,34.48506],[-119.27211,34.48512],[-119.2711,34.48606],[-119.27007,34.48642],[-119.26972,34.4863],[-119.26955,34.48608],[-119.26921,34.48595],[-119.26887,34.48561],[-119.26801,34.48507],[-119.26736,34.48512],[-119.26663,34.48568],[-119.2664,34.48597],[-119.26637,34.48625],[-119.26612,34.48664],[-119.26569,34.48682],[-119.26526,34.48723],[-119.26497,34.48753],[-119.2649,34.48781],[-119.26493,34.48795],[-119.26523,34.48824],[-119.26646,34.48908],[-119.2671,34.48937],[-119.26715,34.48983],[-119.26681,34.48961],[-119.26646,34.48954],[-119.26629,34.48957],[-119.26612,34.48984],[-119.26595,34.4899],[-119.2656,34.48938],[-119.26526,34.48923],[-119.26492,34.48916],[-119.2644,34.48936],[-119.26423,34.48899],[-119.26406,34.48888],[-119.26269,34.48871],[-119.26217,34.48845],[-119.26155,34.48866],[-119.26131,34.4891],[-119.26097,34.4886],[-119.2608,34.48857],[-119.25998,34.4888],[-119.26011,34.48836],[-119.26116,34.48795],[-119.26148,34.48765],[-119.26234,34.48753],[-119.26286,34.48757],[-119.26295,34.48753],[-119.26294,34.48739],[-119.26263,34.48668],[-119.26185,34.48583],[-119.26183,34.4854],[-119.26144,34.48498],[-119.26138,34.48484],[-119.26145,34.48442],[-119.26121,34.48399],[-119.26045,34.48375],[-119.25977,34.48371],[-119.25962,34.48328],[-119.25937,34.483],[-119.25944,34.48272],[-119.25925,34.48213],[-119.25839,34.4813],[-119.25771,34.48163],[-119.25754,34.48166],[-119.25719,34.48152],[-119.25588,34.48229],[-119.25569,34.48243],[-119.25548,34.48292],[-119.25505,34.483],[-119.25445,34.48383],[-119.25436,34.48427],[-119.25376,34.48438],[-119.25342,34.48465],[-119.25307,34.48472],[-119.25256,34.48504],[-119.25231,34.48484],[-119.25215,34.48427],[-119.2517,34.48389],[-119.25136,34.48376],[-119.25094,34.48328],[-119.25088,34.48243],[-119.25052,34.48201],[-119.2505,34.48173],[-119.25035,34.48144],[-119.24964,34.48128],[-119.2493,34.48083],[-119.24912,34.48079],[-119.24861,34.48096],[-119.24827,34.48096],[-119.24741,34.48048],[-119.24655,34.48083],[-119.24603,34.48094],[-119.245,34.48147],[-119.24432,34.48154],[-119.2438,34.48174],[-119.24315,34.48159],[-119.24306,34.48144],[-119.24311,34.48102],[-119.24218,34.48031],[-119.24191,34.47991],[-119.24174,34.47982],[-119.24118,34.47989],[-119.24071,34.47977],[-119.23985,34.47979],[-119.23951,34.47995],[-119.23934,34.48035],[-119.23865,34.48057],[-119.23831,34.48096],[-119.23779,34.48084],[-119.23762,34.48094],[-119.23745,34.4813],[-119.23694,34.48134],[-119.23625,34.48104],[-119.23591,34.4807],[-119.23488,34.48018],[-119.23453,34.48021],[-119.23385,34.48059],[-119.23351,34.48102],[-119.23333,34.48148],[-119.23304,34.48187],[-119.23303,34.48215],[-119.23275,34.48272],[-119.23273,34.483],[-119.23215,34.48342],[-119.23196,34.48345],[-119.23144,34.48328],[-119.23093,34.4833],[-119.23054,34.483],[-119.23007,34.48281],[-119.22987,34.48286],[-119.22956,34.48321],[-119.22904,34.48311],[-119.22835,34.48346],[-119.22784,34.48337],[-119.22681,34.48226],[-119.22647,34.48202],[-119.22561,34.48199],[-119.22423,34.48224],[-119.22372,34.48214],[-119.2232,34.4819],[-119.22318,34.48215],[-119.22372,34.48326],[-119.22321,34.48442],[-119.2227,34.48484],[-119.22221,34.48541],[-119.22132,34.48568],[-119.21943,34.48585],[-119.21918,34.48611],[-119.2192,34.4864],[-119.21946,34.48682],[-119.22003,34.48725],[-119.22235,34.48845],[-119.22268,34.48838],[-119.22439,34.4871],[-119.22458,34.48709],[-119.22472,34.48725],[-119.22467,34.48767],[-119.22449,34.48809],[-119.22458,34.48859],[-119.22475,34.48862],[-119.22526,34.48838],[-119.22561,34.48853],[-119.22612,34.48835],[-119.22692,34.48866],[-119.22689,34.4888],[-119.22664,34.48898],[-119.22612,34.48912],[-119.22556,34.48951],[-119.2254,34.48965],[-119.22522,34.49007],[-119.22544,34.49023],[-119.22687,34.49022],[-119.22691,34.49036],[-119.22622,34.49107],[-119.22637,34.49149],[-119.22595,34.49153],[-119.22526,34.49178],[-119.22478,34.49206],[-119.22477,34.4922],[-119.22544,34.49267],[-119.22595,34.49334],[-119.2275,34.49417],[-119.228,34.4946],[-119.22833,34.49489],[-119.22818,34.49517],[-119.22767,34.49495],[-119.22698,34.49483],[-119.22561,34.49492],[-119.22423,34.49471],[-119.22404,34.49489],[-119.2238,34.49545],[-119.22405,34.49588],[-119.22404,34.49644],[-119.22372,34.49672],[-119.22366,34.49701],[-119.22303,34.49725],[-119.22303,34.49774],[-119.22252,34.49766],[-119.22249,34.49701],[-119.22278,34.49658],[-119.22269,34.49646],[-119.22217,34.49621],[-119.2213,34.49602],[-119.22156,34.49559],[-119.22081,34.49474],[-119.22063,34.49467],[-119.21977,34.49513],[-119.21962,34.49503],[-119.21908,34.49405],[-119.2184,34.49411],[-119.21827,34.49404],[-119.21811,34.49333],[-119.21771,34.49305],[-119.21754,34.49253],[-119.21737,34.49247],[-119.21703,34.49262],[-119.21694,34.49276],[-119.21703,34.49319],[-119.21677,34.4939],[-119.21654,34.49418],[-119.21616,34.49418],[-119.21603,34.49432],[-119.216,34.49489],[-119.21567,34.49531],[-119.21611,34.49602],[-119.21622,34.49644],[-119.21582,34.49656],[-119.21531,34.49634],[-119.21479,34.49642],[-119.21411,34.49619],[-119.21396,34.4963],[-119.21307,34.49729],[-119.21322,34.49771],[-119.2129,34.49904],[-119.21273,34.49898],[-119.21239,34.49809],[-119.21222,34.49809],[-119.21187,34.49831],[-119.21176,34.49828],[-119.21177,34.49786],[-119.21156,34.49729],[-119.21118,34.49715],[-119.21105,34.49701],[-119.21131,34.49644],[-119.21125,34.49573],[-119.21012,34.49545],[-119.21001,34.49531],[-119.21003,34.4946],[-119.20948,34.49418],[-119.20959,34.49375],[-119.21039,34.49276],[-119.21041,34.49234],[-119.21016,34.49181],[-119.20913,34.4917],[-119.20896,34.49159],[-119.20849,34.49107],[-119.2085,34.49092],[-119.20895,34.49036],[-119.20896,34.4902],[-119.20775,34.49001],[-119.20744,34.48908],[-119.2069,34.48886],[-119.2068,34.49007],[-119.20663,34.49022],[-119.20614,34.49036],[-119.20614,34.4905],[-119.2069,34.49116],[-119.2072,34.49163],[-119.20721,34.4922],[-119.20742,34.4929],[-119.20722,34.49333],[-119.20638,34.49364],[-119.20641,34.4939],[-119.20676,34.49432],[-119.20672,34.49446],[-119.20603,34.49503],[-119.20661,34.49573],[-119.20634,34.49616],[-119.20629,34.49687],[-119.20604,34.49696],[-119.20501,34.49673],[-119.20454,34.49687],[-119.20458,34.49701],[-119.20501,34.49741],[-119.20514,34.498],[-119.20541,34.49828],[-119.20539,34.49842],[-119.20518,34.49871],[-119.20399,34.49913],[-119.20398,34.49927],[-119.20481,34.50012],[-119.20486,34.50054],[-119.20505,34.50083],[-119.2057,34.50111],[-119.20532,34.50153],[-119.20531,34.50168],[-119.20535,34.50229],[-119.20581,34.50281],[-119.20569,34.50339],[-119.20541,34.50295],[-119.20466,34.5027],[-119.20415,34.50189],[-119.20346,34.50131],[-119.20295,34.50123],[-119.20209,34.50171],[-119.20175,34.50148],[-119.20136,34.50111],[-119.20123,34.5004],[-119.20025,34.49955],[-119.20022,34.49913],[-119.19969,34.4985],[-119.19866,34.4997],[-119.19814,34.49963],[-119.19728,34.49919],[-119.19642,34.49896],[-119.19588,34.49927],[-119.19587,34.49941],[-119.1966,34.50002],[-119.19683,34.50054],[-119.19728,34.50107],[-119.19807,34.50125],[-119.19845,34.50153],[-119.19862,34.50182],[-119.19857,34.5021],[-119.19877,34.50295],[-119.19862,34.50337],[-119.19877,34.5038],[-119.19848,34.50439],[-119.19745,34.50468],[-119.19736,34.50465],[-119.19791,34.50422],[-119.19788,34.5038],[-119.19769,34.50337],[-119.19728,34.50299],[-119.19694,34.50287],[-119.19661,34.50252],[-119.19591,34.50231],[-119.19505,34.5019],[-119.19454,34.50201],[-119.19389,34.50252],[-119.19333,34.50259],[-119.19275,34.50252],[-119.19279,34.50238],[-119.19316,34.5021],[-119.19283,34.50153],[-119.19159,34.50069],[-119.19092,34.50012],[-119.19059,34.49888],[-119.19007,34.49878],[-119.18973,34.49851],[-119.18956,34.49846],[-119.18946,34.49856],[-119.18939,34.49918],[-119.18895,34.4997],[-119.18894,34.50054],[-119.18853,34.5014],[-119.18796,34.50168],[-119.18729,34.50168],[-119.18733,34.50149],[-119.18767,34.50147],[-119.18801,34.50111],[-119.18804,34.50069],[-119.18787,34.50012],[-119.18785,34.49955],[-119.18729,34.49885],[-119.18734,34.49856],[-119.1871,34.49828],[-119.18705,34.49786],[-119.18676,34.49757],[-119.18667,34.49729],[-119.18593,34.49715],[-119.18577,34.49701],[-119.18578,34.49672],[-119.18526,34.49658],[-119.18506,34.4963],[-119.18511,34.49616],[-119.18595,34.49568],[-119.1875,34.49501],[-119.18836,34.49487],[-119.18912,34.4946],[-119.19029,34.4939],[-119.19028,34.49375],[-119.18907,34.49276],[-119.18887,34.4922],[-119.18911,34.49121],[-119.18948,34.49078],[-119.18867,34.48894],[-119.18868,34.48838],[-119.18904,34.48781],[-119.18911,34.48739],[-119.18938,34.48696],[-119.1892,34.48654],[-119.18918,34.48597],[-119.18904,34.48571],[-119.18887,34.48576],[-119.18836,34.48624],[-119.18781,34.48654],[-119.18801,34.48767],[-119.188,34.48809],[-119.18749,34.4888],[-119.18736,34.48979],[-119.18718,34.49022],[-119.18718,34.4905],[-119.18697,34.49078],[-119.18698,34.49107],[-119.18684,34.49135],[-119.1863,34.49186],[-119.18561,34.49218],[-119.18509,34.49211],[-119.18451,34.49177],[-119.18475,34.49165],[-119.18543,34.49163],[-119.18559,34.49135],[-119.1854,34.49078],[-119.1854,34.49022],[-119.18505,34.48937],[-119.18492,34.48929],[-119.18389,34.4893],[-119.18321,34.48952],[-119.18303,34.48948],[-119.18301,34.48937],[-119.18331,34.4888],[-119.18372,34.48836],[-119.18426,34.48809],[-119.18428,34.48781],[-119.184,34.48753],[-119.18286,34.48706],[-119.18235,34.48704],[-119.182,34.48714],[-119.18166,34.48675],[-119.1808,34.48687],[-119.18036,34.48739],[-119.18012,34.48749],[-119.17993,34.4871],[-119.17959,34.48682],[-119.17989,34.48611],[-119.1804,34.48569],[-119.18053,34.48541],[-119.18035,34.48512],[-119.1798,34.48484],[-119.17974,34.4847],[-119.17994,34.48448],[-119.18012,34.48444],[-119.18286,34.48424],[-119.18297,34.48413],[-119.18266,34.48371],[-119.18266,34.48357],[-119.18286,34.48327],[-119.18333,34.48286],[-119.18336,34.48272],[-119.18321,34.48257],[-119.18282,34.48243],[-119.18183,34.4823],[-119.18054,34.48144],[-119.18062,34.48031],[-119.18094,34.47989],[-119.18089,34.47932],[-119.18146,34.47861],[-119.18149,34.47818],[-119.18046,34.47788],[-119.17994,34.47752],[-119.17977,34.47751],[-119.17943,34.47765],[-119.17909,34.4783],[-119.17859,34.4789],[-119.17771,34.47897],[-119.17737,34.47911],[-119.17703,34.47942],[-119.17634,34.47955],[-119.17613,34.47946],[-119.17548,34.47858],[-119.1748,34.47855],[-119.17414,34.4789],[-119.17394,34.4789],[-119.17325,34.47817],[-119.17291,34.47833],[-119.17282,34.47847],[-119.17291,34.47857],[-119.17354,34.47904],[-119.17422,34.47975],[-119.17416,34.48017],[-119.17423,34.48031],[-119.17514,34.48105],[-119.17558,34.48159],[-119.17566,34.48187],[-119.17514,34.48217],[-119.17462,34.48204],[-119.17428,34.48225],[-119.17342,34.48208],[-119.17303,34.48215],[-119.17276,34.48272],[-119.17274,34.48315],[-119.17226,34.48357],[-119.17178,34.48427],[-119.17171,34.48433],[-119.17119,34.48416],[-119.17046,34.48456],[-119.17036,34.48484],[-119.17052,34.48569],[-119.16999,34.48564],[-119.16967,34.48597],[-119.16906,34.48625],[-119.16879,34.48668],[-119.16844,34.48791],[-119.1681,34.48826],[-119.16771,34.48767],[-119.16785,34.48739],[-119.16783,34.48654],[-119.16776,34.4864],[-119.1673,34.48625],[-119.16793,34.48579],[-119.16824,34.48526],[-119.16824,34.48512],[-119.16761,34.48456],[-119.16789,34.48413],[-119.16782,34.48371],[-119.16759,34.48346],[-119.16604,34.4834],[-119.1659,34.48328],[-119.16621,34.48296],[-119.1679,34.48215],[-119.16796,34.48201],[-119.1675,34.4813],[-119.1675,34.48088],[-119.16724,34.48081],[-119.1669,34.48103],[-119.16605,34.48102],[-119.16584,34.48059],[-119.16539,34.48045],[-119.16552,34.48003],[-119.1652,34.47975],[-119.16537,34.47918],[-119.1651,34.47861],[-119.16484,34.47851],[-119.16398,34.47848],[-119.16347,34.47809],[-119.16312,34.47802],[-119.16278,34.47805],[-119.16253,34.47819],[-119.16224,34.47861],[-119.16226,34.47918],[-119.16175,34.47936],[-119.16118,34.47989],[-119.16105,34.48017],[-119.16055,34.48059],[-119.16043,34.48031],[-119.16057,34.47989],[-119.16039,34.4796],[-119.16046,34.47876],[-119.16003,34.47858]]}},{"type":"Feature","properties":{"m":840,"index":0},"geometry":{"type":"LineString","coordinates":[[-119.16003,34.47707],[-119.16013,34.47692],[-119.16001,34.47649],[-119.16022,34.47635],[-119.16038,34.47591],[-119.16158,34.47553],[-119.16175,34.47543],[-119.16198,34.47508],[-119.16226,34.47495],[-119.16278,34.47495],[-119.1645,34.47436],[-119.16538,34.47423],[-119.16614,34.47366],[-119.16605,34.47295],[-119.16587,34.47283],[-119.16441,34.47253],[-119.16312,34.4719],[-119.16305,34.47126],[-119.16274,34.47083],[-119.16275,34.47041],[-119.16291,34.46998],[-119.16278,34.46991],[-119.16226,34.47],[-119.16192,34.46976],[-119.16175,34.4698],[-119.16158,34.46996],[-119.16103,34.47012],[-119.16023,34.47111],[-119.16003,34.47109]]}},{"type":"Feature","properties":{"m":880,"index":0},"geometry":{"type":"LineString","coordinates":[[-119.20735,34.4905],[-119.20735,34.4905]]}},{"type":"Feature","properties":{"m":880,"index":0},"geometry":{"type":"LineString","coordinates":[[-119.20328,34.48456],[-119.20328,34.48456]]}},{"type":"Feature","properties":{"m":880,"index":0},"geometry":{"type":"LineString","coordinates":[[-119.20721,34.48427],[-119.20721,34.48427]]}},{"type":"Feature","properties":{"m":880,"index":0},"geometry":{"type":"LineString","coordinates":[[-119.31553,34.47578],[-119.31553,34.47578]]}},{"type":"Feature","properties":{"m":880,"index":0},"geometry":{"type":"LineString","coordinates":[[-119.33856,34.4721],[-119.33833,34.47253],[-119.33832,34.47281],[-119.3387,34.47309],[-119.33884,34.47338],[-119.33883,34.4738],[-119.33805,34.47402],[-119.33795,34.47409],[-119.33787,34.4745],[-119.3377,34.47459],[-119.33652,34.47493],[-119.33616,34.47513],[-119.33606,34.47536],[-119.33626,34.47578],[-119.3366,34.47607],[-119.3365,34.47623],[-119.33581,34.47603],[-119.33547,34.47635],[-119.33513,34.47605],[-119.33478,34.47602],[-119.3341,34.47561],[-119.33324,34.4754],[-119.33307,34.47548],[-119.3329,34.47601],[-119.33221,34.47602],[-119.33152,34.47579],[-119.33118,34.47556],[-119.33084,34.47571],[-119.33049,34.47569],[-119.33015,34.47587],[-119.32998,34.47583],[-119.32963,34.47526],[-119.32929,34.47522],[-119.32906,34.47479],[-119.32853,34.47451],[-119.32848,34.47423],[-119.32879,34.47366],[-119.32809,34.4732],[-119.32775,34.47311],[-119.32723,34.47362],[-119.32686,34.4738],[-119.32684,34.47394],[-119.32732,34.47423],[-119.32749,34.47451],[-119.3274,34.47469],[-119.32704,34.47479],[-119.32649,34.47578],[-119.3266,34.47607],[-119.3271,34.47635],[-119.32717,34.47649],[-119.32657,34.47692],[-119.32517,34.47711],[-119.3243,34.47748],[-119.325,34.47847],[-119.32569,34.47844],[-119.32689,34.47868],[-119.32775,34.47916],[-119.32802,34.4796],[-119.32787,34.48017],[-119.32792,34.48028],[-119.32809,34.4803],[-119.3283,34.47989],[-119.32878,34.47956],[-119.32929,34.47888],[-119.32963,34.47876],[-119.32998,34.47881],[-119.33066,34.47869],[-119.33118,34.47876],[-119.33211,34.47918],[-119.33219,34.47932],[-119.33209,34.4796],[-119.33238,34.47986],[-119.33277,34.48003],[-119.33277,34.48031],[-119.33306,34.4813],[-119.33341,34.48142],[-119.33496,34.48133],[-119.33513,34.48129],[-119.33542,34.48102],[-119.33581,34.48092],[-119.3365,34.4811],[-119.337,34.48159],[-119.33736,34.48169],[-119.3389,34.48127],[-119.33925,34.48078],[-119.33959,34.48054],[-119.33993,34.48075]]}},{"type":"Feature","properties":{"m":880,"index":0},"geometry":{"type":"LineString","coordinates":[[-119.33993,34.47297],[-119.3389,34.47213],[-119.33873,34.47203],[-119.33856,34.4721]]}},{"type":"Feature","properties":{"m":880,"index":0},"geometry":{"type":"LineString","coordinates":[[-119.33816,34.47154],[-119.33816,34.47154]]}},{"type":"Feature","properties":{"m":880,"index":0},"geometry":{"type":"LineString","coordinates":[[-119.33993,34.52352],[-119.33976,34.52365],[-119.33925,34.52357],[-119.33873,34.52362],[-119.33838,34.52403],[-119.33827,34.52445],[-119.33761,34.52459],[-119.33753,34.52471],[-119.3375,34.52502],[-119.33769,34.52544],[-119.33757,34.52572],[-119.33759,34.52615],[-119.3377,34.52634],[-119.33838,34.52671],[-119.33846,34.52685],[-119.33835,34.52742],[-119.3385,34.5277],[-119.33736,34.52768],[-119.33676,34.52784],[-119.3365,34.52827],[-119.33652,34.52855],[-119.33724,34.52897],[-119.33736,34.52932],[-119.33719,34.52938],[-119.33667,34.52932],[-119.33616,34.52949],[-119.33547,34.52944],[-119.33538,34.52954],[-119.33562,34.52968],[-119.3358,34.52996]]}},{"type":"Feature","properties":{"m":880,"index":0},"geometry":{"type":"LineString","coordinates":[[-119.33074,34.52996],[-119.33092,34.52968],[-119.33118,34.52957],[-119.33238,34.52965],[-119.33272,34.52944],[-119.33278,34.52926],[-119.33235,34.52883],[-119.33169,34.52857],[-119.33164,34.52841],[-119.33174,34.52827],[-119.32998,34.52821],[-119.32992,34.52813],[-119.33004,34.52798],[-119.33002,34.52784],[-119.32946,34.52762],[-119.32855,34.52756],[-119.32869,34.52742],[-119.32946,34.52722],[-119.33084,34.52691],[-119.33152,34.52685],[-119.33198,34.52643],[-119.33288,34.52601],[-119.33301,34.52558],[-119.33293,34.52544],[-119.33255,34.5254],[-119.33221,34.52511],[-119.33146,34.52516],[-119.33049,34.5243],[-119.32981,34.52414],[-119.32929,34.52374],[-119.32936,34.5236],[-119.32963,34.52352],[-119.33032,34.52343],[-119.33152,34.5231],[-119.33196,34.52275],[-119.332,34.52261],[-119.33169,34.52233],[-119.33151,34.5219],[-119.33092,34.52134],[-119.33084,34.52116],[-119.33238,34.52104],[-119.33341,34.52071],[-119.33385,34.52035],[-119.33408,34.51992],[-119.33416,34.51907],[-119.3341,34.51886],[-119.33357,34.51837],[-119.33375,34.51827],[-119.33461,34.51829],[-119.3353,34.51807],[-119.3358,34.51808],[-119.33645,34.51837],[-119.33667,34.5186],[-119.33701,34.51851],[-119.33787,34.5186],[-119.33827,34.51851],[-119.33925,34.51802],[-119.33959,34.5181],[-119.33999,34.51794]]}},{"type":"Feature","properties":{"m":880,"index":0},"geometry":{"type":"LineString","coordinates":[[-119.33993,34.50956],[-119.33955,34.50946],[-119.33925,34.509],[-119.33753,34.50975],[-119.3365,34.51074],[-119.33564,34.51097],[-119.33501,34.51101],[-119.33444,34.51164],[-119.33358,34.51179],[-119.33307,34.51202],[-119.3329,34.51203],[-119.33238,34.5118],[-119.33187,34.51181],[-119.33066,34.51225],[-119.33015,34.51219],[-119.32981,34.5124],[-119.32929,34.51253],[-119.32843,34.51253],[-119.32826,34.51243],[-119.32894,34.51186],[-119.32889,34.51158],[-119.32911,34.51101],[-119.32918,34.51031],[-119.32891,34.50946],[-119.32889,34.50875],[-119.32861,34.5079],[-119.32838,34.50748],[-119.32809,34.50726],[-119.3262,34.50692],[-119.32414,34.50825],[-119.32277,34.5088],[-119.32261,34.50861],[-119.32264,34.50818],[-119.32247,34.50762],[-119.32199,34.50705],[-119.32122,34.50662],[-119.32002,34.50667],[-119.31951,34.50646],[-119.31917,34.5062],[-119.31916,34.50591],[-119.31848,34.50576],[-119.31813,34.50578],[-119.31779,34.50519],[-119.31762,34.50506],[-119.3171,34.50508],[-119.31642,34.50528],[-119.3159,34.50573],[-119.31472,34.50578],[-119.31384,34.50626],[-119.3135,34.50617],[-119.31315,34.50621],[-119.31264,34.50642],[-119.31202,34.50691],[-119.31185,34.50762],[-119.31195,34.50779],[-119.31233,34.5079],[-119.31215,34.50832],[-119.31217,34.50861],[-119.3126,34.50903],[-119.31288,34.5096],[-119.31319,34.50988],[-119.31296,34.51031],[-119.31288,34.51073],[-119.31367,34.51152],[-119.31384,34.51187],[-119.31435,34.51214],[-119.31422,34.51229],[-119.31367,34.51234],[-119.31298,34.5119],[-119.31257,34.512],[-119.31235,34.51328],[-119.3124,34.5137],[-119.3123,34.51427],[-119.31237,34.51455],[-119.31187,34.51483],[-119.31178,34.51528],[-119.31109,34.51621],[-119.31058,34.51632],[-119.30989,34.51628],[-119.30938,34.51653],[-119.30886,34.51665],[-119.30783,34.51663],[-119.30749,34.51693],[-119.30761,34.51752],[-119.30697,34.5176],[-119.30617,34.51794],[-119.30577,34.51824],[-119.3055,34.51808],[-119.3055,34.51766],[-119.30537,34.51724],[-119.30491,34.51701],[-119.30461,34.51653],[-119.30416,34.51625],[-119.30354,34.5155],[-119.30337,34.51544],[-119.30303,34.51551],[-119.30268,34.51581],[-119.30251,34.51633],[-119.30217,34.51649],[-119.30234,34.517],[-119.30165,34.51731],[-119.30148,34.51733],[-119.30096,34.51709],[-119.30045,34.51704],[-119.30011,34.51712],[-119.29976,34.51751],[-119.29959,34.51747],[-119.29908,34.51704],[-119.29839,34.51681],[-119.29736,34.51699],[-119.29685,34.51722],[-119.29564,34.51732],[-119.29513,34.51727],[-119.29444,34.51686],[-119.2941,34.51676],[-119.29273,34.51706],[-119.29197,34.51695],[-119.29156,34.51724],[-119.29157,34.51752],[-119.29221,34.51844],[-119.29256,34.51922],[-119.28946,34.51935],[-119.28937,34.5195],[-119.28937,34.51992],[-119.28943,34.52091],[-119.28957,34.52134],[-119.28946,34.52141],[-119.28843,34.52136],[-119.28819,34.52162],[-119.28809,34.52219],[-119.28792,34.52227],[-119.28723,34.52227],[-119.28689,34.52246],[-119.28638,34.52221],[-119.2862,34.5223],[-119.28611,34.52247],[-119.28603,34.52318],[-119.28586,34.52331],[-119.28517,34.52323],[-119.28487,34.5236],[-119.28477,34.52388],[-119.28437,34.52417],[-119.28443,34.52459],[-119.28397,34.52469],[-119.28329,34.52451],[-119.28277,34.52471],[-119.28276,34.52502],[-119.28337,34.52558],[-119.28364,34.52629],[-119.28348,34.527],[-119.28312,34.52671],[-119.28277,34.52668],[-119.28243,34.52652],[-119.28122,34.52657],[-119.28123,34.52707],[-119.28105,34.52724],[-119.28102,34.52756],[-119.28078,34.52784],[-119.28146,34.52869],[-119.28149,34.52912],[-119.28115,34.52954],[-119.2814,34.52985],[-119.28105,34.52997],[-119.28054,34.52988],[-119.28019,34.52954],[-119.2801,34.52912],[-119.27982,34.52883],[-119.27968,34.52848],[-119.27917,34.52827],[-119.27899,34.52742],[-119.27865,34.52671],[-119.27871,34.52615],[-119.27892,34.52558],[-119.27882,34.52541],[-119.27814,34.52629],[-119.27711,34.5261],[-119.27676,34.52654],[-119.27608,34.52648],[-119.27596,34.52657],[-119.27577,34.527],[-119.27522,34.52715],[-119.27508,34.52728],[-119.27487,34.52841],[-119.27436,34.52822],[-119.27367,34.52826],[-119.2735,34.52839],[-119.27299,34.52912],[-119.27402,34.52996]]}},{"type":"Feature","properties":{"m":880,"index":0},"geometry":{"type":"LineString","coordinates":[[-119.25754,34.52996],[-119.25762,34.52968],[-119.25823,34.52869],[-119.25853,34.52841],[-119.25857,34.52823],[-119.25685,34.52829],[-119.25548,34.52817],[-119.25462,34.52835],[-119.25445,34.52831],[-119.25441,34.52784],[-119.25427,34.52778],[-119.25376,34.52792],[-119.25304,34.5277],[-119.2531,34.52756],[-119.25371,34.52728],[-119.25376,34.52693],[-119.25393,34.52673],[-119.25427,34.52685],[-119.25513,34.52672],[-119.25527,34.52657],[-119.25525,34.52643],[-119.25497,34.52615],[-119.25498,34.52601],[-119.25631,34.52516],[-119.2564,34.52502],[-119.25623,34.52487],[-119.2541,34.52505],[-119.25386,34.5253],[-119.25371,34.52572],[-119.25377,34.52629],[-119.25359,34.5264],[-119.2529,34.52637],[-119.25278,34.52615],[-119.25282,34.52558],[-119.25256,34.52536],[-119.25239,34.52543],[-119.25267,34.52586],[-119.25267,34.52629],[-119.25196,34.52657],[-119.25157,34.52685],[-119.25118,34.52741],[-119.25101,34.52794],[-119.25084,34.52802],[-119.25015,34.52801],[-119.24998,34.52811],[-119.24996,34.52841],[-119.24981,34.52854],[-119.24912,34.52864],[-119.24883,34.52855],[-119.24879,34.52813],[-119.24904,34.52784],[-119.24922,34.52671],[-119.24895,34.52638],[-119.24887,34.52601],[-119.24861,34.52569],[-119.24775,34.5256],[-119.24706,34.52583],[-119.24638,34.52584],[-119.2458,34.52601],[-119.24571,34.52657],[-119.24591,34.527],[-119.24561,34.52714],[-119.24562,34.52728],[-119.24537,34.52756],[-119.24566,34.52827],[-119.24552,34.52849],[-119.24466,34.52828],[-119.24415,34.52859],[-119.2439,34.52855],[-119.24422,34.5277],[-119.24422,34.52742],[-119.24375,34.527],[-119.24363,34.52667],[-119.24294,34.52678],[-119.24209,34.52748],[-119.24129,34.52728],[-119.2414,34.52693],[-119.24088,34.52676],[-119.2402,34.52696],[-119.23985,34.52735],[-119.23951,34.52716],[-119.23899,34.52714],[-119.239,34.52685],[-119.23882,34.52682],[-119.23831,34.52697],[-119.23779,34.5269],[-119.23676,34.52697],[-119.2363,34.52685],[-119.2364,34.52671],[-119.23676,34.5267],[-119.23725,34.52643],[-119.23814,34.52622],[-119.23848,34.52601],[-119.23873,34.52572],[-119.23868,34.52544],[-119.23882,34.52514],[-119.23934,34.52538],[-119.23968,34.52535],[-119.2402,34.52547],[-119.24037,34.52512],[-119.24088,34.52523],[-119.24123,34.52516],[-119.24135,34.52502],[-119.2414,34.52443],[-119.24191,34.52399],[-119.2426,34.52428],[-119.24301,34.52417],[-119.24317,34.52388],[-119.2435,34.5236],[-119.24347,34.52332],[-119.24357,34.52304],[-119.24348,34.52275],[-119.24296,34.52219],[-119.24294,34.52202],[-119.24346,34.52196],[-119.24397,34.52226],[-119.24432,34.52231],[-119.24449,34.52228],[-119.24483,34.52196],[-119.245,34.52204],[-119.24521,34.52233],[-119.24586,34.5225],[-119.24615,34.52247],[-119.24663,34.52219],[-119.24706,34.52173],[-119.24775,34.52179],[-119.24827,34.52149],[-119.24964,34.52106],[-119.25004,34.52077],[-119.25033,34.52035],[-119.25115,34.52021],[-119.25153,34.51998],[-119.25187,34.51947],[-119.25307,34.51941],[-119.25376,34.51976],[-119.25512,34.51922],[-119.25462,34.51897],[-119.25445,34.51851],[-119.254,34.51808],[-119.25398,34.51794],[-119.25527,34.51554],[-119.25533,34.51511],[-119.25515,34.51497],[-119.25496,34.51488],[-119.25427,34.51506],[-119.25359,34.51471],[-119.25239,34.51485],[-119.25187,34.51476],[-119.25118,34.51482],[-119.24981,34.51451],[-119.24966,34.51441],[-119.24976,34.51412],[-119.24962,34.51342],[-119.24912,34.51317],[-119.24913,34.51285],[-119.24899,34.51257],[-119.24861,34.51278],[-119.24809,34.51248],[-119.24775,34.51279],[-119.24724,34.51249],[-119.24706,34.51253],[-119.24689,34.51271],[-119.24672,34.51269],[-119.24655,34.51246],[-119.24638,34.5124],[-119.24621,34.5125],[-119.24586,34.51244],[-119.24538,34.51257],[-119.24535,34.513],[-119.24568,34.51342],[-119.24483,34.51328],[-119.24449,34.51334],[-119.24397,34.51379],[-119.24371,34.51427],[-119.24312,34.51462],[-119.24307,34.51455],[-119.24333,34.51398],[-119.24329,34.51384],[-119.24301,34.5137],[-119.24301,34.51356],[-119.24338,34.51328],[-119.24351,34.51285],[-119.24381,34.51243],[-119.24374,34.51229],[-119.24309,34.512],[-119.24316,34.51186],[-119.24388,34.51144],[-119.24382,34.51101],[-119.24346,34.51052],[-119.24277,34.51043],[-119.24157,34.51081],[-119.24071,34.51086],[-119.24123,34.51061],[-119.24174,34.51012],[-119.24226,34.50992],[-119.24229,34.50974],[-119.24211,34.50946],[-119.24226,34.50943],[-119.24294,34.50968],[-119.24329,34.50952],[-119.24363,34.50958],[-119.24415,34.5094],[-119.24466,34.50951],[-119.24518,34.50985],[-119.24552,34.50994],[-119.24576,34.50875],[-119.24586,34.50866],[-119.24657,34.50932],[-119.24703,34.5096],[-119.24758,34.50977],[-119.24809,34.50966],[-119.24838,34.50946],[-119.24839,34.50903],[-119.24887,34.50818],[-119.24966,34.5079],[-119.25103,34.50691],[-119.25116,34.50663],[-119.25118,34.5062],[-119.25153,34.50548],[-119.25187,34.50513],[-119.25256,34.50586],[-119.25266,34.50634],[-119.25342,34.50696],[-119.25349,34.5079],[-119.25358,34.50804],[-119.25445,34.50852],[-119.25513,34.50858],[-119.25651,34.50896],[-119.25788,34.50863],[-119.25857,34.50873],[-119.25925,34.50864],[-119.26028,34.50881],[-119.26166,34.50889],[-119.26492,34.50887],[-119.26574,34.50875],[-119.26564,34.50861],[-119.26492,34.5082],[-119.2644,34.50746],[-119.26372,34.50737],[-119.26269,34.50741],[-119.2626,34.50733],[-119.26286,34.50726],[-119.26311,34.50691],[-119.26389,34.50657],[-119.26457,34.50655],[-119.26509,34.50634],[-119.26578,34.50681],[-119.26646,34.50686],[-119.26668,34.50677],[-119.26698,34.50639],[-119.26818,34.50601],[-119.26887,34.50614],[-119.26921,34.50611],[-119.2699,34.50579],[-119.26992,34.50564],[-119.26938,34.50504],[-119.26818,34.50426],[-119.26715,34.50384],[-119.26646,34.50374],[-119.26547,34.50309],[-119.26492,34.50292],[-119.26443,34.50252],[-119.26389,34.50229],[-119.26286,34.50214],[-119.26247,34.50196],[-119.26248,34.50182],[-119.26303,34.50168],[-119.26372,34.50175],[-119.26406,34.5016],[-119.26475,34.50169],[-119.26543,34.50111],[-119.26646,34.50087],[-119.26676,34.50054],[-119.26732,34.49931],[-119.26818,34.49972],[-119.26887,34.49927],[-119.26905,34.49941],[-119.26919,34.50012],[-119.26955,34.50041],[-119.2699,34.50051],[-119.27041,34.50045],[-119.27127,34.49988],[-119.27161,34.49999],[-119.27213,34.49951],[-119.27247,34.50009],[-119.27281,34.50043],[-119.27299,34.50047],[-119.2735,34.49993],[-119.27372,34.49984],[-119.27539,34.49955],[-119.27576,34.49941],[-119.2768,34.49871],[-119.27659,34.49824],[-119.27746,34.498],[-119.27743,34.49757],[-119.27759,34.49729],[-119.27756,34.49715],[-119.27693,34.49671],[-119.27659,34.49628],[-119.27617,34.49602],[-119.27603,34.49573],[-119.27659,34.49565],[-119.27728,34.49574],[-119.27779,34.49563],[-119.27766,34.49531],[-119.27771,34.49517],[-119.27831,34.49483],[-119.27865,34.49484],[-119.27882,34.49446],[-119.27917,34.49403],[-119.27985,34.49414],[-119.2802,34.49383],[-119.28037,34.49389],[-119.28052,34.49418],[-119.28088,34.49448],[-119.2814,34.49448],[-119.28157,34.49441],[-119.28182,34.49404],[-119.28177,34.49375],[-119.28187,34.49361],[-119.28226,34.49338],[-119.28346,34.49345],[-119.28406,34.49333],[-119.28437,34.49319],[-119.28438,34.49262],[-119.28449,34.49256],[-119.285,34.49258],[-119.28569,34.49279],[-119.28689,34.49262],[-119.28698,34.49248],[-119.28692,34.49234],[-119.28603,34.49222],[-119.28552,34.49159],[-119.285,34.4914],[-119.28466,34.49169],[-119.28449,34.49167],[-119.2838,34.49132],[-119.28329,34.49137],[-119.28294,34.49104],[-119.28277,34.49103],[-119.28174,34.49118],[-119.2814,34.49137],[-119.28123,34.49134],[-119.28087,34.49107],[-119.28069,34.49064],[-119.28044,34.49036],[-119.2802,34.49028],[-119.27966,34.4905],[-119.27899,34.49093],[-119.27891,34.49078],[-119.27898,34.49022],[-119.27891,34.49007],[-119.27865,34.48998],[-119.27843,34.48965],[-119.27796,34.48926],[-119.27779,34.48923],[-119.27711,34.48916],[-119.27676,34.48922],[-119.27648,34.48951],[-119.27556,34.49],[-119.2755,34.48993],[-119.27602,34.48937],[-119.27611,34.48908],[-119.27522,34.48858],[-119.27402,34.48868],[-119.27333,34.48903],[-119.27299,34.48904],[-119.27289,34.48866],[-119.27254,34.48838],[-119.27259,34.48795],[-119.27252,34.48753],[-119.27213,34.48603],[-119.27196,34.48599],[-119.27127,34.48652],[-119.27075,34.48654],[-119.27007,34.48687],[-119.26946,34.48668],[-119.26921,34.4864],[-119.26869,34.48618],[-119.26852,34.48594],[-119.26766,34.48558],[-119.26698,34.48607],[-119.26684,34.48654],[-119.26646,34.48698],[-119.26612,34.4871],[-119.2656,34.48753],[-119.26555,34.48767],[-119.26575,34.48795],[-119.26615,34.48824],[-119.26732,34.48881],[-119.26783,34.48894],[-119.26821,34.48923],[-119.2682,34.48937],[-119.26784,34.4895],[-119.26775,34.48965],[-119.26787,34.4905],[-119.26747,34.49078],[-119.26732,34.49111],[-119.2668,34.49107],[-119.26704,34.49078],[-119.26703,34.4905],[-119.26681,34.49022],[-119.26663,34.49014],[-119.26578,34.49052],[-119.26543,34.49079],[-119.26526,34.49078],[-119.26537,34.49007],[-119.26509,34.48972],[-119.26475,34.48972],[-119.26423,34.49002],[-119.26389,34.49009],[-119.26372,34.48933],[-119.26269,34.48919],[-119.26217,34.48899],[-119.262,34.48904],[-119.26183,34.48941],[-119.26126,34.48979],[-119.26097,34.49034],[-119.2608,34.49022],[-119.26063,34.48976],[-119.26063,34.48918],[-119.26045,34.48915],[-119.25994,34.48941],[-119.25948,34.48993],[-119.25805,34.4905],[-119.25798,34.49036],[-119.25913,34.48923],[-119.25929,34.4888],[-119.25955,34.48852],[-119.25958,34.48838],[-119.25934,34.48795],[-119.26011,34.48786],[-119.2608,34.48755],[-119.26107,34.48725],[-119.26217,34.4871],[-119.26226,34.48696],[-119.26131,34.48597],[-119.26125,34.48583],[-119.26132,34.48555],[-119.26093,34.48512],[-119.2609,34.48456],[-119.2608,34.48437],[-119.26045,34.48421],[-119.25925,34.48399],[-119.25923,34.48357],[-119.25878,34.483],[-119.25884,34.48272],[-119.25874,34.48237],[-119.25822,34.48195],[-119.25771,34.48211],[-119.25719,34.48211],[-119.25633,34.48266],[-119.25586,34.48328],[-119.25543,34.48342],[-119.25487,34.48399],[-119.25489,34.48442],[-119.25479,34.48456],[-119.25462,34.48467],[-119.2541,34.48472],[-119.25359,34.48503],[-119.25307,34.48516],[-119.25281,34.48555],[-119.2529,34.48584],[-119.25239,34.48587],[-119.25187,34.48611],[-119.25135,34.48597],[-119.25221,34.4855],[-119.25231,34.48541],[-119.25226,34.48526],[-119.25153,34.48431],[-119.25101,34.48413],[-119.25035,34.48342],[-119.25043,34.48286],[-119.25008,34.48243],[-119.24991,34.48187],[-119.2493,34.48163],[-119.24895,34.48135],[-119.24809,34.48151],[-119.24741,34.48102],[-119.24518,34.48202],[-119.24432,34.48208],[-119.24397,34.4822],[-119.24312,34.48218],[-119.24294,34.48212],[-119.24269,34.48173],[-119.24243,34.48103],[-119.2414,34.4804],[-119.24003,34.48032],[-119.23985,34.4804],[-119.23951,34.48086],[-119.239,34.48089],[-119.23865,34.48138],[-119.23848,34.48146],[-119.23814,34.48138],[-119.23762,34.48182],[-119.23649,34.48173],[-119.23591,34.48144],[-119.23521,34.48088],[-119.2347,34.48071],[-119.2342,34.48102],[-119.23402,34.48124],[-119.2335,34.48221],[-119.23327,34.48286],[-119.23326,34.48314],[-119.23313,34.48328],[-119.23269,34.48342],[-119.2323,34.4838],[-119.23213,34.48385],[-119.23127,34.48359],[-119.23076,34.48361],[-119.23024,34.48331],[-119.23007,34.48332],[-119.22956,34.48362],[-119.22904,34.48359],[-119.22853,34.48386],[-119.22767,34.48382],[-119.22738,34.48371],[-119.22693,34.483],[-119.22612,34.48247],[-119.22574,34.48243],[-119.22423,34.4827],[-119.22416,34.48342],[-119.22355,34.48462],[-119.22252,34.48569],[-119.22097,34.48638],[-119.22081,34.48654],[-119.22081,34.48682],[-119.22132,34.48731],[-119.22183,34.48757],[-119.22235,34.48769],[-119.22286,34.48731],[-119.22441,34.48645],[-119.22492,34.48633],[-119.22497,34.48668],[-119.22539,34.4871],[-119.22524,34.48739],[-119.22526,34.48769],[-119.22578,34.48779],[-119.22647,34.4877],[-119.22698,34.48814],[-119.22715,34.48816],[-119.22818,34.48797],[-119.22839,34.48824],[-119.22841,34.48838],[-119.22826,34.48866],[-119.22801,34.48891],[-119.22698,34.48941],[-119.22647,34.48951],[-119.22632,34.48965],[-119.2283,34.48993],[-119.22826,34.49007],[-119.2275,34.49051],[-119.22705,34.49092],[-119.22704,34.49121],[-119.2275,34.49134],[-119.2275,34.49149],[-119.22698,34.49182],[-119.22612,34.49202],[-119.22603,34.4922],[-119.22652,34.4929],[-119.22732,34.4934],[-119.22801,34.49368],[-119.22819,34.49404],[-119.22853,34.49438],[-119.23008,34.49489],[-119.22973,34.49508],[-119.22904,34.4952],[-119.22888,34.49531],[-119.22904,34.4956],[-119.2295,34.49588],[-119.22887,34.49608],[-119.22832,34.49588],[-119.22784,34.49553],[-119.2275,34.49552],[-119.22698,34.49528],[-119.22561,34.49533],[-119.22509,34.49523],[-119.22478,34.49531],[-119.2247,34.49545],[-119.22476,34.49602],[-119.22505,34.4963],[-119.22459,34.49687],[-119.22481,34.49729],[-119.22406,34.49727],[-119.2238,34.49743],[-119.22476,34.49842],[-119.22509,34.49905],[-119.22581,34.4997],[-119.22578,34.4998],[-119.22441,34.49941],[-119.22372,34.49865],[-119.22355,34.49858],[-119.22286,34.49848],[-119.22271,34.49856],[-119.22252,34.49898],[-119.22229,34.49856],[-119.222,34.49832],[-119.22166,34.49831],[-119.22132,34.49849],[-119.2212,34.49842],[-119.22125,34.498],[-119.22193,34.49743],[-119.22198,34.49672],[-119.22166,34.49653],[-119.2208,34.49638],[-119.22065,34.49616],[-119.22072,34.49573],[-119.22046,34.4953],[-119.22023,34.49531],[-119.2196,34.4956],[-119.21943,34.49549],[-119.21857,34.49457],[-119.21802,34.49446],[-119.21754,34.49373],[-119.21737,34.49386],[-119.21704,34.49446],[-119.21671,34.49474],[-119.21641,34.49531],[-119.21644,34.49559],[-119.2169,34.49658],[-119.2167,34.49701],[-119.21651,34.49713],[-119.21582,34.4971],[-119.21531,34.49693],[-119.21494,34.49701],[-119.21428,34.49675],[-119.21369,34.49729],[-119.21383,34.49786],[-119.21369,34.49885],[-119.21482,34.49941],[-119.21498,34.4997],[-119.21496,34.49995],[-119.21479,34.50011],[-119.21467,34.49984],[-119.21445,34.49969],[-119.21359,34.49961],[-119.2133,34.49984],[-119.2133,34.50026],[-119.2129,34.50022],[-119.21276,34.50012],[-119.21269,34.4997],[-119.21238,34.49941],[-119.21222,34.499],[-119.21205,34.49883],[-119.21153,34.49895],[-119.21067,34.49893],[-119.21063,34.49856],[-119.21103,34.49828],[-119.21115,34.498],[-119.21081,34.49743],[-119.21037,34.49729],[-119.21029,34.49715],[-119.21073,34.49658],[-119.21081,34.4963],[-119.2107,34.49616],[-119.20999,34.49596],[-119.20947,34.4956],[-119.20944,34.49489],[-119.20902,34.4946],[-119.20897,34.49446],[-119.20901,34.49375],[-119.20952,34.49305],[-119.20977,34.49248],[-119.20874,34.49206],[-119.20821,34.49163],[-119.20793,34.49122],[-119.20782,34.49135],[-119.20806,34.49177],[-119.20793,34.49234],[-119.20799,34.49305],[-119.20773,34.49347],[-119.20724,34.4939],[-119.20743,34.49432],[-119.2069,34.49503],[-119.20691,34.49517],[-119.20724,34.49559],[-119.20718,34.49602],[-119.20699,34.4963],[-119.20669,34.49715],[-119.20655,34.49728],[-119.20587,34.49733],[-119.20564,34.49743],[-119.20569,34.49785],[-119.20602,34.49828],[-119.20597,34.49842],[-119.20569,34.49885],[-119.20488,34.49927],[-119.20482,34.49941],[-119.20534,34.49998],[-119.20539,34.5004],[-119.20552,34.50052],[-119.20654,34.50097],[-119.20605,34.50153],[-119.20593,34.50196],[-119.20641,34.50252],[-119.20644,34.50295],[-119.20668,34.50337],[-119.20625,34.50366],[-119.20618,34.50408],[-119.20633,34.50436],[-119.20633,34.50465],[-119.20659,34.50507],[-119.20621,34.50504],[-119.20552,34.50425],[-119.20535,34.50418],[-119.20501,34.50428],[-119.20508,34.50366],[-119.20491,34.50337],[-119.20484,34.50327],[-119.20448,34.50323],[-119.20411,34.50252],[-119.20346,34.50177],[-119.20329,34.50169],[-119.20295,34.50174],[-119.20209,34.50223],[-119.2014,34.50187],[-119.20113,34.50153],[-119.20072,34.50125],[-119.20078,34.50083],[-119.20066,34.50054],[-119.19986,34.49964],[-119.19968,34.49955],[-119.19934,34.49977],[-119.199,34.50016],[-119.19787,34.50026],[-119.19798,34.50054],[-119.19925,34.50153],[-119.1992,34.50196],[-119.19938,34.50224],[-119.19962,34.50323],[-119.19933,34.50352],[-119.19947,34.50394],[-119.19917,34.50436],[-119.19914,34.50493],[-119.19831,34.50492],[-119.19717,34.50521],[-119.19608,34.5061],[-119.19591,34.50611],[-119.19595,34.50564],[-119.19612,34.50521],[-119.19677,34.50459],[-119.1975,34.50408],[-119.19728,34.50358],[-119.1966,34.50329],[-119.19625,34.50279],[-119.19541,34.50252],[-119.19488,34.50256],[-119.19419,34.50282],[-119.19316,34.50284],[-119.19295,34.50295],[-119.19301,34.50323],[-119.19273,34.50323],[-119.19208,34.50267],[-119.19235,34.50224],[-119.19235,34.50196],[-119.19015,34.50026],[-119.18998,34.49998],[-119.19008,34.49955],[-119.1899,34.4994],[-119.18939,34.49989],[-119.1895,34.5004],[-119.18939,34.50102],[-119.189,34.50153],[-119.18898,34.50196],[-119.18887,34.50214],[-119.18836,34.50196],[-119.188,34.50196],[-119.18747,34.5021],[-119.18708,34.50238],[-119.18664,34.50253],[-119.18647,34.50238],[-119.18681,34.50167],[-119.18647,34.5016],[-119.18591,34.50168],[-119.18594,34.50153],[-119.18647,34.50117],[-119.18733,34.50108],[-119.18755,34.50097],[-119.18734,34.4997],[-119.18678,34.49899],[-119.18671,34.49856],[-119.18651,34.49814],[-119.18544,34.49756],[-119.18411,34.49644],[-119.18416,34.4963],[-119.18527,34.49569],[-119.18561,34.49539],[-119.18612,34.49524],[-119.1875,34.49457],[-119.1887,34.49422],[-119.18916,34.4939],[-119.18918,34.49361],[-119.18859,34.49305],[-119.18833,34.49234],[-119.18841,34.49177],[-119.18874,34.49078],[-119.18873,34.4905],[-119.18852,34.48993],[-119.18818,34.4896],[-119.18767,34.49024],[-119.18761,34.49078],[-119.18726,34.49163],[-119.18666,34.4922],[-119.1863,34.49238],[-119.18561,34.49261],[-119.18492,34.49258],[-119.18489,34.49305],[-119.18441,34.49361],[-119.18424,34.49366],[-119.18432,34.49319],[-119.18397,34.49276],[-119.18393,34.49163],[-119.18406,34.49137],[-119.18495,34.49107],[-119.18492,34.49048],[-119.18458,34.49003],[-119.18424,34.48988],[-119.18269,34.49001],[-119.18217,34.48993],[-119.18216,34.48979],[-119.1828,34.48866],[-119.18338,34.48797],[-119.18336,34.48781],[-119.18303,34.4876],[-119.18252,34.48747],[-119.18166,34.48753],[-119.18149,34.48729],[-119.18132,34.48723],[-119.181,34.48739],[-119.1808,34.48771],[-119.18012,34.48827],[-119.17994,34.48837],[-119.1796,34.48824],[-119.17952,34.48809],[-119.17953,34.48753],[-119.17887,34.48682],[-119.17889,34.48668],[-119.17935,34.48625],[-119.17978,34.48541],[-119.17973,34.48526],[-119.17916,34.48498],[-119.17902,34.48484],[-119.17906,34.4847],[-119.1794,34.48442],[-119.1796,34.48402],[-119.18063,34.48386],[-119.18167,34.48385],[-119.182,34.48375],[-119.18248,34.48286],[-119.18166,34.48263],[-119.18006,34.48159],[-119.18006,34.48003],[-119.18035,34.4796],[-119.18038,34.47918],[-119.18064,34.47876],[-119.18066,34.47847],[-119.17977,34.47814],[-119.1796,34.47829],[-119.17909,34.47932],[-119.17823,34.47943],[-119.17766,34.47975],[-119.17668,34.48008],[-119.176,34.48015],[-119.17531,34.47921],[-119.17497,34.47911],[-119.17476,34.47918],[-119.17464,34.47932],[-119.17487,34.47975],[-119.17492,34.48031],[-119.17546,34.48074],[-119.17592,34.4813],[-119.1764,34.48215],[-119.17636,34.48229],[-119.17583,34.48239],[-119.17548,34.48273],[-119.1748,34.48251],[-119.17411,34.48264],[-119.17342,34.48259],[-119.17327,34.48286],[-119.17323,34.48328],[-119.17274,34.48378],[-119.17205,34.48482],[-119.17119,34.48474],[-119.17094,34.48484],[-119.17089,34.48498],[-119.17114,34.48597],[-119.17102,34.48615],[-119.17033,34.48613],[-119.17002,34.4864],[-119.16965,34.48642],[-119.16946,34.48654],[-119.16903,34.48739],[-119.169,34.48838],[-119.16915,34.48866],[-119.16827,34.48886],[-119.16776,34.4895],[-119.16741,34.48937],[-119.16748,34.48894],[-119.16742,34.48838],[-119.16608,34.48809],[-119.16634,34.48781],[-119.16724,34.48754],[-119.16732,34.48739],[-119.16723,34.48682],[-119.16656,34.48678],[-119.16635,34.48668],[-119.16681,34.48597],[-119.16764,34.48541],[-119.16763,34.48526],[-119.16696,34.4847],[-119.16729,34.48399],[-119.16707,34.48388],[-119.16656,34.48394],[-119.16621,34.48381],[-119.1657,34.4839],[-119.16535,34.48386],[-119.16495,34.48371],[-119.16496,34.48357],[-119.16547,34.48314],[-119.1657,34.48262],[-119.16712,34.48201],[-119.16713,34.48187],[-119.1669,34.48149],[-119.1657,34.48145],[-119.16553,34.48097],[-119.1649,34.48088],[-119.1648,34.48074],[-119.16493,34.48017],[-119.16484,34.4796],[-119.16455,34.47932],[-119.1645,34.47915],[-119.16432,34.479],[-119.1638,34.4789],[-119.16312,34.47858],[-119.16294,34.47861],[-119.16278,34.47877],[-119.1626,34.47975],[-119.16244,34.47988],[-119.16209,34.47976],[-119.16192,34.47986],[-119.16174,34.48003],[-119.16162,34.48045],[-119.161,34.48102],[-119.16066,34.48116],[-119.1602,34.48186],[-119.16007,34.48173],[-119.16003,34.48074]]}},{"type":"Feature","properties":{"m":880,"index":0},"geometry":{"type":"LineString","coordinates":[[-119.16002,34.47536],[-119.16055,34.47516],[-119.16134,34.47508],[-119.16226,34.47449],[-119.16278,34.47445],[-119.16347,34.47425],[-119.16381,34.47398],[-119.16484,34.47371],[-119.16505,34.47352],[-119.16505,34.47338],[-119.1649,34.47324],[-119.16393,34.47281],[-119.16329,34.47265],[-119.16273,34.47225],[-119.16253,34.47182],[-119.16251,34.4714],[-119.16223,34.47097],[-119.16209,34.47049],[-119.16175,34.47042],[-119.16141,34.47053],[-119.16038,34.47183],[-119.1602,34.47183],[-119.16003,34.47167]]}},{"type":"Feature","properties":{"m":920,"index":0},"geometry":{"type":"LineString","coordinates":[[-119.33993,34.47342],[-119.33942,34.47336],[-119.33931,34.47409],[-119.33908,34.47424],[-119.33856,34.47429],[-119.33845,34.47437],[-119.33839,34.47468],[-119.33822,34.47478],[-119.3368,34.47522],[-119.33684,34.47564],[-119.33772,34.47578],[-119.33775,34.47593],[-119.33753,34.47617],[-119.33712,34.47635],[-119.33698,34.47663],[-119.33633,34.47668],[-119.33599,34.47659],[-119.33581,34.47673],[-119.33513,34.47683],[-119.33478,34.47653],[-119.3341,34.47629],[-119.33375,34.4767],[-119.33358,34.47674],[-119.33324,34.47668],[-119.33221,34.47676],[-119.33171,34.47663],[-119.33135,34.47641],[-119.32929,34.47652],[-119.32895,34.47596],[-119.32843,34.47585],[-119.32828,34.47593],[-119.32856,34.47649],[-119.32831,34.47692],[-119.32757,34.47713],[-119.3274,34.47727],[-119.32578,34.47762],[-119.32549,34.47776],[-119.32672,34.4781],[-119.32755,34.47847],[-119.32826,34.47928],[-119.32855,34.47918],[-119.32887,34.47861],[-119.32929,34.47842],[-119.32981,34.4784],[-119.33066,34.47817],[-119.33152,34.4783],[-119.33169,34.4786],[-119.33239,34.4789],[-119.33255,34.47945],[-119.33332,34.47975],[-119.33328,34.48045],[-119.33338,34.48088],[-119.33358,34.48103],[-119.33478,34.48098],[-119.33547,34.4805],[-119.33667,34.48071],[-119.33702,34.48111],[-119.33753,34.48121],[-119.33797,34.48102],[-119.33839,34.48101],[-119.33873,34.48089],[-119.3389,34.48047],[-119.33925,34.48039],[-119.33959,34.48],[-119.33976,34.48001],[-119.33994,34.48017]]}},{"type":"Feature","properties":{"m":920,"index":0},"geometry":{"type":"LineString","coordinates":[[-119.33993,34.5241],[-119.33925,34.52411],[-119.33864,34.52473],[-119.33829,34.52487],[-119.33821,34.52502],[-119.33816,34.52586],[-119.33833,34.52601],[-119.33908,34.52628],[-119.33923,34.52643],[-119.33901,34.52714],[-119.33906,34.52728],[-119.33955,34.52756],[-119.33954,34.52798],[-119.33908,34.52821],[-119.33873,34.52814],[-119.33737,34.52827],[-119.33739,34.52841],[-119.33782,34.52883],[-119.33788,34.52912],[-119.33808,34.5294],[-119.33803,34.52954],[-119.33828,34.52982],[-119.33805,34.53]]}},{"type":"Feature","properties":{"m":920,"index":0},"geometry":{"type":"LineString","coordinates":[[-119.33007,34.52996],[-119.33049,34.52937],[-119.33131,34.52912],[-119.33117,34.52897],[-119.32912,34.52879],[-119.32843,34.52883],[-119.32817,34.52827],[-119.32823,34.52798],[-119.3274,34.52744],[-119.32689,34.52748],[-119.32637,34.52777],[-119.32603,34.5277],[-119.32706,34.5267],[-119.32809,34.52672],[-119.32843,34.52661],[-119.33022,34.52643],[-119.33084,34.5263],[-119.33148,34.52601],[-119.33032,34.52509],[-119.32963,34.52474],[-119.32895,34.52455],[-119.32881,34.52445],[-119.32878,34.52414],[-119.32846,34.52388],[-119.32826,34.52351],[-119.32792,34.52355],[-119.32786,34.52346],[-119.32792,34.52302],[-119.32826,34.52295],[-119.32895,34.52303],[-119.32946,34.52294],[-119.32998,34.52277],[-119.33074,34.52219],[-119.33061,34.52176],[-119.32981,34.52149],[-119.32965,34.52134],[-119.32935,34.52077],[-119.32937,34.52063],[-119.32998,34.5204],[-119.33015,34.51998],[-119.33084,34.5202],[-119.33169,34.51999],[-119.33238,34.51998],[-119.33272,34.51984],[-119.33329,34.51936],[-119.33337,34.51907],[-119.33318,34.51879],[-119.33271,34.51851],[-119.33219,34.51851],[-119.33208,34.51837],[-119.33249,34.5178],[-119.33221,34.51709],[-119.33238,34.51706],[-119.33358,34.51759],[-119.33444,34.51758],[-119.33478,34.51749],[-119.3353,34.51707],[-119.33564,34.5173],[-119.33719,34.517],[-119.33744,34.51709],[-119.3377,34.51749],[-119.33787,34.5175],[-119.33873,34.5174],[-119.3389,34.51724],[-119.33993,34.51687]]}},{"type":"Feature","properties":{"m":920,"index":0},"geometry":{"type":"LineString","coordinates":[[-119.33993,34.51027],[-119.33908,34.5098],[-119.3389,34.50979],[-119.3377,34.51029],[-119.33684,34.51115],[-119.3353,34.51149],[-119.33461,34.51196],[-119.33326,34.51243],[-119.33272,34.51246],[-119.33238,34.51228],[-119.33204,34.51227],[-119.33066,34.51271],[-119.33032,34.51263],[-119.32998,34.51285],[-119.32963,34.51286],[-119.32895,34.51317],[-119.32843,34.51309],[-119.32775,34.51323],[-119.3274,34.51345],[-119.3272,34.51285],[-119.32725,34.51271],[-119.32843,34.51179],[-119.32882,34.51101],[-119.32885,34.51045],[-119.32857,34.51016],[-119.32832,34.50917],[-119.32832,34.50875],[-119.32804,34.50818],[-119.3274,34.50777],[-119.32689,34.5076],[-119.32637,34.50757],[-119.32475,34.50847],[-119.32329,34.50903],[-119.32294,34.50928],[-119.32277,34.50927],[-119.32242,34.50909],[-119.32199,34.50903],[-119.3221,34.50818],[-119.32175,34.50762],[-119.32137,34.50733],[-119.32088,34.50718],[-119.31985,34.50722],[-119.31899,34.50654],[-119.31865,34.50641],[-119.31848,34.50618],[-119.31775,34.50606],[-119.31745,34.50557],[-119.3171,34.5056],[-119.31624,34.5063],[-119.31556,34.50631],[-119.31493,34.50649],[-119.3147,34.50738],[-119.31453,34.50749],[-119.31418,34.50742],[-119.31387,34.50762],[-119.31341,34.50875],[-119.31353,34.50917],[-119.31411,34.5096],[-119.31437,34.51002],[-119.31474,34.51031],[-119.31479,34.51045],[-119.31459,34.51073],[-119.31442,34.5113],[-119.31449,34.51158],[-119.31581,34.51186],[-119.31554,34.51214],[-119.31558,34.51229],[-119.31605,34.51271],[-119.3159,34.51279],[-119.31521,34.51281],[-119.3147,34.51265],[-119.31418,34.51288],[-119.31367,34.51287],[-119.3135,34.51298],[-119.31333,34.51342],[-119.31341,34.51469],[-119.31308,34.51497],[-119.31247,34.51609],[-119.31195,34.51648],[-119.31161,34.51689],[-119.31086,34.51738],[-119.31024,34.5175],[-119.30903,34.5174],[-119.3088,34.51752],[-119.3088,34.5178],[-119.30866,34.51794],[-119.30818,34.51811],[-119.30783,34.51808],[-119.3068,34.5183],[-119.3062,34.51879],[-119.30603,34.51922],[-119.3056,34.51941],[-119.30491,34.51856],[-119.30493,34.5178],[-119.30484,34.51752],[-119.30457,34.51734],[-119.30442,34.51695],[-119.30427,34.51681],[-119.30354,34.51636],[-119.30324,34.51667],[-119.30292,34.51738],[-119.30268,34.51764],[-119.30217,34.5176],[-119.30165,34.51781],[-119.30062,34.51763],[-119.29976,34.51807],[-119.29925,34.51795],[-119.29891,34.5176],[-119.29856,34.5175],[-119.29753,34.51762],[-119.29719,34.51789],[-119.29685,34.51793],[-119.29513,34.5179],[-119.2941,34.51731],[-119.29334,34.51752],[-119.29318,34.51766],[-119.29325,34.51794],[-119.29318,34.51865],[-119.29329,34.51893],[-119.29392,34.5195],[-119.29401,34.51992],[-119.29393,34.52004],[-119.29358,34.52005],[-119.2929,34.51973],[-119.29187,34.51992],[-119.29067,34.51981],[-119.29053,34.52006],[-119.29044,34.52105],[-119.2906,34.5219],[-119.29049,34.52209],[-119.28998,34.52238],[-119.28964,34.52227],[-119.28946,34.52232],[-119.28906,34.52275],[-119.28843,34.52296],[-119.28809,34.52318],[-119.28741,34.52314],[-119.28689,34.52322],[-119.28607,34.52403],[-119.28535,34.52415],[-119.28509,34.52431],[-119.28505,34.52459],[-119.28522,34.52516],[-119.28449,34.52515],[-119.28375,34.5253],[-119.28416,34.52629],[-119.28424,34.52671],[-119.28462,34.52742],[-119.28432,34.52749],[-119.2826,34.52742],[-119.28243,34.52751],[-119.28246,34.52827],[-119.28207,34.52912],[-119.28211,34.52926],[-119.28289,34.52968],[-119.28319,34.52996]]}},{"type":"Feature","properties":{"m":920,"index":0},"geometry":{"type":"LineString","coordinates":[[-119.28002,34.53],[-119.27951,34.52919],[-119.27899,34.52899],[-119.27882,34.52874],[-119.27865,34.52869],[-119.2786,34.52813],[-119.27829,34.52742],[-119.27779,34.52708],[-119.27745,34.52701],[-119.27693,34.52713],[-119.27612,34.52756],[-119.27573,34.52796],[-119.27554,34.52869],[-119.27556,34.5299],[-119.27539,34.52985],[-119.27479,34.52897],[-119.27436,34.52887],[-119.27392,34.52897],[-119.27437,34.52954],[-119.27449,34.52996]]}},{"type":"Feature","properties":{"m":920,"index":0},"geometry":{"type":"LineString","coordinates":[[-119.25616,34.52997],[-119.25685,34.52964],[-119.25737,34.52883],[-119.25565,34.52862],[-119.25512,34.52869],[-119.25445,34.52892],[-119.25427,34.52889],[-119.25376,34.52854],[-119.25204,34.52848],[-119.25197,34.52827],[-119.25285,34.52714],[-119.25273,34.52705],[-119.25221,34.52712],[-119.25187,34.5274],[-119.25165,34.52827],[-119.25118,34.5288],[-119.25067,34.52877],[-119.25033,34.52899],[-119.24964,34.52901],[-119.24895,34.52926],[-119.24861,34.52919],[-119.24827,34.52929],[-119.24792,34.52927],[-119.24765,34.52897],[-119.24792,34.52869],[-119.24789,34.52841],[-119.24813,34.52813],[-119.24807,34.5277],[-119.24844,34.52755],[-119.24866,34.52714],[-119.24861,34.52703],[-119.24824,34.52685],[-119.24844,34.52637],[-119.24827,34.52609],[-119.24672,34.52629],[-119.24641,34.52643],[-119.2464,34.52671],[-119.2466,34.52728],[-119.24607,34.52756],[-119.24603,34.52771],[-119.24619,34.52798],[-119.24621,34.52842],[-119.24595,34.52883],[-119.24535,34.52905],[-119.245,34.52886],[-119.24465,34.52883],[-119.24432,34.52925],[-119.2438,34.52905],[-119.24329,34.52907],[-119.24294,34.52921],[-119.2428,34.52912],[-119.24291,34.52883],[-119.24339,34.52827],[-119.24356,34.5277],[-119.24346,34.52744],[-119.24329,34.52736],[-119.24243,34.52784],[-119.24226,34.52838],[-119.24191,34.52821],[-119.24157,34.52785],[-119.24037,34.5278],[-119.23985,34.52804],[-119.23963,34.52855],[-119.23951,34.52861],[-119.23918,34.52813],[-119.23919,34.52756],[-119.23848,34.52736],[-119.23797,34.52755],[-119.23676,34.52737],[-119.23625,34.52761],[-119.23608,34.5276],[-119.23573,34.52729],[-119.23539,34.52727],[-119.23402,34.52746],[-119.23368,34.52776],[-119.2335,34.52775],[-119.23348,34.52756],[-119.23368,34.52728],[-119.2345,34.52685],[-119.23573,34.52649],[-119.23608,34.52624],[-119.23779,34.52565],[-119.23826,34.52502],[-119.23865,34.52427],[-119.23882,34.52413],[-119.23903,34.52445],[-119.23934,34.5247],[-119.23968,34.52483],[-119.24003,34.52483],[-119.24037,34.52465],[-119.24071,34.5247],[-119.24084,34.52459],[-119.24097,34.52417],[-119.24132,34.52374],[-119.24108,34.52318],[-119.2414,34.52323],[-119.24209,34.52354],[-119.24277,34.5235],[-119.24293,34.52332],[-119.24297,34.52304],[-119.24282,34.52261],[-119.2426,34.52244],[-119.24191,34.52244],[-119.24148,34.52204],[-119.24147,34.5219],[-119.2426,34.52158],[-119.24294,34.52123],[-119.24312,34.52121],[-119.24346,34.52153],[-119.2438,34.52165],[-119.24432,34.52158],[-119.24483,34.52122],[-119.245,34.52122],[-119.24552,34.52176],[-119.24586,34.52192],[-119.24638,34.52132],[-119.24775,34.52101],[-119.24935,34.52049],[-119.24953,34.52021],[-119.24947,34.51975],[-119.2505,34.51973],[-119.25119,34.51936],[-119.25158,34.51893],[-119.25221,34.51897],[-119.25256,34.51889],[-119.2527,34.51879],[-119.25272,34.51865],[-119.25244,34.51808],[-119.25279,34.51752],[-119.25333,34.51709],[-119.25378,34.51639],[-119.25388,34.51568],[-119.25369,34.5154],[-119.25342,34.51527],[-119.25273,34.51528],[-119.25204,34.51553],[-119.25118,34.51539],[-119.24998,34.51485],[-119.24912,34.515],[-119.24865,34.51483],[-119.24883,34.51398],[-119.24868,34.51342],[-119.24827,34.51316],[-119.24775,34.51335],[-119.24741,34.51301],[-119.24706,34.51333],[-119.24689,34.51334],[-119.24655,34.51311],[-119.24608,34.51313],[-119.24621,34.51384],[-119.24603,34.51395],[-119.245,34.51384],[-119.24453,34.51398],[-119.24426,34.51441],[-119.24395,34.51469],[-119.24399,34.51483],[-119.24441,34.51511],[-119.24416,34.51526],[-119.24363,34.51529],[-119.24329,34.51543],[-119.24277,34.51601],[-119.2426,34.51548],[-119.24209,34.51543],[-119.24186,34.51526],[-119.24238,34.51511],[-119.24258,34.51483],[-119.24259,34.51412],[-119.24212,34.5137],[-119.24214,34.51356],[-119.24262,34.51328],[-119.24284,34.51285],[-119.2429,34.51243],[-119.24225,34.51186],[-119.24243,34.51164],[-119.24329,34.5113],[-119.24332,34.51115],[-119.24312,34.5109],[-119.2426,34.51092],[-119.24157,34.51139],[-119.24106,34.51127],[-119.24088,34.51132],[-119.24054,34.51162],[-119.23985,34.51194],[-119.239,34.51207],[-119.23807,34.51257],[-119.23774,34.51257],[-119.23779,34.51237],[-119.23834,34.51186],[-119.23985,34.51088],[-119.24015,34.51059],[-119.24037,34.51007],[-119.24106,34.50989],[-119.24144,34.5096],[-119.24145,34.50917],[-119.24107,34.50875],[-119.24123,34.50849],[-119.2414,34.50864],[-119.24174,34.50863],[-119.24209,34.50891],[-119.24277,34.50918],[-119.24329,34.50885],[-119.24363,34.50901],[-119.24432,34.50875],[-119.24483,34.50911],[-119.24518,34.50922],[-119.24521,34.50861],[-119.24546,34.50818],[-119.24535,34.50761],[-119.24552,34.5076],[-119.24617,34.50804],[-119.24655,34.50865],[-119.24706,34.50908],[-119.24741,34.50923],[-119.24787,34.50917],[-119.24861,34.50778],[-119.24947,34.50758],[-119.2506,34.50663],[-119.2506,34.50592],[-119.2508,34.50564],[-119.25085,34.50535],[-119.25121,34.50493],[-119.25067,34.50427],[-119.25002,34.5038],[-119.25033,34.50362],[-119.25136,34.50375],[-119.2517,34.50403],[-119.25263,34.50451],[-119.25268,34.50465],[-119.25253,34.50507],[-119.25295,34.5055],[-119.25324,34.50624],[-119.25342,34.5064],[-119.25376,34.50649],[-119.25412,34.50691],[-119.25418,34.50776],[-119.25427,34.50791],[-119.25462,34.5081],[-119.25531,34.50818],[-119.25651,34.50851],[-119.25719,34.50837],[-119.25754,34.50818],[-119.25822,34.50813],[-119.25874,34.50834],[-119.2596,34.50829],[-119.2608,34.50858],[-119.26148,34.50853],[-119.262,34.50833],[-119.26303,34.50845],[-119.26389,34.50835],[-119.26372,34.50805],[-119.26354,34.508],[-119.26269,34.50808],[-119.262,34.50832],[-119.2608,34.50822],[-119.26045,34.50811],[-119.26019,34.5079],[-119.26006,34.50762],[-119.26005,34.50733],[-119.26028,34.507],[-119.26045,34.50697],[-119.26058,34.50748],[-119.2608,34.50761],[-119.26148,34.50756],[-119.26175,34.50733],[-119.262,34.5069],[-119.26242,34.50663],[-119.26251,34.50631],[-119.2632,34.50634],[-119.26372,34.50616],[-119.26457,34.50611],[-119.26543,34.50583],[-119.26578,34.50621],[-119.26612,34.50633],[-119.26835,34.50553],[-119.26878,34.50521],[-119.26784,34.50457],[-119.26629,34.50409],[-119.26526,34.50344],[-119.26475,34.50341],[-119.26406,34.50287],[-119.26372,34.50273],[-119.2632,34.50267],[-119.26269,34.50285],[-119.26234,34.50265],[-119.26166,34.5029],[-119.26143,34.50267],[-119.26143,34.50238],[-119.26131,34.50228],[-119.26097,34.5024],[-119.26028,34.50191],[-119.25977,34.50182],[-119.261,34.50125],[-119.2604,34.50097],[-119.26034,34.50083],[-119.2606,34.50054],[-119.26114,34.5006],[-119.26183,34.50048],[-119.26234,34.50062],[-119.26286,34.50064],[-119.2632,34.50056],[-119.26337,34.50022],[-119.26423,34.50049],[-119.26492,34.50053],[-119.26526,34.50037],[-119.2656,34.49996],[-119.26646,34.49948],[-119.26674,34.49913],[-119.26749,34.49858],[-119.26769,34.49899],[-119.26818,34.49921],[-119.26849,34.49899],[-119.26875,34.49856],[-119.26887,34.49851],[-119.26934,34.49913],[-119.26973,34.49998],[-119.2699,34.50007],[-119.27019,34.49998],[-119.27093,34.49929],[-119.27144,34.49928],[-119.27196,34.4989],[-119.2723,34.49892],[-119.27281,34.49929],[-119.27299,34.49926],[-119.27367,34.49881],[-119.2759,34.49871],[-119.27583,34.49842],[-119.27528,34.49786],[-119.27539,34.49778],[-119.27608,34.49779],[-119.27676,34.49768],[-119.27693,34.4976],[-119.27696,34.49743],[-119.27556,34.49615],[-119.275,34.49588],[-119.27478,34.49545],[-119.27487,34.49536],[-119.27556,34.49537],[-119.27679,34.49517],[-119.27693,34.49497],[-119.27812,34.49418],[-119.27899,34.4932],[-119.27917,34.49312],[-119.27968,34.49339],[-119.28037,34.49307],[-119.28105,34.49326],[-119.28208,34.49272],[-119.28243,34.49265],[-119.28277,34.4922],[-119.2826,34.49189],[-119.28208,34.4918],[-119.2814,34.49183],[-119.28088,34.49169],[-119.28028,34.49121],[-119.2802,34.49104],[-119.28002,34.49097],[-119.27865,34.49156],[-119.27846,34.49121],[-119.27837,34.4905],[-119.27795,34.49007],[-119.27762,34.48993],[-119.27744,34.48993],[-119.27711,34.49012],[-119.27646,34.49022],[-119.27625,34.49119],[-119.27556,34.49071],[-119.27533,34.49078],[-119.27494,34.49121],[-119.27488,34.49149],[-119.27453,34.49185],[-119.27436,34.49181],[-119.27407,34.49163],[-119.27433,34.49135],[-119.27436,34.49092],[-119.27479,34.48993],[-119.27508,34.48951],[-119.27505,34.48923],[-119.27419,34.48917],[-119.27281,34.48982],[-119.27266,34.48979],[-119.27255,34.48965],[-119.27238,34.48894],[-119.27229,34.4888],[-119.27198,34.48866],[-119.27198,34.48824],[-119.27211,34.48781],[-119.27197,34.48696],[-119.27183,34.48682],[-119.2711,34.48689],[-119.27031,34.48725],[-119.27007,34.48726],[-119.26972,34.48712],[-119.26921,34.48707],[-119.26887,34.48675],[-119.26836,34.48654],[-119.26801,34.48625],[-119.26784,34.48624],[-119.26732,34.48659],[-119.26646,34.48751],[-119.26644,34.48767],[-119.26681,34.48793],[-119.26818,34.48851],[-119.26867,34.48894],[-119.26894,34.48937],[-119.26887,34.48962],[-119.26842,34.48979],[-119.26836,34.48993],[-119.26847,34.49036],[-119.26821,34.49092],[-119.26835,34.49135],[-119.26881,34.49177],[-119.26876,34.4922],[-119.26852,34.49243],[-119.26835,34.49234],[-119.26838,34.49206],[-119.26818,34.49194],[-119.26784,34.49194],[-119.26699,34.49163],[-119.26663,34.49167],[-119.26629,34.49214],[-119.26612,34.49206],[-119.26595,34.49163],[-119.26595,34.49108],[-119.2656,34.49127],[-119.26475,34.49213],[-119.26457,34.49203],[-119.26451,34.49177],[-119.26473,34.49121],[-119.26475,34.49045],[-119.26457,34.49042],[-119.26372,34.49072],[-119.26354,34.49061],[-119.26326,34.48979],[-119.26303,34.48964],[-119.26269,34.48962],[-119.26234,34.48971],[-119.26183,34.49015],[-119.26171,34.49064],[-119.26114,34.49091],[-119.26095,34.49121],[-119.26065,34.49135],[-119.26045,34.49185],[-119.26009,34.49135],[-119.26009,34.49107],[-119.26025,34.49064],[-119.26022,34.49022],[-119.26011,34.49003],[-119.25874,34.49092],[-119.25839,34.49098],[-119.25805,34.49137],[-119.25771,34.49137],[-119.25736,34.4916],[-119.25719,34.49185],[-119.25702,34.4918],[-119.25705,34.49107],[-119.25726,34.49064],[-119.25723,34.49022],[-119.25813,34.48965],[-119.25833,34.48923],[-119.25878,34.48894],[-119.25879,34.48866],[-119.25902,34.48824],[-119.25859,34.48795],[-119.25854,34.48781],[-119.25869,34.48753],[-119.25891,34.48732],[-119.2596,34.48736],[-119.26137,34.48668],[-119.26082,34.48597],[-119.2608,34.48553],[-119.26048,34.48526],[-119.26044,34.48484],[-119.26011,34.4846],[-119.25908,34.48431],[-119.25878,34.48413],[-119.25874,34.48361],[-119.25826,34.48314],[-119.25815,34.48258],[-119.25788,34.48248],[-119.25736,34.48255],[-119.25702,34.48272],[-119.25668,34.483],[-119.25629,34.48357],[-119.25565,34.48374],[-119.25536,34.48413],[-119.25537,34.48442],[-119.255,34.48484],[-119.25405,34.48512],[-119.25332,34.48555],[-119.25341,34.48569],[-119.25384,34.48583],[-119.2546,34.4864],[-119.25469,34.48668],[-119.25462,34.48683],[-119.25445,34.48692],[-119.25393,34.48656],[-119.25324,34.4864],[-119.25256,34.48638],[-119.25239,34.48698],[-119.25204,34.48685],[-119.25102,34.48739],[-119.25093,34.4871],[-119.251,34.48668],[-119.25084,34.48659],[-119.24998,34.48663],[-119.24964,34.4865],[-119.24861,34.48636],[-119.24805,34.48654],[-119.24733,34.48654],[-119.24716,34.4864],[-119.24827,34.48581],[-119.2493,34.48589],[-119.25066,34.48569],[-119.25146,34.48541],[-119.25165,34.48526],[-119.25166,34.48512],[-119.2512,34.48456],[-119.2505,34.48429],[-119.25025,34.48385],[-119.24988,34.48357],[-119.2498,34.48342],[-119.2499,34.483],[-119.24954,34.48258],[-119.24947,34.48227],[-119.24878,34.48189],[-119.24827,34.48204],[-119.24799,34.48201],[-119.24741,34.48162],[-119.24724,34.48162],[-119.24655,34.48198],[-119.24518,34.48247],[-119.2438,34.48263],[-119.24277,34.48255],[-119.24224,34.48201],[-119.24189,34.4813],[-119.24106,34.48086],[-119.2402,34.48089],[-119.23985,34.48119],[-119.23934,34.48133],[-119.239,34.48159],[-119.23884,34.48187],[-119.23865,34.48193],[-119.23831,34.48185],[-119.23797,34.48217],[-119.23762,34.48233],[-119.23728,34.48222],[-119.23642,34.48218],[-119.23591,34.48202],[-119.23522,34.48149],[-119.23488,34.48143],[-119.23436,34.48171],[-119.23394,34.48215],[-119.23397,34.48258],[-119.23376,34.483],[-119.23375,34.48342],[-119.23282,34.48379],[-119.23274,34.48399],[-119.23286,34.48413],[-119.23247,34.48428],[-119.23093,34.4839],[-119.23059,34.48395],[-119.23024,34.48375],[-119.22904,34.48402],[-119.22853,34.48423],[-119.22801,34.48414],[-119.2275,34.48424],[-119.22679,34.48371],[-119.22647,34.48311],[-119.22595,34.48289],[-119.22544,34.48296],[-119.22475,34.48309],[-119.22458,34.4832],[-119.22447,34.48399],[-119.22395,34.48484],[-119.22355,34.48512],[-119.22303,34.4858],[-119.22253,34.48625],[-119.2225,34.4864],[-119.22303,34.48641],[-119.22423,34.48591],[-119.22544,34.48568],[-119.22571,34.48668],[-119.22595,34.48705],[-119.22664,34.48706],[-119.22715,34.48751],[-119.22732,34.48754],[-119.22801,34.48748],[-119.22853,34.4872],[-119.22887,34.48738],[-119.22939,34.48824],[-119.22904,34.48894],[-119.2286,34.48923],[-119.22863,34.48937],[-119.22958,34.48993],[-119.22975,34.49007],[-119.22975,34.49022],[-119.22887,34.49045],[-119.22807,34.49078],[-119.22793,34.49107],[-119.2285,34.49149],[-119.2285,34.49163],[-119.22818,34.49183],[-119.22765,34.49191],[-119.2272,34.49234],[-119.22849,34.49347],[-119.22887,34.49396],[-119.2299,34.49438],[-119.23156,34.4946],[-119.23155,34.49474],[-119.23006,34.49545],[-119.23091,34.49573],[-119.231,34.49588],[-119.23024,34.49625],[-119.2299,34.49619],[-119.22921,34.49647],[-119.2287,34.49649],[-119.22784,34.496],[-119.22767,34.49595],[-119.22732,34.49605],[-119.22698,34.49579],[-119.22647,34.49583],[-119.2258,34.49573],[-119.22564,34.49588],[-119.22591,34.4963],[-119.22589,34.49644],[-119.2256,34.49658],[-119.22535,34.49701],[-119.22579,34.49743],[-119.22582,34.49757],[-119.22566,34.49771],[-119.22519,34.49786],[-119.22519,34.498],[-119.22547,34.49871],[-119.22568,34.49899],[-119.22666,34.49955],[-119.22674,34.49998],[-119.22638,34.50026],[-119.22647,34.50073],[-119.22613,34.50069],[-119.22544,34.50012],[-119.22475,34.50008],[-119.22441,34.49983],[-119.22406,34.49978],[-119.22365,34.49927],[-119.22338,34.4991],[-119.2232,34.49911],[-119.22252,34.4998],[-119.22211,34.49927],[-119.222,34.49883],[-119.22183,34.4987],[-119.22114,34.49919],[-119.22063,34.49897],[-119.22011,34.49895],[-119.22011,34.4987],[-119.22054,34.49842],[-119.22048,34.49786],[-119.22056,34.49771],[-119.22106,34.49743],[-119.22098,34.49701],[-119.22063,34.49684],[-119.22022,34.49644],[-119.22011,34.49589],[-119.21943,34.49608],[-119.21874,34.49553],[-119.21857,34.49521],[-119.21823,34.49495],[-119.21754,34.49475],[-119.21722,34.49503],[-119.2171,34.49531],[-119.21732,34.49573],[-119.21733,34.49602],[-119.21761,34.49644],[-119.21742,34.49757],[-119.2172,34.49764],[-119.21668,34.49754],[-119.21634,34.49763],[-119.21548,34.49746],[-119.21445,34.49768],[-119.21435,34.49786],[-119.21451,34.49856],[-119.21545,34.49927],[-119.21564,34.4997],[-119.21523,34.50054],[-119.21546,34.50125],[-119.21531,34.50129],[-119.21441,34.50069],[-119.21411,34.50023],[-119.21386,34.50026],[-119.21359,34.50087],[-119.21308,34.50056],[-119.21239,34.50045],[-119.21223,34.50026],[-119.21219,34.49998],[-119.21171,34.49955],[-119.21084,34.49943],[-119.21033,34.49956],[-119.21009,34.49941],[-119.21012,34.49913],[-119.2099,34.49842],[-119.21034,34.49814],[-119.21047,34.498],[-119.21046,34.49786],[-119.20969,34.49729],[-119.21015,34.49658],[-119.2093,34.49607],[-119.20894,34.49573],[-119.20891,34.49517],[-119.20854,34.49474],[-119.20846,34.4939],[-119.20864,34.49333],[-119.20861,34.49315],[-119.20799,34.4939],[-119.20796,34.49432],[-119.20764,34.49489],[-119.20762,34.49503],[-119.20791,34.49559],[-119.20776,34.4963],[-119.20728,34.49701],[-119.20719,34.49743],[-119.20707,34.49758],[-119.20658,34.49771],[-119.20638,34.49786],[-119.20664,34.49828],[-119.2066,34.49842],[-119.20576,34.49955],[-119.2062,34.49998],[-119.20623,34.50026],[-119.20715,34.50083],[-119.20649,34.50168],[-119.20672,34.50215],[-119.20706,34.50238],[-119.20708,34.50309],[-119.20743,34.50352],[-119.20702,34.50366],[-119.20685,34.50394],[-119.20694,34.50422],[-119.20731,34.50451],[-119.20704,34.50479],[-119.20782,34.50606],[-119.20724,34.50592],[-119.20655,34.50546],[-119.20638,34.50545],[-119.20604,34.50583],[-119.20563,34.50493],[-119.20535,34.5047],[-119.20518,34.50469],[-119.20466,34.50498],[-119.20432,34.50494],[-119.20459,34.50422],[-119.20457,34.5038],[-119.20449,34.50367],[-119.20398,34.50344],[-119.20375,34.50295],[-119.20332,34.50238],[-119.20295,34.50227],[-119.20209,34.50271],[-119.20178,34.50267],[-119.20106,34.50219],[-119.20072,34.50175],[-119.2002,34.50148],[-119.2001,34.50125],[-119.20018,34.50083],[-119.19986,34.50046],[-119.19969,34.50045],[-119.19924,34.50069],[-119.19957,34.50111],[-119.1997,34.50168],[-119.20004,34.50224],[-119.20023,34.50323],[-119.19993,34.50366],[-119.2001,34.50394],[-119.20008,34.50408],[-119.19968,34.50479],[-119.19989,34.50535],[-119.19934,34.50549],[-119.19848,34.50551],[-119.19815,34.50564],[-119.19795,34.50592],[-119.19786,34.50634],[-119.19728,34.50632],[-119.19682,34.50663],[-119.1967,34.50705],[-119.19677,34.50764],[-119.19625,34.50738],[-119.19576,34.50776],[-119.19539,34.50788],[-119.19508,34.50776],[-119.19554,34.50719],[-119.19545,34.50634],[-119.19558,34.50521],[-119.19612,34.50479],[-119.1967,34.50408],[-119.19672,34.50394],[-119.19608,34.50365],[-119.19551,34.50309],[-119.19505,34.50297],[-119.19436,34.50314],[-119.19368,34.50315],[-119.19355,34.50323],[-119.19363,34.50352],[-119.19351,34.50399],[-119.19333,34.50414],[-119.19299,34.50362],[-119.19213,34.50354],[-119.19198,34.50309],[-119.19149,34.50295],[-119.19145,34.50281],[-119.19166,34.50224],[-119.19162,34.50208],[-119.19007,34.50096],[-119.18955,34.50153],[-119.18945,34.5021],[-119.18904,34.50267],[-119.18853,34.50248],[-119.18784,34.50243],[-119.18671,34.50295],[-119.1863,34.50328],[-119.18578,34.50347],[-119.18543,34.50352],[-119.1854,34.50337],[-119.18583,34.50224],[-119.18544,34.50218],[-119.18492,34.50228],[-119.18432,34.50196],[-119.18515,34.50153],[-119.18612,34.5007],[-119.18677,34.5004],[-119.18678,34.49998],[-119.18667,34.4997],[-119.18626,34.49927],[-119.18612,34.49864],[-119.18475,34.49771],[-119.18326,34.4963],[-119.18355,34.49605],[-119.18424,34.49583],[-119.18561,34.49492],[-119.1875,34.49407],[-119.1881,34.4939],[-119.18831,34.49375],[-119.18833,34.49361],[-119.18793,34.49305],[-119.18768,34.4922],[-119.1875,34.49219],[-119.18681,34.49262],[-119.18544,34.49311],[-119.18473,34.4939],[-119.18413,34.49432],[-119.18389,34.49435],[-119.18355,34.49423],[-119.18286,34.49439],[-119.18254,34.49432],[-119.18318,34.49375],[-119.18376,34.49347],[-119.18378,34.49333],[-119.18356,34.49305],[-119.18331,34.49234],[-119.18334,34.49191],[-119.18348,34.49135],[-119.18408,34.49064],[-119.18252,34.49047],[-119.18183,34.4906],[-119.18149,34.49052],[-119.18143,34.49036],[-119.18164,34.48965],[-119.18226,34.48809],[-119.182,34.48796],[-119.18132,34.48785],[-119.18029,34.48864],[-119.17977,34.48882],[-119.17936,34.4888],[-119.17889,34.48838],[-119.17907,34.48795],[-119.17899,34.48767],[-119.17845,34.48739],[-119.17838,34.4871],[-119.17807,34.48682],[-119.17876,34.48625],[-119.17912,34.48555],[-119.17892,34.48529],[-119.1784,34.48499],[-119.17834,34.48484],[-119.17877,34.48427],[-119.17877,34.48385],[-119.17887,34.48371],[-119.17926,34.4835],[-119.18136,34.48314],[-119.17975,34.48187],[-119.17965,34.48159],[-119.17955,34.48017],[-119.17943,34.47985],[-119.17909,34.47977],[-119.17789,34.48],[-119.17727,34.48031],[-119.17671,34.48074],[-119.17634,34.48088],[-119.1766,34.48159],[-119.17705,34.48215],[-119.17703,34.48245],[-119.176,34.48283],[-119.17583,34.48317],[-119.17565,34.48321],[-119.1748,34.48296],[-119.17394,34.48309],[-119.17239,34.48521],[-119.17153,34.48526],[-119.17166,34.48597],[-119.17155,34.48654],[-119.17136,34.48669],[-119.17068,34.48666],[-119.17005,34.48682],[-119.16986,34.48696],[-119.16955,34.48753],[-119.16966,34.48852],[-119.16999,34.48912],[-119.16999,34.4894],[-119.1693,34.48917],[-119.16862,34.48932],[-119.16822,34.48965],[-119.1681,34.4902],[-119.16793,34.49018],[-119.16741,34.48982],[-119.16673,34.48997],[-119.16641,34.48979],[-119.16692,34.48937],[-119.16689,34.48923],[-119.1663,34.48866],[-119.1657,34.48861],[-119.16501,34.48887],[-119.16485,34.4888],[-119.16535,34.48794],[-119.16638,34.48725],[-119.16658,34.48725],[-119.1657,34.48711],[-119.1655,34.48696],[-119.16604,34.48593],[-119.1667,34.48526],[-119.16673,34.48512],[-119.16638,34.48456],[-119.1657,34.48448],[-119.16359,34.48371],[-119.16429,34.48314],[-119.16497,34.48187],[-119.16493,34.48144],[-119.16445,34.48116],[-119.16415,34.48063],[-119.16374,34.48045],[-119.16347,34.48009],[-119.16295,34.48011],[-119.16244,34.48071],[-119.16209,34.48073],[-119.16151,34.48116],[-119.16003,34.48263]]}},{"type":"Feature","properties":{"m":920,"index":0},"geometry":{"type":"LineString","coordinates":[[-119.16003,34.47466],[-119.16038,34.47455],[-119.16106,34.47459],[-119.16141,34.4745],[-119.16192,34.47406],[-119.16295,34.47383],[-119.16343,34.47338],[-119.16218,34.47239],[-119.16196,34.4714],[-119.16175,34.47116],[-119.1615,34.47126],[-119.16055,34.47232],[-119.16038,34.47238],[-119.16002,34.47225]]}},{"type":"Feature","properties":{"m":960,"index":0},"geometry":{"type":"LineString","coordinates":[[-119.18668,34.49319],[-119.18668,34.49319]]}},{"type":"Feature","properties":{"m":960,"index":0},"geometry":{"type":"LineString","coordinates":[[-119.33993,34.47391],[-119.33976,34.47401],[-119.33972,34.47423],[-119.33957,34.47437],[-119.33883,34.47465],[-119.33871,34.47493],[-119.33792,34.47536],[-119.33844,34.47564],[-119.33825,34.47593],[-119.33831,34.47621],[-119.33798,34.47663],[-119.33719,34.47717],[-119.33684,34.47709],[-119.33667,34.47719],[-119.33616,34.47712],[-119.33513,34.47724],[-119.33444,34.47708],[-119.3341,34.47736],[-119.33307,34.4775],[-119.33152,34.47724],[-119.32946,34.47707],[-119.32895,34.47714],[-119.32878,34.47728],[-119.32792,34.47753],[-119.32749,34.47776],[-119.32757,34.47791],[-119.32843,34.47833],[-119.32895,34.47798],[-119.33049,34.47763],[-119.33169,34.47788],[-119.33308,34.47861],[-119.33317,34.47876],[-119.33286,34.47904],[-119.33285,34.47918],[-119.33372,34.4796],[-119.33386,34.48031],[-119.33392,34.48045],[-119.3341,34.4805],[-119.33461,34.48052],[-119.3353,34.48019],[-119.33599,34.48016],[-119.33633,34.48036],[-119.33684,34.48043],[-119.33715,34.48074],[-119.33736,34.48082],[-119.33783,34.48059],[-119.33822,34.48058],[-119.33873,34.48015],[-119.33908,34.48002],[-119.33925,34.4797],[-119.33993,34.47952],[-119.33999,34.4796]]}},{"type":"Feature","properties":{"m":960,"index":0},"geometry":{"type":"LineString","coordinates":[[-119.33993,34.52454],[-119.3394,34.52459],[-119.3388,34.52516],[-119.33876,34.5253],[-119.33882,34.52558],[-119.33959,34.526],[-119.33971,34.52615],[-119.33967,34.52685],[-119.33993,34.52702]]}},{"type":"Feature","properties":{"m":960,"index":0},"geometry":{"type":"LineString","coordinates":[[-119.33993,34.52837],[-119.33925,34.52878],[-119.33849,34.52869],[-119.33849,34.52897],[-119.33873,34.52944],[-119.33908,34.52975],[-119.33912,34.52996]]}},{"type":"Feature","properties":{"m":960,"index":0},"geometry":{"type":"LineString","coordinates":[[-119.32868,34.52996],[-119.32946,34.52973],[-119.32963,34.5294],[-119.32809,34.52934],[-119.32795,34.52926],[-119.32764,34.52869],[-119.32706,34.52854],[-119.32683,34.52827],[-119.32586,34.52826],[-119.32534,34.52839],[-119.32524,34.52798],[-119.32503,34.52784],[-119.32363,34.52779],[-119.32329,34.5277],[-119.32345,34.52756],[-119.3238,34.5275],[-119.32431,34.52724],[-119.32517,34.52704],[-119.32551,34.52677],[-119.32586,34.52677],[-119.32654,34.52615],[-119.32723,34.52614],[-119.32826,34.52593],[-119.32963,34.52585],[-119.33015,34.52573],[-119.32981,34.5254],[-119.32842,34.52502],[-119.32829,34.52487],[-119.32824,34.52459],[-119.32775,34.5242],[-119.32723,34.52414],[-119.32634,34.52374],[-119.32624,34.5236],[-119.32637,34.52324],[-119.32706,34.52315],[-119.32792,34.52229],[-119.32878,34.52182],[-119.32898,34.52162],[-119.32904,34.52148],[-119.32895,34.52123],[-119.3281,34.52077],[-119.32805,34.52063],[-119.3282,34.52049],[-119.32833,34.52006],[-119.32935,34.51978],[-119.32942,34.5195],[-119.32916,34.51907],[-119.32981,34.51895],[-119.33049,34.51908],[-119.33049,34.51865],[-119.33101,34.51838],[-119.3313,34.51808],[-119.33135,34.51766],[-119.33118,34.51751],[-119.33066,34.51734],[-119.33053,34.51695],[-119.33036,34.51681],[-119.33033,34.51667],[-119.33049,34.51646],[-119.33152,34.51635],[-119.33172,34.51625],[-119.33187,34.51598],[-119.33272,34.51623],[-119.33528,34.51625],[-119.3357,34.5161],[-119.33599,34.51576],[-119.3365,34.51545],[-119.33663,34.51554],[-119.33667,34.51591],[-119.33684,34.51604],[-119.33702,34.51597],[-119.33736,34.51561],[-119.33787,34.51539],[-119.33856,34.5153],[-119.3389,34.51534],[-119.33959,34.5157],[-119.33993,34.51574]]}},{"type":"Feature","properties":{"m":960,"index":0},"geometry":{"type":"LineString","coordinates":[[-119.33995,34.51073],[-119.33925,34.51042],[-119.33873,34.51039],[-119.33759,34.51115],[-119.33736,34.51144],[-119.33599,34.51209],[-119.33427,34.51248],[-119.33324,34.51293],[-119.33222,34.51271],[-119.33169,34.51276],[-119.33135,34.51296],[-119.33084,34.51302],[-119.33067,34.51313],[-119.33032,34.51371],[-119.32963,34.51366],[-119.3286,34.51402],[-119.32757,34.51419],[-119.32672,34.5147],[-119.32663,34.51455],[-119.32671,34.51412],[-119.32626,34.51398],[-119.32632,34.5137],[-119.32661,34.51342],[-119.32661,34.51328],[-119.3262,34.51299],[-119.32654,34.51263],[-119.32717,34.51229],[-119.3281,34.51158],[-119.32854,34.51101],[-119.3285,34.51059],[-119.32817,34.51031],[-119.32794,34.50988],[-119.32772,34.50903],[-119.32713,34.50832],[-119.32689,34.50819],[-119.32654,34.50817],[-119.32551,34.50851],[-119.32453,34.50917],[-119.32348,34.5096],[-119.32294,34.51015],[-119.32242,34.50971],[-119.32233,34.50946],[-119.32157,34.5093],[-119.32143,34.50917],[-119.32151,34.50861],[-119.32122,34.50808],[-119.32088,34.50776],[-119.32054,34.50766],[-119.31968,34.50773],[-119.31932,34.50733],[-119.31865,34.50685],[-119.31848,34.50682],[-119.31813,34.50707],[-119.31707,34.50719],[-119.31662,34.50748],[-119.31642,34.5079],[-119.3159,34.50832],[-119.31556,34.50835],[-119.31504,34.50871],[-119.315,34.50889],[-119.31524,34.50932],[-119.31573,34.50956],[-119.3159,34.50974],[-119.31628,34.51073],[-119.31676,34.51098],[-119.31796,34.5113],[-119.31793,34.51144],[-119.31745,34.51194],[-119.3171,34.51197],[-119.31672,34.51243],[-119.31762,34.51355],[-119.31762,34.51391],[-119.31745,34.51395],[-119.3171,34.51367],[-119.3159,34.51328],[-119.3154,34.51356],[-119.31504,34.51393],[-119.31487,34.51396],[-119.31453,34.51379],[-119.31445,34.51384],[-119.31436,34.51412],[-119.31459,34.51469],[-119.31455,34.5154],[-119.31418,34.51581],[-119.31406,34.5161],[-119.31298,34.51695],[-119.31247,34.51771],[-119.31212,34.51778],[-119.31187,34.51808],[-119.31161,34.51822],[-119.31058,34.51834],[-119.30972,34.51823],[-119.30955,34.51827],[-119.30938,34.51874],[-119.30921,34.51874],[-119.30869,34.51846],[-119.30783,34.51891],[-119.30725,34.51893],[-119.30686,34.51922],[-119.30663,34.51971],[-119.30577,34.52007],[-119.3056,34.52005],[-119.30509,34.51951],[-119.30474,34.51936],[-119.3044,34.51882],[-119.30426,34.51794],[-119.30406,34.51772],[-119.30371,34.518],[-119.30337,34.51804],[-119.30318,34.51823],[-119.30268,34.51819],[-119.30234,34.51841],[-119.302,34.51827],[-119.30131,34.51834],[-119.30079,34.51857],[-119.29994,34.5187],[-119.29959,34.51867],[-119.29856,34.51833],[-119.29753,34.51854],[-119.29616,34.51839],[-119.29461,34.51837],[-119.29449,34.51851],[-119.29448,34.51879],[-119.29479,34.51918],[-119.29481,34.51978],[-119.29512,34.52006],[-119.29523,34.52035],[-119.29496,34.52088],[-119.29461,34.5206],[-119.29376,34.52061],[-119.29307,34.52043],[-119.29187,34.52067],[-119.29162,34.52091],[-119.29163,34.52134],[-119.29198,34.52176],[-119.29193,34.52219],[-119.2917,34.52242],[-119.29118,34.5226],[-119.29101,34.52275],[-119.29084,34.52315],[-119.29032,34.52317],[-119.28929,34.52382],[-119.28758,34.52395],[-119.28597,34.52473],[-119.28614,34.5253],[-119.28603,34.5257],[-119.28511,34.52586],[-119.28483,34.52601],[-119.28516,34.52714],[-119.28535,34.52738],[-119.28571,34.52756],[-119.28567,34.5277],[-119.28494,34.52798],[-119.28483,34.52821],[-119.2838,34.52848],[-119.28314,34.52912],[-119.28314,34.52926],[-119.28407,34.52996]]}},{"type":"Feature","properties":{"m":960,"index":0},"geometry":{"type":"LineString","coordinates":[[-119.27937,34.52996],[-119.27917,34.52968],[-119.2785,34.5294],[-119.27797,34.52897],[-119.278,34.52855],[-119.27779,34.52835],[-119.27676,34.52848],[-119.27647,34.52869],[-119.27628,34.52912],[-119.27634,34.52996]]}},{"type":"Feature","properties":{"m":960,"index":0},"geometry":{"type":"LineString","coordinates":[[-119.25536,34.52996],[-119.2561,34.52926],[-119.25582,34.5291],[-119.25427,34.52942],[-119.25359,34.5291],[-119.25239,34.52905],[-119.25067,34.52936],[-119.25015,34.52933],[-119.24964,34.52956],[-119.24827,34.52987],[-119.24758,34.52973],[-119.24726,34.52954],[-119.24708,34.52912],[-119.24737,34.52869],[-119.24741,34.52841],[-119.24765,34.52798],[-119.24763,34.52756],[-119.24784,34.52728],[-119.24767,34.52714],[-119.24774,34.52671],[-119.24758,34.52663],[-119.24724,34.5267],[-119.24712,34.52685],[-119.24719,34.52728],[-119.24684,34.5277],[-119.24682,34.52855],[-119.24628,34.52926],[-119.2459,34.5294],[-119.24569,34.52967],[-119.245,34.52945],[-119.24466,34.52982],[-119.24415,34.52974],[-119.24363,34.52953],[-119.24329,34.52962],[-119.24312,34.52979],[-119.24264,34.52968],[-119.24226,34.52982],[-119.24209,34.52977],[-119.24197,34.52968],[-119.242,34.52954],[-119.24226,34.52919],[-119.24229,34.52897],[-119.24191,34.52896],[-119.2414,34.52841],[-119.24106,34.52831],[-119.24041,34.52841],[-119.2405,34.52869],[-119.24013,34.52897],[-119.24003,34.52927],[-119.23963,34.52926],[-119.23934,34.52956],[-119.239,34.52954],[-119.23886,34.5294],[-119.23895,34.52869],[-119.23875,34.52841],[-119.23829,34.52827],[-119.23804,34.52798],[-119.23745,34.528],[-119.23694,34.52783],[-119.23659,34.52798],[-119.23625,34.52839],[-119.23608,34.5284],[-119.23561,34.52798],[-119.23505,34.52774],[-119.23436,34.52792],[-119.23418,34.52827],[-119.23402,34.52835],[-119.2335,34.52829],[-119.23272,34.52855],[-119.23272,34.52813],[-119.2323,34.528],[-119.23213,34.52805],[-119.23162,34.5285],[-119.23127,34.52846],[-119.23123,34.52841],[-119.23173,34.52784],[-119.23254,34.52742],[-119.23247,34.52663],[-119.23265,34.52663],[-119.23316,34.52702],[-119.23385,34.52668],[-119.23436,34.52617],[-119.23539,34.52608],[-119.23591,34.52544],[-119.23659,34.52546],[-119.23761,34.52516],[-119.23831,34.52403],[-119.23831,34.52345],[-119.23865,34.52335],[-119.23882,34.52341],[-119.23951,34.52429],[-119.23985,34.52434],[-119.24037,34.52418],[-119.24073,34.52374],[-119.2407,34.5236],[-119.24037,34.52336],[-119.24032,34.52275],[-119.24054,34.52263],[-119.24124,34.52275],[-119.24071,34.52162],[-119.24088,34.52152],[-119.24174,34.52134],[-119.24243,34.52094],[-119.24277,34.52051],[-119.2438,34.52088],[-119.24432,34.5208],[-119.24483,34.52057],[-119.24552,34.52089],[-119.24603,34.52063],[-119.24672,34.52059],[-119.24761,34.52035],[-119.24809,34.51987],[-119.24849,34.51964],[-119.24861,34.51918],[-119.24912,34.51906],[-119.24964,34.51875],[-119.25067,34.51758],[-119.25118,34.51735],[-119.25221,34.51712],[-119.25247,34.51695],[-119.25258,34.51639],[-119.25248,34.5161],[-119.25169,34.51625],[-119.25136,34.51595],[-119.24998,34.51541],[-119.24964,34.51539],[-119.24895,34.51556],[-119.24854,34.51526],[-119.24795,34.51511],[-119.24791,34.51497],[-119.24809,34.51455],[-119.24807,34.51412],[-119.24792,34.51397],[-119.24758,34.51395],[-119.24724,34.51377],[-119.24672,34.51387],[-119.24638,34.51433],[-119.24552,34.51434],[-119.24541,34.51441],[-119.24507,34.51497],[-119.24533,34.51568],[-119.24518,34.51574],[-119.24466,34.51561],[-119.24397,34.51597],[-119.24357,34.51596],[-119.24343,34.5161],[-119.2433,34.51667],[-119.24312,34.51664],[-119.24277,34.51682],[-119.2426,34.51678],[-119.24226,34.51623],[-119.2418,34.5161],[-119.24174,34.51596],[-119.24157,34.5159],[-119.24088,34.51595],[-119.24077,34.51582],[-119.24123,34.51541],[-119.24188,34.51455],[-119.24184,34.51427],[-119.24146,34.51342],[-119.24193,34.51313],[-119.2421,34.51271],[-119.24157,34.51185],[-119.24106,34.51185],[-119.23993,34.51243],[-119.23917,34.51248],[-119.23848,34.51305],[-119.23797,34.51305],[-119.23728,34.51336],[-119.23711,34.51338],[-119.23642,34.51312],[-119.23573,34.51325],[-119.23539,34.51343],[-119.23531,34.51342],[-119.23532,34.51328],[-119.23539,34.51313],[-119.23578,34.51285],[-119.23635,34.51257],[-119.23696,34.51243],[-119.23709,34.51229],[-119.23728,34.51167],[-119.23762,34.51175],[-119.23779,34.51169],[-119.23951,34.51059],[-119.23971,34.51031],[-119.23923,34.50988],[-119.24054,34.50939],[-119.24081,34.50917],[-119.24072,34.50832],[-119.24054,34.50771],[-119.2419,34.50818],[-119.24243,34.50864],[-119.2427,34.50861],[-119.24312,34.50826],[-119.24363,34.50842],[-119.24432,34.50831],[-119.24466,34.50845],[-119.24493,34.50804],[-119.24482,34.50776],[-119.2449,34.50719],[-119.24518,34.50685],[-119.24552,34.50717],[-119.24655,34.50765],[-119.24724,34.50858],[-119.24758,34.50867],[-119.24828,34.50748],[-119.24912,34.50727],[-119.25003,34.50649],[-119.25002,34.50592],[-119.25035,34.5055],[-119.25036,34.50521],[-119.25064,34.50479],[-119.25033,34.5045],[-119.24938,34.50394],[-119.24872,34.50323],[-119.24844,34.50278],[-119.2493,34.50298],[-119.25067,34.50311],[-119.25094,34.50309],[-119.25118,34.50288],[-119.25153,34.50298],[-119.25204,34.50354],[-119.25256,34.50377],[-119.25336,34.50436],[-119.25342,34.50452],[-119.25325,34.50493],[-119.25328,34.50507],[-119.25359,34.50542],[-119.25375,34.50592],[-119.25425,34.5062],[-119.25465,34.50663],[-119.25479,34.5069],[-119.25479,34.50748],[-119.25487,34.50762],[-119.25651,34.50803],[-119.25702,34.50799],[-119.25754,34.50778],[-119.25822,34.50783],[-119.25908,34.50807],[-119.2596,34.50792],[-119.25954,34.50748],[-119.2596,34.50693],[-119.25857,34.50648],[-119.25844,34.5062],[-119.25857,34.50578],[-119.25861,34.50592],[-119.25891,34.50618],[-119.25925,34.50626],[-119.25977,34.50622],[-119.26028,34.50591],[-119.26114,34.50655],[-119.26131,34.50657],[-119.26183,34.50636],[-119.26217,34.50567],[-119.2632,34.50571],[-119.26457,34.50559],[-119.2656,34.50532],[-119.26629,34.50547],[-119.26681,34.50528],[-119.26701,34.50507],[-119.26699,34.50493],[-119.2667,34.50465],[-119.26509,34.50394],[-119.2644,34.50382],[-119.26372,34.50325],[-119.26337,34.50327],[-119.26286,34.50354],[-119.26234,34.50334],[-119.26131,34.50355],[-119.26108,34.50323],[-119.2608,34.50304],[-119.26028,34.50292],[-119.26023,34.50252],[-119.25994,34.50244],[-119.25942,34.50256],[-119.25883,34.50224],[-119.25908,34.5017],[-119.25944,34.50139],[-119.25936,34.50125],[-119.25871,34.50083],[-119.25899,34.5004],[-119.25893,34.49984],[-119.25908,34.49981],[-119.25942,34.50003],[-119.25977,34.50009],[-119.26045,34.49946],[-119.26114,34.49986],[-119.26131,34.49988],[-119.26166,34.49964],[-119.26217,34.49977],[-119.26234,34.49974],[-119.26269,34.49925],[-119.26303,34.49915],[-119.26318,34.49927],[-119.2632,34.49959],[-119.26354,34.49944],[-119.26389,34.49956],[-119.26457,34.4993],[-119.26543,34.49924],[-119.26608,34.49899],[-119.26698,34.49841],[-119.26732,34.49808],[-119.26766,34.49817],[-119.26801,34.49855],[-119.26818,34.49848],[-119.26869,34.49788],[-119.26887,34.49784],[-119.27007,34.49919],[-119.27025,34.49913],[-119.27058,34.49861],[-119.2711,34.49814],[-119.2723,34.49811],[-119.27281,34.49836],[-119.2735,34.49823],[-119.27487,34.4983],[-119.2749,34.49814],[-119.2739,34.49757],[-119.27395,34.49743],[-119.27436,34.4973],[-119.27573,34.4972],[-119.27577,34.49701],[-119.27445,34.49588],[-119.27399,34.49531],[-119.27384,34.49497],[-119.27487,34.49478],[-119.27556,34.49485],[-119.27608,34.4947],[-119.27657,34.49432],[-119.27693,34.49424],[-119.27738,34.4939],[-119.2776,34.49361],[-119.27809,34.49333],[-119.27836,34.49305],[-119.27867,34.49248],[-119.27899,34.49232],[-119.2796,34.4922],[-119.27978,34.49206],[-119.27976,34.49191],[-119.27951,34.49183],[-119.27831,34.49205],[-119.27807,34.49177],[-119.27784,34.49092],[-119.27762,34.49072],[-119.27745,34.49069],[-119.27711,34.49078],[-119.27682,34.49163],[-119.27642,34.49206],[-119.27625,34.49216],[-119.27573,34.4918],[-119.27556,34.49183],[-119.27539,34.49222],[-119.27505,34.49219],[-119.27487,34.49229],[-119.27436,34.4929],[-119.27409,34.49276],[-119.2739,34.4922],[-119.2735,34.49198],[-119.273,34.49191],[-119.27264,34.49218],[-119.27247,34.49216],[-119.27243,34.49191],[-119.2733,34.49107],[-119.2734,34.49078],[-119.27379,34.4905],[-119.27399,34.49007],[-119.27381,34.48993],[-119.27281,34.49029],[-119.27247,34.49032],[-119.27229,34.49022],[-119.27183,34.48951],[-119.27144,34.48958],[-119.27128,34.4888],[-119.27136,34.48852],[-119.27131,34.48824],[-119.27146,34.48781],[-119.27141,34.48753],[-119.27127,34.48736],[-119.27007,34.48779],[-119.26972,34.48754],[-119.26897,34.48739],[-119.26801,34.48696],[-119.26766,34.48701],[-119.2674,34.48725],[-119.26736,34.48753],[-119.26749,34.48764],[-119.26852,34.48796],[-119.26917,34.48852],[-119.26953,34.48923],[-119.26959,34.48979],[-119.26909,34.49007],[-119.26901,34.49022],[-119.26904,34.49078],[-119.26948,34.49206],[-119.26938,34.49262],[-119.26904,34.49269],[-119.26852,34.49297],[-119.2685,34.49333],[-119.26835,34.49343],[-119.26793,34.49347],[-119.26772,34.49248],[-119.2676,34.49234],[-119.26715,34.49217],[-119.26693,34.4922],[-119.26663,34.49249],[-119.2664,34.49305],[-119.26612,34.49328],[-119.26593,34.49305],[-119.26565,34.49234],[-119.26543,34.49213],[-119.26526,34.4922],[-119.26504,34.49248],[-119.26482,34.49305],[-119.26457,34.49315],[-119.26439,34.49276],[-119.26402,34.49248],[-119.26404,34.49149],[-119.26396,34.49121],[-119.26335,34.49121],[-119.26286,34.49036],[-119.26269,34.49027],[-119.26217,34.49102],[-119.26166,34.49129],[-119.26114,34.49177],[-119.26111,34.49206],[-119.26125,34.49248],[-119.26097,34.49315],[-119.26076,34.49276],[-119.26045,34.49243],[-119.26005,34.4922],[-119.25942,34.49134],[-119.25822,34.49205],[-119.25795,34.49206],[-119.25787,34.4922],[-119.25788,34.49285],[-119.25702,34.49239],[-119.25599,34.49333],[-119.25598,34.49276],[-119.25622,34.49177],[-119.25646,34.49135],[-119.25641,34.49092],[-119.2565,34.4905],[-119.25622,34.49022],[-119.25629,34.49007],[-119.25742,34.48951],[-119.25763,34.48923],[-119.2576,34.48894],[-119.25813,34.48866],[-119.2582,34.48824],[-119.25796,34.48781],[-119.25815,34.48725],[-119.25874,34.4868],[-119.25951,34.48668],[-119.26034,34.4864],[-119.26042,34.48625],[-119.26034,34.48569],[-119.26007,34.48541],[-119.25994,34.48509],[-119.25841,34.48442],[-119.25821,34.48371],[-119.25754,34.4831],[-119.25708,34.48328],[-119.25655,34.48385],[-119.25593,34.48413],[-119.25577,34.48456],[-119.2553,34.4851],[-119.25442,34.48541],[-119.25441,34.48555],[-119.25453,34.48569],[-119.25524,34.48625],[-119.2554,34.48654],[-119.25582,34.48667],[-119.25588,34.48682],[-119.25548,34.48743],[-119.2553,34.48746],[-119.25496,34.48734],[-119.25479,34.48743],[-119.25462,34.48838],[-119.25445,34.4886],[-119.25427,34.48868],[-119.25376,34.48703],[-119.25324,34.4869],[-119.25305,34.48696],[-119.25292,34.48725],[-119.25239,34.48783],[-119.25221,34.48787],[-119.25204,34.4877],[-119.25187,34.48768],[-119.25136,34.48809],[-119.25107,34.48852],[-119.25033,34.48881],[-119.24981,34.48925],[-119.24975,34.48894],[-119.24993,34.48809],[-119.2499,34.48781],[-119.2502,34.48739],[-119.25015,34.48715],[-119.24947,34.48693],[-119.24861,34.48691],[-119.24827,34.4871],[-119.24792,34.48757],[-119.24758,34.48728],[-119.24724,34.48734],[-119.24706,34.48696],[-119.24586,34.48663],[-119.24552,34.48667],[-119.24535,34.48626],[-119.24466,34.48577],[-119.24432,34.4856],[-119.24376,34.48555],[-119.2438,34.48539],[-119.24432,34.4853],[-119.24518,34.48548],[-119.24689,34.48563],[-119.24758,34.48548],[-119.24792,34.48519],[-119.24912,34.4853],[-119.25067,34.48507],[-119.25078,34.48498],[-119.25077,34.48484],[-119.25015,34.48443],[-119.24983,34.48399],[-119.24941,34.48371],[-119.24944,34.48314],[-119.24878,34.48241],[-119.24792,34.48246],[-119.24741,34.48214],[-119.24724,34.48213],[-119.24535,34.48288],[-119.2438,34.48301],[-119.24277,34.48296],[-119.24243,34.48284],[-119.24209,34.48258],[-119.24157,34.48166],[-119.24106,34.48147],[-119.24071,34.48145],[-119.24003,34.48164],[-119.23968,34.48164],[-119.239,34.48223],[-119.23847,34.48229],[-119.23762,34.48278],[-119.23711,34.48265],[-119.23642,34.48266],[-119.23573,34.48243],[-119.23505,34.48199],[-119.23444,34.48229],[-119.23441,34.48272],[-119.23426,34.483],[-119.23428,34.48342],[-119.23416,34.48371],[-119.23337,34.48399],[-119.23358,34.48442],[-119.2335,34.48476],[-119.23333,34.48489],[-119.23299,34.48472],[-119.23282,34.48509],[-119.23265,34.48507],[-119.23247,34.48479],[-119.23179,34.48464],[-119.23144,34.48443],[-119.23076,34.4843],[-119.23041,34.4845],[-119.2299,34.4842],[-119.2287,34.4847],[-119.22802,34.48456],[-119.2275,34.48462],[-119.22648,34.48399],[-119.22612,34.48346],[-119.22509,34.48351],[-119.22492,34.48364],[-119.22483,34.48427],[-119.2244,34.48484],[-119.22418,34.48526],[-119.22423,34.48531],[-119.22595,34.48524],[-119.22618,34.48555],[-119.22634,34.4864],[-119.22647,34.4865],[-119.22728,34.48668],[-119.22887,34.48662],[-119.22939,34.48696],[-119.22978,34.48767],[-119.2303,34.48809],[-119.23027,34.48824],[-119.22965,34.48894],[-119.22954,34.48923],[-119.22997,34.48965],[-119.23072,34.49007],[-119.23082,34.49036],[-119.23077,34.4905],[-119.22957,34.49092],[-119.22938,34.4912],[-119.22928,34.49191],[-119.22837,34.49234],[-119.22831,34.49248],[-119.23041,34.494],[-119.23179,34.4941],[-119.2323,34.49434],[-119.23299,34.49434],[-119.23304,34.49446],[-119.23246,34.49489],[-119.2315,34.49531],[-119.23142,34.49545],[-119.23205,34.49588],[-119.23179,34.49661],[-119.2311,34.49636],[-119.23082,34.49644],[-119.23059,34.49672],[-119.23007,34.49676],[-119.22973,34.49663],[-119.22921,34.49683],[-119.2287,34.49684],[-119.22784,34.49651],[-119.22681,34.49636],[-119.22658,34.49644],[-119.22641,34.49715],[-119.22656,34.49757],[-119.22597,34.49814],[-119.22595,34.49828],[-119.2264,34.49885],[-119.22723,34.49927],[-119.22722,34.50012],[-119.22698,34.50043],[-119.22704,34.50054],[-119.2274,34.50069],[-119.22814,34.50139],[-119.22758,34.50139],[-119.2275,34.5016],[-119.22715,34.50124],[-119.22664,34.50122],[-119.22666,34.50182],[-119.2264,34.5021],[-119.22629,34.50241],[-119.22544,34.50206],[-119.22492,34.50226],[-119.22493,34.50182],[-119.22475,34.50167],[-119.22485,34.50153],[-119.22544,34.50123],[-119.22559,34.50097],[-119.22552,34.50069],[-119.22526,34.50045],[-119.22475,34.50046],[-119.22441,34.50025],[-119.22389,34.5002],[-119.22338,34.49978],[-119.22269,34.50023],[-119.22217,34.50027],[-119.22207,34.50012],[-119.22209,34.49984],[-119.22166,34.4993],[-119.22114,34.49964],[-119.22063,34.4994],[-119.22029,34.49953],[-119.21994,34.49946],[-119.2196,34.49967],[-119.21943,34.49965],[-119.21935,34.49955],[-119.21956,34.49899],[-119.21904,34.49871],[-119.21915,34.49856],[-119.2196,34.49842],[-119.21992,34.49814],[-119.21982,34.49757],[-119.22011,34.49715],[-119.21962,34.49644],[-119.21908,34.49646],[-119.21805,34.49556],[-119.21798,34.49588],[-119.21813,34.49616],[-119.21836,34.49715],[-119.21787,34.498],[-119.21771,34.49812],[-119.21702,34.49823],[-119.21565,34.49794],[-119.21548,34.49794],[-119.21518,34.49814],[-119.21515,34.49828],[-119.21538,34.49856],[-119.21669,34.49941],[-119.21668,34.49956],[-119.21578,34.50054],[-119.21578,34.50069],[-119.21623,34.50153],[-119.21599,34.50186],[-119.21593,34.50252],[-119.21617,34.50325],[-119.21523,34.50281],[-119.21514,34.50184],[-119.21479,34.5014],[-119.21445,34.50135],[-119.21411,34.5019],[-119.21393,34.50199],[-119.2137,34.50153],[-119.21325,34.50121],[-119.2129,34.50109],[-119.21256,34.50121],[-119.21205,34.50097],[-119.21153,34.50027],[-119.21119,34.49999],[-119.21033,34.50016],[-119.2099,34.49998],[-119.20947,34.49963],[-119.20934,34.49941],[-119.20947,34.49913],[-119.20945,34.49885],[-119.20918,34.49828],[-119.2095,34.49786],[-119.2091,34.49743],[-119.20908,34.49729],[-119.20941,34.49672],[-119.2093,34.49656],[-119.20844,34.49609],[-119.20827,34.4965],[-119.20786,34.49701],[-119.20785,34.49757],[-119.20724,34.49804],[-119.20722,34.49842],[-119.20655,34.49942],[-119.2069,34.49978],[-119.20707,34.50022],[-119.20761,34.50054],[-119.2077,34.50069],[-119.20765,34.50097],[-119.20711,34.50153],[-119.20764,34.50252],[-119.20774,34.50323],[-119.20805,34.50366],[-119.2076,34.50394],[-119.20775,34.50425],[-119.20826,34.50479],[-119.2079,34.50493],[-119.20788,34.50507],[-119.20885,34.50606],[-119.20902,34.50663],[-119.2093,34.50708],[-119.20904,34.50719],[-119.20896,34.50735],[-119.20878,34.50737],[-119.20827,34.5066],[-119.20655,34.50609],[-119.20587,34.50662],[-119.20569,34.50657],[-119.20566,34.5062],[-119.20518,34.50521],[-119.20466,34.50537],[-119.2038,34.50521],[-119.20377,34.50507],[-119.20393,34.50479],[-119.20387,34.50451],[-119.20394,34.50422],[-119.20295,34.50302],[-119.20278,34.50295],[-119.20226,34.50313],[-119.20157,34.50312],[-119.20118,34.50295],[-119.20072,34.5025],[-119.20054,34.50247],[-119.20059,34.50422],[-119.20021,34.50493],[-119.20045,34.5055],[-119.1999,34.50578],[-119.19969,34.50606],[-119.19879,34.5062],[-119.19858,34.50649],[-119.19853,34.50691],[-119.1978,34.50696],[-119.19745,34.50709],[-119.19737,34.50719],[-119.19739,34.50748],[-119.19778,34.5079],[-119.19741,34.50818],[-119.1974,34.50847],[-119.19728,34.50851],[-119.1966,34.5082],[-119.19642,34.50821],[-119.19608,34.50843],[-119.19557,34.50853],[-119.19522,34.50901],[-119.19454,34.50852],[-119.19368,34.50872],[-119.19333,34.50858],[-119.19235,34.50847],[-119.19261,34.50818],[-119.19453,34.50748],[-119.1949,34.50719],[-119.19505,34.50651],[-119.19509,34.50564],[-119.1953,34.50507],[-119.19563,34.50479],[-119.19582,34.50422],[-119.19582,34.50408],[-119.19513,34.50366],[-119.19495,34.50337],[-119.19471,34.50333],[-119.19413,34.50352],[-119.19384,34.50436],[-119.19333,34.50485],[-119.19281,34.50479],[-119.19274,34.50465],[-119.19294,34.50436],[-119.19282,34.50412],[-119.19248,34.50388],[-119.19179,34.50391],[-119.19167,34.5038],[-119.19157,34.50337],[-119.1909,34.50309],[-119.19099,34.50224],[-119.19072,34.50196],[-119.19024,34.50169],[-119.19007,34.50183],[-119.18983,34.50238],[-119.1893,34.50295],[-119.18836,34.50283],[-119.18784,34.50286],[-119.18715,34.50323],[-119.18703,34.50337],[-119.18707,34.50366],[-119.18698,34.50377],[-119.18659,34.5038],[-119.1863,34.50406],[-119.18561,34.50403],[-119.18492,34.50427],[-119.18486,34.50337],[-119.18505,34.50267],[-119.18423,34.50281],[-119.18424,34.50234],[-119.18365,34.50196],[-119.18323,34.50153],[-119.1834,34.50139],[-119.18406,34.50136],[-119.18439,34.50125],[-119.18475,34.50068],[-119.18578,34.50034],[-119.18606,34.50012],[-119.18606,34.49984],[-119.18561,34.49886],[-119.18509,34.4986],[-119.18381,34.49757],[-119.18321,34.49684],[-119.18249,34.49644],[-119.18239,34.4963],[-119.18286,34.49586],[-119.18372,34.49559],[-119.18424,34.49531],[-119.18502,34.4946],[-119.18475,34.49455],[-119.18409,34.49489],[-119.18338,34.4948],[-119.18252,34.49486],[-119.18132,34.49522],[-119.18108,34.49517],[-119.18154,34.4946],[-119.1816,34.49432],[-119.18228,34.4939],[-119.18297,34.49319],[-119.18272,34.49206],[-119.18288,34.49149],[-119.18285,34.49121],[-119.18252,34.49104],[-119.18166,34.49112],[-119.18097,34.49094],[-119.18105,34.48965],[-119.18141,34.48866],[-119.18137,34.48852],[-119.18115,34.48854],[-119.17994,34.48929],[-119.17874,34.48926],[-119.17856,34.48894],[-119.17806,34.48872],[-119.17835,34.48795],[-119.17798,34.48767],[-119.17789,34.48739],[-119.17735,34.48668],[-119.17754,34.48647],[-119.17823,34.48607],[-119.17849,34.48569],[-119.1784,34.4855],[-119.17794,34.48512],[-119.17788,34.4847],[-119.17822,34.48413],[-119.17826,34.48371],[-119.17872,34.48314],[-119.17943,34.48297],[-119.17962,34.48286],[-119.17967,34.48272],[-119.1793,34.48201],[-119.17892,34.4803],[-119.17857,34.48023],[-119.17806,34.48032],[-119.17784,34.48045],[-119.17724,34.48116],[-119.1772,34.48144],[-119.17753,34.48229],[-119.17752,34.48258],[-119.17738,34.48272],[-119.1764,34.48314],[-119.176,34.48361],[-119.17492,34.48342],[-119.17462,34.48343],[-119.17428,34.48358],[-119.17274,34.48562],[-119.17222,34.48573],[-119.17214,34.48583],[-119.17206,34.48668],[-119.17171,34.4871],[-119.1705,34.48721],[-119.17024,34.48739],[-119.17008,34.48767],[-119.1701,34.48781],[-119.17039,34.48824],[-119.1702,34.48866],[-119.17053,34.48923],[-119.1702,34.49007],[-119.16965,34.48986],[-119.16896,34.48988],[-119.16868,34.49007],[-119.16856,34.49064],[-119.16844,34.49071],[-119.1681,34.49062],[-119.16793,34.49083],[-119.16724,34.49104],[-119.1669,34.49099],[-119.16656,34.4912],[-119.1663,34.49107],[-119.16593,34.4905],[-119.16536,34.49022],[-119.16554,34.48965],[-119.16604,34.48922],[-119.16553,34.48911],[-119.16484,34.48925],[-119.16398,34.48907],[-119.16395,34.48894],[-119.16463,34.48838],[-119.16468,34.48824],[-119.16457,34.48795],[-119.16509,34.48753],[-119.16489,34.4871],[-119.165,34.48654],[-119.16516,34.48625],[-119.1652,34.48583],[-119.16488,34.48555],[-119.16487,34.48526],[-119.16477,34.48512],[-119.16381,34.48457],[-119.16278,34.48458],[-119.16244,34.48469],[-119.16192,34.48428],[-119.1618,34.48413],[-119.16182,34.48399],[-119.16244,34.48378],[-119.16252,34.48357],[-119.16201,34.48243],[-119.16158,34.48192],[-119.16123,34.48212],[-119.1606,34.48286],[-119.16003,34.48316]]}},{"type":"Feature","properties":{"m":960,"index":0},"geometry":{"type":"LineString","coordinates":[[-119.16003,34.47405],[-119.16106,34.47398],[-119.16195,34.47338],[-119.16212,34.47309],[-119.16158,34.47212],[-119.1614,34.4721],[-119.16072,34.47269],[-119.16003,34.47272]]}},{"type":"Feature","properties":{"m":1000,"index":1},"geometry":{"type":"LineString","coordinates":[[-119.33993,34.52494],[-119.3397,34.52502],[-119.33954,34.5253],[-119.33993,34.52564]]}},{"type":"Feature","properties":{"m":1000,"index":1},"geometry":{"type":"LineString","coordinates":[[-119.21906,34.49715],[-119.21906,34.49715]]}},{"type":"Feature","properties":{"m":1000,"index":1},"geometry":{"type":"LineString","coordinates":[[-119.22534,34.48413],[-119.22534,34.48413]]}},{"type":"Feature","properties":{"m":1000,"index":1},"geometry":{"type":"LineString","coordinates":[[-119.1783,34.48088],[-119.1783,34.48088]]}},{"type":"Feature","properties":{"m":1000,"index":1},"geometry":{"type":"LineString","coordinates":[[-119.33993,34.47462],[-119.33926,34.47493],[-119.33893,34.47564],[-119.33887,34.47593],[-119.33896,34.47607],[-119.33957,34.47621],[-119.33787,34.47719],[-119.33798,34.47748],[-119.33787,34.47755],[-119.33736,34.47769],[-119.33461,34.47775],[-119.3341,34.47799],[-119.33341,34.47808],[-119.33324,34.47819],[-119.3339,34.4789],[-119.33397,34.47904],[-119.33391,34.47932],[-119.33427,34.47989],[-119.33444,34.47998],[-119.3353,34.47973],[-119.33616,34.47967],[-119.3365,34.47981],[-119.33717,34.48031],[-119.33736,34.48034],[-119.33821,34.48003],[-119.33908,34.47928],[-119.33993,34.47915]]}},{"type":"Feature","properties":{"m":1000,"index":1},"geometry":{"type":"LineString","coordinates":[[-119.16003,34.47344],[-119.16072,34.47337],[-119.161,34.47324],[-119.16003,34.47316]]}},{"type":"Feature","properties":{"m":1000,"index":1},"geometry":{"type":"LineString","coordinates":[[-119.32738,34.52996],[-119.32716,34.52968],[-119.32714,34.52912],[-119.3269,34.52897],[-119.32637,34.52899],[-119.32603,34.52876],[-119.32551,34.52887],[-119.32483,34.52874],[-119.32466,34.52831],[-119.32448,34.52827],[-119.3238,34.52832],[-119.32345,34.52848],[-119.32294,34.52836],[-119.3226,34.5286],[-119.32242,34.52862],[-119.32208,34.52831],[-119.32114,34.52784],[-119.32157,34.52762],[-119.32191,34.52763],[-119.32311,34.52703],[-119.32358,34.527],[-119.32401,34.52671],[-119.32483,34.52653],[-119.32517,34.52617],[-119.32569,34.52609],[-119.32633,34.52572],[-119.32809,34.52542],[-119.32817,34.5253],[-119.32791,34.52516],[-119.32765,34.52473],[-119.3274,34.52457],[-119.32672,34.52445],[-119.32637,34.52428],[-119.32569,34.52425],[-119.325,34.52397],[-119.32479,34.52346],[-119.32487,34.52332],[-119.32551,34.52299],[-119.32586,34.52269],[-119.32654,34.5226],[-119.32709,34.52219],[-119.32761,34.52162],[-119.32774,34.52134],[-119.32771,34.5212],[-119.32709,34.52077],[-119.32757,34.52021],[-119.32738,34.51978],[-119.32757,34.51948],[-119.32825,34.51922],[-119.32842,34.51907],[-119.32824,34.51851],[-119.32929,34.51833],[-119.32998,34.51794],[-119.33004,34.5178],[-119.32967,34.51738],[-119.32878,34.5172],[-119.32855,34.51709],[-119.32848,34.51695],[-119.32912,34.51669],[-119.32955,34.51625],[-119.32956,34.51568],[-119.32906,34.51511],[-119.32904,34.51497],[-119.32929,34.51491],[-119.33031,34.51511],[-119.33066,34.51544],[-119.33084,34.51549],[-119.33101,34.5154],[-119.33106,34.51511],[-119.33118,34.51506],[-119.33204,34.51526],[-119.33272,34.51555],[-119.33375,34.51543],[-119.3341,34.51548],[-119.33458,34.51526],[-119.33483,34.51483],[-119.3347,34.51455],[-119.33424,34.51427],[-119.33419,34.51412],[-119.33458,34.51398],[-119.33496,34.51398],[-119.33617,34.51441],[-119.33716,34.51384],[-119.33753,34.51372],[-119.33822,34.51381],[-119.33959,34.51457],[-119.33993,34.51465]]}},{"type":"Feature","properties":{"m":1000,"index":1},"geometry":{"type":"LineString","coordinates":[[-119.33994,34.5113],[-119.33959,34.51123],[-119.33856,34.51128],[-119.33836,34.51144],[-119.33832,34.51214],[-119.33667,34.51234],[-119.33513,34.51319],[-119.33478,34.51325],[-119.33427,34.51315],[-119.33341,34.51339],[-119.33169,34.51338],[-119.33118,34.51362],[-119.33098,34.51412],[-119.33082,34.51427],[-119.32998,34.51433],[-119.32912,34.51459],[-119.32775,34.5148],[-119.32689,34.51517],[-119.32637,34.51529],[-119.32624,34.51526],[-119.32616,34.51469],[-119.32605,34.51455],[-119.32569,34.51451],[-119.32561,34.51441],[-119.32582,34.51342],[-119.32548,34.51328],[-119.32546,34.51299],[-119.326,34.51243],[-119.32603,34.51209],[-119.32672,34.51191],[-119.32689,34.51154],[-119.32762,34.5113],[-119.32792,34.51106],[-119.328,34.51087],[-119.32775,34.51048],[-119.32737,34.51016],[-119.32729,34.50988],[-119.32689,34.5094],[-119.32654,34.5092],[-119.32603,34.50917],[-119.32517,34.50963],[-119.32438,34.50974],[-119.32382,34.51016],[-119.3235,34.51073],[-119.32311,34.51092],[-119.32294,34.51081],[-119.3226,34.5108],[-119.32225,34.51036],[-119.32174,34.51024],[-119.32157,34.51004],[-119.32071,34.51023],[-119.32061,34.51016],[-119.32062,34.51002],[-119.32076,34.5096],[-119.32056,34.50932],[-119.3206,34.50917],[-119.32088,34.50899],[-119.32091,34.50875],[-119.32054,34.50853],[-119.31985,34.50829],[-119.31933,34.50824],[-119.31916,34.50808],[-119.31899,34.50807],[-119.31848,34.50847],[-119.31779,34.5086],[-119.31757,34.50875],[-119.31734,34.50917],[-119.31732,34.50946],[-119.31758,34.51002],[-119.31786,34.51031],[-119.31916,34.51072],[-119.32028,34.51172],[-119.31998,34.512],[-119.31985,34.51228],[-119.31951,34.51225],[-119.31933,34.51271],[-119.31916,34.51281],[-119.31848,34.5125],[-119.31796,34.51271],[-119.31793,34.51285],[-119.31835,34.51384],[-119.31822,34.51427],[-119.31821,34.51483],[-119.31813,34.51492],[-119.31779,34.51492],[-119.3171,34.51435],[-119.31607,34.51432],[-119.31597,34.51441],[-119.31591,34.51483],[-119.31562,34.51511],[-119.31575,34.51568],[-119.31563,34.51596],[-119.31539,34.5161],[-119.31533,34.51667],[-119.31415,34.51752],[-119.31354,34.51766],[-119.31331,34.5178],[-119.31298,34.51848],[-119.31212,34.51865],[-119.31127,34.51902],[-119.31058,34.51905],[-119.30989,34.51934],[-119.30938,34.51938],[-119.30886,34.51921],[-119.30852,34.51922],[-119.30749,34.51959],[-119.30715,34.52009],[-119.30612,34.52035],[-119.3056,34.52065],[-119.3051,34.52006],[-119.30449,34.51978],[-119.3039,34.51907],[-119.30371,34.51898],[-119.30285,34.51919],[-119.30251,34.51941],[-119.30217,34.51949],[-119.30062,34.51941],[-119.29976,34.51922],[-119.29599,34.51907],[-119.2958,34.51922],[-119.29581,34.51936],[-119.29616,34.52013],[-119.29651,34.52049],[-119.2965,34.52091],[-119.29687,34.52162],[-119.29749,34.52204],[-119.29751,34.52219],[-119.29667,34.52234],[-119.29582,34.52211],[-119.2953,34.52264],[-119.29515,34.52261],[-119.29513,34.52182],[-119.29502,34.52162],[-119.29426,34.52105],[-119.29356,34.52105],[-119.2933,34.5212],[-119.29328,34.52219],[-119.29314,34.52247],[-119.29227,34.52304],[-119.29187,34.5232],[-119.29156,34.52374],[-119.29118,34.52403],[-119.29049,34.52418],[-119.28964,34.52461],[-119.28929,34.52467],[-119.28912,34.52511],[-119.28861,34.52496],[-119.28809,34.52506],[-119.28723,34.52489],[-119.28684,34.52502],[-119.28679,34.52516],[-119.28689,34.5257],[-119.28665,34.52615],[-119.28612,34.52657],[-119.28604,34.52685],[-119.28624,34.52714],[-119.28726,34.52784],[-119.28655,34.52804],[-119.28621,34.52841],[-119.28483,34.52919],[-119.28461,34.52954],[-119.285,34.52997]]}},{"type":"Feature","properties":{"m":1000,"index":1},"geometry":{"type":"LineString","coordinates":[[-119.27855,34.52996],[-119.27711,34.52921],[-119.27698,34.5294],[-119.277,34.52954],[-119.27725,34.52996]]}},{"type":"Feature","properties":{"m":1000,"index":1},"geometry":{"type":"LineString","coordinates":[[-119.25356,34.52996],[-119.25369,34.52982],[-119.25359,34.52966],[-119.2529,34.52954],[-119.25221,34.52958],[-119.2517,34.52977],[-119.25015,34.52998]]}},{"type":"Feature","properties":{"m":1000,"index":1},"geometry":{"type":"LineString","coordinates":[[-119.24123,34.53],[-119.24137,34.5294],[-119.24123,34.52909],[-119.24106,34.52898],[-119.24088,34.529],[-119.24058,34.52926],[-119.24054,34.52958],[-119.24007,34.52968],[-119.24002,34.52982],[-119.2402,34.53]]}},{"type":"Feature","properties":{"m":1000,"index":1},"geometry":{"type":"LineString","coordinates":[[-119.23851,34.52996],[-119.23801,34.52968],[-119.23826,34.52926],[-119.23831,34.52882],[-119.23728,34.52858],[-119.23608,34.52897],[-119.23505,34.52836],[-119.2347,34.5285],[-119.23455,34.52869],[-119.23451,34.52897],[-119.23368,34.52913],[-119.2335,34.52928],[-119.23316,34.52914],[-119.23246,34.52926],[-119.23224,34.52912],[-119.23213,34.52881],[-119.23162,34.5291],[-119.2311,34.52894],[-119.22973,34.52913],[-119.22861,34.52912],[-119.22894,34.52883],[-119.23007,34.52846],[-119.23041,34.52819],[-119.23076,34.52813],[-119.23053,34.5277],[-119.23059,34.52759],[-119.23093,34.52759],[-119.23171,34.52728],[-119.23198,34.52671],[-119.23204,34.52601],[-119.23196,34.52548],[-119.23299,34.52623],[-119.23333,34.52634],[-119.23351,34.52629],[-119.23385,34.52597],[-119.23402,34.52532],[-119.23488,34.52544],[-119.23522,34.52537],[-119.23573,34.52496],[-119.23676,34.52498],[-119.23728,34.5248],[-119.23745,34.52459],[-119.23771,34.52388],[-119.23732,34.52318],[-119.23745,34.52305],[-119.23865,34.52291],[-119.23951,34.52341],[-119.2397,34.52318],[-119.23977,34.52247],[-119.24003,34.5219],[-119.2402,34.52175],[-119.2402,34.5212],[-119.24088,34.52107],[-119.24181,34.52063],[-119.24216,34.52035],[-119.24242,34.51992],[-119.2426,34.51988],[-119.24329,34.52013],[-119.2438,34.5202],[-119.24466,34.51999],[-119.24516,34.51964],[-119.24586,34.51883],[-119.24655,34.51836],[-119.24788,34.5178],[-119.24896,34.51766],[-119.24954,34.51709],[-119.25004,34.51681],[-119.25034,34.51639],[-119.25005,34.5161],[-119.24967,34.51596],[-119.24844,34.51598],[-119.24815,34.51568],[-119.24758,34.51539],[-119.24737,34.51511],[-119.24689,34.51485],[-119.24672,34.51486],[-119.24655,34.51507],[-119.24603,34.51487],[-119.24586,34.51494],[-119.24587,34.51596],[-119.24543,34.51639],[-119.24518,34.51648],[-119.24466,34.51633],[-119.24397,34.51647],[-119.2438,34.51657],[-119.24363,34.5171],[-119.2432,34.51709],[-119.24294,34.51742],[-119.24209,34.51726],[-119.24174,34.51702],[-119.24116,34.51681],[-119.24088,34.5165],[-119.2402,34.51656],[-119.24003,34.51632],[-119.23949,34.51625],[-119.23985,34.51589],[-119.24028,34.51568],[-119.24117,34.51455],[-119.24106,34.51394],[-119.24078,34.5137],[-119.24092,34.51285],[-119.24088,34.51256],[-119.24003,34.51287],[-119.2394,34.51299],[-119.23882,34.51354],[-119.23848,34.51358],[-119.23814,34.51375],[-119.23744,34.51384],[-119.23711,34.51416],[-119.23694,34.5141],[-119.23659,34.51371],[-119.23644,34.5137],[-119.23573,34.51399],[-119.23505,34.51403],[-119.23453,34.51427],[-119.23402,34.51477],[-119.23385,34.51432],[-119.23343,34.51412],[-119.23419,34.51354],[-119.23436,34.51327],[-119.23488,34.51312],[-119.23591,34.51234],[-119.23642,34.51222],[-119.23651,34.51214],[-119.23656,34.51172],[-119.23688,34.51115],[-119.23762,34.51134],[-119.23887,34.51045],[-119.23884,34.51031],[-119.23831,34.50971],[-119.23826,34.50946],[-119.23929,34.50932],[-119.24006,34.50903],[-119.24015,34.50889],[-119.24019,34.50818],[-119.23995,34.50776],[-119.23991,34.50733],[-119.23953,34.50691],[-119.23985,34.50686],[-119.24071,34.50698],[-119.24102,34.50748],[-119.24174,34.50764],[-119.24243,34.50801],[-119.2426,34.50803],[-119.24294,34.50778],[-119.24415,34.50792],[-119.24432,34.50788],[-119.24437,34.50776],[-119.2444,34.50691],[-119.24474,34.50677],[-119.245,34.5063],[-119.24518,34.50632],[-119.24741,34.50766],[-119.24758,34.50765],[-119.24792,34.5072],[-119.24915,34.50663],[-119.24935,34.50634],[-119.24953,34.50578],[-119.24976,34.5055],[-119.24995,34.50493],[-119.24995,34.50479],[-119.24947,34.50451],[-119.24878,34.50437],[-119.24857,34.50394],[-119.24764,34.50352],[-119.24808,34.50309],[-119.2478,34.50267],[-119.24745,34.50238],[-119.24789,34.50196],[-119.24792,34.50153],[-119.24809,34.50149],[-119.24839,34.50168],[-119.24869,34.5021],[-119.24998,34.50257],[-119.25033,34.50254],[-119.25084,34.5022],[-119.25136,34.50223],[-119.25153,34.50252],[-119.25211,34.50281],[-119.25239,34.50318],[-119.25294,34.50337],[-119.254,34.50408],[-119.25431,34.50436],[-119.25435,34.50451],[-119.25395,34.50493],[-119.254,34.50507],[-119.25431,34.50564],[-119.25479,34.50597],[-119.25527,34.50663],[-119.25547,34.50719],[-119.25668,34.50761],[-119.25754,34.50742],[-119.25874,34.50754],[-119.25882,34.50733],[-119.25822,34.50684],[-119.25788,34.50604],[-119.25763,34.50592],[-119.25766,34.5055],[-119.25748,34.50521],[-119.25742,34.50479],[-119.25754,34.50458],[-119.25805,34.50468],[-119.25822,34.5048],[-119.25874,34.50485],[-119.25905,34.50507],[-119.25942,34.50552],[-119.25977,34.50543],[-119.26011,34.50517],[-119.26045,34.5047],[-119.26063,34.50471],[-119.26106,34.50521],[-119.26131,34.50567],[-119.26183,34.50525],[-119.26251,34.505],[-119.26303,34.5051],[-119.26356,34.50507],[-119.26423,34.50481],[-119.26428,34.50465],[-119.26372,34.50407],[-119.26354,34.50401],[-119.26303,34.50416],[-119.26234,34.504],[-119.26114,34.50404],[-119.26063,34.50363],[-119.25805,34.50236],[-119.25794,34.50224],[-119.25797,34.5021],[-119.25845,34.50168],[-119.25851,34.50153],[-119.25845,34.50139],[-119.25729,34.50097],[-119.25805,34.5004],[-119.25812,34.50026],[-119.25815,34.49984],[-119.25774,34.49941],[-119.25805,34.49925],[-119.25908,34.49927],[-119.2596,34.49918],[-119.25994,34.49895],[-119.26028,34.49853],[-119.26049,34.49856],[-119.26097,34.49902],[-119.26183,34.49896],[-119.26286,34.49816],[-119.26372,34.49797],[-119.26405,34.49771],[-119.26413,34.49786],[-119.26492,34.49844],[-119.26543,34.49857],[-119.26599,34.49842],[-119.26732,34.49748],[-119.26801,34.49776],[-119.26852,34.4974],[-119.26921,34.49714],[-119.26946,34.49771],[-119.2699,34.49797],[-119.2711,34.49764],[-119.27224,34.49757],[-119.27197,34.49729],[-119.27213,34.49721],[-119.2735,34.497],[-119.27453,34.49673],[-119.27453,34.49658],[-119.27354,34.49559],[-119.27292,34.4946],[-119.27417,34.49432],[-119.27436,34.49409],[-119.27453,34.49404],[-119.27556,34.49415],[-119.27608,34.49393],[-119.27623,34.49375],[-119.27688,34.49347],[-119.27776,34.49276],[-119.27783,34.49262],[-119.27777,34.49248],[-119.27745,34.49213],[-119.27642,34.49287],[-119.27576,34.49305],[-119.27522,34.49301],[-119.27419,34.49348],[-119.27346,34.49305],[-119.27316,34.49262],[-119.27247,34.49286],[-119.27213,34.49284],[-119.27196,34.49248],[-119.27157,34.49206],[-119.27219,34.49121],[-119.27231,34.49092],[-119.27226,34.49078],[-119.27182,34.4905],[-119.27161,34.49017],[-119.2711,34.49019],[-119.27075,34.48946],[-119.27051,34.48866],[-119.27041,34.48861],[-119.27016,34.48866],[-119.27022,34.48923],[-119.27007,34.48994],[-119.26975,34.4905],[-119.26985,34.49121],[-119.2702,34.49191],[-119.27021,34.49234],[-119.2699,34.49291],[-119.2692,34.49319],[-119.26916,34.49333],[-119.26932,34.49375],[-119.26921,34.49389],[-119.26852,34.49387],[-119.26835,34.49392],[-119.26801,34.49429],[-119.26784,34.49426],[-119.26746,34.49375],[-119.26733,34.49319],[-119.26715,34.49295],[-119.26663,34.49352],[-119.26629,34.49409],[-119.26587,34.4939],[-119.26543,34.49319],[-119.26526,34.49326],[-119.2648,34.4939],[-119.26457,34.49397],[-119.26407,34.49361],[-119.26406,34.49322],[-119.26396,34.49305],[-119.26338,34.49262],[-119.26334,34.49234],[-119.26355,34.49206],[-119.26346,34.49177],[-119.26269,34.49137],[-119.26197,34.49177],[-119.26189,34.49191],[-119.26202,34.4922],[-119.26198,34.49234],[-119.26156,34.49305],[-119.26148,34.49361],[-119.26114,34.49408],[-119.2609,34.49404],[-119.2608,34.49373],[-119.2605,34.49347],[-119.26033,34.49305],[-119.25994,34.49281],[-119.25942,34.49229],[-119.25925,34.49224],[-119.25861,34.49276],[-119.25846,34.49347],[-119.25822,34.49374],[-119.25719,34.49309],[-119.25671,34.49347],[-119.25651,34.49412],[-119.25633,34.49417],[-119.25599,34.4939],[-119.25582,34.49388],[-119.2553,34.49407],[-119.25521,34.49375],[-119.25532,34.49333],[-119.25473,34.49305],[-119.25513,34.49277],[-119.25563,34.4922],[-119.25559,34.49177],[-119.25586,34.49121],[-119.25579,34.49064],[-119.25556,34.49022],[-119.25563,34.49007],[-119.25599,34.48955],[-119.25678,34.48923],[-119.25692,34.48908],[-119.25704,34.48866],[-119.25752,34.48838],[-119.2574,34.48795],[-119.25757,34.4871],[-119.25768,34.48696],[-119.25841,34.48625],[-119.25942,34.48603],[-119.25977,34.48583],[-119.25977,34.48564],[-119.2596,34.48541],[-119.25805,34.48465],[-119.25788,34.48442],[-119.25776,34.48399],[-119.25754,34.4838],[-119.25736,34.48377],[-119.25651,34.48427],[-119.25547,34.48541],[-119.25544,34.48555],[-119.25599,34.48611],[-119.25636,34.48625],[-119.25646,34.48682],[-119.25586,34.48795],[-119.2553,34.48823],[-119.25501,34.48866],[-119.25462,34.48976],[-119.25445,34.48986],[-119.25431,34.48979],[-119.25423,34.48951],[-119.2538,34.48908],[-119.25342,34.48802],[-119.25324,34.48793],[-119.25239,34.48854],[-119.25204,34.48852],[-119.25187,34.48861],[-119.25136,34.48917],[-119.25084,34.48931],[-119.24985,34.48993],[-119.24947,34.49044],[-119.24912,34.49041],[-119.24878,34.49053],[-119.24911,34.4888],[-119.24913,34.48809],[-119.24895,34.48751],[-119.24878,34.48753],[-119.24809,34.48834],[-119.24792,34.48833],[-119.24741,34.48793],[-119.24689,34.48819],[-119.24672,34.48817],[-119.24645,34.48739],[-119.24603,34.48719],[-119.24586,34.48719],[-119.245,34.48786],[-119.24484,34.48767],[-119.24473,34.48654],[-119.24432,34.48633],[-119.24397,34.48665],[-119.24379,34.48739],[-119.24346,34.48791],[-119.24329,34.48788],[-119.24312,34.48766],[-119.24294,34.48765],[-119.24284,34.48753],[-119.24308,34.48725],[-119.24316,34.48696],[-119.24294,34.48651],[-119.24191,34.48651],[-119.2414,34.48663],[-119.24072,34.4864],[-119.24064,34.48625],[-119.2414,34.48625],[-119.24287,34.48569],[-119.24303,34.48555],[-119.24304,34.48541],[-119.24243,34.48499],[-119.24241,34.48484],[-119.2438,34.48482],[-119.245,34.48463],[-119.24638,34.48488],[-119.24827,34.48465],[-119.24964,34.4847],[-119.24979,34.48456],[-119.24909,34.48385],[-119.24885,34.48328],[-119.24844,34.48296],[-119.24741,34.48283],[-119.24611,34.483],[-119.24552,34.48324],[-119.24432,34.48338],[-119.24277,34.48334],[-119.24243,34.48328],[-119.24174,34.48294],[-119.24164,34.48286],[-119.24153,34.48243],[-119.24123,34.4821],[-119.24088,34.48191],[-119.23985,34.48211],[-119.239,34.48265],[-119.23848,34.48274],[-119.23762,34.48318],[-119.23488,34.48275],[-119.23469,34.483],[-119.23467,34.48385],[-119.23448,34.48413],[-119.23416,34.48427],[-119.23409,34.48442],[-119.23401,34.48484],[-119.23411,34.48526],[-119.23385,34.48593],[-119.23316,34.48554],[-119.23282,34.48583],[-119.23221,34.48526],[-119.23162,34.48513],[-119.23093,34.48477],[-119.23076,34.48485],[-119.23059,34.48518],[-119.23041,34.48521],[-119.22973,34.48477],[-119.22904,34.48517],[-119.22835,34.48518],[-119.22715,34.48497],[-119.22689,34.48512],[-119.22691,34.48541],[-119.22702,34.48555],[-119.22784,34.48587],[-119.22835,34.48599],[-119.22904,34.48601],[-119.22961,34.48625],[-119.22991,34.48654],[-119.23024,34.48712],[-119.23059,34.48727],[-119.23089,34.48767],[-119.23098,34.48824],[-119.23028,34.48908],[-119.23052,34.48937],[-119.2313,34.48979],[-119.23162,34.49015],[-119.23168,34.49036],[-119.23157,34.49078],[-119.23166,34.49107],[-119.23144,34.49119],[-119.23076,34.49118],[-119.23041,34.49135],[-119.23003,34.49206],[-119.23003,34.49234],[-119.22969,34.49262],[-119.22972,34.49276],[-119.23076,34.49348],[-119.23144,34.49359],[-119.23196,34.49348],[-119.23247,34.49383],[-119.23402,34.49385],[-119.23419,34.49388],[-119.23422,34.49404],[-119.23368,34.49463],[-119.2328,34.49531],[-119.23305,34.49559],[-119.23249,34.49616],[-119.23254,34.49658],[-119.23238,34.49672],[-119.2324,34.49687],[-119.23256,34.49701],[-119.23247,34.49719],[-119.23196,34.49724],[-119.23144,34.49683],[-119.23127,34.4968],[-119.23121,34.49729],[-119.2311,34.49742],[-119.23076,34.49723],[-119.23041,34.4972],[-119.23024,34.49757],[-119.23007,34.49762],[-119.22973,34.49732],[-119.2287,34.4973],[-119.22767,34.49702],[-119.22727,34.49715],[-119.22721,34.49786],[-119.22686,34.49814],[-119.22681,34.49828],[-119.22698,34.49852],[-119.22783,34.49899],[-119.22796,34.50012],[-119.22783,34.5004],[-119.22914,34.50153],[-119.22925,34.50182],[-119.22921,34.50205],[-119.22887,34.50185],[-119.22806,34.50182],[-119.22818,34.50224],[-119.2275,34.50251],[-119.22732,34.50246],[-119.22715,34.50225],[-119.22698,34.50227],[-119.22689,34.50238],[-119.22715,34.50276],[-119.22728,34.50281],[-119.22691,34.50309],[-119.22676,34.50337],[-119.22707,34.5038],[-119.22664,34.50382],[-119.22651,34.50394],[-119.22647,34.50451],[-119.22629,34.50451],[-119.22612,34.50424],[-119.22593,34.50323],[-119.22578,34.50304],[-119.22561,34.50299],[-119.22509,34.50345],[-119.22493,34.5038],[-119.22476,34.50394],[-119.22475,34.50444],[-119.22433,34.50422],[-119.22423,34.50385],[-119.22426,34.50323],[-119.22446,34.50281],[-119.22441,34.50271],[-119.22406,34.5026],[-119.22407,34.50238],[-119.22335,34.50224],[-119.22448,34.50111],[-119.22454,34.50097],[-119.22423,34.5007],[-119.22338,34.50059],[-119.22269,34.50073],[-119.22191,34.50069],[-119.22166,34.50053],[-119.22149,34.50014],[-119.22132,34.50004],[-119.22097,34.50006],[-119.22046,34.50028],[-119.21994,34.50025],[-119.21977,34.50033],[-119.21891,34.5002],[-119.21876,34.50012],[-119.21857,34.49951],[-119.21819,34.49927],[-119.21823,34.49897],[-119.21788,34.49876],[-119.21743,34.49885],[-119.2174,34.49899],[-119.21757,34.49927],[-119.21743,34.4997],[-119.21709,34.50012],[-119.2164,34.50054],[-119.2167,34.50125],[-119.2171,34.50182],[-119.21668,34.5021],[-119.21668,34.50267],[-119.21687,34.50295],[-119.2175,34.50337],[-119.21767,34.50422],[-119.21754,34.50443],[-119.21685,34.50379],[-119.2165,34.5038],[-119.21617,34.5042],[-119.21602,34.50408],[-119.21582,34.50362],[-119.21531,34.50326],[-119.21473,34.50337],[-119.21462,34.50213],[-119.21445,34.5022],[-119.21393,34.50276],[-119.21359,34.50295],[-119.21341,34.50224],[-119.21308,34.50184],[-119.21273,34.50168],[-119.21235,34.50182],[-119.212,34.50153],[-119.2116,34.50139],[-119.21102,34.50074],[-119.20999,34.50049],[-119.2093,34.5002],[-119.20876,34.49955],[-119.2088,34.49871],[-119.20861,34.49846],[-119.20844,34.49845],[-119.20758,34.49885],[-119.20736,34.49927],[-119.20764,34.49998],[-119.20818,34.50026],[-119.20845,34.50069],[-119.20835,34.50097],[-119.20783,34.50153],[-119.20812,34.50196],[-119.20798,34.50238],[-119.20819,34.50267],[-119.20818,34.50281],[-119.20803,34.50309],[-119.2084,34.50366],[-119.20843,34.5038],[-119.20828,34.50408],[-119.20837,34.50422],[-119.20898,34.50451],[-119.20899,34.50465],[-119.20866,34.50521],[-119.2095,34.50592],[-119.2097,34.50649],[-119.21,34.50691],[-119.21026,34.50776],[-119.21016,34.50781],[-119.20947,34.50762],[-119.20878,34.50786],[-119.20812,34.5079],[-119.20822,34.50748],[-119.20817,34.50733],[-119.20793,34.50709],[-119.20741,34.50693],[-119.20707,34.5067],[-119.20655,34.50677],[-119.20546,34.50719],[-119.20501,34.50587],[-119.20484,34.50578],[-119.20415,34.50581],[-119.20381,34.50554],[-119.20346,34.50549],[-119.2031,34.50521],[-119.2031,34.50507],[-119.20341,34.50479],[-119.20342,34.50451],[-119.20332,34.50436],[-119.2026,34.50377],[-119.20175,34.5038],[-119.20111,34.50436],[-119.20079,34.50493],[-119.20082,34.50578],[-119.20028,34.50606],[-119.20003,34.50641],[-119.1993,34.50663],[-119.19957,34.50705],[-119.19956,34.50719],[-119.19827,34.50748],[-119.19823,34.50762],[-119.19834,34.50776],[-119.19883,34.50799],[-119.19902,34.50818],[-119.19809,34.50832],[-119.19788,34.50861],[-119.19784,34.50917],[-119.19694,34.50877],[-119.1966,34.50872],[-119.19595,34.50903],[-119.19614,34.50932],[-119.19574,34.50958],[-119.19557,34.50961],[-119.19539,34.50946],[-119.19488,34.50937],[-119.19436,34.50908],[-119.19419,34.50933],[-119.19385,34.50951],[-119.19336,34.50917],[-119.19316,34.50914],[-119.19265,34.5093],[-119.19213,34.50968],[-119.19162,34.5094],[-119.19042,34.50925],[-119.19039,34.50917],[-119.19158,34.50875],[-119.19213,34.5079],[-119.19263,34.50762],[-119.19316,34.50752],[-119.19368,34.50719],[-119.19429,34.50705],[-119.19438,34.50691],[-119.19436,34.50634],[-119.19455,34.5055],[-119.19499,34.50465],[-119.19488,34.50418],[-119.19454,34.50424],[-119.19423,34.50479],[-119.19385,34.50505],[-119.19368,34.50553],[-119.19351,34.50558],[-119.19299,34.50537],[-119.1923,34.50546],[-119.19163,34.50535],[-119.19163,34.50521],[-119.19183,34.50507],[-119.19196,34.50479],[-119.19204,34.50451],[-119.19198,34.50436],[-119.19145,34.50436],[-119.19114,34.50422],[-119.19093,34.50366],[-119.19046,34.50337],[-119.19025,34.50281],[-119.19007,34.50278],[-119.18973,34.50301],[-119.18956,34.50339],[-119.18887,34.50337],[-119.18836,34.50349],[-119.18812,34.50366],[-119.18792,34.50408],[-119.18733,34.50434],[-119.18716,34.50451],[-119.18664,34.50462],[-119.18544,34.50466],[-119.1844,34.50507],[-119.18427,34.50493],[-119.18441,34.50323],[-119.18355,34.5032],[-119.18351,34.50309],[-119.18373,34.50281],[-119.18372,34.50265],[-119.18329,34.50238],[-119.18303,34.50205],[-119.18218,34.50182],[-119.18258,34.50139],[-119.18377,34.50083],[-119.18406,34.5004],[-119.18427,34.50026],[-119.18527,34.49979],[-119.18536,34.49955],[-119.18513,34.49913],[-119.1844,34.49856],[-119.18406,34.49841],[-119.18372,34.498],[-119.18335,34.49786],[-119.18286,34.49722],[-119.1818,34.49658],[-119.18185,34.4963],[-119.18261,34.49531],[-119.18218,34.49526],[-119.18097,34.4957],[-119.18063,34.49555],[-119.18012,34.49548],[-119.1798,34.49531],[-119.17978,34.49517],[-119.1808,34.49453],[-119.18097,34.49389],[-119.18166,34.49366],[-119.18209,34.49333],[-119.18228,34.49305],[-119.18234,34.49276],[-119.18212,34.49206],[-119.18189,34.49177],[-119.18046,34.49124],[-119.18044,34.49022],[-119.18029,34.48986],[-119.17892,34.48993],[-119.1784,34.48984],[-119.17771,34.48934],[-119.17747,34.48894],[-119.17761,34.48809],[-119.17713,34.48725],[-119.17667,34.48682],[-119.17666,34.48668],[-119.17711,34.48611],[-119.17768,34.48583],[-119.17778,34.48569],[-119.17748,34.48526],[-119.17741,34.48498],[-119.17771,34.48374],[-119.17796,34.48314],[-119.17789,34.48308],[-119.17708,34.48328],[-119.17617,34.48397],[-119.17491,34.48413],[-119.1747,34.48427],[-119.17387,34.48512],[-119.17311,34.48611],[-119.17268,34.48625],[-119.17263,34.48682],[-119.17222,34.48722],[-119.17205,34.4876],[-119.17188,34.4877],[-119.17102,34.48769],[-119.17084,34.48781],[-119.17128,34.48824],[-119.17128,34.48838],[-119.17096,34.48852],[-119.17086,34.48866],[-119.17101,34.48937],[-119.17071,34.49007],[-119.17083,34.4905],[-119.17078,34.49064],[-119.16965,34.49044],[-119.1693,34.49047],[-119.1691,34.49078],[-119.16913,34.49149],[-119.16882,34.49163],[-119.16862,34.49202],[-119.16844,34.49199],[-119.1681,34.49161],[-119.16801,34.49206],[-119.16776,34.49213],[-119.16741,34.492],[-119.16707,34.49204],[-119.1669,34.49177],[-119.16673,34.49172],[-119.16604,34.49179],[-119.16603,34.49149],[-119.16553,34.49089],[-119.16518,34.49066],[-119.16484,34.49062],[-119.16469,34.4905],[-119.16467,34.48991],[-119.16364,34.48956],[-119.16295,34.4895],[-119.16292,34.48923],[-119.16312,34.48894],[-119.16364,34.48875],[-119.16407,34.48838],[-119.16388,34.48809],[-119.16391,34.48795],[-119.16435,34.48739],[-119.16412,34.48569],[-119.16393,34.48541],[-119.16347,34.48519],[-119.16278,34.48533],[-119.16244,34.48553],[-119.16192,34.48548],[-119.16123,34.48564],[-119.16089,34.48533],[-119.16067,34.48526],[-119.16066,34.48498],[-119.16055,34.4848],[-119.16003,34.48476]]}},{"type":"Feature","properties":{"m":1040,"index":0},"geometry":{"type":"LineString","coordinates":[[-119.27057,34.49078],[-119.27057,34.49078]]}},{"type":"Feature","properties":{"m":1040,"index":0},"geometry":{"type":"LineString","coordinates":[[-119.25583,34.48866],[-119.25583,34.48866]]}},{"type":"Feature","properties":{"m":1040,"index":0},"geometry":{"type":"LineString","coordinates":[[-119.25682,34.48753],[-119.25682,34.48753]]}},{"type":"Feature","properties":{"m":1040,"index":0},"geometry":{"type":"LineString","coordinates":[[-119.25685,34.48456],[-119.25685,34.48456]]}},{"type":"Feature","properties":{"m":1040,"index":0},"geometry":{"type":"LineString","coordinates":[[-119.33564,34.47819],[-119.33564,34.47819]]}},{"type":"Feature","properties":{"m":1040,"index":0},"geometry":{"type":"LineString","coordinates":[[-119.33993,34.47692],[-119.33925,34.47708],[-119.33891,34.47734],[-119.33902,34.47762],[-119.33814,34.47805],[-119.33815,34.47819],[-119.33855,34.47847],[-119.33839,34.47861],[-119.33667,34.47887],[-119.3359,34.47918],[-119.33667,34.4794],[-119.33719,34.47979],[-119.33736,34.47981],[-119.33787,34.4797],[-119.33856,34.47925],[-119.3389,34.47888],[-119.33993,34.47881]]}},{"type":"Feature","properties":{"m":1040,"index":0},"geometry":{"type":"LineString","coordinates":[[-119.21369,34.52996],[-119.21385,34.52982],[-119.21388,34.52954],[-119.21342,34.52913],[-119.21318,34.52912],[-119.21376,34.52916],[-119.21393,34.52908],[-119.214,34.52912],[-119.21397,34.52954],[-119.21409,34.52996]]}},{"type":"Feature","properties":{"m":1040,"index":0},"geometry":{"type":"LineString","coordinates":[[-119.32647,34.52996],[-119.32648,34.52968],[-119.32637,34.52953],[-119.32586,34.52934],[-119.32534,34.52936],[-119.32466,34.52921],[-119.32414,34.52881],[-119.32328,34.52919],[-119.32294,34.529],[-119.32225,34.52928],[-119.32208,34.52923],[-119.32174,34.52876],[-119.32122,34.52848],[-119.32019,34.52871],[-119.31998,34.52855],[-119.32031,34.52813],[-119.3201,34.52784],[-119.32018,34.5277],[-119.32071,34.52728],[-119.32088,34.52719],[-119.32157,34.52714],[-119.32191,34.52678],[-119.32226,34.52685],[-119.32294,34.52654],[-119.32345,34.52653],[-119.32371,34.52629],[-119.32431,34.52616],[-119.325,34.52571],[-119.32569,34.52553],[-119.32633,34.52502],[-119.32636,34.52487],[-119.32606,34.52473],[-119.32534,34.52466],[-119.32459,34.52445],[-119.32414,34.52406],[-119.32374,34.52388],[-119.32373,34.52374],[-119.32399,34.52332],[-119.32391,34.52289],[-119.32414,34.52279],[-119.32466,34.52277],[-119.32534,34.52216],[-119.32603,34.522],[-119.32653,34.52162],[-119.32668,34.5212],[-119.3264,34.52077],[-119.32691,34.52021],[-119.32661,34.5195],[-119.32689,34.51932],[-119.32705,34.51893],[-119.32757,34.51871],[-119.32753,34.51823],[-119.32855,34.5178],[-119.3286,34.51766],[-119.32701,34.51709],[-119.32709,34.51695],[-119.32841,34.51625],[-119.32859,34.51596],[-119.32852,34.51568],[-119.32826,34.51556],[-119.32775,34.51554],[-119.32723,34.51573],[-119.32669,34.51568],[-119.32569,34.51579],[-119.32559,34.51568],[-119.32561,34.51497],[-119.32507,34.51483],[-119.32505,34.51441],[-119.32521,34.51384],[-119.32517,34.5137],[-119.32475,34.51356],[-119.32474,34.51285],[-119.32532,34.51214],[-119.32522,34.51172],[-119.32534,34.51158],[-119.32589,34.51144],[-119.32608,34.5113],[-119.32617,34.51073],[-119.32517,34.51033],[-119.32483,34.51048],[-119.32395,34.5113],[-119.32328,34.51161],[-119.32277,34.51132],[-119.32242,34.51124],[-119.32174,34.51082],[-119.32122,34.51075],[-119.32068,34.51087],[-119.3207,34.51115],[-119.32117,34.51158],[-119.32122,34.51227],[-119.32084,34.51257],[-119.32065,34.51285],[-119.31995,34.51299],[-119.31951,34.51347],[-119.319,34.5137],[-119.31907,34.51427],[-119.31899,34.51455],[-119.31924,34.51483],[-119.31897,34.51526],[-119.31882,34.51536],[-119.31833,34.5154],[-119.31827,34.51582],[-119.31813,34.51589],[-119.31745,34.51565],[-119.3171,34.51575],[-119.31657,34.51639],[-119.31651,34.51667],[-119.3159,34.51715],[-119.31539,34.51807],[-119.31444,34.51879],[-119.31384,34.51908],[-119.31333,34.51911],[-119.31212,34.5194],[-119.31041,34.51995],[-119.30869,34.51986],[-119.30783,34.52056],[-119.30732,34.5207],[-119.30697,34.52059],[-119.30629,34.52073],[-119.30599,34.52091],[-119.30577,34.5212],[-119.30543,34.52138],[-119.30526,34.52127],[-119.30491,34.52049],[-119.30474,34.52034],[-119.3044,34.52031],[-119.30406,34.52013],[-119.30251,34.52032],[-119.30131,34.52025],[-119.29976,34.51977],[-119.29788,34.51992],[-119.29779,34.52006],[-119.29794,34.52049],[-119.29796,34.52105],[-119.29827,34.52162],[-119.29873,34.522],[-119.30052,34.52289],[-119.30043,34.52304],[-119.29925,34.52314],[-119.29873,34.52287],[-119.29839,34.5229],[-119.29805,34.5231],[-119.2965,34.52286],[-119.29616,34.52313],[-119.29599,34.52365],[-119.29547,34.52402],[-119.2948,34.5236],[-119.29463,34.52318],[-119.29444,34.52298],[-119.2941,34.52298],[-119.2929,34.52359],[-119.29247,34.52417],[-119.29086,34.52487],[-119.28998,34.52545],[-119.28912,34.5258],[-119.28861,34.5257],[-119.28792,34.52588],[-119.2876,34.52671],[-119.28762,34.52685],[-119.28776,34.52714],[-119.28841,34.52784],[-119.28814,34.52841],[-119.28747,34.52841],[-119.28672,34.52911],[-119.28631,34.52968],[-119.28629,34.52982],[-119.28641,34.52996]]}},{"type":"Feature","properties":{"m":1040,"index":0},"geometry":{"type":"LineString","coordinates":[[-119.23699,34.52996],[-119.23704,34.52982],[-119.23731,34.52968],[-119.23728,34.52928],[-119.23694,34.52927],[-119.23625,34.52944],[-119.23591,34.52965],[-119.23573,34.52963],[-119.23505,34.52923],[-119.2347,34.52968],[-119.23436,34.52954],[-119.23419,34.52959],[-119.2339,34.52996]]}},{"type":"Feature","properties":{"m":1040,"index":0},"geometry":{"type":"LineString","coordinates":[[-119.23338,34.52996],[-119.23316,34.52978],[-119.23299,34.52977],[-119.23265,34.52992],[-119.23179,34.52975],[-119.23144,34.52988],[-119.23076,34.52957],[-119.23041,34.52965],[-119.23007,34.52997]]}},{"type":"Feature","properties":{"m":1040,"index":0},"geometry":{"type":"LineString","coordinates":[[-119.22903,34.52996],[-119.2261,34.5294],[-119.22629,34.52923],[-119.2272,34.52912],[-119.22767,34.52885],[-119.22771,34.52855],[-119.22818,34.52855],[-119.22835,34.52836],[-119.2287,34.5284],[-119.22899,34.52827],[-119.22915,34.52813],[-119.22921,34.52776],[-119.2299,34.52772],[-119.23,34.52756],[-119.22995,34.52728],[-119.23059,34.52677],[-119.23144,34.52634],[-119.23156,34.52615],[-119.2315,34.52586],[-119.23128,34.52558],[-119.23097,34.52544],[-119.23123,34.52502],[-119.23127,34.5246],[-119.23196,34.52494],[-119.23305,34.52572],[-119.23333,34.52576],[-119.2335,34.52518],[-119.23368,34.52499],[-119.23488,34.5249],[-119.23573,34.52425],[-119.23642,34.52428],[-119.23663,34.52417],[-119.2368,34.52374],[-119.23671,34.52318],[-119.2369,34.52275],[-119.23711,34.5226],[-119.23848,34.52242],[-119.23892,34.52219],[-119.23947,34.5212],[-119.23962,34.52063],[-119.24003,34.52067],[-119.24063,34.52049],[-119.24108,34.52021],[-119.2414,34.5196],[-119.24243,34.51946],[-119.24357,34.51964],[-119.24415,34.51956],[-119.24535,34.51839],[-119.24633,34.5178],[-119.24754,34.51724],[-119.24813,34.51667],[-119.24815,34.51653],[-119.24739,34.5161],[-119.24655,34.51602],[-119.24594,34.51653],[-119.24577,34.51681],[-119.24518,34.51707],[-119.24466,34.51688],[-119.24429,34.51695],[-119.24415,34.51724],[-119.24383,34.51752],[-119.24346,34.51761],[-119.24312,34.5179],[-119.24209,34.51788],[-119.2414,34.51746],[-119.24071,34.51736],[-119.24037,34.51706],[-119.23968,34.51725],[-119.23951,34.51669],[-119.23882,34.51699],[-119.23877,34.51681],[-119.23903,34.51596],[-119.23958,34.5154],[-119.23968,34.51507],[-119.2402,34.51427],[-119.2401,34.51384],[-119.24015,34.51342],[-119.24003,34.51336],[-119.239,34.51414],[-119.23779,34.51427],[-119.23711,34.51475],[-119.23625,34.51449],[-119.23522,34.51459],[-119.23453,34.51515],[-119.23412,34.5161],[-119.23402,34.51615],[-119.23385,34.51605],[-119.23347,34.51625],[-119.23299,34.51635],[-119.23297,34.51625],[-119.23327,34.51582],[-119.23319,34.51526],[-119.23328,34.51497],[-119.23326,34.51455],[-119.23231,34.51427],[-119.23265,34.51397],[-119.23281,34.51356],[-119.23332,34.51328],[-119.23339,34.51285],[-119.2335,34.51273],[-119.23419,34.51273],[-119.2347,34.5126],[-119.23505,34.51218],[-119.23591,34.51181],[-119.23625,34.5113],[-119.2363,34.51073],[-119.23642,34.51065],[-119.23745,34.51082],[-119.23782,34.51059],[-119.23788,34.51045],[-119.23758,34.51002],[-119.23777,34.50946],[-119.23762,34.50902],[-119.23917,34.50887],[-119.23951,34.50874],[-119.23967,34.50847],[-119.23965,34.50818],[-119.23933,34.50776],[-119.23949,34.50748],[-119.23944,34.50733],[-119.23882,34.50671],[-119.23762,34.50628],[-119.23676,34.5062],[-119.23663,34.50606],[-119.23694,34.5059],[-119.23745,34.50597],[-119.23797,34.50591],[-119.23848,34.50603],[-119.23865,34.50592],[-119.23865,34.50555],[-119.239,34.50567],[-119.23968,34.50623],[-119.24037,34.50651],[-119.24067,34.50649],[-119.24106,34.50627],[-119.24123,34.50644],[-119.24122,34.50677],[-119.2414,34.50708],[-119.2426,34.50743],[-119.24294,34.50734],[-119.24363,34.50742],[-119.24379,34.50733],[-119.2439,34.50663],[-119.24432,34.50646],[-119.24457,34.5062],[-119.24436,34.50578],[-119.24445,34.5055],[-119.24466,34.50537],[-119.24482,34.50564],[-119.24569,34.50621],[-119.24655,34.50656],[-119.24724,34.50702],[-119.24741,34.50705],[-119.24803,34.50677],[-119.24827,34.50646],[-119.24878,34.50617],[-119.24919,34.5055],[-119.24927,34.50521],[-119.24922,34.50507],[-119.24895,34.50488],[-119.24827,34.50466],[-119.24809,34.50429],[-119.24768,34.50422],[-119.24743,34.50394],[-119.247,34.5038],[-119.24713,34.50323],[-119.24732,34.50309],[-119.24733,34.50295],[-119.24724,34.5028],[-119.24654,34.50238],[-119.24726,34.50168],[-119.24664,34.50097],[-119.24775,34.5008],[-119.24809,34.50042],[-119.24827,34.50054],[-119.2485,34.50111],[-119.2493,34.5019],[-119.25015,34.50215],[-119.2505,34.50171],[-119.25118,34.50163],[-119.25153,34.50186],[-119.25195,34.50196],[-119.25213,34.50238],[-119.25273,34.50276],[-119.25324,34.50292],[-119.25427,34.50358],[-119.25484,34.50408],[-119.25499,34.50436],[-119.25476,34.50507],[-119.25479,34.50527],[-119.25572,34.5062],[-119.25609,34.50677],[-119.25685,34.50709],[-119.25736,34.50709],[-119.25751,34.50691],[-119.25745,34.50677],[-119.25729,34.50649],[-119.25693,34.5062],[-119.25679,34.50592],[-119.25691,34.5055],[-119.25688,34.50507],[-119.25668,34.50479],[-119.25672,34.50451],[-119.25655,34.50422],[-119.25659,34.50408],[-119.25679,34.50394],[-119.25719,34.50392],[-119.25771,34.50367],[-119.25821,34.50408],[-119.25891,34.50404],[-119.25905,34.50394],[-119.25822,34.50341],[-119.25788,34.50291],[-119.25732,34.50267],[-119.25731,34.5021],[-119.25751,34.50168],[-119.2572,34.50153],[-119.25605,34.50139],[-119.25643,34.50083],[-119.25719,34.50036],[-119.25743,34.49998],[-119.25743,34.49984],[-119.25729,34.4997],[-119.2564,34.49899],[-119.25754,34.49896],[-119.25857,34.49874],[-119.25908,34.49876],[-119.25939,34.49856],[-119.25994,34.49787],[-119.26011,34.49782],[-119.26063,34.49789],[-119.26114,34.49837],[-119.26166,34.49828],[-119.262,34.49813],[-119.2632,34.49721],[-119.26389,34.4968],[-119.26406,34.49678],[-119.26492,34.49711],[-119.26595,34.49773],[-119.26629,34.49759],[-119.26698,34.49676],[-119.26732,34.49683],[-119.26765,34.49672],[-119.26818,34.49678],[-119.26869,34.49667],[-119.26904,34.49646],[-119.26938,34.49648],[-119.26971,34.49658],[-119.26983,34.49687],[-119.27007,34.49709],[-119.2711,34.49718],[-119.27102,34.49672],[-119.2711,34.49662],[-119.27333,34.49647],[-119.27354,34.4963],[-119.27264,34.49537],[-119.27211,34.49446],[-119.2723,34.49415],[-119.27294,34.49404],[-119.27318,34.4939],[-119.27324,34.49375],[-119.27281,34.49335],[-119.27196,34.49341],[-119.27158,34.49319],[-119.2711,34.49253],[-119.27093,34.49244],[-119.27075,34.49249],[-119.2705,34.49305],[-119.26994,34.49347],[-119.26971,34.49418],[-119.26938,34.49439],[-119.26869,34.49435],[-119.26835,34.49465],[-119.26784,34.49491],[-119.26715,34.49419],[-119.26698,34.49416],[-119.26629,34.49469],[-119.26612,34.49466],[-119.26595,34.49443],[-119.26543,34.49406],[-119.26526,34.4941],[-119.26492,34.4944],[-119.26475,34.49437],[-119.2644,34.49453],[-119.26406,34.49416],[-119.26363,34.49404],[-119.26354,34.49393],[-119.26346,34.49333],[-119.26292,34.4929],[-119.26269,34.49247],[-119.26229,34.4929],[-119.26187,34.4939],[-119.26183,34.49422],[-119.26097,34.4948],[-119.26063,34.49464],[-119.25979,34.49333],[-119.25925,34.49291],[-119.25877,34.49375],[-119.25857,34.4944],[-119.25827,34.49432],[-119.25754,34.49381],[-119.25736,34.49384],[-119.25702,34.49435],[-119.25685,34.49487],[-119.25668,34.49493],[-119.25582,34.49439],[-119.2553,34.4947],[-119.25445,34.49443],[-119.2541,34.49442],[-119.25394,34.49432],[-119.25398,34.49418],[-119.25427,34.49399],[-119.25462,34.49392],[-119.25473,34.49375],[-119.25462,34.49353],[-119.25381,34.49333],[-119.2538,34.49305],[-119.25389,34.4929],[-119.25457,34.49248],[-119.25496,34.49193],[-119.25522,34.49121],[-119.25521,34.49078],[-119.25496,34.49015],[-119.25393,34.49045],[-119.25376,34.49036],[-119.25359,34.48965],[-119.25307,34.48897],[-119.2529,34.48887],[-119.25222,34.48908],[-119.25153,34.48965],[-119.25118,34.48974],[-119.25046,34.49022],[-119.2504,34.49064],[-119.25008,34.49078],[-119.25003,34.49107],[-119.24964,34.49147],[-119.24947,34.49139],[-119.2493,34.49109],[-119.24912,34.49108],[-119.24878,34.49163],[-119.24827,34.49125],[-119.24792,34.49135],[-119.24758,34.49167],[-119.24741,34.49159],[-119.24734,34.49135],[-119.24751,34.49107],[-119.24752,34.49078],[-119.24799,34.4905],[-119.2483,34.49007],[-119.24836,34.48908],[-119.24827,34.48887],[-119.24792,34.4889],[-119.24741,34.4886],[-119.24689,34.48877],[-119.24638,34.48865],[-119.24621,34.48859],[-119.24586,34.48814],[-119.24569,34.48813],[-119.24501,34.48852],[-119.24483,34.48849],[-119.24432,34.48801],[-119.24397,34.48831],[-119.24378,34.48866],[-119.24366,34.48937],[-119.24312,34.48985],[-119.24301,34.48951],[-119.24248,34.4888],[-119.24227,34.48866],[-119.24225,34.48852],[-119.24122,34.48824],[-119.24099,34.48809],[-119.24106,34.48792],[-119.24177,34.48767],[-119.24212,34.48725],[-119.24209,34.4871],[-119.24123,34.48713],[-119.24054,34.48688],[-119.23968,34.48641],[-119.23865,34.48663],[-119.23788,34.4864],[-119.23805,34.48625],[-119.23883,34.48597],[-119.23889,34.48555],[-119.239,34.48549],[-119.23934,34.48551],[-119.23968,34.48535],[-119.2402,34.48561],[-119.24071,34.48559],[-119.24106,34.48571],[-119.24189,34.48541],[-119.24131,34.48484],[-119.24108,34.48427],[-119.24123,34.48416],[-119.24191,34.48427],[-119.24312,34.48426],[-119.24363,34.48414],[-119.24415,34.48388],[-119.245,34.4839],[-119.24672,34.48415],[-119.24878,34.48414],[-119.24877,34.48399],[-119.24827,34.48347],[-119.24635,34.48342],[-119.24586,34.48361],[-119.24415,34.48384],[-119.24226,34.48365],[-119.24121,34.48314],[-119.24094,34.48258],[-119.24071,34.48248],[-119.24003,34.4826],[-119.23917,34.48298],[-119.23865,34.48309],[-119.23779,34.48351],[-119.23745,34.48356],[-119.23694,34.48351],[-119.23659,34.48337],[-119.23642,34.48343],[-119.23608,34.48332],[-119.23522,34.48327],[-119.23522,34.48371],[-119.23475,34.4847],[-119.23494,34.48498],[-119.2349,34.48541],[-119.23449,34.48569],[-119.23426,34.48625],[-119.23402,34.48651],[-119.23375,34.48654],[-119.23333,34.48612],[-119.23299,34.48632],[-119.23282,34.48631],[-119.23196,34.4858],[-119.23179,34.4859],[-119.23127,34.48585],[-119.23062,34.48611],[-119.2309,34.48654],[-119.23134,34.48696],[-119.23138,34.48739],[-119.23157,34.48781],[-119.23153,34.48838],[-119.23119,34.48894],[-119.23238,34.49022],[-119.23254,34.49078],[-119.23244,34.49107],[-119.23196,34.49157],[-119.23127,34.49157],[-119.2311,34.49165],[-119.23097,34.49191],[-119.23099,34.49234],[-119.23088,34.49276],[-119.2311,34.49293],[-119.23144,34.49301],[-119.23213,34.49298],[-119.23265,34.49333],[-119.23453,34.49347],[-119.23506,34.49375],[-119.23507,34.4939],[-119.23385,34.49517],[-119.23408,34.49545],[-119.23299,34.4964],[-119.23308,34.49672],[-119.23385,34.49699],[-119.23397,34.49715],[-119.23316,34.49727],[-119.23265,34.49763],[-119.23196,34.49762],[-119.23184,34.49771],[-119.23181,34.49814],[-119.23144,34.49833],[-119.23112,34.49814],[-119.23093,34.49785],[-119.23076,34.49786],[-119.23057,34.49828],[-119.23041,34.49838],[-119.2299,34.49828],[-119.22938,34.49794],[-119.22853,34.49785],[-119.22818,34.49793],[-119.22772,34.49828],[-119.22784,34.49844],[-119.22841,34.49871],[-119.22849,34.49885],[-119.2285,34.49955],[-119.22881,34.49998],[-119.2288,34.50012],[-119.22857,34.5004],[-119.22865,34.50054],[-119.22938,34.50093],[-119.22969,34.50125],[-119.22984,34.50153],[-119.2299,34.502],[-119.23125,34.50252],[-119.23093,34.50267],[-119.23024,34.50266],[-119.2299,34.50308],[-119.22973,34.50311],[-119.22964,34.50295],[-119.22981,34.50281],[-119.22973,34.50263],[-119.22904,34.50257],[-119.2287,34.50243],[-119.22825,34.50267],[-119.22843,34.50309],[-119.22847,34.50352],[-119.22904,34.50369],[-119.22931,34.50394],[-119.22936,34.50408],[-119.22922,34.50451],[-119.22904,34.5045],[-119.22871,34.50422],[-119.22849,34.50422],[-119.22835,34.50459],[-119.22818,34.50454],[-119.22785,34.50422],[-119.2275,34.50421],[-119.22732,34.5043],[-119.22717,34.50465],[-119.22723,34.50507],[-119.22696,34.50521],[-119.22681,34.50564],[-119.22647,34.50578],[-119.22662,34.50634],[-119.2264,34.50634],[-119.22595,34.50572],[-119.22554,34.5055],[-119.22555,34.50493],[-119.22544,34.50479],[-119.22512,34.50507],[-119.22504,34.50535],[-119.22456,34.50578],[-119.22458,34.50642],[-119.22406,34.50611],[-119.22389,34.50606],[-119.22372,34.50618],[-119.22355,34.50606],[-119.22351,34.50592],[-119.22372,34.50568],[-119.22401,34.50493],[-119.22401,34.50479],[-119.22389,34.5047],[-119.22339,34.50451],[-119.22364,34.50408],[-119.22359,34.50366],[-119.22376,34.50323],[-119.22372,34.50315],[-119.22355,34.50315],[-119.2232,34.50324],[-119.22313,34.50267],[-119.22289,34.50252],[-119.22252,34.50252],[-119.22244,34.50238],[-119.22332,34.50153],[-119.22344,34.50125],[-119.222,34.5013],[-119.22166,34.50107],[-119.22125,34.50097],[-119.22099,34.50054],[-119.21977,34.50072],[-119.21891,34.50056],[-119.21847,34.5004],[-119.21805,34.49989],[-119.21751,34.50026],[-119.21726,34.50054],[-119.21724,34.50069],[-119.21736,34.50125],[-119.21801,34.50182],[-119.21806,34.50224],[-119.21774,34.50281],[-119.21804,34.50323],[-119.21812,34.5038],[-119.21832,34.50408],[-119.21814,34.50451],[-119.21841,34.50479],[-119.21805,34.50506],[-119.21791,34.5055],[-119.21771,34.5056],[-119.21756,34.50507],[-119.21709,34.50479],[-119.21685,34.50444],[-119.21651,34.50459],[-119.21617,34.50494],[-119.21547,34.50493],[-119.21551,34.50451],[-119.21526,34.50408],[-119.21479,34.50391],[-119.21428,34.50412],[-119.21417,34.50408],[-119.21411,34.5035],[-119.21393,34.50341],[-119.21325,34.50385],[-119.21308,34.50384],[-119.2129,34.5028],[-119.21222,34.5026],[-119.2117,34.50219],[-119.21118,34.5021],[-119.21033,34.50124],[-119.20964,34.50139],[-119.20872,34.50196],[-119.20863,34.50323],[-119.20904,34.50394],[-119.20946,34.50436],[-119.20939,34.50521],[-119.21001,34.50578],[-119.21054,34.50677],[-119.2108,34.50748],[-119.21144,34.50804],[-119.21119,34.50832],[-119.20999,34.50824],[-119.20947,34.50808],[-119.20896,34.50823],[-119.20844,34.50816],[-119.2081,34.50857],[-119.20775,34.50863],[-119.20781,34.50818],[-119.20764,34.5079],[-119.20758,34.50756],[-119.20725,34.50733],[-119.20672,34.50733],[-119.20552,34.5077],[-119.20501,34.50771],[-119.20484,34.50762],[-119.20483,34.50691],[-119.20456,34.50634],[-119.20398,34.50626],[-119.20271,34.5055],[-119.20262,34.50521],[-119.20289,34.50479],[-119.20287,34.50465],[-119.2026,34.50448],[-119.20226,34.50446],[-119.20192,34.50455],[-119.2015,34.50493],[-119.20138,34.50521],[-119.20139,34.50578],[-119.20086,34.50634],[-119.20072,34.50663],[-119.2008,34.50691],[-119.20143,34.50776],[-119.20149,34.5079],[-119.2014,34.50803],[-119.20003,34.50806],[-119.19983,34.50818],[-119.19986,34.50867],[-119.19934,34.50863],[-119.19859,34.50875],[-119.19835,34.50903],[-119.19831,34.50932],[-119.19842,34.5096],[-119.19831,34.50969],[-119.19763,34.50951],[-119.19728,34.50928],[-119.19694,34.50923],[-119.19676,34.50932],[-119.19669,34.5096],[-119.19636,34.50974],[-119.1963,34.50988],[-119.19591,34.51],[-119.19574,34.51033],[-119.19556,34.51031],[-119.19522,34.50983],[-119.19454,34.50966],[-119.19432,34.50974],[-119.19402,34.51007],[-119.19333,34.50982],[-119.19282,34.50984],[-119.19263,34.51002],[-119.19265,34.51035],[-119.19248,34.51041],[-119.19093,34.50979],[-119.18956,34.50982],[-119.18904,34.50999],[-119.18846,34.50974],[-119.18861,34.5096],[-119.18904,34.50954],[-119.18956,34.50929],[-119.19007,34.5087],[-119.19059,34.50852],[-119.19125,34.50847],[-119.1914,34.50804],[-119.19182,34.50762],[-119.19338,34.50691],[-119.19372,34.50649],[-119.19374,34.5062],[-119.19333,34.50617],[-119.19282,34.50598],[-119.1923,34.50599],[-119.19162,34.50578],[-119.19093,34.50597],[-119.19083,34.50592],[-119.19118,34.50479],[-119.19068,34.50451],[-119.19042,34.50403],[-119.19007,34.50378],[-119.1899,34.50398],[-119.18987,34.50451],[-119.18956,34.50476],[-119.18853,34.50483],[-119.18801,34.50503],[-119.18733,34.50506],[-119.18698,34.50519],[-119.18562,34.50521],[-119.18509,34.50545],[-119.18475,34.50542],[-119.18389,34.50564],[-119.18374,34.5055],[-119.18383,34.50521],[-119.1839,34.5038],[-119.18372,34.50368],[-119.18266,34.5038],[-119.18261,34.50366],[-119.18283,34.50295],[-119.18278,34.50281],[-119.18221,34.50224],[-119.18138,34.5021],[-119.18122,34.50196],[-119.18207,34.50139],[-119.18216,34.50111],[-119.18269,34.50105],[-119.18329,34.50069],[-119.18389,34.49988],[-119.18441,34.49951],[-119.18446,34.49927],[-119.18349,34.49842],[-119.18292,34.49814],[-119.18253,34.49757],[-119.18218,34.49727],[-119.18142,34.49701],[-119.18127,34.49672],[-119.18126,34.49616],[-119.18012,34.49595],[-119.17867,34.49588],[-119.17863,34.49573],[-119.17885,34.49517],[-119.17934,34.49474],[-119.1796,34.49432],[-119.18007,34.49418],[-119.18028,34.49361],[-119.18126,34.49305],[-119.18143,34.49262],[-119.18115,34.49225],[-119.17994,34.49157],[-119.17987,34.49078],[-119.17977,34.49069],[-119.17771,34.49023],[-119.17716,34.48979],[-119.17687,34.48937],[-119.17674,34.48767],[-119.17608,34.48696],[-119.17607,34.48682],[-119.17651,34.48594],[-119.17694,34.48555],[-119.17683,34.48498],[-119.17703,34.48431],[-119.17703,34.48399],[-119.17668,34.4841],[-119.17601,34.48456],[-119.17548,34.48472],[-119.17497,34.48555],[-119.17411,34.48595],[-119.17359,34.4865],[-119.17324,34.48668],[-119.17312,34.4871],[-119.17287,34.48739],[-119.1728,34.48767],[-119.1729,34.48838],[-119.17281,34.48894],[-119.17188,34.48917],[-119.17136,34.48958],[-119.17124,34.49007],[-119.17141,34.4905],[-119.17126,34.49078],[-119.17125,34.49121],[-119.17102,34.49128],[-119.17068,34.4911],[-119.17033,34.49108],[-119.16982,34.49155],[-119.16982,34.4922],[-119.16965,34.49229],[-119.1693,34.49216],[-119.16896,34.49265],[-119.16862,34.49277],[-119.16827,34.49309],[-119.16793,34.49291],[-119.16724,34.49293],[-119.1669,34.49308],[-119.16621,34.49267],[-119.16553,34.49269],[-119.16501,34.49251],[-119.16521,34.49177],[-119.165,34.49149],[-119.16395,34.49092],[-119.16401,34.4905],[-119.16381,34.4902],[-119.16329,34.48997],[-119.16222,34.48993],[-119.16225,34.48979],[-119.16247,34.48965],[-119.16251,34.48951],[-119.16238,34.48923],[-119.16264,34.48894],[-119.16265,34.48866],[-119.16278,34.48852],[-119.16329,34.48851],[-119.16335,34.48838],[-119.1633,34.48809],[-119.16348,34.48739],[-119.16326,34.48654],[-119.16329,34.48595],[-119.16295,34.48588],[-119.16192,34.4861],[-119.16123,34.48636],[-119.16106,34.48633],[-119.16072,34.48597],[-119.1602,34.48596],[-119.16001,34.48583]]}},{"type":"Feature","properties":{"m":1080,"index":0},"geometry":{"type":"LineString","coordinates":[[-119.3222,34.51186],[-119.32213,34.51285],[-119.32139,34.51347],[-119.32122,34.51353],[-119.32071,34.51347],[-119.32047,34.51356],[-119.32004,34.51412],[-119.31998,34.51469],[-119.3201,34.51511],[-119.31969,34.51568],[-119.31905,34.51596],[-119.31888,34.51639],[-119.3183,34.51651],[-119.31779,34.51645],[-119.31745,34.51723],[-119.31642,34.51774],[-119.31597,34.51865],[-119.31551,34.51907],[-119.31401,34.51968],[-119.31367,34.51962],[-119.31264,34.51993],[-119.31167,34.52006],[-119.30972,34.52094],[-119.30921,34.52094],[-119.308,34.52119],[-119.30749,34.52188],[-119.30663,34.52168],[-119.30577,34.52184],[-119.30526,34.52217],[-119.30509,34.52216],[-119.30459,34.52091],[-119.3044,34.52075],[-119.30337,34.52086],[-119.30253,34.52077],[-119.30148,34.5208],[-119.30028,34.52043],[-119.29976,34.52043],[-119.29942,34.52065],[-119.29933,34.52091],[-119.29941,34.52134],[-119.29959,34.52162],[-119.30028,34.52197],[-119.30097,34.52212],[-119.30182,34.52213],[-119.30234,34.52244],[-119.30303,34.52298],[-119.30339,34.52346],[-119.30339,34.5236],[-119.30303,34.52408],[-119.30285,34.52411],[-119.30268,34.52365],[-119.30251,34.52351],[-119.30217,34.52353],[-119.30165,34.52373],[-119.30028,34.52386],[-119.29994,34.52368],[-119.29891,34.52358],[-119.29888,34.52403],[-119.29873,34.52438],[-119.29856,34.52441],[-119.29822,34.52422],[-119.29788,34.52429],[-119.2977,34.52423],[-119.29736,34.52392],[-119.29685,34.524],[-119.2965,34.5243],[-119.29596,34.52431],[-119.29576,34.52445],[-119.29587,34.52487],[-119.29582,34.52518],[-119.29564,34.52512],[-119.29479,34.52435],[-119.29427,34.52409],[-119.29393,34.52415],[-119.29234,34.52487],[-119.28981,34.52629],[-119.28896,34.52657],[-119.2889,34.52671],[-119.28897,34.527],[-119.28955,34.52756],[-119.28956,34.5277],[-119.28919,34.52798],[-119.28914,34.52827],[-119.28887,34.52855],[-119.28878,34.52924],[-119.28861,34.52935],[-119.28826,34.52932],[-119.28798,34.52954],[-119.28809,34.52997]]}},{"type":"Feature","properties":{"m":1080,"index":0},"geometry":{"type":"LineString","coordinates":[[-119.32483,34.52997],[-119.32496,34.52982],[-119.32476,34.52968],[-119.32397,34.5295],[-119.32328,34.52971],[-119.32277,34.5296],[-119.32191,34.52987],[-119.32122,34.52915],[-119.32088,34.52914],[-119.32036,34.52934],[-119.31951,34.52934],[-119.31916,34.52908],[-119.31872,34.52897],[-119.31881,34.52869],[-119.31932,34.52841],[-119.31941,34.52827],[-119.31923,34.52784],[-119.31939,34.5277],[-119.31951,34.52727],[-119.31998,34.52714],[-119.32036,34.52681],[-119.32122,34.52665],[-119.32157,34.52625],[-119.32225,34.52627],[-119.3226,34.526],[-119.32311,34.52589],[-119.32328,34.52562],[-119.32345,34.52557],[-119.3238,34.52572],[-119.32397,34.52569],[-119.32485,34.52516],[-119.32414,34.52478],[-119.3238,34.52434],[-119.32345,34.52426],[-119.32294,34.52396],[-119.32295,34.52374],[-119.32331,34.52318],[-119.32332,34.52247],[-119.32389,34.52204],[-119.32477,34.52176],[-119.32569,34.52118],[-119.32614,34.52006],[-119.32585,34.51936],[-119.32588,34.51922],[-119.3262,34.51899],[-119.32637,34.51858],[-119.32728,34.51766],[-119.32641,34.51709],[-119.32639,34.51695],[-119.32706,34.51625],[-119.32672,34.51617],[-119.32525,34.51625],[-119.32498,34.51582],[-119.32508,34.5154],[-119.32448,34.51505],[-119.32444,34.51469],[-119.32454,34.51427],[-119.32448,34.51398],[-119.32398,34.5137],[-119.32405,34.51271],[-119.3244,34.512],[-119.32397,34.51194],[-119.32328,34.51211],[-119.3226,34.51181],[-119.32242,34.51177],[-119.3222,34.51186]]}},{"type":"Feature","properties":{"m":1080,"index":0},"geometry":{"type":"LineString","coordinates":[[-119.16003,34.52743],[-119.16041,34.52742],[-119.16001,34.5277]]}},{"type":"Feature","properties":{"m":1080,"index":0},"geometry":{"type":"LineString","coordinates":[[-119.1741,34.52996],[-119.17411,34.52966],[-119.17445,34.52998]]}},{"type":"Feature","properties":{"m":1080,"index":0},"geometry":{"type":"LineString","coordinates":[[-119.18015,34.52996],[-119.18061,34.52897],[-119.18057,34.52855],[-119.18037,34.52813],[-119.18041,34.52798],[-119.1808,34.52778],[-119.18135,34.52869],[-119.18165,34.5294],[-119.182,34.52964],[-119.18235,34.5297],[-119.18321,34.52937],[-119.18338,34.52871],[-119.18379,34.52855],[-119.1838,34.52841],[-119.18358,34.52813],[-119.18373,34.52798],[-119.18393,34.52798],[-119.18424,34.52825],[-119.18458,34.52824],[-119.18578,34.52769],[-119.1863,34.52796],[-119.18653,34.52798],[-119.18595,34.52801],[-119.18561,34.52813],[-119.18492,34.52887],[-119.18424,34.52913],[-119.18413,34.52926],[-119.18441,34.5297],[-119.18492,34.52982],[-119.18681,34.52931],[-119.19042,34.52924],[-119.19034,34.5294],[-119.19005,34.52954],[-119.18939,34.52983],[-119.18881,34.52996]]}},{"type":"Feature","properties":{"m":1080,"index":0},"geometry":{"type":"LineString","coordinates":[[-119.21256,34.52998],[-119.21213,34.52982],[-119.21212,34.52968],[-119.21187,34.52958],[-119.21135,34.52968],[-119.21102,34.52988],[-119.20999,34.52978],[-119.20896,34.52991],[-119.20793,34.52991],[-119.20724,34.5296],[-119.20646,34.5294],[-119.20655,34.52917],[-119.20672,34.5291],[-119.20707,34.52923],[-119.2081,34.52925],[-119.20878,34.52901],[-119.20999,34.52886],[-119.21067,34.52865],[-119.2117,34.52816],[-119.21187,34.52778],[-119.21239,34.52784],[-119.21244,34.5277],[-119.21225,34.52742],[-119.21231,34.52714],[-119.21222,34.52705],[-119.21187,34.52693],[-119.2114,34.527],[-119.21128,34.52671],[-119.21067,34.52647],[-119.21034,34.52615],[-119.21136,34.5262],[-119.21196,34.52601],[-119.21156,34.52502],[-119.2117,34.52492],[-119.21222,34.52524],[-119.21239,34.52513],[-119.21257,34.52487],[-119.21246,34.52445],[-119.21269,34.52417],[-119.21273,34.52394],[-119.2129,34.524],[-119.21297,34.52445],[-119.21343,34.52473],[-119.21318,34.52502],[-119.21303,34.52558],[-119.21342,34.52586],[-119.21393,34.52579],[-119.21398,34.52601],[-119.21376,34.52623],[-119.2137,34.52643],[-119.21462,34.5271],[-119.21514,34.52718],[-119.21548,34.527],[-119.21599,34.52654],[-119.21617,34.52652],[-119.21617,34.527],[-119.21596,34.52742],[-119.21617,34.52769],[-119.21651,34.5277],[-119.21702,34.52797],[-119.21823,34.52826],[-119.21943,34.52874],[-119.22046,34.5287],[-119.22132,34.52841],[-119.22126,34.52883],[-119.22142,34.52912],[-119.22097,34.52974],[-119.22046,34.52948],[-119.21874,34.52958],[-119.21816,34.5294],[-119.21582,34.52931],[-119.21531,34.52939],[-119.21502,34.52954],[-119.21489,34.52968],[-119.21486,34.52996]]}},{"type":"Feature","properties":{"m":1080,"index":0},"geometry":{"type":"LineString","coordinates":[[-119.22647,34.53],[-119.22526,34.52977],[-119.22389,34.52972],[-119.22329,34.5294],[-119.22331,34.52912],[-119.22355,34.52887],[-119.22389,34.52887],[-119.22441,34.52865],[-119.22475,34.52877],[-119.22492,34.52862],[-119.22526,34.52881],[-119.22538,34.52869],[-119.22544,34.5284],[-119.22561,34.52839],[-119.22612,34.52863],[-119.22647,34.52849],[-119.22681,34.52862],[-119.22698,34.52854],[-119.22706,34.52827],[-119.22732,34.52795],[-119.22784,34.52795],[-119.22818,34.52784],[-119.22836,34.5277],[-119.22855,34.52728],[-119.22931,34.527],[-119.23024,34.52628],[-119.23054,34.52615],[-119.23053,34.52601],[-119.23024,34.52587],[-119.23013,34.52558],[-119.23025,34.52516],[-119.23023,34.52487],[-119.23059,34.52485],[-119.23068,34.52473],[-119.23076,34.52381],[-119.23147,34.52431],[-119.23196,34.52446],[-119.23265,34.52489],[-119.23299,34.52496],[-119.23333,34.5246],[-119.23385,34.52448],[-119.23555,34.52346],[-119.23625,34.52285],[-119.23645,34.52219],[-119.23762,34.52195],[-119.23797,34.52156],[-119.23843,34.52134],[-119.23851,34.5212],[-119.23849,34.52035],[-119.23968,34.51934],[-119.24071,34.51902],[-119.2426,34.51902],[-119.24363,34.5189],[-119.24444,34.51837],[-119.24511,34.51766],[-119.24483,34.51753],[-119.24449,34.5176],[-119.24329,34.51832],[-119.24209,34.51831],[-119.24123,34.5179],[-119.24037,34.5177],[-119.24003,34.51767],[-119.23934,34.51782],[-119.23917,34.51722],[-119.23831,34.51755],[-119.23826,34.51667],[-119.23845,34.51596],[-119.23888,34.51497],[-119.23888,34.51483],[-119.23865,34.51467],[-119.23814,34.51474],[-119.23745,34.51519],[-119.23625,34.51516],[-119.23556,34.51534],[-119.2348,34.5161],[-119.23471,34.51639],[-119.23481,34.51695],[-119.2347,34.51708],[-119.23453,34.5171],[-119.23414,34.51681],[-119.23368,34.51669],[-119.23196,34.5169],[-119.23132,34.51681],[-119.23216,34.51625],[-119.23244,34.51568],[-119.23256,34.51483],[-119.23245,34.51469],[-119.23144,34.51461],[-119.23117,34.51455],[-119.23109,34.51441],[-119.23191,34.51384],[-119.23198,34.51356],[-119.23192,34.51328],[-119.23238,34.51313],[-119.23252,34.51299],[-119.23255,34.51271],[-119.23242,34.51243],[-119.23247,34.51224],[-119.23436,34.51203],[-119.2347,34.51171],[-119.23527,34.51158],[-119.23566,34.51115],[-119.23572,34.51073],[-119.23595,34.51031],[-119.23608,34.51025],[-119.23676,34.51032],[-119.23694,34.51017],[-119.23693,34.50974],[-119.23716,34.50932],[-119.237,34.50875],[-119.23745,34.50858],[-119.23865,34.50841],[-119.23888,34.50832],[-119.23897,34.50818],[-119.2388,34.50776],[-119.23895,34.50733],[-119.23882,34.50722],[-119.23642,34.50661],[-119.23608,34.50662],[-119.23556,34.50685],[-119.23539,34.50684],[-119.2354,34.50649],[-119.23527,34.5062],[-119.23534,34.50606],[-119.23574,34.50606],[-119.23642,34.50568],[-119.23659,34.50527],[-119.23676,34.50525],[-119.23707,34.5055],[-119.23728,34.50555],[-119.238,34.5055],[-119.23811,34.50535],[-119.23814,34.50475],[-119.23848,34.50476],[-119.23882,34.50459],[-119.239,34.50503],[-119.23934,34.50509],[-119.23963,34.5055],[-119.2402,34.50586],[-119.24054,34.50587],[-119.24106,34.50557],[-119.24171,34.50578],[-119.24196,34.5062],[-119.24191,34.50667],[-119.24243,34.50692],[-119.24329,34.50696],[-119.24341,34.50677],[-119.24336,34.50634],[-119.2439,34.50606],[-119.24379,34.50578],[-119.24396,34.50507],[-119.24358,34.50465],[-119.24346,34.5042],[-119.24363,34.50416],[-119.24449,34.50441],[-119.24514,34.50493],[-119.24586,34.50568],[-119.24758,34.50644],[-119.24792,34.50597],[-119.24835,34.50578],[-119.24837,34.50535],[-119.24775,34.50479],[-119.24724,34.50461],[-119.24696,34.50422],[-119.24655,34.50401],[-119.24636,34.5038],[-119.24661,34.50337],[-119.24661,34.50295],[-119.24644,34.50281],[-119.24593,34.50267],[-119.24587,34.50252],[-119.24661,34.50153],[-119.24559,34.50069],[-119.24558,34.50054],[-119.24586,34.50044],[-119.24603,34.50025],[-119.24672,34.50049],[-119.24724,34.50031],[-119.24758,34.50035],[-119.24827,34.49982],[-119.24844,34.49983],[-119.2486,34.49998],[-119.2493,34.5014],[-119.24964,34.50145],[-119.24981,34.5012],[-119.24998,34.50112],[-119.25084,34.50123],[-119.2517,34.50105],[-119.25204,34.50144],[-119.25245,34.50153],[-119.25297,34.50238],[-119.25376,34.50265],[-119.25479,34.50329],[-119.25565,34.50422],[-119.25568,34.50465],[-119.25543,34.50507],[-119.25544,34.50521],[-119.25599,34.50576],[-119.25616,34.50566],[-119.25623,34.50535],[-119.2561,34.50507],[-119.2561,34.50451],[-119.25593,34.50408],[-119.25593,34.5038],[-119.2569,34.50323],[-119.2564,34.50281],[-119.25641,34.50267],[-119.25673,34.50224],[-119.25668,34.50202],[-119.25515,34.50182],[-119.25532,34.50125],[-119.25565,34.50097],[-119.25589,34.50054],[-119.25654,34.49998],[-119.25651,34.4998],[-119.25599,34.49922],[-119.25528,34.49885],[-119.25534,34.49871],[-119.25616,34.49848],[-119.25719,34.49854],[-119.25857,34.49821],[-119.25891,34.49821],[-119.25959,34.49729],[-119.25977,34.4972],[-119.26063,34.4972],[-119.26166,34.49759],[-119.26256,34.49701],[-119.26317,34.49644],[-119.26354,34.49633],[-119.26461,34.49644],[-119.26578,34.49688],[-119.26595,34.49678],[-119.26612,34.49639],[-119.26715,34.49585],[-119.26818,34.49611],[-119.26904,34.49586],[-119.2699,34.49605],[-119.27024,34.49625],[-119.27093,34.49597],[-119.27213,34.49601],[-119.27238,34.49588],[-119.27233,34.49573],[-119.2716,34.49474],[-119.27154,34.49446],[-119.27167,34.4939],[-119.27127,34.49352],[-119.2711,34.49341],[-119.27075,34.49359],[-119.2705,34.4939],[-119.27032,34.49446],[-119.2699,34.49475],[-119.26955,34.49492],[-119.26871,34.49503],[-119.26818,34.49545],[-119.26749,34.49541],[-119.26715,34.49497],[-119.26698,34.49491],[-119.26646,34.49511],[-119.26578,34.49507],[-119.26543,34.4948],[-119.26509,34.49493],[-119.26475,34.49489],[-119.26406,34.49501],[-119.26372,34.49458],[-119.26337,34.49455],[-119.2631,34.49432],[-119.26298,34.49418],[-119.26294,34.49361],[-119.26269,34.49349],[-119.2625,34.49375],[-119.26255,34.49432],[-119.26246,34.4946],[-119.26234,34.49472],[-119.26183,34.49487],[-119.26114,34.49533],[-119.26038,34.49517],[-119.25987,34.49446],[-119.25942,34.4941],[-119.25925,34.49419],[-119.25874,34.49488],[-119.25855,34.49489],[-119.25788,34.49464],[-119.25771,34.49468],[-119.25719,34.4952],[-119.25651,34.49548],[-119.25616,34.4951],[-119.25582,34.49494],[-119.25513,34.49517],[-119.25427,34.49487],[-119.25376,34.49515],[-119.25359,34.49512],[-119.25317,34.49474],[-119.25314,34.4946],[-119.25345,34.49432],[-119.25361,34.49375],[-119.25318,34.49347],[-119.25322,34.49276],[-119.25398,34.4922],[-119.25462,34.49112],[-119.2546,34.49078],[-119.25434,34.49078],[-119.25379,34.49107],[-119.25342,34.49112],[-119.2532,34.4905],[-119.25317,34.49007],[-119.25273,34.48966],[-119.25239,34.48962],[-119.25187,34.48997],[-119.25128,34.49022],[-119.25118,34.49035],[-119.25114,34.49078],[-119.25076,34.49107],[-119.25027,34.49177],[-119.25015,34.49222],[-119.24981,34.49229],[-119.2493,34.49203],[-119.24895,34.49252],[-119.24878,34.49246],[-119.24844,34.49201],[-119.24809,34.49195],[-119.24775,34.4923],[-119.24706,34.4927],[-119.2469,34.49234],[-119.24672,34.4922],[-119.24691,34.49177],[-119.24679,34.49135],[-119.24687,34.49107],[-119.24656,34.4905],[-119.24758,34.49008],[-119.24771,34.48993],[-119.24766,34.48951],[-119.24724,34.48919],[-119.24603,34.48911],[-119.24552,34.48882],[-119.245,34.48907],[-119.24449,34.48886],[-119.24432,34.48892],[-119.24415,34.48953],[-119.24389,34.48979],[-119.24367,34.49022],[-119.2428,34.49078],[-119.24243,34.49089],[-119.24226,34.49118],[-119.24209,34.49114],[-119.24178,34.49092],[-119.24232,34.49007],[-119.24228,34.48979],[-119.24209,34.48954],[-119.24123,34.4889],[-119.24015,34.48852],[-119.23934,34.48809],[-119.2394,34.48795],[-119.2402,34.48765],[-119.24029,34.48753],[-119.24003,34.4873],[-119.23934,34.48702],[-119.23831,34.48703],[-119.23804,34.4871],[-119.23676,34.48782],[-119.23664,34.48767],[-119.23703,34.48668],[-119.23708,34.48597],[-119.23814,34.48557],[-119.23806,34.48512],[-119.23814,34.48504],[-119.239,34.48495],[-119.23951,34.48454],[-119.24003,34.48478],[-119.24037,34.48478],[-119.24052,34.4847],[-119.24032,34.48442],[-119.2404,34.48371],[-119.24071,34.48363],[-119.2414,34.48371],[-119.24136,34.48357],[-119.24088,34.4833],[-119.24054,34.48293],[-119.2397,34.48314],[-119.23814,34.48392],[-119.23745,34.48411],[-119.23728,34.48413],[-119.23676,34.48392],[-119.23642,34.48415],[-119.23591,34.48379],[-119.23573,34.48386],[-119.23564,34.48413],[-119.2356,34.48555],[-119.23488,34.48633],[-119.23436,34.48706],[-119.23402,34.4871],[-119.2323,34.48658],[-119.2321,34.48668],[-119.23231,34.48725],[-119.23237,34.48781],[-119.23209,34.48894],[-119.2325,34.48951],[-119.23333,34.49007],[-119.23356,34.49064],[-119.23273,34.49149],[-119.23247,34.49202],[-119.23207,34.4922],[-119.23208,34.49234],[-119.23265,34.49265],[-119.23316,34.49278],[-119.23436,34.49284],[-119.23522,34.493],[-119.23532,34.49305],[-119.23539,34.49342],[-119.2358,34.49361],[-119.23568,34.4939],[-119.23476,34.49489],[-119.23471,34.49503],[-119.23505,34.49534],[-119.23399,34.49616],[-119.23382,34.49644],[-119.23436,34.49663],[-119.23518,34.49672],[-119.2354,34.49687],[-119.2347,34.49726],[-119.23453,34.49772],[-119.23385,34.49783],[-119.23265,34.49823],[-119.23234,34.49871],[-119.23196,34.49901],[-119.23144,34.49883],[-119.23127,34.49883],[-119.23093,34.49909],[-119.23041,34.49891],[-119.22938,34.49885],[-119.22904,34.49874],[-119.22899,34.49885],[-119.22921,34.49936],[-119.22977,34.49998],[-119.22961,34.5004],[-119.22985,34.50083],[-119.23024,34.50104],[-119.23052,34.50139],[-119.23093,34.50166],[-119.23102,34.50196],[-119.23179,34.50228],[-119.2326,34.50281],[-119.23095,34.50295],[-119.23227,34.50394],[-119.23248,34.50436],[-119.23244,34.50451],[-119.23263,34.50479],[-119.2323,34.50498],[-119.23179,34.50452],[-119.2311,34.50433],[-119.23076,34.50481],[-119.23042,34.50422],[-119.23024,34.50406],[-119.23007,34.50406],[-119.2299,34.50422],[-119.22979,34.50507],[-119.22956,34.50557],[-119.22938,34.50543],[-119.22929,34.50507],[-119.22904,34.5049],[-119.22882,34.50493],[-119.22853,34.50539],[-119.22835,34.50537],[-119.22784,34.50497],[-119.22746,34.50564],[-119.22741,34.50592],[-119.22724,34.50606],[-119.22745,34.50677],[-119.22715,34.50729],[-119.22698,34.50731],[-119.22664,34.50705],[-119.22618,34.50691],[-119.22561,34.5063],[-119.22526,34.50616],[-119.22513,34.50705],[-119.22492,34.5074],[-119.22441,34.50742],[-119.22389,34.50767],[-119.22381,34.50762],[-119.22383,34.50748],[-119.22401,34.50691],[-119.22389,34.50674],[-119.22252,34.50713],[-119.22234,34.50705],[-119.22286,34.5062],[-119.22282,34.50535],[-119.22326,34.50507],[-119.22261,34.50465],[-119.22262,34.50451],[-119.22295,34.50422],[-119.22306,34.50394],[-119.22303,34.50379],[-119.22271,34.50366],[-119.22268,34.50323],[-119.22252,34.50305],[-119.222,34.50323],[-119.22184,34.50295],[-119.22189,34.50238],[-119.2221,34.50196],[-119.22202,34.50182],[-119.22132,34.50149],[-119.22097,34.50152],[-119.22029,34.5014],[-119.2184,34.50091],[-119.21811,34.50097],[-119.21806,34.50111],[-119.21859,34.50153],[-119.21908,34.50295],[-119.21908,34.5031],[-119.21866,34.50323],[-119.21859,34.50337],[-119.21902,34.50422],[-119.21886,34.50451],[-119.21888,34.50465],[-119.21916,34.50493],[-119.21908,34.50507],[-119.21856,34.50535],[-119.21823,34.50605],[-119.21776,34.5062],[-119.21754,34.50673],[-119.2172,34.50641],[-119.21693,34.50634],[-119.217,34.5055],[-119.21685,34.50536],[-119.21651,34.50537],[-119.21582,34.50591],[-119.21547,34.50535],[-119.21462,34.50535],[-119.21477,34.50493],[-119.21445,34.50462],[-119.21411,34.50452],[-119.21359,34.50452],[-119.21342,34.50427],[-119.21273,34.50431],[-119.21239,34.50354],[-119.2117,34.50335],[-119.21153,34.5032],[-119.21136,34.50273],[-119.2105,34.50261],[-119.21033,34.50247],[-119.21016,34.50207],[-119.20959,34.5021],[-119.20936,34.50224],[-119.20933,34.50323],[-119.21011,34.50436],[-119.20996,34.50493],[-119.21001,34.50507],[-119.21074,34.50578],[-119.21126,34.50733],[-119.21224,34.50818],[-119.21202,34.50832],[-119.21196,34.50861],[-119.21153,34.50865],[-119.21119,34.50883],[-119.21084,34.5087],[-119.20964,34.50861],[-119.20878,34.50867],[-119.20793,34.50911],[-119.20706,34.50903],[-119.20703,34.50889],[-119.20725,34.50832],[-119.2069,34.50781],[-119.20604,34.50792],[-119.20552,34.50824],[-119.20484,34.50816],[-119.20449,34.50823],[-119.20432,34.50812],[-119.20436,34.50748],[-119.20415,34.50706],[-119.20363,34.50678],[-119.20278,34.50602],[-119.20243,34.50583],[-119.20228,34.50564],[-119.2022,34.50521],[-119.20209,34.50514],[-119.20187,34.50535],[-119.20185,34.50606],[-119.20156,34.50677],[-119.20191,34.50748],[-119.20201,34.5079],[-119.20263,34.50847],[-119.2026,34.50854],[-119.20243,34.50864],[-119.2014,34.50876],[-119.20114,34.50889],[-119.20096,34.50917],[-119.20099,34.50946],[-119.20089,34.50977],[-119.20072,34.50981],[-119.20003,34.50958],[-119.19969,34.50964],[-119.19945,34.50988],[-119.19934,34.51044],[-119.19883,34.51066],[-119.19711,34.50984],[-119.19694,34.51005],[-119.19686,34.51059],[-119.19642,34.51054],[-119.19591,34.51095],[-119.19574,34.51128],[-119.19488,34.51043],[-119.19471,34.5104],[-119.19436,34.51079],[-119.19402,34.51087],[-119.19351,34.51048],[-119.19316,34.51047],[-119.19299,34.51077],[-119.19265,34.51092],[-119.19179,34.51058],[-119.19107,34.51045],[-119.19059,34.51021],[-119.18853,34.51041],[-119.18818,34.51034],[-119.18698,34.51094],[-119.18681,34.51087],[-119.18767,34.50995],[-119.18801,34.50934],[-119.18836,34.50919],[-119.18887,34.50917],[-119.18939,34.50891],[-119.18973,34.50846],[-119.19033,34.50818],[-119.19076,34.50815],[-119.19107,34.50762],[-119.19226,34.50677],[-119.19213,34.50661],[-119.19162,34.50659],[-119.1911,34.50635],[-119.1899,34.5064],[-119.18985,34.50634],[-119.19012,34.50578],[-119.19007,34.5054],[-119.1887,34.50544],[-119.18801,34.50561],[-119.1863,34.50567],[-119.18509,34.50585],[-119.18406,34.50606],[-119.18338,34.50645],[-119.18314,34.50578],[-119.18327,34.50521],[-119.18321,34.50449],[-119.18306,34.50422],[-119.18286,34.5042],[-119.182,34.50444],[-119.18192,34.50436],[-119.18192,34.50337],[-119.18204,34.50309],[-119.18191,34.50281],[-119.18166,34.50261],[-119.18097,34.50246],[-119.18008,34.5021],[-119.18029,34.50187],[-119.18103,34.50168],[-119.18132,34.50151],[-119.18157,34.50125],[-119.18166,34.50088],[-119.18252,34.5007],[-119.18274,34.50054],[-119.18309,34.49984],[-119.18338,34.49956],[-119.18342,34.49927],[-119.18303,34.49877],[-119.1823,34.49828],[-119.18218,34.49798],[-119.18192,34.49771],[-119.18109,34.49743],[-119.18063,34.4967],[-119.17892,34.49647],[-119.17823,34.49658],[-119.17811,34.49644],[-119.17808,34.49545],[-119.17825,34.49489],[-119.17877,34.49446],[-119.17909,34.49385],[-119.1796,34.49363],[-119.17982,34.49319],[-119.18034,34.49276],[-119.18034,34.49262],[-119.1796,34.49204],[-119.17909,34.4912],[-119.17771,34.49087],[-119.17661,34.49022],[-119.17622,34.48965],[-119.176,34.48816],[-119.17577,34.48739],[-119.17553,34.4871],[-119.17565,34.48587],[-119.17428,34.48654],[-119.17369,34.4871],[-119.17348,34.48767],[-119.17372,34.48894],[-119.17342,34.48946],[-119.17331,34.48951],[-119.17222,34.48964],[-119.17185,34.48979],[-119.17178,34.49007],[-119.17193,34.49064],[-119.17178,34.49092],[-119.17177,34.49135],[-119.17148,34.49163],[-119.17136,34.49191],[-119.17102,34.49179],[-119.17069,34.49191],[-119.17042,34.4922],[-119.17033,34.4928],[-119.16999,34.49293],[-119.16947,34.49293],[-119.1693,34.49313],[-119.16879,34.49341],[-119.16844,34.49397],[-119.16827,34.49402],[-119.16707,34.49394],[-119.16638,34.49348],[-119.16515,34.49361],[-119.1645,34.49345],[-119.16412,34.49347],[-119.16394,34.4929],[-119.16384,34.49206],[-119.16364,34.49199],[-119.16324,34.49206],[-119.16282,34.49163],[-119.16305,34.49121],[-119.16295,34.49092],[-119.16261,34.49087],[-119.16226,34.49045],[-119.16175,34.49035],[-119.16095,34.48993],[-119.16175,34.48949],[-119.16184,34.48894],[-119.16215,34.48838],[-119.16263,34.48809],[-119.16257,34.48725],[-119.16244,34.48683],[-119.16234,34.48668],[-119.16209,34.48664],[-119.16106,34.48692],[-119.16055,34.48658],[-119.16003,34.48652]]}},{"type":"Feature","properties":{"m":1120,"index":0},"geometry":{"type":"LineString","coordinates":[[-119.32305,34.51285],[-119.3226,34.51344],[-119.32208,34.51359],[-119.32157,34.51399],[-119.32099,34.51412],[-119.32082,34.51441],[-119.32086,34.51497],[-119.32074,34.5154],[-119.32035,34.5161],[-119.31968,34.51636],[-119.31933,34.51682],[-119.3186,34.51724],[-119.31836,34.51766],[-119.31753,34.51808],[-119.31687,34.51893],[-119.31635,34.51936],[-119.31521,34.51963],[-119.31418,34.52019],[-119.31367,34.52017],[-119.31281,34.52053],[-119.31144,34.52069],[-119.31092,34.52091],[-119.31041,34.52134],[-119.30886,34.52168],[-119.30863,34.5219],[-119.30846,34.52233],[-119.30846,34.52275],[-119.30835,34.52283],[-119.308,34.52277],[-119.30715,34.5224],[-119.30629,34.52246],[-119.30621,34.52261],[-119.30652,34.52332],[-119.3072,34.52403],[-119.30732,34.52436],[-119.30715,34.52442],[-119.30625,34.52403],[-119.30543,34.52324],[-119.30474,34.52273],[-119.30458,34.52289],[-119.30477,34.52332],[-119.3047,34.5236],[-119.30452,34.52388],[-119.30388,34.52417],[-119.30378,34.52431],[-119.304,34.52473],[-119.30303,34.5248],[-119.30268,34.52501],[-119.30234,34.5246],[-119.30187,34.52445],[-119.30131,34.52485],[-119.30076,34.52502],[-119.29994,34.5248],[-119.29983,34.52487],[-119.29979,34.52516],[-119.29959,34.52533],[-119.29925,34.52549],[-119.29839,34.52565],[-119.29811,34.52558],[-119.29736,34.52508],[-119.29685,34.52502],[-119.29667,34.52518],[-119.29638,34.52601],[-119.29595,34.52643],[-119.2953,34.52653],[-119.29479,34.52701],[-119.29437,34.52615],[-119.29452,34.52544],[-119.29444,34.5252],[-119.29376,34.52524],[-119.29307,34.52542],[-119.29221,34.52585],[-119.2917,34.52629],[-119.29118,34.52637],[-119.29047,34.52685],[-119.29033,34.52728],[-119.2906,34.5277],[-119.29018,34.52798],[-119.29013,34.52813],[-119.29027,34.52855],[-119.28984,34.52869],[-119.28971,34.52883],[-119.28982,34.52968],[-119.28964,34.53]]}},{"type":"Feature","properties":{"m":1120,"index":0},"geometry":{"type":"LineString","coordinates":[[-119.32122,34.52996],[-119.32088,34.52971],[-119.32036,34.5299],[-119.32002,34.52979],[-119.31968,34.52991],[-119.31933,34.52985],[-119.31899,34.52992],[-119.31865,34.52944],[-119.31779,34.52912],[-119.31769,34.52897],[-119.31848,34.52844],[-119.31858,34.52827],[-119.31831,34.5277],[-119.31892,34.52728],[-119.31912,34.52685],[-119.32088,34.52629],[-119.32105,34.52596],[-119.32121,34.52586],[-119.32208,34.52584],[-119.32235,34.52558],[-119.32268,34.52487],[-119.32222,34.52417],[-119.32207,34.5236],[-119.32208,34.52345],[-119.32244,34.52332],[-119.32261,34.52275],[-119.3226,34.52246],[-119.32242,34.52216],[-119.3225,34.52204],[-119.32294,34.52187],[-119.32431,34.52066],[-119.32466,34.52051],[-119.32539,34.51978],[-119.32519,34.51907],[-119.32551,34.51867],[-119.32597,34.51766],[-119.32598,34.51752],[-119.32561,34.51709],[-119.3257,34.51667],[-119.32498,34.51667],[-119.32466,34.51622],[-119.32448,34.51612],[-119.32442,34.51582],[-119.32401,34.51554],[-119.32386,34.51526],[-119.32378,34.51427],[-119.3235,34.51384],[-119.32339,34.51285],[-119.32328,34.51274],[-119.32305,34.51285]]}},{"type":"Feature","properties":{"m":1120,"index":0},"geometry":{"type":"LineString","coordinates":[[-119.20232,34.50677],[-119.20232,34.50677]]}},{"type":"Feature","properties":{"m":1120,"index":0},"geometry":{"type":"LineString","coordinates":[[-119.27072,34.49474],[-119.27072,34.49474]]}},{"type":"Feature","properties":{"m":1120,"index":0},"geometry":{"type":"LineString","coordinates":[[-119.23691,34.48484],[-119.23691,34.48484]]}},{"type":"Feature","properties":{"m":1120,"index":0},"geometry":{"type":"LineString","coordinates":[[-119.16003,34.52509],[-119.16038,34.5254],[-119.16072,34.52553],[-119.16079,34.52572],[-119.16074,34.52629],[-119.16089,34.52641],[-119.16123,34.52639],[-119.16261,34.52596],[-119.16274,34.52601],[-119.16244,34.52644],[-119.16261,34.52651],[-119.16314,34.52643],[-119.16312,34.52657],[-119.16239,34.52714],[-119.16095,34.5277],[-119.16067,34.52813],[-119.1602,34.52828],[-119.16009,34.52841],[-119.16013,34.52869],[-119.16003,34.52887]]}},{"type":"Feature","properties":{"m":1120,"index":0},"geometry":{"type":"LineString","coordinates":[[-119.16408,34.52996],[-119.16391,34.52982],[-119.16392,34.52968],[-119.16413,34.52954],[-119.16432,34.52947],[-119.16467,34.5296],[-119.1648,34.52954],[-119.16489,34.52841],[-119.16505,34.52827],[-119.16507,34.52784],[-119.16604,34.52735],[-119.16707,34.52706],[-119.1669,34.52746],[-119.16624,34.52798],[-119.16604,34.52826],[-119.16605,34.52869],[-119.16641,34.52897],[-119.16624,34.5294],[-119.16624,34.52968],[-119.16656,34.5299],[-119.16707,34.52999],[-119.16827,34.52875],[-119.16862,34.52865],[-119.16872,34.52869],[-119.16877,34.52912],[-119.16902,34.52926],[-119.16901,34.5294],[-119.16862,34.52968],[-119.16847,34.52996]]}},{"type":"Feature","properties":{"m":1120,"index":0},"geometry":{"type":"LineString","coordinates":[[-119.17312,34.52996],[-119.1731,34.5294],[-119.1727,34.52897],[-119.17269,34.52883],[-119.17295,34.52855],[-119.17275,34.52798],[-119.17279,34.52756],[-119.17291,34.52752],[-119.17325,34.52783],[-119.17378,34.52798],[-119.17428,34.52886],[-119.17486,34.5294],[-119.17566,34.52996]]}},{"type":"Feature","properties":{"m":1120,"index":0},"geometry":{"type":"LineString","coordinates":[[-119.17913,34.52996],[-119.1798,34.52926],[-119.17992,34.52883],[-119.17971,34.52798],[-119.17948,34.5277],[-119.17947,34.52756],[-119.17977,34.52733],[-119.18012,34.52741],[-119.18029,34.52732],[-119.18045,34.52714],[-119.18029,34.52685],[-119.18046,34.52678],[-119.18102,34.527],[-119.18143,34.5277],[-119.18178,34.52798],[-119.18218,34.52907],[-119.18235,34.52916],[-119.18277,34.52897],[-119.18282,34.52855],[-119.18304,34.52827],[-119.18283,34.52798],[-119.18292,34.52784],[-119.18406,34.52756],[-119.18441,34.52769],[-119.18492,34.52753],[-119.18561,34.52644],[-119.18632,34.52714],[-119.18664,34.52721],[-119.18724,34.52714],[-119.18759,34.52685],[-119.18783,34.52629],[-119.18818,34.52608],[-119.18831,34.52615],[-119.18831,34.52671],[-119.18818,34.52714],[-119.18836,34.52742],[-119.18834,34.52756],[-119.18763,34.52813],[-119.18595,34.52868],[-119.18571,34.52897],[-119.1899,34.52878],[-119.19095,34.52827],[-119.19153,34.52756],[-119.19179,34.52741],[-119.19194,34.52756],[-119.19198,34.52813],[-119.19184,34.52855],[-119.19156,34.52897],[-119.19311,34.5294],[-119.19284,34.52982],[-119.19258,34.52996]]}},{"type":"Feature","properties":{"m":1120,"index":0},"geometry":{"type":"LineString","coordinates":[[-119.2039,34.52996],[-119.20401,34.52982],[-119.20398,34.52968],[-119.20354,34.5294],[-119.20378,34.52912],[-119.20312,34.52841],[-119.20415,34.52855],[-119.20518,34.52845],[-119.20533,34.52841],[-119.20537,34.52827],[-119.20497,34.52784],[-119.20388,34.52728],[-119.20376,34.52714],[-119.20381,34.52699],[-119.20449,34.52725],[-119.20569,34.5275],[-119.20654,34.52798],[-119.20693,34.52855],[-119.20741,34.52877],[-119.2081,34.52875],[-119.20861,34.52826],[-119.2093,34.52836],[-119.20978,34.52827],[-119.2103,34.5277],[-119.21026,34.52742],[-119.20998,34.52714],[-119.20975,34.52657],[-119.20923,34.52601],[-119.20896,34.52579],[-119.20854,34.52572],[-119.20852,34.52558],[-119.20867,34.5253],[-119.20807,34.52473],[-119.20805,34.52459],[-119.20878,34.52483],[-119.20921,34.52516],[-119.20969,34.5253],[-119.20999,34.52552],[-119.21077,34.52544],[-119.21093,34.5253],[-119.2109,34.52502],[-119.21013,34.5236],[-119.21016,34.5235],[-119.21067,34.52365],[-119.21102,34.52362],[-119.21153,34.52394],[-119.2117,34.52391],[-119.2119,34.52374],[-119.21178,34.52346],[-119.21187,34.52332],[-119.21239,34.52323],[-119.21279,34.52289],[-119.21302,34.52247],[-119.21314,34.5219],[-119.21367,34.52176],[-119.21393,34.52142],[-119.21445,34.52123],[-119.21436,34.52176],[-119.21395,34.52233],[-119.21406,34.52261],[-119.21393,34.5229],[-119.21419,34.52318],[-119.21421,34.52332],[-119.21379,34.5236],[-119.21366,34.52388],[-119.21376,34.52409],[-119.21428,34.52415],[-119.21439,34.52431],[-119.21421,34.52473],[-119.21387,34.52516],[-119.21388,34.5253],[-119.21452,34.52544],[-119.21464,34.52572],[-119.21465,34.52629],[-119.21482,34.52657],[-119.21514,34.52657],[-119.21529,34.52643],[-119.21634,34.52502],[-119.21702,34.52451],[-119.21709,34.52473],[-119.21682,34.52544],[-119.21677,34.52601],[-119.21685,34.52625],[-119.21711,34.52643],[-119.21718,34.52671],[-119.21739,34.52685],[-119.21743,34.527],[-119.21722,34.52728],[-119.21737,34.52746],[-119.21805,34.52746],[-119.21857,34.52779],[-119.21926,34.52774],[-119.21943,34.52762],[-119.21994,34.52778],[-119.22046,34.52757],[-119.2208,34.5277],[-119.22124,34.52742],[-119.222,34.52634],[-119.22211,34.52643],[-119.22227,34.527],[-119.22286,34.52713],[-119.2232,34.52733],[-119.22355,34.52782],[-119.22394,34.52784],[-119.22423,34.52799],[-119.22458,34.52783],[-119.22492,34.52788],[-119.22526,34.5277],[-119.22578,34.52788],[-119.22647,34.5278],[-119.22731,34.52742],[-119.22791,34.52685],[-119.22899,34.52643],[-119.22936,34.52615],[-119.22951,34.52586],[-119.22969,34.52502],[-119.22951,34.52445],[-119.2299,34.52436],[-119.23013,34.52417],[-119.23037,34.52374],[-119.23041,34.52329],[-119.23076,34.52332],[-119.23144,34.52382],[-119.23196,34.52403],[-119.23261,34.52403],[-119.2342,34.52318],[-119.23445,34.52289],[-119.23453,34.52255],[-119.23495,34.52233],[-119.23573,34.52155],[-119.2366,34.52134],[-119.23694,34.52113],[-119.2372,34.52077],[-119.2373,34.52035],[-119.23831,34.51945],[-119.23858,34.51893],[-119.24054,34.51852],[-119.24067,34.51837],[-119.23882,34.51824],[-119.23874,34.51808],[-119.23877,34.5178],[-119.23865,34.51769],[-119.23797,34.51811],[-119.23769,34.51808],[-119.23781,34.5178],[-119.23767,34.51681],[-119.23771,34.51596],[-119.23762,34.51583],[-119.23694,34.51616],[-119.23625,34.51623],[-119.23573,34.51643],[-119.23531,34.51695],[-119.23539,34.51752],[-119.23505,34.51761],[-119.2347,34.51786],[-119.23453,34.51783],[-119.23419,34.51755],[-119.23385,34.5175],[-119.23368,34.51715],[-119.2335,34.51713],[-119.2323,34.51734],[-119.23179,34.51758],[-119.23144,34.51728],[-119.23093,34.51778],[-119.23076,34.51771],[-119.23069,34.51709],[-119.2303,34.51695],[-119.23038,34.51667],[-119.23016,34.51625],[-119.23076,34.51634],[-119.23112,34.51625],[-119.23125,34.5161],[-119.2313,34.51554],[-119.23149,34.51511],[-119.23147,34.51497],[-119.23039,34.51469],[-119.2302,34.51455],[-119.23024,34.51441],[-119.23076,34.5141],[-119.23127,34.51356],[-119.23132,34.51342],[-119.23116,34.51313],[-119.23127,34.513],[-119.23174,34.51285],[-119.23179,34.5127],[-119.23161,34.51229],[-119.23184,34.51214],[-119.23184,34.51186],[-119.2323,34.51169],[-119.23282,34.51172],[-119.23402,34.51152],[-119.23453,34.51125],[-119.23505,34.51111],[-119.23521,34.51087],[-119.23529,34.51031],[-119.23573,34.5099],[-119.23626,34.50988],[-119.23659,34.50917],[-119.23642,34.50862],[-119.2365,34.50847],[-119.23694,34.50828],[-119.23822,34.50804],[-119.23835,34.5079],[-119.23831,34.5077],[-119.23728,34.5074],[-119.23591,34.50734],[-119.23539,34.50741],[-119.23453,34.50722],[-119.23481,34.50677],[-119.23481,34.50663],[-119.23434,34.50649],[-119.23447,34.50578],[-119.23488,34.50558],[-119.23522,34.50518],[-119.23556,34.50547],[-119.23573,34.50543],[-119.23621,34.50493],[-119.23642,34.50454],[-119.23676,34.50461],[-119.23728,34.505],[-119.23745,34.505],[-119.2377,34.50436],[-119.23814,34.50378],[-119.23865,34.50394],[-119.23917,34.50354],[-119.23951,34.50388],[-119.23992,34.50408],[-119.23995,34.50422],[-119.23952,34.50451],[-119.2402,34.50517],[-119.24054,34.50531],[-119.24106,34.50503],[-119.24123,34.50505],[-119.24218,34.50564],[-119.2426,34.50632],[-119.24289,34.50592],[-119.24313,34.50578],[-119.24312,34.50555],[-119.2428,34.50521],[-119.24318,34.50493],[-119.24296,34.50465],[-119.243,34.50436],[-119.24286,34.50422],[-119.24241,34.50408],[-119.2423,34.50394],[-119.24258,34.50366],[-119.24235,34.50309],[-119.24243,34.50279],[-119.2426,34.50277],[-119.24294,34.50312],[-119.24329,34.50321],[-119.24354,34.50352],[-119.24496,34.50394],[-119.24569,34.50463],[-119.24621,34.5048],[-119.24655,34.50519],[-119.24689,34.5053],[-119.24703,34.50521],[-119.247,34.50507],[-119.24655,34.50449],[-119.24593,34.50394],[-119.24592,34.50366],[-119.24611,34.50337],[-119.24606,34.50323],[-119.24552,34.503],[-119.24517,34.50267],[-119.24528,34.50238],[-119.24582,34.50168],[-119.24583,34.50153],[-119.24519,34.50111],[-119.24507,34.50083],[-119.24464,34.5004],[-119.245,34.50011],[-119.24539,34.49998],[-119.24552,34.49959],[-119.24569,34.49954],[-119.24638,34.49982],[-119.24672,34.49985],[-119.24706,34.49965],[-119.24756,34.4997],[-119.24809,34.49931],[-119.24844,34.49921],[-119.24927,34.4997],[-119.2495,34.50026],[-119.24981,34.50047],[-119.25049,34.50069],[-119.25153,34.5006],[-119.25215,34.50069],[-119.25239,34.501],[-119.2529,34.50115],[-119.25351,34.5021],[-119.25479,34.50271],[-119.25548,34.50317],[-119.25559,34.50309],[-119.25564,34.50252],[-119.25463,34.50224],[-119.25454,34.5021],[-119.25449,34.50153],[-119.25479,34.50085],[-119.25565,34.49999],[-119.25568,34.4997],[-119.2554,34.49941],[-119.25417,34.49885],[-119.25413,34.49871],[-119.25427,34.49856],[-119.25565,34.49813],[-119.25839,34.49768],[-119.25874,34.49747],[-119.25908,34.49694],[-119.25925,34.49683],[-119.26063,34.49667],[-119.26162,34.49687],[-119.26217,34.49659],[-119.26261,34.49616],[-119.26303,34.49591],[-119.26526,34.49604],[-119.2656,34.49573],[-119.26546,34.49559],[-119.26475,34.49542],[-119.26406,34.49552],[-119.26354,34.4951],[-119.26303,34.4949],[-119.26131,34.49568],[-119.26045,34.49569],[-119.25988,34.49545],[-119.2596,34.49496],[-119.25942,34.49482],[-119.25874,34.49532],[-119.25788,34.49523],[-119.25754,34.49554],[-119.25633,34.496],[-119.25582,34.49544],[-119.25513,34.49554],[-119.25445,34.49534],[-119.25427,34.49535],[-119.25393,34.49557],[-119.25324,34.4956],[-119.25256,34.49607],[-119.25257,34.49545],[-119.25271,34.49503],[-119.25247,34.49474],[-119.25249,34.4946],[-119.25283,34.49432],[-119.25292,34.49404],[-119.2525,34.49361],[-119.25256,34.49304],[-119.25245,34.49248],[-119.25256,34.49228],[-119.25332,34.49206],[-119.25351,34.49177],[-119.25345,34.49163],[-119.25297,34.49149],[-119.25239,34.49037],[-119.25221,34.49037],[-119.25178,34.49064],[-119.2516,34.49107],[-119.25098,34.49163],[-119.25098,34.49206],[-119.25084,34.4924],[-119.25015,34.49294],[-119.24964,34.49273],[-119.24895,34.49317],[-119.24878,34.49318],[-119.24844,34.49276],[-119.24827,34.49264],[-119.24809,34.49266],[-119.24706,34.4934],[-119.24655,34.49292],[-119.24638,34.49258],[-119.24588,34.49234],[-119.24582,34.4922],[-119.24586,34.492],[-119.24627,34.49177],[-119.24634,34.49163],[-119.24626,34.49121],[-119.24589,34.49064],[-119.2458,34.49022],[-119.2459,34.49007],[-119.24649,34.48979],[-119.24652,34.48965],[-119.24552,34.48939],[-119.24483,34.48946],[-119.24466,34.4895],[-119.24437,34.48993],[-119.24445,34.49036],[-119.2438,34.49088],[-119.24294,34.49137],[-119.24227,34.49234],[-119.24209,34.49241],[-119.24191,34.49223],[-119.24193,34.49177],[-119.24174,34.4915],[-119.24078,34.49107],[-119.24069,34.49092],[-119.2414,34.49045],[-119.24171,34.49007],[-119.24168,34.48993],[-119.24088,34.48944],[-119.23997,34.48908],[-119.23934,34.48863],[-119.23831,34.48874],[-119.23824,34.48838],[-119.23851,34.48795],[-119.23848,34.4878],[-119.23779,34.48788],[-119.23728,34.48825],[-119.23694,34.48864],[-119.23676,34.4887],[-119.23625,34.48874],[-119.23596,34.48852],[-119.23589,34.48781],[-119.23637,34.48696],[-119.23648,34.48654],[-119.23642,34.48599],[-119.23625,34.4859],[-119.23453,34.48764],[-119.23333,34.48746],[-119.2331,34.48795],[-119.2331,34.48838],[-119.23295,34.4888],[-119.23319,34.48923],[-119.23438,34.49007],[-119.23456,34.49036],[-119.23441,34.49064],[-119.23334,34.49163],[-119.23339,34.4922],[-119.2354,34.49248],[-119.23608,34.49271],[-119.23616,34.49276],[-119.23614,34.4929],[-119.23601,34.49319],[-119.23647,34.49347],[-119.23652,34.49361],[-119.23566,34.4946],[-119.23565,34.49474],[-119.23591,34.49487],[-119.23596,34.49503],[-119.23508,34.49616],[-119.23605,34.49658],[-119.23667,34.49672],[-119.23684,34.49687],[-119.23637,34.49715],[-119.23608,34.49749],[-119.23567,34.49757],[-119.23553,34.49771],[-119.23539,34.49816],[-119.2347,34.49845],[-119.23402,34.49856],[-119.23316,34.49894],[-119.23247,34.49954],[-119.23059,34.49965],[-119.23031,34.5004],[-119.23093,34.50102],[-119.23144,34.50133],[-119.23172,34.50168],[-119.23213,34.50182],[-119.23241,34.5021],[-119.23316,34.50256],[-119.23379,34.50252],[-119.23392,34.50267],[-119.23356,34.50295],[-119.23263,34.50323],[-119.23267,34.50337],[-119.23365,34.50422],[-119.23346,34.50507],[-119.23333,34.50522],[-119.23283,34.50535],[-119.23247,34.50593],[-119.2323,34.50601],[-119.23196,34.50588],[-119.23162,34.50591],[-119.23127,34.50539],[-119.23076,34.50567],[-119.23041,34.50554],[-119.23019,34.50564],[-119.23007,34.5062],[-119.2299,34.50642],[-119.22973,34.50643],[-119.22921,34.50595],[-119.22887,34.50585],[-119.22835,34.50602],[-119.22818,34.5062],[-119.2281,34.50663],[-119.22831,34.50691],[-119.2283,34.50705],[-119.22787,34.50733],[-119.22767,34.50763],[-119.22715,34.50773],[-119.22647,34.50743],[-119.22578,34.50734],[-119.22561,34.50742],[-119.22526,34.50809],[-119.22475,34.50798],[-119.2246,34.50804],[-119.22441,34.50862],[-119.22389,34.50834],[-119.22355,34.50829],[-119.2232,34.50843],[-119.22303,34.50864],[-119.22286,34.50866],[-119.22265,34.50847],[-119.22305,34.50776],[-119.22306,34.50748],[-119.222,34.50771],[-119.22183,34.50771],[-119.22174,34.50748],[-119.2218,34.50719],[-119.22173,34.50691],[-119.22208,34.50649],[-119.22236,34.50578],[-119.22235,34.50562],[-119.22196,34.5055],[-119.22216,34.50493],[-119.22194,34.50451],[-119.22195,34.50436],[-119.22222,34.50408],[-119.2222,34.50394],[-119.22166,34.50378],[-119.22141,34.50352],[-119.22127,34.50309],[-119.22121,34.5021],[-119.21994,34.50197],[-119.21985,34.5021],[-119.21991,34.50224],[-119.22029,34.50267],[-119.22043,34.50309],[-119.21997,34.50337],[-119.21957,34.50394],[-119.21972,34.50465],[-119.22029,34.50565],[-119.21943,34.50558],[-119.21913,34.50564],[-119.21907,34.50606],[-119.21857,34.50657],[-119.21819,34.50677],[-119.21792,34.50762],[-119.21771,34.50796],[-119.21711,34.50733],[-119.21651,34.50712],[-119.21617,34.50648],[-119.21548,34.5064],[-119.21496,34.50584],[-119.21427,34.50578],[-119.214,34.50535],[-119.21376,34.50515],[-119.21325,34.50502],[-119.2129,34.50482],[-119.21239,34.50477],[-119.21219,34.50465],[-119.21187,34.50406],[-119.21104,34.5038],[-119.21084,34.50329],[-119.21016,34.50321],[-119.21016,34.50346],[-119.21081,34.50436],[-119.21082,34.50507],[-119.21153,34.5058],[-119.21189,34.50634],[-119.21201,34.50663],[-119.21198,34.50719],[-119.21215,34.50748],[-119.21277,34.50804],[-119.21286,34.50861],[-119.21256,34.50867],[-119.21239,34.50903],[-119.21153,34.50913],[-119.21119,34.50941],[-119.21084,34.50914],[-119.21033,34.50907],[-119.20913,34.50926],[-119.20896,34.50913],[-119.20878,34.50914],[-119.20827,34.50949],[-119.2081,34.50976],[-119.20793,34.50981],[-119.20758,34.50955],[-119.20724,34.50945],[-119.2069,34.50944],[-119.20655,34.50957],[-119.2064,34.50946],[-119.20658,34.50875],[-119.20655,34.50857],[-119.20638,34.50844],[-119.20552,34.50868],[-119.20363,34.50857],[-119.20329,34.50892],[-119.20252,34.50932],[-119.20202,34.50974],[-119.20195,34.51002],[-119.2022,34.51045],[-119.2014,34.51047],[-119.20123,34.5109],[-119.20106,34.51097],[-119.20072,34.51089],[-119.2002,34.51051],[-119.20009,34.51059],[-119.20016,34.51087],[-119.20003,34.51102],[-119.19986,34.51102],[-119.19969,34.51124],[-119.199,34.51143],[-119.19865,34.51115],[-119.19814,34.51117],[-119.19782,34.51087],[-119.19745,34.51072],[-119.19711,34.51101],[-119.19675,34.51101],[-119.19634,34.51115],[-119.19621,34.5113],[-119.19625,34.51186],[-119.19608,34.51188],[-119.19488,34.51122],[-119.19471,34.51122],[-119.19419,34.51156],[-119.19368,34.51125],[-119.19316,34.51117],[-119.19248,34.51159],[-119.1923,34.51122],[-119.19162,34.51108],[-119.19076,34.51123],[-119.19042,34.51138],[-119.18921,34.51147],[-119.18871,34.51172],[-119.18836,34.51144],[-119.18801,34.51158],[-119.18733,34.51137],[-119.18664,34.51147],[-119.1863,34.51163],[-119.18527,34.51121],[-119.18492,34.51128],[-119.18485,34.51101],[-119.18544,34.51076],[-119.18578,34.51081],[-119.18646,34.51059],[-119.18674,34.51016],[-119.18705,34.51002],[-119.18733,34.50973],[-119.18767,34.50902],[-119.18887,34.50859],[-119.18939,34.5081],[-119.19007,34.50783],[-119.19055,34.50776],[-119.19059,34.50746],[-119.19097,34.50705],[-119.18956,34.50689],[-119.18836,34.50638],[-119.18715,34.50635],[-119.18647,34.50649],[-119.18586,34.50691],[-119.18544,34.50706],[-119.18492,34.50714],[-119.18372,34.50711],[-119.18286,34.5074],[-119.18297,34.50649],[-119.18262,34.50606],[-119.18271,34.50535],[-119.1826,34.50507],[-119.18218,34.5049],[-119.18132,34.50507],[-119.18124,34.50493],[-119.18133,34.50465],[-119.18134,34.50394],[-119.18128,34.50366],[-119.18106,34.50337],[-119.18109,34.50309],[-119.18096,34.50295],[-119.18041,34.50281],[-119.18012,34.5026],[-119.1796,34.50247],[-119.17916,34.5021],[-119.17926,34.50199],[-119.17977,34.50187],[-119.17995,34.50153],[-119.1808,34.50141],[-119.18097,34.50131],[-119.18113,34.50097],[-119.18103,34.50069],[-119.18115,34.50055],[-119.18166,34.50045],[-119.18209,34.50012],[-119.18251,34.49955],[-119.18249,34.49927],[-119.18218,34.49878],[-119.18166,34.49833],[-119.1807,34.498],[-119.18029,34.49755],[-119.17892,34.49718],[-119.1784,34.49727],[-119.17806,34.4975],[-119.17749,34.49687],[-119.1775,34.49573],[-119.17742,34.49531],[-119.17767,34.49503],[-119.17779,34.4946],[-119.17823,34.49414],[-119.17857,34.49345],[-119.17904,34.49305],[-119.17919,34.49262],[-119.17859,34.49163],[-119.17806,34.49145],[-119.17686,34.49126],[-119.17608,34.49064],[-119.17586,34.49022],[-119.17557,34.48993],[-119.17504,34.48795],[-119.17503,34.48753],[-119.1748,34.48723],[-119.17462,34.48723],[-119.17428,34.48749],[-119.17413,34.48781],[-119.17445,34.48894],[-119.17445,34.48928],[-119.174,34.48951],[-119.17377,34.48996],[-119.1727,34.49007],[-119.17236,34.49022],[-119.17241,34.49078],[-119.17219,34.49163],[-119.17202,34.49191],[-119.17205,34.49306],[-119.17188,34.49317],[-119.17136,34.49266],[-119.17112,34.49262],[-119.17078,34.49333],[-119.1705,34.49364],[-119.16947,34.49383],[-119.16913,34.49398],[-119.16892,34.49418],[-119.16862,34.49475],[-119.16844,34.49488],[-119.16793,34.49476],[-119.16752,34.49489],[-119.16707,34.4947],[-119.16673,34.49434],[-119.16638,34.49421],[-119.16587,34.49422],[-119.16501,34.49452],[-119.16415,34.49435],[-119.1633,34.49375],[-119.16334,34.49333],[-119.16326,34.49305],[-119.16242,34.49262],[-119.16192,34.49134],[-119.16175,34.49116],[-119.16089,34.49098],[-119.16055,34.49106],[-119.16003,34.49096]]}},{"type":"Feature","properties":{"m":1120,"index":0},"geometry":{"type":"LineString","coordinates":[[-119.16001,34.49022],[-119.16055,34.48966],[-119.16117,34.48923],[-119.16143,34.48824],[-119.16141,34.48809],[-119.16123,34.48792],[-119.16003,34.4882]]}},{"type":"Feature","properties":{"m":1160,"index":0},"geometry":{"type":"LineString","coordinates":[[-119.31218,34.5212],[-119.31161,34.52127],[-119.31058,34.52187],[-119.30989,34.52201],[-119.30955,34.5222],[-119.30938,34.52247],[-119.30934,34.52275],[-119.30946,34.52332],[-119.30981,34.52346],[-119.3096,34.5236],[-119.30921,34.52363],[-119.30869,34.5234],[-119.30818,34.52344],[-119.30852,34.52382],[-119.30866,34.52431],[-119.30818,34.52473],[-119.30818,34.52502],[-119.30803,34.5253],[-119.30749,34.52554],[-119.30732,34.52555],[-119.30648,34.52516],[-119.30642,34.52487],[-119.30577,34.52446],[-119.30526,34.52441],[-119.30495,34.52459],[-119.30492,34.52473],[-119.30528,34.5253],[-119.30526,34.52549],[-119.30354,34.52547],[-119.30268,34.52587],[-119.30217,34.52565],[-119.30131,34.5257],[-119.30011,34.52591],[-119.29925,34.52626],[-119.29873,34.52628],[-119.29839,34.52649],[-119.29805,34.52638],[-119.2977,34.5264],[-119.29742,34.52685],[-119.29701,34.52714],[-119.29564,34.52729],[-119.29493,34.52841],[-119.29461,34.5287],[-119.29444,34.52873],[-119.29419,34.52798],[-119.29444,34.5277],[-119.29442,34.52756],[-119.29393,34.5269],[-119.29187,34.52703],[-119.29163,34.52714],[-119.29157,34.52728],[-119.29187,34.52754],[-119.29228,34.5277],[-119.29141,34.52827],[-119.29139,34.52841],[-119.2917,34.52884],[-119.29135,34.529],[-119.29084,34.52902],[-119.29066,34.52912],[-119.29063,34.5294],[-119.29084,34.52979],[-119.29084,34.52997]]}},{"type":"Feature","properties":{"m":1160,"index":0},"geometry":{"type":"LineString","coordinates":[[-119.31826,34.52996],[-119.31813,34.52977],[-119.31727,34.52951],[-119.31712,34.52912],[-119.31687,34.52883],[-119.31691,34.52869],[-119.31745,34.52858],[-119.31772,34.52841],[-119.31778,34.52827],[-119.31757,34.5277],[-119.31779,34.52728],[-119.3183,34.52708],[-119.31881,34.52657],[-119.3203,34.52601],[-119.32071,34.52541],[-119.32142,34.52516],[-119.32156,34.52487],[-119.32147,34.52459],[-119.32088,34.52422],[-119.32071,34.524],[-119.31994,34.52388],[-119.31968,34.52342],[-119.31951,34.52331],[-119.31899,34.52335],[-119.31882,34.52289],[-119.31813,34.52255],[-119.31624,34.5223],[-119.31573,34.52245],[-119.31551,34.52261],[-119.31539,34.52284],[-119.31521,34.52281],[-119.31485,34.52247],[-119.3151,34.52219],[-119.31504,34.52204],[-119.31453,34.52198],[-119.31384,34.52174],[-119.31281,34.52118],[-119.31218,34.5212]]}},{"type":"Feature","properties":{"m":1160,"index":0},"geometry":{"type":"LineString","coordinates":[[-119.32336,34.5161],[-119.32336,34.5161]]}},{"type":"Feature","properties":{"m":1160,"index":0},"geometry":{"type":"LineString","coordinates":[[-119.23432,34.50493],[-119.23432,34.50493]]}},{"type":"Feature","properties":{"m":1160,"index":0},"geometry":{"type":"LineString","coordinates":[[-119.2408,34.50436],[-119.2408,34.50436]]}},{"type":"Feature","properties":{"m":1160,"index":0},"geometry":{"type":"LineString","coordinates":[[-119.25183,34.49149],[-119.25183,34.49149]]}},{"type":"Feature","properties":{"m":1160,"index":0},"geometry":{"type":"LineString","coordinates":[[-119.23505,34.48795],[-119.23505,34.48795]]}},{"type":"Feature","properties":{"m":1160,"index":0},"geometry":{"type":"LineString","coordinates":[[-119.16003,34.52443],[-119.16055,34.52465],[-119.16106,34.52436],[-119.16123,34.52436],[-119.16155,34.52558],[-119.16175,34.52565],[-119.16209,34.5256],[-119.16286,34.52516],[-119.16312,34.52479],[-119.16347,34.52495],[-119.16404,34.52487],[-119.16401,34.52516],[-119.16415,34.52535],[-119.16484,34.52537],[-119.16486,34.52544],[-119.16415,34.52598],[-119.16375,34.52657],[-119.16324,34.527],[-119.16244,34.52757],[-119.1616,34.52798],[-119.16129,34.52841],[-119.1603,34.5294],[-119.16022,34.52954],[-119.16036,34.52968],[-119.16126,34.52996]]}},{"type":"Feature","properties":{"m":1160,"index":0},"geometry":{"type":"LineString","coordinates":[[-119.16193,34.52996],[-119.16192,34.52954],[-119.16202,34.5294],[-119.16226,34.52934],[-119.16278,34.52936],[-119.16329,34.52987],[-119.16364,34.52936],[-119.16432,34.52885],[-119.16434,34.52869],[-119.16416,34.52827],[-119.16445,34.52798],[-119.16451,34.52756],[-119.16467,34.52737],[-119.16553,34.52722],[-119.16615,34.52685],[-119.16793,34.5264],[-119.16796,34.52657],[-119.16768,34.52728],[-119.16659,34.52841],[-119.16663,34.52855],[-119.16705,34.52912],[-119.16724,34.52909],[-119.16767,34.52869],[-119.16793,34.52822],[-119.16862,34.528],[-119.16913,34.52772],[-119.16931,34.52784],[-119.16959,34.52827],[-119.16936,34.52855],[-119.16942,34.52883],[-119.16983,34.52897],[-119.16995,34.52912],[-119.16965,34.52958],[-119.1691,34.52996]]}},{"type":"Feature","properties":{"m":1160,"index":0},"geometry":{"type":"LineString","coordinates":[[-119.17236,34.52996],[-119.1725,34.52954],[-119.17205,34.52897],[-119.17207,34.52883],[-119.17239,34.52855],[-119.17218,34.52798],[-119.17236,34.52742],[-119.17235,34.527],[-119.17256,34.52667],[-119.17291,34.52693],[-119.17325,34.52704],[-119.17359,34.52734],[-119.17411,34.52744],[-119.17427,34.52756],[-119.17445,34.528],[-119.17497,34.52877],[-119.17565,34.52941],[-119.17686,34.52989],[-119.17789,34.52995],[-119.1784,34.52978],[-119.17909,34.52913],[-119.17921,34.52883],[-119.17921,34.52841],[-119.1791,34.52798],[-119.17882,34.52756],[-119.17914,34.52742],[-119.17926,34.52711],[-119.17983,34.527],[-119.17973,34.52671],[-119.17977,34.52634],[-119.18178,34.52657],[-119.18176,34.527],[-119.18193,34.52742],[-119.18235,34.52769],[-119.18303,34.52751],[-119.18338,34.52731],[-119.18372,34.52734],[-119.18406,34.52719],[-119.18441,34.52722],[-119.18495,34.52685],[-119.18523,34.52629],[-119.18561,34.52598],[-119.18578,34.52596],[-119.18612,34.52647],[-119.18698,34.52679],[-119.1873,34.52657],[-119.18726,34.52586],[-119.18733,34.52568],[-119.18767,34.52587],[-119.18921,34.52529],[-119.18892,34.52615],[-119.18891,34.527],[-119.18904,34.52742],[-119.18872,34.52798],[-119.1887,34.52827],[-119.18904,34.52835],[-119.18996,34.52827],[-119.19076,34.52775],[-119.19127,34.52712],[-119.19199,34.52685],[-119.19331,34.52671],[-119.1926,34.52742],[-119.19234,34.52869],[-119.19251,34.52883],[-119.19333,34.5291],[-119.195,34.5294],[-119.19454,34.52994],[-119.19402,34.52978],[-119.19385,34.52997]]}},{"type":"Feature","properties":{"m":1160,"index":0},"geometry":{"type":"LineString","coordinates":[[-119.2026,34.52998],[-119.20273,34.52982],[-119.20257,34.52968],[-119.20175,34.52962],[-119.20163,34.52954],[-119.20236,34.52912],[-119.20263,34.52883],[-119.20245,34.52855],[-119.2017,34.52798],[-119.20148,34.5277],[-119.20157,34.52757],[-119.20209,34.52764],[-119.20324,34.52756],[-119.20324,34.52742],[-119.20282,34.52671],[-119.20287,34.52629],[-119.20265,34.52601],[-119.20329,34.526],[-119.2037,34.52643],[-119.20432,34.52644],[-119.20466,34.52676],[-119.20587,34.52705],[-119.20707,34.52764],[-119.20741,34.52802],[-119.20758,34.52807],[-119.20847,34.5277],[-119.2087,34.52756],[-119.20878,34.52728],[-119.20901,34.527],[-119.20893,34.52671],[-119.20792,34.52601],[-119.20779,34.52544],[-119.20758,34.52516],[-119.20724,34.52493],[-119.20672,34.52483],[-119.20656,34.52459],[-119.20586,34.52431],[-119.20562,34.52403],[-119.20564,34.52388],[-119.20638,34.5239],[-119.20626,34.5236],[-119.20633,34.52346],[-119.2069,34.52354],[-119.20691,34.52332],[-119.20719,34.52304],[-119.20724,34.52286],[-119.20741,34.52289],[-119.20766,34.52332],[-119.2081,34.52344],[-119.20947,34.52452],[-119.20981,34.52458],[-119.20989,34.52445],[-119.20982,34.52417],[-119.20938,34.52346],[-119.20947,34.52174],[-119.21016,34.52194],[-119.2105,34.52192],[-119.21084,34.52224],[-119.21136,34.52246],[-119.21187,34.52241],[-119.21238,34.52204],[-119.21245,34.52134],[-119.21256,34.52123],[-119.2129,34.52122],[-119.21305,34.52105],[-119.21293,34.52049],[-119.21308,34.52044],[-119.21359,34.52066],[-119.21394,34.52063],[-119.21437,34.52035],[-119.21464,34.51964],[-119.21531,34.5194],[-119.21542,34.5195],[-119.21538,34.51978],[-119.21549,34.51992],[-119.2155,34.52049],[-119.21537,34.52077],[-119.21549,34.52105],[-119.21503,34.52148],[-119.21506,34.52162],[-119.21536,34.5219],[-119.21496,34.52218],[-119.21479,34.52246],[-119.21475,34.52289],[-119.21503,34.52318],[-119.21468,34.5236],[-119.21473,34.52374],[-119.21511,34.52388],[-119.21515,34.52403],[-119.21475,34.52487],[-119.21531,34.52532],[-119.21552,34.52516],[-119.21582,34.52458],[-119.21668,34.52406],[-119.21737,34.52382],[-119.21805,34.52341],[-119.21874,34.52337],[-119.21887,34.52346],[-119.21825,34.52388],[-119.2182,34.52431],[-119.21788,34.52447],[-119.21765,34.52473],[-119.21763,34.52487],[-119.21782,34.52516],[-119.21743,34.52572],[-119.21754,34.52592],[-119.21789,34.52615],[-119.21796,34.52643],[-119.21847,34.527],[-119.21891,34.52708],[-119.21926,34.52692],[-119.21977,34.52709],[-119.22023,34.52685],[-119.22063,34.52694],[-119.22103,34.52643],[-119.22152,34.5253],[-119.22183,34.52513],[-119.222,34.5249],[-119.22235,34.52482],[-119.22265,34.52431],[-119.22286,34.52426],[-119.22286,34.52469],[-119.22303,34.52479],[-119.22341,34.52473],[-119.22279,34.52544],[-119.22303,34.52627],[-119.2232,34.52639],[-119.22363,34.52643],[-119.22389,34.52669],[-119.22434,34.52671],[-119.22442,34.52685],[-119.22427,34.52714],[-119.22429,34.52728],[-119.22441,34.52732],[-119.22526,34.52721],[-119.22618,34.52728],[-119.22641,34.52714],[-119.22668,34.52671],[-119.22699,34.52643],[-119.22829,34.52601],[-119.22863,34.52572],[-119.2287,34.52516],[-119.22853,34.52495],[-119.22785,34.52473],[-119.22784,34.52459],[-119.22854,34.52374],[-119.22938,34.52369],[-119.23006,34.52289],[-119.23024,34.52282],[-119.23076,34.52295],[-119.2311,34.52288],[-119.23144,34.52302],[-119.23179,34.52296],[-119.23265,34.5223],[-119.23368,34.52179],[-119.23428,34.52162],[-119.23488,34.52077],[-119.23539,34.52059],[-119.23598,34.51992],[-119.23676,34.51971],[-119.23708,34.5195],[-119.23779,34.51851],[-119.23719,34.51823],[-119.23706,34.51709],[-119.23694,34.51689],[-119.23676,34.51688],[-119.23642,34.51698],[-119.23608,34.51725],[-119.2358,34.51794],[-119.23539,34.51802],[-119.23522,34.51821],[-119.2347,34.5184],[-119.23402,34.51805],[-119.23333,34.518],[-119.23282,34.51775],[-119.23162,34.51812],[-119.2311,34.51811],[-119.23059,34.51834],[-119.23024,34.51838],[-119.23028,34.51794],[-119.2302,34.51752],[-119.23007,34.51734],[-119.22963,34.51709],[-119.2298,34.51667],[-119.22964,34.51639],[-119.22942,34.51625],[-119.22939,34.5161],[-119.22973,34.51583],[-119.23017,34.51582],[-119.23035,34.51568],[-119.23042,34.5154],[-119.23035,34.51511],[-119.23007,34.51496],[-119.22973,34.51459],[-119.22949,34.51455],[-119.22956,34.51439],[-119.23061,34.51356],[-119.23067,34.51328],[-119.23054,34.51299],[-119.23058,34.51285],[-119.23105,34.51257],[-119.23088,34.51214],[-119.23125,34.51186],[-119.23132,34.51158],[-119.23213,34.51128],[-119.23385,34.51106],[-119.23456,34.51087],[-119.23474,34.51059],[-119.2347,34.51016],[-119.23453,34.50992],[-119.23415,34.50974],[-119.23505,34.50974],[-119.23591,34.5092],[-119.23598,34.50903],[-119.23589,34.50875],[-119.23595,34.50818],[-119.23646,34.50804],[-119.23664,34.5079],[-119.23604,34.5079],[-119.23579,34.50818],[-119.23539,34.50839],[-119.2347,34.50849],[-119.23458,34.50847],[-119.23469,34.50818],[-119.23453,34.50805],[-119.23368,34.50818],[-119.23299,34.50795],[-119.23226,34.50804],[-119.23247,34.50788],[-119.23362,34.50748],[-119.23363,34.50719],[-119.23382,34.50691],[-119.23376,34.50649],[-119.23387,34.50606],[-119.23385,34.50575],[-119.23368,34.50563],[-119.23316,34.50587],[-119.23303,34.50634],[-119.23287,34.50649],[-119.2323,34.50671],[-119.23213,34.5067],[-119.23179,34.50645],[-119.23144,34.50644],[-119.23093,34.50625],[-119.23059,34.50643],[-119.23035,34.50677],[-119.2299,34.50709],[-119.22904,34.50668],[-119.22887,34.50674],[-119.22881,34.50705],[-119.22837,34.5079],[-119.22799,34.50804],[-119.22784,34.5084],[-119.22683,34.50847],[-119.22647,34.50832],[-119.22612,34.508],[-119.22595,34.50802],[-119.2258,34.50861],[-119.22544,34.50885],[-119.22492,34.50885],[-119.22451,34.50932],[-119.22441,34.50963],[-119.22423,34.50956],[-119.22389,34.50916],[-119.22355,34.50908],[-119.22286,34.5095],[-119.22264,34.50903],[-119.22217,34.5088],[-119.22187,34.50847],[-119.222,34.50826],[-119.22217,34.50818],[-119.222,34.50809],[-119.22149,34.50811],[-119.2212,34.50762],[-119.22125,34.50719],[-119.22113,34.50677],[-119.22158,34.5062],[-119.22132,34.50609],[-119.22125,34.50592],[-119.22142,34.50493],[-119.22125,34.50436],[-119.22063,34.50429],[-119.22042,34.50436],[-119.22041,34.50451],[-119.22081,34.5055],[-119.2208,34.50601],[-119.22063,34.50618],[-119.21995,34.50634],[-119.2196,34.50674],[-119.21908,34.50705],[-119.21871,34.50776],[-119.21867,34.50847],[-119.21823,34.50901],[-119.21788,34.50861],[-119.21737,34.50825],[-119.21634,34.50798],[-119.21577,34.50733],[-119.21548,34.50714],[-119.21514,34.50707],[-119.21462,34.50648],[-119.21405,34.50649],[-119.21342,34.50586],[-119.21273,34.5055],[-119.21205,34.50533],[-119.21195,34.5055],[-119.21291,34.50705],[-119.2129,34.50749],[-119.21322,34.5079],[-119.21354,34.50889],[-119.21287,34.50917],[-119.21302,34.50946],[-119.21298,34.5096],[-119.21239,34.50962],[-119.21205,34.50995],[-119.2117,34.50975],[-119.21084,34.51009],[-119.21068,34.51002],[-119.21067,34.50967],[-119.2105,34.50966],[-119.20896,34.51002],[-119.20861,34.50996],[-119.20814,34.51031],[-119.20793,34.51035],[-119.20758,34.51013],[-119.2069,34.50999],[-119.20604,34.50996],[-119.20552,34.51004],[-119.20549,34.50988],[-119.20582,34.50946],[-119.20588,34.50917],[-119.20437,34.50917],[-119.20398,34.50928],[-119.20299,34.50988],[-119.20293,34.51016],[-119.20309,34.51073],[-119.20306,34.51101],[-119.20278,34.51115],[-119.20226,34.51107],[-119.20212,34.51115],[-119.20192,34.5116],[-119.20157,34.51152],[-119.20054,34.51155],[-119.19865,34.51186],[-119.19788,34.51158],[-119.19763,34.51139],[-119.19728,34.51139],[-119.19688,34.51158],[-119.1966,34.51214],[-119.19608,34.51243],[-119.19574,34.51211],[-119.19505,34.51179],[-119.19471,34.5118],[-119.19436,34.51197],[-119.19315,34.51172],[-119.19284,34.51186],[-119.19265,34.51234],[-119.1923,34.51217],[-119.19127,34.51209],[-119.19076,34.51227],[-119.19007,34.51224],[-119.18921,34.51234],[-119.18907,34.51243],[-119.18905,34.51271],[-119.1887,34.51268],[-119.18836,34.51241],[-119.18784,34.51261],[-119.1875,34.51212],[-119.18715,34.51202],[-119.18698,34.51208],[-119.18682,34.51229],[-119.18681,34.51265],[-119.18664,34.51267],[-119.18601,34.51243],[-119.18593,34.51214],[-119.18544,34.51185],[-119.18458,34.51208],[-119.18392,34.51186],[-119.18386,34.51172],[-119.18437,34.51144],[-119.18441,34.51129],[-119.18425,34.51101],[-119.18432,34.51087],[-119.18475,34.51054],[-119.18595,34.5103],[-119.18612,34.51019],[-119.18638,34.50988],[-119.18674,34.50974],[-119.18689,34.50946],[-119.18725,34.50917],[-119.18731,34.50875],[-119.18812,34.50847],[-119.18853,34.50821],[-119.18887,34.50779],[-119.18956,34.50746],[-119.18939,34.50733],[-119.18853,34.50712],[-119.18767,34.50709],[-119.18715,34.50718],[-119.1867,34.50762],[-119.1863,34.50775],[-119.18492,34.50785],[-119.18338,34.50783],[-119.18286,34.50796],[-119.18188,34.50776],[-119.18252,34.50705],[-119.18252,34.50682],[-119.18235,34.50648],[-119.18197,34.50592],[-119.18166,34.50573],[-119.18132,34.50568],[-119.18063,34.50582],[-119.18041,34.50578],[-119.18079,34.50479],[-119.1808,34.50422],[-119.18071,34.50394],[-119.17977,34.50336],[-119.17892,34.50234],[-119.17836,34.50196],[-119.17943,34.50158],[-119.17977,34.50126],[-119.18069,34.50111],[-119.18075,34.50097],[-119.18044,34.50054],[-119.1808,34.50023],[-119.18132,34.50007],[-119.18156,34.4997],[-119.18154,34.49941],[-119.18097,34.49887],[-119.18029,34.49881],[-119.1796,34.49847],[-119.17874,34.49842],[-119.1784,34.49858],[-119.17739,34.49757],[-119.17704,34.49743],[-119.17693,34.49729],[-119.1769,34.49588],[-119.17673,34.49545],[-119.17675,34.49517],[-119.17713,34.49474],[-119.17727,34.49432],[-119.17772,34.4939],[-119.1781,34.49305],[-119.17812,34.49276],[-119.17789,34.49251],[-119.17754,34.49238],[-119.1762,34.49206],[-119.176,34.4916],[-119.17554,34.49121],[-119.17531,34.49078],[-119.17497,34.49053],[-119.1748,34.49002],[-119.17445,34.49002],[-119.17394,34.49052],[-119.17291,34.49078],[-119.17271,34.49149],[-119.17273,34.49347],[-119.17258,34.49404],[-119.17222,34.49415],[-119.17188,34.49452],[-119.17136,34.49434],[-119.17102,34.49455],[-119.16999,34.49453],[-119.16947,34.49466],[-119.16878,34.49531],[-119.16862,34.49565],[-119.1681,34.49555],[-119.16759,34.49571],[-119.16673,34.49514],[-119.16621,34.49496],[-119.16588,34.49503],[-119.1657,34.4952],[-119.16535,34.49513],[-119.16484,34.49531],[-119.16467,34.49509],[-119.16364,34.49481],[-119.16336,34.49446],[-119.16295,34.49445],[-119.16279,34.49432],[-119.16251,34.49361],[-119.16187,34.4929],[-119.1618,34.49248],[-119.16158,34.49208],[-119.16141,34.49197],[-119.16055,34.49194],[-119.16003,34.49181]]}},{"type":"Feature","properties":{"m":1200,"index":1},"geometry":{"type":"LineString","coordinates":[[-119.31397,34.52459],[-119.31315,34.52488],[-119.31267,34.52516],[-119.31195,34.52511],[-119.31041,34.52525],[-119.30989,34.52564],[-119.30938,34.52582],[-119.30886,34.52615],[-119.30783,34.5263],[-119.30749,34.52646],[-119.30723,34.52643],[-119.30702,34.52615],[-119.30612,34.5261],[-119.30303,34.52635],[-119.30268,34.52659],[-119.30251,34.5266],[-119.30234,34.52645],[-119.30148,34.52643],[-119.29976,34.5268],[-119.29873,34.52717],[-119.29822,34.52714],[-119.29764,34.52756],[-119.29702,34.52784],[-119.29667,34.52867],[-119.29633,34.52874],[-119.29602,34.52897],[-119.29587,34.52926],[-119.2954,34.52954],[-119.29537,34.52996]]}},{"type":"Feature","properties":{"m":1200,"index":1},"geometry":{"type":"LineString","coordinates":[[-119.29422,34.52996],[-119.29429,34.52954],[-119.29416,34.5294],[-119.29307,34.5289],[-119.29286,34.52897],[-119.29255,34.52972],[-119.29204,34.52985],[-119.29193,34.52996]]}},{"type":"Feature","properties":{"m":1200,"index":1},"geometry":{"type":"LineString","coordinates":[[-119.31676,34.52997],[-119.3164,34.52982],[-119.31642,34.52897],[-119.31618,34.52855],[-119.31624,34.52845],[-119.31693,34.5282],[-119.31701,34.52798],[-119.31686,34.52756],[-119.31709,34.52728],[-119.3171,34.52712],[-119.31806,34.52657],[-119.31852,34.52601],[-119.31854,34.52586],[-119.31844,34.52572],[-119.3175,34.52544],[-119.31733,34.52516],[-119.31642,34.52453],[-119.31607,34.52466],[-119.31572,34.52502],[-119.31539,34.52515],[-119.31453,34.52483],[-119.31418,34.52454],[-119.31397,34.52459]]}},{"type":"Feature","properties":{"m":1200,"index":1},"geometry":{"type":"LineString","coordinates":[[-119.23748,34.48979],[-119.23748,34.48979]]}},{"type":"Feature","properties":{"m":1200,"index":1},"geometry":{"type":"LineString","coordinates":[[-119.16003,34.52388],[-119.16022,34.52403],[-119.16055,34.52407],[-119.16083,34.52388],[-119.161,34.5236],[-119.16123,34.52349],[-119.1618,34.52403],[-119.16209,34.52483],[-119.16225,34.52502],[-119.16261,34.52473],[-119.16312,34.52392],[-119.16381,34.52429],[-119.16437,34.52403],[-119.1648,34.52459],[-119.16518,34.52476],[-119.16589,34.52487],[-119.1657,34.52526],[-119.16513,34.52586],[-119.16449,34.52629],[-119.164,34.527],[-119.16329,34.52757],[-119.16257,34.52798],[-119.16209,34.52841],[-119.16192,34.52869],[-119.16206,34.52883],[-119.16268,34.52883],[-119.16329,34.52901],[-119.16347,34.52894],[-119.16364,34.52869],[-119.16359,34.52813],[-119.16415,34.52722],[-119.16432,34.52711],[-119.1669,34.52616],[-119.16862,34.52594],[-119.16862,34.52616],[-119.16797,34.5277],[-119.16828,34.5277],[-119.16947,34.52734],[-119.16974,34.5277],[-119.17012,34.52798],[-119.17025,34.52855],[-119.17057,34.52897],[-119.17057,34.52912],[-119.17027,34.52968],[-119.16999,34.52999]]}},{"type":"Feature","properties":{"m":1200,"index":1},"geometry":{"type":"LineString","coordinates":[[-119.17167,34.52996],[-119.17186,34.52968],[-119.17145,34.52912],[-119.17166,34.52855],[-119.17159,34.52813],[-119.17172,34.52784],[-119.17168,34.52756],[-119.17226,34.52657],[-119.17222,34.52626],[-119.17274,34.52636],[-119.17377,34.52695],[-119.17475,34.52714],[-119.17524,34.52813],[-119.176,34.52893],[-119.17686,34.52932],[-119.17771,34.52941],[-119.17816,34.52926],[-119.17857,34.52869],[-119.17855,34.52827],[-119.17826,34.52756],[-119.17891,34.52728],[-119.17878,34.52714],[-119.17892,34.52702],[-119.17958,34.52685],[-119.1796,34.52614],[-119.18046,34.52623],[-119.1808,34.52617],[-119.18206,34.52643],[-119.1822,34.52657],[-119.18243,34.52728],[-119.18286,34.52734],[-119.18321,34.52709],[-119.18372,34.52708],[-119.18406,34.52681],[-119.18441,34.52685],[-119.18492,34.52655],[-119.1851,34.52615],[-119.18578,34.52578],[-119.18664,34.52636],[-119.18701,34.52643],[-119.18709,34.52629],[-119.18707,34.52572],[-119.18733,34.52537],[-119.18784,34.52546],[-119.18863,34.5253],[-119.18918,34.52502],[-119.18956,34.52447],[-119.1899,34.52438],[-119.19014,34.52445],[-119.1899,34.52471],[-119.18944,34.52558],[-119.18952,34.52586],[-119.18941,34.52629],[-119.18968,34.5277],[-119.19007,34.52761],[-119.19093,34.52679],[-119.19143,34.52657],[-119.19248,34.52639],[-119.19419,34.52638],[-119.19429,34.52643],[-119.19423,34.52657],[-119.19316,34.52763],[-119.19307,34.52841],[-119.19318,34.52855],[-119.19402,34.52882],[-119.19578,34.52912],[-119.19586,34.52926],[-119.19552,34.52954],[-119.19557,34.52973],[-119.1958,34.52996]]}},{"type":"Feature","properties":{"m":1200,"index":1},"geometry":{"type":"LineString","coordinates":[[-119.20123,34.52999],[-119.20034,34.52996],[-119.20037,34.52982],[-119.20084,34.5294],[-119.20139,34.52912],[-119.20165,34.52869],[-119.20115,34.52798],[-119.20094,34.52742],[-119.20068,34.52714],[-119.20089,34.52704],[-119.20209,34.52717],[-119.2023,34.52714],[-119.20237,34.527],[-119.20226,34.52671],[-119.20229,34.52629],[-119.20129,34.52586],[-119.20131,34.52572],[-119.2026,34.52559],[-119.20312,34.52544],[-119.20398,34.52589],[-119.20466,34.52587],[-119.20518,34.52628],[-119.20569,34.52638],[-119.20707,34.52695],[-119.20741,34.52697],[-119.20764,34.52685],[-119.20755,34.52657],[-119.2072,34.52615],[-119.20707,34.52555],[-119.20672,34.52536],[-119.20626,34.5253],[-119.20604,34.52496],[-119.20552,34.52485],[-119.20484,34.52405],[-119.20432,34.52385],[-119.20375,34.52346],[-119.20475,34.52332],[-119.20501,34.52318],[-119.20511,34.52289],[-119.20477,34.52233],[-119.20519,34.52233],[-119.20587,34.52269],[-119.20621,34.52271],[-119.20653,34.52247],[-119.20655,34.52178],[-119.20672,34.52181],[-119.20775,34.52228],[-119.20813,34.52275],[-119.20869,34.52304],[-119.20879,34.52289],[-119.20886,34.52219],[-119.20844,34.52127],[-119.20833,34.52091],[-119.20844,34.52082],[-119.20896,34.52095],[-119.2093,34.52055],[-119.20947,34.52058],[-119.20999,34.52108],[-119.21083,34.52105],[-119.21119,34.52158],[-119.21153,34.52169],[-119.2117,34.52159],[-119.21197,34.52105],[-119.21239,34.52063],[-119.21239,34.51963],[-119.21342,34.52006],[-119.21376,34.52003],[-119.21392,34.51978],[-119.21376,34.51904],[-119.21479,34.5189],[-119.21565,34.51836],[-119.21651,34.51813],[-119.21668,34.51812],[-119.2168,34.51823],[-119.21646,34.51865],[-119.21619,34.51936],[-119.21658,34.51978],[-119.21629,34.52021],[-119.21611,34.52077],[-119.21617,34.52137],[-119.21592,34.52162],[-119.21611,34.5219],[-119.21608,34.52204],[-119.21558,34.52247],[-119.21554,34.52261],[-119.21562,34.52346],[-119.21582,34.52385],[-119.21617,34.52379],[-119.21771,34.52309],[-119.21857,34.52294],[-119.21926,34.5227],[-119.21994,34.52256],[-119.22003,34.52261],[-119.21953,34.52346],[-119.21883,34.52417],[-119.21865,34.52459],[-119.21832,34.52487],[-119.21836,34.52516],[-119.2182,34.52558],[-119.21837,34.52586],[-119.21891,34.52632],[-119.2196,34.52637],[-119.22029,34.52625],[-119.22098,34.52516],[-119.22103,34.52487],[-119.22149,34.52462],[-119.22166,34.52433],[-119.222,34.52423],[-119.22214,34.52388],[-119.22252,34.52384],[-119.22303,34.52332],[-119.22338,34.52348],[-119.22387,34.52346],[-119.22356,34.52403],[-119.22369,34.52417],[-119.22425,34.52431],[-119.22419,34.52473],[-119.22431,34.52502],[-119.22423,34.52518],[-119.22355,34.5253],[-119.22345,34.52544],[-119.22345,34.52572],[-119.22372,34.52594],[-119.22475,34.52621],[-119.22509,34.52656],[-119.22561,34.52662],[-119.22578,34.52661],[-119.22652,34.52586],[-119.22644,34.52558],[-119.22613,34.5253],[-119.22579,34.52516],[-119.22581,34.52502],[-119.22715,34.52423],[-119.22818,34.52318],[-119.22887,34.52287],[-119.22938,34.52285],[-119.23007,34.52213],[-119.23041,34.52236],[-119.23162,34.52243],[-119.23223,34.5219],[-119.23247,34.52144],[-119.23316,34.52099],[-119.23341,34.52063],[-119.23436,34.51974],[-119.23488,34.51945],[-119.23556,34.51932],[-119.23652,34.51893],[-119.23668,34.51851],[-119.23659,34.51825],[-119.23642,34.51814],[-119.23488,34.51889],[-119.23453,34.51887],[-119.23368,34.51849],[-119.23282,34.51874],[-119.23179,34.51862],[-119.2311,34.51864],[-119.23024,34.51888],[-119.22956,34.51872],[-119.22945,34.51794],[-119.22921,34.51765],[-119.22878,34.51738],[-119.22875,34.51724],[-119.22923,34.51667],[-119.22916,34.51653],[-119.2287,34.51637],[-119.22861,34.51625],[-119.22924,34.5154],[-119.22852,34.51497],[-119.22848,34.51483],[-119.22887,34.51479],[-119.22897,34.51469],[-119.22913,34.51412],[-119.23002,34.51328],[-119.22999,34.51285],[-119.23036,34.51229],[-119.23028,34.512],[-119.23068,34.51172],[-119.23093,34.5112],[-119.23204,34.51087],[-119.23355,34.51059],[-119.2336,34.51045],[-119.23213,34.50967],[-119.23182,34.50946],[-119.23181,34.50932],[-119.23333,34.50933],[-119.23411,34.50903],[-119.23385,34.50881],[-119.23332,34.50875],[-119.23299,34.5086],[-119.2323,34.5086],[-119.23196,34.50845],[-119.23126,34.50847],[-119.2311,34.50836],[-119.23162,34.50781],[-119.2323,34.50733],[-119.23213,34.50721],[-119.2311,34.50695],[-119.23024,34.50743],[-119.22938,34.50744],[-119.22925,34.50762],[-119.22932,34.50818],[-119.2287,34.50879],[-119.22818,34.50905],[-119.22767,34.50915],[-119.22715,34.50909],[-119.22664,34.50923],[-119.22629,34.5091],[-119.22612,34.50913],[-119.22578,34.50941],[-119.22538,34.50946],[-119.22509,34.51024],[-119.22492,34.51034],[-119.22458,34.51018],[-119.22423,34.51018],[-119.22372,34.50986],[-119.22303,34.51023],[-119.22253,34.51002],[-119.222,34.51015],[-119.22185,34.51002],[-119.22206,34.50932],[-119.22149,34.5087],[-119.22111,34.50847],[-119.22078,34.50804],[-119.22065,34.50776],[-119.2206,34.50691],[-119.22046,34.50685],[-119.22022,34.50705],[-119.21977,34.5079],[-119.21946,34.50818],[-119.21912,34.50903],[-119.2189,34.50917],[-119.21874,34.5096],[-119.21857,34.50977],[-119.2172,34.50879],[-119.21617,34.50854],[-119.21565,34.50812],[-119.21479,34.50771],[-119.21445,34.50723],[-119.21411,34.50717],[-119.21356,34.50733],[-119.21379,34.50804],[-119.21404,34.50832],[-119.21425,34.50889],[-119.21376,34.50944],[-119.21376,34.50975],[-119.214,34.51016],[-119.21351,34.51016],[-119.21325,34.51039],[-119.21273,34.5103],[-119.21239,34.51065],[-119.21222,34.51069],[-119.21187,34.51048],[-119.2117,34.51049],[-119.21151,34.51059],[-119.21136,34.51088],[-119.21102,34.51073],[-119.21084,34.51076],[-119.2105,34.51105],[-119.20999,34.51071],[-119.20913,34.51068],[-119.20793,34.51088],[-119.20729,34.51059],[-119.20621,34.51042],[-119.20569,34.51056],[-119.20552,34.51117],[-119.20535,34.51103],[-119.20466,34.50989],[-119.20431,34.50988],[-119.20386,34.51002],[-119.20353,34.51031],[-119.20367,34.51115],[-119.20329,34.51176],[-119.2026,34.51173],[-119.20226,34.51213],[-119.20192,34.51202],[-119.20054,34.51207],[-119.19866,34.51228],[-119.19745,34.51213],[-119.1966,34.5126],[-119.19625,34.51291],[-119.19505,34.51221],[-119.19471,34.51223],[-119.19436,34.51241],[-119.19385,34.51224],[-119.19362,34.51229],[-119.1934,34.51271],[-119.19299,34.51272],[-119.19282,34.51305],[-119.19213,34.5128],[-119.19179,34.51297],[-119.19145,34.51273],[-119.19093,34.51282],[-119.19024,34.51275],[-119.18973,34.51285],[-119.18956,34.51313],[-119.18904,34.51301],[-119.18853,34.51312],[-119.18818,34.51303],[-119.18784,34.51319],[-119.18733,34.51308],[-119.18595,34.51332],[-119.18583,34.51328],[-119.18581,34.51299],[-119.18527,34.51285],[-119.18522,34.51257],[-119.18509,34.5125],[-119.18338,34.51263],[-119.18321,34.51262],[-119.18303,34.51245],[-119.18235,34.51251],[-119.18205,34.51243],[-119.18266,34.51186],[-119.18282,34.51158],[-119.18321,34.51146],[-119.18369,34.51115],[-119.18377,34.51059],[-119.18411,34.51045],[-119.18458,34.51004],[-119.18527,34.50998],[-119.18578,34.50979],[-119.18675,34.50903],[-119.18687,34.50875],[-119.18733,34.50838],[-119.18756,34.50804],[-119.1875,34.50791],[-119.18612,34.50825],[-119.18406,34.50826],[-119.18363,34.50832],[-119.18303,34.50857],[-119.18235,34.50859],[-119.182,34.50856],[-119.18149,34.50827],[-119.18115,34.50831],[-119.18036,34.5079],[-119.18039,34.50776],[-119.1807,34.50762],[-119.18091,34.50733],[-119.18097,34.50705],[-119.18091,34.50677],[-119.18046,34.50655],[-119.1796,34.50656],[-119.17947,34.50649],[-119.1799,34.5055],[-119.18007,34.50465],[-119.17994,34.5045],[-119.17926,34.50448],[-119.17898,34.50436],[-119.17852,34.50352],[-119.17848,34.50281],[-119.17747,34.50182],[-119.17799,34.50168],[-119.17996,34.50083],[-119.17975,34.5004],[-119.18012,34.49983],[-119.17955,34.49927],[-119.17926,34.49918],[-119.17892,34.49921],[-119.17823,34.49951],[-119.17792,34.49941],[-119.178,34.49913],[-119.17789,34.49886],[-119.1772,34.49811],[-119.17668,34.49788],[-119.17636,34.49729],[-119.17636,34.49672],[-119.17611,34.49545],[-119.17621,34.49503],[-119.17652,34.4946],[-119.17668,34.49413],[-119.17717,34.49347],[-119.17721,34.49319],[-119.17707,34.49305],[-119.17548,34.4927],[-119.17489,34.49206],[-119.1747,34.49149],[-119.17428,34.49118],[-119.17394,34.49123],[-119.17362,34.49135],[-119.17355,34.49149],[-119.17345,34.49206],[-119.17348,34.49361],[-119.17339,34.49446],[-119.17305,34.49517],[-119.17291,34.49573],[-119.17256,34.49571],[-119.17205,34.49584],[-119.17102,34.49544],[-119.17033,34.49558],[-119.16982,34.49554],[-119.16913,34.49601],[-119.16896,34.49631],[-119.16862,34.49642],[-119.16793,34.4962],[-119.16741,34.49627],[-119.16724,34.49613],[-119.16656,34.49599],[-119.16553,34.49595],[-119.16501,34.49612],[-119.16467,34.49656],[-119.16412,34.49602],[-119.16409,34.49559],[-119.16347,34.49526],[-119.16278,34.49508],[-119.16244,34.49486],[-119.16132,34.49276],[-119.16003,34.49249]]}},{"type":"Feature","properties":{"m":1240,"index":0},"geometry":{"type":"LineString","coordinates":[[-119.3115,34.52629],[-119.31109,34.52636],[-119.31024,34.52686],[-119.30852,34.52696],[-119.30783,34.52713],[-119.30749,34.52736],[-119.30697,34.5271],[-119.30612,34.52696],[-119.30543,34.527],[-119.30491,34.52726],[-119.30423,34.52725],[-119.3032,34.52747],[-119.30285,34.52792],[-119.30131,34.52748],[-119.30045,34.52744],[-119.29994,34.52752],[-119.29908,34.52777],[-119.29874,34.52798],[-119.29834,34.52869],[-119.29788,34.52918],[-119.29773,34.52968],[-119.29666,34.52996]]}},{"type":"Feature","properties":{"m":1240,"index":0},"geometry":{"type":"LineString","coordinates":[[-119.31577,34.52996],[-119.31579,34.52897],[-119.3156,34.52841],[-119.31573,34.52819],[-119.31635,34.52784],[-119.31641,34.52728],[-119.31659,34.52714],[-119.31676,34.5268],[-119.3171,34.52657],[-119.31707,34.52643],[-119.31607,34.52623],[-119.31539,34.52627],[-119.31504,34.52644],[-119.31453,34.52648],[-119.31418,34.52643],[-119.31367,34.52619],[-119.31315,34.5265],[-119.31264,34.52661],[-119.31212,34.5262],[-119.3115,34.52629]]}},{"type":"Feature","properties":{"m":1240,"index":0},"geometry":{"type":"LineString","coordinates":[[-119.23709,34.49036],[-119.23709,34.49036]]}},{"type":"Feature","properties":{"m":1240,"index":0},"geometry":{"type":"LineString","coordinates":[[-119.16002,34.52289],[-119.16038,34.52338],[-119.16055,34.52344],[-119.16084,34.52318],[-119.1608,34.52289],[-119.16089,34.52279],[-119.16141,34.52299],[-119.16209,34.52285],[-119.16198,34.52332],[-119.16203,34.52346],[-119.16236,34.5236],[-119.16246,34.52388],[-119.16261,34.52394],[-119.16312,34.52336],[-119.16364,34.52354],[-119.16381,34.52352],[-119.16415,34.52323],[-119.1645,34.52338],[-119.16535,34.52289],[-119.16542,34.52332],[-119.16533,34.52388],[-119.16547,34.52417],[-119.1657,34.52426],[-119.16602,34.52388],[-119.16621,34.52384],[-119.16648,34.52403],[-119.16638,34.52446],[-119.16692,34.52473],[-119.16631,34.52572],[-119.16673,34.52579],[-119.16793,34.52568],[-119.16931,34.5253],[-119.16946,34.52544],[-119.16942,34.52586],[-119.16896,34.52706],[-119.16982,34.52693],[-119.1702,34.52742],[-119.17068,34.52772],[-119.17102,34.52813],[-119.17158,34.52728],[-119.17158,34.52685],[-119.17188,34.52664],[-119.17198,34.52643],[-119.17136,34.52574],[-119.17136,34.52557],[-119.17236,34.52601],[-119.17342,34.52617],[-119.17439,34.52671],[-119.17523,34.52685],[-119.1756,34.52714],[-119.17574,34.5277],[-119.17617,34.5283],[-119.17668,34.52862],[-119.17754,34.52879],[-119.17789,34.52874],[-119.17803,34.52855],[-119.17782,34.52756],[-119.1779,34.52742],[-119.17857,34.52679],[-119.17909,34.52681],[-119.17945,34.52671],[-119.17915,34.52586],[-119.17926,34.52518],[-119.17943,34.52513],[-119.1796,34.52551],[-119.18017,34.52601],[-119.18047,34.52601],[-119.18097,34.52576],[-119.18115,34.52594],[-119.18166,34.52618],[-119.182,34.52608],[-119.18218,34.52618],[-119.1825,34.52643],[-119.18269,34.52674],[-119.18338,34.52668],[-119.18365,34.52657],[-119.18375,34.52629],[-119.18389,34.52619],[-119.18441,34.52636],[-119.18455,34.52629],[-119.1847,34.52601],[-119.18544,34.52554],[-119.18561,34.52562],[-119.18612,34.52553],[-119.18668,34.52572],[-119.18681,34.52562],[-119.18697,34.52516],[-119.18675,34.52459],[-119.18681,34.52448],[-119.18715,34.52467],[-119.18887,34.52495],[-119.18918,34.52459],[-119.18892,34.52431],[-119.18894,34.52417],[-119.18926,34.52388],[-119.18939,34.52338],[-119.18961,34.5236],[-119.18968,34.52388],[-119.1899,34.52401],[-119.19042,34.5237],[-119.1911,34.52367],[-119.19114,34.52374],[-119.19092,34.52403],[-119.19088,34.52431],[-119.19042,34.52531],[-119.19013,34.52572],[-119.1903,34.52643],[-119.19042,34.52653],[-119.19196,34.52599],[-119.19351,34.52585],[-119.19488,34.52613],[-119.195,34.52629],[-119.1949,34.52657],[-119.19405,34.52756],[-119.1941,34.52827],[-119.19436,34.52839],[-119.19558,34.52855],[-119.19659,34.52883],[-119.19671,34.52897],[-119.19668,34.52912],[-119.19632,34.52954],[-119.1966,34.52996]]}},{"type":"Feature","properties":{"m":1240,"index":0},"geometry":{"type":"LineString","coordinates":[[-119.19969,34.53],[-119.19976,34.52968],[-119.20003,34.52954],[-119.20033,34.52912],[-119.20072,34.52891],[-119.20082,34.52855],[-119.2002,34.52747],[-119.199,34.52699],[-119.19914,34.52685],[-119.19968,34.52671],[-119.20123,34.52656],[-119.20147,34.52643],[-119.2002,34.52579],[-119.19998,34.52558],[-119.19973,34.52502],[-119.19986,34.52496],[-119.20036,34.52516],[-119.20106,34.5252],[-119.20235,34.52502],[-119.20329,34.52474],[-119.2037,34.52487],[-119.20398,34.52516],[-119.2047,34.52516],[-119.20475,34.52502],[-119.20447,34.52459],[-119.2027,34.52332],[-119.20263,34.52318],[-119.20295,34.52302],[-119.20391,34.52289],[-119.20418,34.52275],[-119.20344,34.52162],[-119.20343,34.52148],[-119.20363,34.5213],[-119.20397,34.52148],[-119.20467,34.52148],[-119.20518,34.52175],[-119.20569,34.52179],[-119.20604,34.52165],[-119.20621,34.52117],[-119.20638,34.52106],[-119.20707,34.52139],[-119.20793,34.52164],[-119.20774,34.52063],[-119.20786,34.51992],[-119.20793,34.51984],[-119.20827,34.51999],[-119.20861,34.51995],[-119.20896,34.51959],[-119.20947,34.5197],[-119.20997,34.52021],[-119.21033,34.52044],[-119.21136,34.52075],[-119.21158,34.52063],[-119.21173,34.52035],[-119.21153,34.51865],[-119.21308,34.51936],[-119.21323,34.51922],[-119.21324,34.51907],[-119.21308,34.51834],[-119.21325,34.51828],[-119.21393,34.51847],[-119.21445,34.51845],[-119.21473,34.51823],[-119.21486,34.5178],[-119.21496,34.51773],[-119.21514,34.51771],[-119.21531,34.51756],[-119.21582,34.51771],[-119.21634,34.51726],[-119.21685,34.51734],[-119.21805,34.51723],[-119.21816,34.51738],[-119.21769,34.5178],[-119.21752,34.51808],[-119.21752,34.51823],[-119.21777,34.51865],[-119.21709,34.51879],[-119.21698,34.51893],[-119.21701,34.51922],[-119.2173,34.5195],[-119.21749,34.52006],[-119.21681,34.52063],[-119.21678,34.52162],[-119.21649,34.52233],[-119.21619,34.52275],[-119.21628,34.52289],[-119.2196,34.52221],[-119.21977,34.5216],[-119.22011,34.5218],[-119.22065,34.52176],[-119.22067,34.5219],[-119.22094,34.52219],[-119.21971,34.52417],[-119.21914,34.52487],[-119.21909,34.52516],[-119.21926,34.52527],[-119.21977,34.52512],[-119.22011,34.52514],[-119.22029,34.52503],[-119.22049,34.52459],[-119.22087,34.52431],[-119.22114,34.52388],[-119.22149,34.52379],[-119.22183,34.5235],[-119.22217,34.52343],[-119.2226,34.52304],[-119.22262,34.52275],[-119.22286,34.52261],[-119.22338,34.52285],[-119.22475,34.52287],[-119.22476,34.52304],[-119.22451,34.5236],[-119.22526,34.5241],[-119.22561,34.52406],[-119.22647,34.52377],[-119.22781,34.52261],[-119.22911,34.52219],[-119.22973,34.52158],[-119.2299,34.52152],[-119.23026,34.52162],[-119.23076,34.52131],[-119.23144,34.52143],[-119.23196,34.52092],[-119.23224,34.52035],[-119.23325,34.51964],[-119.23354,34.51936],[-119.23353,34.51922],[-119.23333,34.51913],[-119.23247,34.51926],[-119.2311,34.51908],[-119.23059,34.5192],[-119.23024,34.5194],[-119.22973,34.51919],[-119.22887,34.51906],[-119.22885,34.51851],[-119.22871,34.51808],[-119.22814,34.51738],[-119.22841,34.51681],[-119.22838,34.51667],[-119.22804,34.51653],[-119.22798,34.51639],[-119.22806,34.51582],[-119.22837,34.51554],[-119.22835,34.5154],[-119.22741,34.51483],[-119.22904,34.51343],[-119.22938,34.51324],[-119.22953,34.51299],[-119.22946,34.51271],[-119.2297,34.51229],[-119.22971,34.512],[-119.23021,34.51144],[-119.23022,34.5113],[-119.23007,34.51117],[-119.22938,34.51085],[-119.22886,34.51073],[-119.22848,34.51045],[-119.22956,34.51023],[-119.2299,34.50985],[-119.2302,34.50988],[-119.23059,34.51015],[-119.23093,34.51007],[-119.23115,34.50988],[-119.23118,34.50974],[-119.23099,34.50932],[-119.23118,34.50903],[-119.23111,34.50889],[-119.23024,34.50834],[-119.23007,34.50833],[-119.22973,34.5087],[-119.22938,34.50887],[-119.229,34.50946],[-119.2287,34.50965],[-119.22784,34.50982],[-119.22681,34.50975],[-119.22629,34.50986],[-119.22612,34.51],[-119.22578,34.51008],[-119.22565,34.51059],[-119.22526,34.51075],[-119.22509,34.51094],[-119.22441,34.51088],[-119.22372,34.5106],[-119.22303,34.51097],[-119.22252,34.51068],[-119.22217,34.51061],[-119.22183,34.51069],[-119.22149,34.51091],[-119.22118,34.51087],[-119.22131,34.50988],[-119.22125,34.5096],[-119.22063,34.50872],[-119.22029,34.50845],[-119.22011,34.50846],[-119.21994,34.50865],[-119.21981,34.50889],[-119.21975,34.50946],[-119.21908,34.5103],[-119.21857,34.51055],[-119.21823,34.51039],[-119.21788,34.50999],[-119.21734,34.50974],[-119.21702,34.50971],[-119.21651,34.50928],[-119.21548,34.50874],[-119.21496,34.50862],[-119.21479,34.50869],[-119.21477,34.50903],[-119.21449,34.50974],[-119.21474,34.51031],[-119.21473,34.51059],[-119.21376,34.511],[-119.21273,34.51108],[-119.21225,34.51144],[-119.21187,34.51124],[-119.21136,34.5116],[-119.21119,34.51162],[-119.21084,34.51144],[-119.2105,34.51181],[-119.21033,34.51178],[-119.20981,34.51134],[-119.20878,34.51129],[-119.2081,34.51153],[-119.20758,34.51151],[-119.20655,34.5117],[-119.20638,34.51179],[-119.20621,34.51214],[-119.20604,34.51218],[-119.20535,34.51179],[-119.20484,34.51106],[-119.20449,34.51092],[-119.20427,34.51101],[-119.20353,34.51229],[-119.20346,34.51259],[-119.20312,34.51256],[-119.20278,34.51274],[-119.20192,34.5125],[-119.2014,34.5127],[-119.20089,34.51258],[-119.20037,34.51258],[-119.19866,34.51272],[-119.1978,34.51255],[-119.19682,34.51285],[-119.19654,34.51313],[-119.19642,34.51342],[-119.19574,34.51345],[-119.19552,34.51328],[-119.19533,34.51285],[-119.19505,34.51274],[-119.19488,34.51277],[-119.19461,34.51313],[-119.19402,34.5131],[-119.19368,34.51347],[-119.19316,34.51361],[-119.1923,34.51333],[-119.19179,34.51358],[-119.19127,34.51329],[-119.19059,34.51324],[-119.19007,34.51332],[-119.18956,34.51361],[-119.18904,34.51349],[-119.1887,34.51362],[-119.18836,34.51355],[-119.18801,34.51366],[-119.18698,34.5137],[-119.18647,34.51361],[-119.18595,34.51375],[-119.18532,34.5137],[-119.18509,34.51346],[-119.18459,34.51342],[-119.18456,34.51313],[-119.18441,34.51302],[-119.18269,34.51306],[-119.18218,34.51297],[-119.1808,34.51308],[-119.18056,34.51299],[-119.18082,34.51271],[-119.18042,34.51243],[-119.1809,34.51214],[-119.18132,34.51205],[-119.18149,34.51168],[-119.18183,34.51171],[-119.18197,34.51158],[-119.18218,34.51103],[-119.18269,34.51101],[-119.18286,34.51092],[-119.18303,34.51045],[-119.1835,34.51002],[-119.18384,34.50988],[-119.18424,34.50951],[-119.18544,34.5092],[-119.18561,34.50905],[-119.18573,34.50875],[-119.18544,34.50871],[-119.18492,34.50885],[-119.18338,34.50901],[-119.182,34.50902],[-119.1808,34.50882],[-119.18022,34.50832],[-119.17895,34.50832],[-119.17893,34.50818],[-119.1794,34.50776],[-119.17956,34.50748],[-119.17955,34.50733],[-119.17943,34.50725],[-119.17862,34.50691],[-119.17909,34.5061],[-119.17926,34.50546],[-119.17897,34.50521],[-119.17823,34.50499],[-119.17788,34.50465],[-119.17767,34.50408],[-119.17768,34.50309],[-119.17749,34.50267],[-119.17703,34.50247],[-119.17651,34.50253],[-119.17647,34.50238],[-119.1769,34.50196],[-119.17696,34.50153],[-119.17754,34.50129],[-119.17789,34.50126],[-119.17901,34.50069],[-119.17909,34.50026],[-119.17892,34.49999],[-119.17806,34.50001],[-119.17733,34.4997],[-119.17715,34.49955],[-119.17731,34.49913],[-119.1772,34.49895],[-119.17686,34.4986],[-119.17651,34.49852],[-119.17614,34.49814],[-119.17603,34.49771],[-119.17573,34.49715],[-119.17545,34.49545],[-119.17557,34.49503],[-119.17591,34.49446],[-119.1759,34.49375],[-119.17548,34.49354],[-119.17428,34.49331],[-119.17406,34.49517],[-119.17359,34.49651],[-119.17256,34.4967],[-119.17014,34.49658],[-119.16988,34.49672],[-119.16965,34.4971],[-119.16947,34.49716],[-119.16913,34.49696],[-119.16896,34.49697],[-119.16844,34.49733],[-119.16793,34.497],[-119.16741,34.49731],[-119.1669,34.49696],[-119.16604,34.49702],[-119.16518,34.49726],[-119.16467,34.4973],[-119.16398,34.49784],[-119.16392,34.49771],[-119.16409,34.49715],[-119.16398,34.49694],[-119.16381,34.49691],[-119.16312,34.49718],[-119.16272,34.49715],[-119.16262,34.49701],[-119.16218,34.49559],[-119.16157,34.49474],[-119.16123,34.49382],[-119.16089,34.49357],[-119.16003,34.49347]]}},{"type":"Feature","properties":{"m":1280,"index":0},"geometry":{"type":"LineString","coordinates":[[-119.31523,34.52714],[-119.3135,34.52734],[-119.31247,34.5277],[-119.31127,34.52748],[-119.31006,34.52785],[-119.30869,34.52802],[-119.30835,34.52833],[-119.3083,34.52855],[-119.30869,34.52883],[-119.30873,34.52912],[-119.30892,34.5294],[-119.3089,34.52968],[-119.30869,34.52997]]}},{"type":"Feature","properties":{"m":1280,"index":0},"geometry":{"type":"LineString","coordinates":[[-119.30806,34.52996],[-119.30805,34.52968],[-119.30783,34.52955],[-119.30766,34.52961],[-119.30738,34.5294],[-119.30755,34.52897],[-119.30749,34.52869],[-119.30732,34.52851],[-119.30697,34.52829],[-119.30594,34.52805],[-119.30491,34.52819],[-119.30431,34.52855],[-119.30431,34.52897],[-119.30469,34.52954],[-119.30508,34.52982],[-119.30504,34.52996]]}},{"type":"Feature","properties":{"m":1280,"index":0},"geometry":{"type":"LineString","coordinates":[[-119.30248,34.52996],[-119.30239,34.52982],[-119.3024,34.52926],[-119.30227,34.52883],[-119.30182,34.52842],[-119.30131,34.52832],[-119.30097,34.52847],[-119.30011,34.52859],[-119.30001,34.52869],[-119.3,34.52897],[-119.29932,34.52954],[-119.29929,34.52996]]}},{"type":"Feature","properties":{"m":1280,"index":0},"geometry":{"type":"LineString","coordinates":[[-119.31505,34.52996],[-119.31519,34.52897],[-119.31504,34.52832],[-119.31576,34.5277],[-119.316,34.52714],[-119.3159,34.52701],[-119.31523,34.52714]]}},{"type":"Feature","properties":{"m":1280,"index":0},"geometry":{"type":"LineString","coordinates":[[-119.23906,34.49347],[-119.23906,34.49347]]}},{"type":"Feature","properties":{"m":1280,"index":0},"geometry":{"type":"LineString","coordinates":[[-119.16003,34.51823],[-119.16029,34.51851],[-119.16055,34.51861],[-119.16072,34.51856],[-119.1614,34.5178],[-119.1617,34.5178],[-119.16149,34.51823],[-119.16148,34.51879],[-119.16158,34.51922],[-119.16111,34.51922],[-119.16089,34.5197],[-119.16038,34.51947],[-119.1602,34.51946],[-119.16002,34.51964]]}},{"type":"Feature","properties":{"m":1280,"index":0},"geometry":{"type":"LineString","coordinates":[[-119.16003,34.5226],[-119.1602,34.52258],[-119.16089,34.52213],[-119.16115,34.52219],[-119.16141,34.52248],[-119.16166,34.52247],[-119.16192,34.52228],[-119.16209,34.5223],[-119.16261,34.52243],[-119.16262,34.52275],[-119.16278,34.52304],[-119.16329,34.52282],[-119.16381,34.52292],[-119.16415,34.52254],[-119.16432,34.52252],[-119.16467,34.52273],[-119.16484,34.5227],[-119.16553,34.52209],[-119.1657,34.52216],[-119.166,34.52261],[-119.16606,34.52318],[-119.16621,34.52332],[-119.16656,34.5232],[-119.16673,34.52352],[-119.16724,34.5235],[-119.16739,34.5236],[-119.16713,34.52417],[-119.16738,34.52445],[-119.1674,34.52473],[-119.16716,34.52516],[-119.16741,34.52525],[-119.16947,34.52505],[-119.16982,34.52516],[-119.17,34.52558],[-119.16978,34.52657],[-119.17033,34.52664],[-119.17085,34.52723],[-119.17102,34.52713],[-119.17121,34.52657],[-119.17156,34.52629],[-119.17118,34.52601],[-119.17059,34.52516],[-119.17061,34.52502],[-119.17119,34.52427],[-119.17153,34.52473],[-119.17163,34.52516],[-119.17188,34.52529],[-119.17229,34.5253],[-119.17256,34.52575],[-119.17308,34.52561],[-119.17342,34.52579],[-119.17394,34.52588],[-119.17411,34.52615],[-119.1748,34.52624],[-119.17487,34.52643],[-119.17513,34.52657],[-119.17583,34.52662],[-119.17617,34.5269],[-119.1762,34.52728],[-119.17651,34.52783],[-119.17703,34.52812],[-119.1772,34.52811],[-119.17734,34.52798],[-119.17729,34.52742],[-119.17763,34.52685],[-119.17675,34.52629],[-119.17666,34.52615],[-119.17789,34.52614],[-119.17857,34.52627],[-119.17874,34.52618],[-119.17857,34.52588],[-119.17878,34.52544],[-119.17872,34.52502],[-119.17848,34.52473],[-119.1784,34.52416],[-119.17805,34.52374],[-119.1784,34.52379],[-119.17857,34.5237],[-119.17874,34.52313],[-119.17892,34.52291],[-119.17916,34.52332],[-119.17942,34.52431],[-119.17977,34.52429],[-119.18012,34.52449],[-119.1801,34.52502],[-119.18046,34.52522],[-119.18132,34.52485],[-119.18183,34.52446],[-119.18187,34.52502],[-119.18157,34.52558],[-119.18166,34.52564],[-119.18262,34.5253],[-119.18286,34.52512],[-119.1828,34.52572],[-119.18295,34.52586],[-119.18289,34.52615],[-119.18303,34.5263],[-119.18389,34.52595],[-119.18441,34.5259],[-119.18471,34.52572],[-119.18492,34.52544],[-119.18527,34.52533],[-119.18544,34.52514],[-119.18561,34.5251],[-119.18578,34.52533],[-119.18647,34.52529],[-119.18655,34.52502],[-119.18636,34.52445],[-119.18602,34.52403],[-119.18612,34.52389],[-119.18647,34.52393],[-119.18698,34.52423],[-119.18836,34.52441],[-119.18849,34.52374],[-119.18834,34.52332],[-119.18853,34.52327],[-119.18887,34.52337],[-119.18888,34.52275],[-119.18939,34.52195],[-119.18979,34.52304],[-119.1902,34.52346],[-119.19076,34.52331],[-119.19112,34.52332],[-119.19179,34.52299],[-119.19265,34.52317],[-119.19153,34.52403],[-119.19143,34.52445],[-119.19085,34.52558],[-119.19082,34.52572],[-119.19093,34.52587],[-119.19196,34.52552],[-119.19282,34.5255],[-119.19351,34.52534],[-119.19402,34.5254],[-119.19454,34.52566],[-119.19522,34.52564],[-119.19547,34.52572],[-119.19576,34.52657],[-119.19574,34.52682],[-119.19488,34.52742],[-119.19471,34.52774],[-119.19488,34.52791],[-119.19599,34.52827],[-119.19677,34.52833],[-119.19722,34.52855],[-119.19753,34.52954],[-119.19732,34.52996]]}},{"type":"Feature","properties":{"m":1280,"index":0},"geometry":{"type":"LineString","coordinates":[[-119.19893,34.52996],[-119.19877,34.52968],[-119.19942,34.52912],[-119.19951,34.5288],[-119.19982,34.52855],[-119.19983,34.52827],[-119.19969,34.52798],[-119.1992,34.5277],[-119.19901,34.52742],[-119.19848,34.52726],[-119.19827,34.527],[-119.19846,34.52671],[-119.1996,34.52615],[-119.19898,34.52459],[-119.19934,34.52393],[-119.20003,34.52448],[-119.20054,34.52461],[-119.20123,34.52462],[-119.20209,34.52448],[-119.20267,34.52431],[-119.20285,34.52417],[-119.20207,34.52332],[-119.20198,34.52304],[-119.20209,34.52283],[-119.20297,34.52261],[-119.20304,34.52233],[-119.2029,34.52204],[-119.20192,34.52134],[-119.2019,34.52077],[-119.20243,34.52065],[-119.20295,34.52067],[-119.20329,34.52027],[-119.20415,34.52077],[-119.20484,34.52083],[-119.20552,34.52114],[-119.20604,34.52063],[-119.20621,34.52059],[-119.20707,34.52083],[-119.20722,34.52063],[-119.20739,34.51978],[-119.20724,34.51916],[-119.2081,34.51923],[-119.20913,34.51869],[-119.20973,34.51907],[-119.2105,34.51986],[-119.21093,34.51992],[-119.21104,34.51978],[-119.21097,34.5195],[-119.21107,34.51823],[-119.21117,34.51794],[-119.21239,34.51845],[-119.21255,34.51823],[-119.21249,34.51766],[-119.21256,34.51738],[-119.21342,34.51774],[-119.21393,34.51778],[-119.21417,34.51766],[-119.21446,34.51709],[-119.21462,34.517],[-119.21496,34.5171],[-119.21531,34.51691],[-119.21565,34.51705],[-119.21582,34.51702],[-119.21634,34.51652],[-119.21685,34.51666],[-119.2172,34.51657],[-119.21823,34.51686],[-119.21967,34.51695],[-119.21941,34.51724],[-119.21891,34.51757],[-119.21834,34.5178],[-119.21811,34.51808],[-119.2181,34.51823],[-119.21848,34.51865],[-119.2185,34.51879],[-119.21785,34.51922],[-119.21799,34.51964],[-119.21803,34.52021],[-119.21801,34.52035],[-119.21768,34.52063],[-119.21737,34.52116],[-119.21733,34.5219],[-119.21754,34.52203],[-119.21891,34.52173],[-119.21902,34.52162],[-119.21909,34.5212],[-119.2196,34.52063],[-119.21994,34.52077],[-119.22029,34.52072],[-119.22114,34.51994],[-119.22132,34.5199],[-119.22139,34.52049],[-119.22105,34.52105],[-119.22139,34.5212],[-119.22154,34.52148],[-119.22183,34.52167],[-119.22166,34.52253],[-119.22252,34.52228],[-119.22303,34.52196],[-119.22355,34.52226],[-119.22526,34.52226],[-119.22544,34.52245],[-119.22541,34.52332],[-119.22578,34.52341],[-119.22623,34.52318],[-119.22765,34.52204],[-119.22839,34.52162],[-119.22923,34.52134],[-119.22956,34.52101],[-119.2299,34.52103],[-119.23043,34.52077],[-119.23093,34.52076],[-119.23127,34.52063],[-119.23144,34.52014],[-119.23186,34.51978],[-119.23162,34.51962],[-119.23127,34.51949],[-119.23083,34.5195],[-119.23048,34.51978],[-119.23024,34.51978],[-119.22887,34.51955],[-119.22825,34.51922],[-119.22815,34.51907],[-119.22808,34.51823],[-119.22774,34.5178],[-119.22771,34.51695],[-119.22715,34.51688],[-119.22712,34.51681],[-119.22745,34.5161],[-119.22743,34.51554],[-119.22715,34.51528],[-119.22629,34.51537],[-119.22622,34.51526],[-119.22628,34.51483],[-119.22703,34.51441],[-119.22872,34.51299],[-119.22921,34.51176],[-119.22909,34.51158],[-119.22801,34.51122],[-119.22698,34.51124],[-119.22647,34.51095],[-119.22561,34.51117],[-119.22509,34.51145],[-119.22387,34.51115],[-119.2232,34.51161],[-119.22286,34.51141],[-119.22235,34.51128],[-119.22132,34.51147],[-119.22114,34.51134],[-119.22074,34.5113],[-119.22066,34.51115],[-119.22074,34.51016],[-119.22063,34.5099],[-119.22046,34.50986],[-119.21994,34.51032],[-119.2196,34.51096],[-119.21926,34.51133],[-119.21891,34.51147],[-119.2184,34.51132],[-119.21805,34.51148],[-119.21782,34.51101],[-119.2172,34.51071],[-119.21668,34.51071],[-119.21617,34.50986],[-119.21565,34.50968],[-119.21548,34.50969],[-119.21539,34.50988],[-119.21537,34.51073],[-119.21496,34.51125],[-119.21453,34.51144],[-119.21445,34.51187],[-119.21428,34.51193],[-119.21308,34.51178],[-119.21239,34.51207],[-119.21187,34.51205],[-119.21153,34.51221],[-119.21067,34.51223],[-119.21033,34.51236],[-119.20955,34.51186],[-119.20896,34.5118],[-119.20844,34.512],[-119.20775,34.51205],[-119.20672,34.51237],[-119.20658,34.51257],[-119.20655,34.51299],[-119.20638,34.51312],[-119.20604,34.51293],[-119.20552,34.51299],[-119.20518,34.51256],[-119.20466,34.51215],[-119.20403,34.51257],[-119.20381,34.51305],[-119.20317,34.51328],[-119.20295,34.51357],[-119.20209,34.51316],[-119.20192,34.51341],[-119.20174,34.51342],[-119.20003,34.51311],[-119.19898,34.51313],[-119.19866,34.51326],[-119.19814,34.51314],[-119.19728,34.51312],[-119.19703,34.51328],[-119.19677,34.51377],[-119.1966,34.51375],[-119.19625,34.51403],[-119.19591,34.51399],[-119.19522,34.51368],[-119.19505,34.5137],[-119.19488,34.51388],[-119.19419,34.51375],[-119.19368,34.51403],[-119.19333,34.51392],[-119.19282,34.51408],[-119.19258,34.51384],[-119.1923,34.5138],[-119.19179,34.51413],[-119.1911,34.5138],[-119.19059,34.51374],[-119.19007,34.51384],[-119.18973,34.5141],[-119.18921,34.51397],[-119.1887,34.51416],[-119.18836,34.51408],[-119.18784,34.5142],[-119.18733,34.5141],[-119.1863,34.51422],[-119.18475,34.5141],[-119.18437,34.51384],[-119.18389,34.51388],[-119.18379,34.51356],[-119.18355,34.51344],[-119.18252,34.51347],[-119.1795,34.51328],[-119.17947,34.51313],[-119.17996,34.51285],[-119.17994,34.51271],[-119.1796,34.51254],[-119.17937,34.51229],[-119.18016,34.512],[-119.18046,34.5117],[-119.1808,34.51166],[-119.18115,34.51124],[-119.18149,34.51116],[-119.18183,34.51066],[-119.18235,34.51047],[-119.18252,34.51016],[-119.18325,34.5096],[-119.18321,34.5095],[-119.18114,34.50946],[-119.18061,34.50932],[-119.17966,34.50875],[-119.17857,34.50881],[-119.17793,34.50861],[-119.17791,34.50847],[-119.17814,34.50818],[-119.17813,34.50804],[-119.17785,34.50748],[-119.17774,34.50691],[-119.1784,34.50626],[-119.17846,34.50606],[-119.17833,34.50592],[-119.17754,34.50558],[-119.17715,34.50521],[-119.17703,34.50479],[-119.17711,34.5038],[-119.17692,34.50337],[-119.17634,34.50327],[-119.17548,34.50338],[-119.17533,34.50323],[-119.17559,34.50295],[-119.17553,34.50281],[-119.17527,34.50267],[-119.17591,34.50224],[-119.17606,34.50196],[-119.1764,34.50182],[-119.17663,34.50125],[-119.17761,34.50097],[-119.17789,34.50068],[-119.17686,34.50009],[-119.17637,34.49998],[-119.17635,34.4997],[-119.17649,34.49941],[-119.17602,34.49899],[-119.1748,34.49685],[-119.17462,34.49676],[-119.17445,34.49685],[-119.17394,34.49732],[-119.17325,34.49736],[-119.17274,34.49752],[-119.17119,34.49758],[-119.1705,34.49728],[-119.17033,34.49739],[-119.17019,34.49771],[-119.17033,34.49828],[-119.17033,34.49877],[-119.17016,34.49874],[-119.16913,34.49796],[-119.16896,34.498],[-119.16886,34.49814],[-119.16862,34.49885],[-119.1681,34.49881],[-119.16796,34.49871],[-119.16793,34.49816],[-119.16741,34.4984],[-119.16656,34.49913],[-119.16638,34.49915],[-119.16659,34.49828],[-119.16655,34.49814],[-119.16638,34.49804],[-119.16553,34.49801],[-119.16535,34.49804],[-119.16494,34.49842],[-119.16467,34.49906],[-119.1645,34.49904],[-119.16415,34.49879],[-119.16396,34.49899],[-119.16312,34.4994],[-119.16299,34.49885],[-119.16269,34.49842],[-119.16261,34.49801],[-119.16175,34.49822],[-119.16147,34.49814],[-119.16177,34.49687],[-119.16154,34.49573],[-119.16089,34.49492],[-119.16059,34.49474],[-119.16032,34.49474],[-119.16003,34.49438]]}},{"type":"Feature","properties":{"m":1320,"index":0},"geometry":{"type":"LineString","coordinates":[[-119.31447,34.52813],[-119.31384,34.5283],[-119.31333,34.5287],[-119.31144,34.52965],[-119.31041,34.52997]]}},{"type":"Feature","properties":{"m":1320,"index":0},"geometry":{"type":"LineString","coordinates":[[-119.31454,34.52996],[-119.3146,34.52813],[-119.31447,34.52813]]}},{"type":"Feature","properties":{"m":1320,"index":0},"geometry":{"type":"LineString","coordinates":[[-119.17061,34.52601],[-119.17061,34.52601]]}},{"type":"Feature","properties":{"m":1320,"index":0},"geometry":{"type":"LineString","coordinates":[[-119.21836,34.52063],[-119.21836,34.52063]]}},{"type":"Feature","properties":{"m":1320,"index":0},"geometry":{"type":"LineString","coordinates":[[-119.24755,34.49672],[-119.24755,34.49672]]}},{"type":"Feature","properties":{"m":1320,"index":0},"geometry":{"type":"LineString","coordinates":[[-119.24205,34.49602],[-119.24205,34.49602]]}},{"type":"Feature","properties":{"m":1320,"index":0},"geometry":{"type":"LineString","coordinates":[[-119.16003,34.5123],[-119.16039,34.51243],[-119.1602,34.51278],[-119.16003,34.51287]]}},{"type":"Feature","properties":{"m":1320,"index":0},"geometry":{"type":"LineString","coordinates":[[-119.16003,34.51398],[-119.16089,34.51441],[-119.16003,34.51462]]}},{"type":"Feature","properties":{"m":1320,"index":0},"geometry":{"type":"LineString","coordinates":[[-119.16003,34.51683],[-119.16023,34.51752],[-119.16055,34.51792],[-119.16135,34.51752],[-119.16175,34.51705],[-119.16385,34.51808],[-119.16414,34.51837],[-119.16381,34.51842],[-119.16226,34.51815],[-119.16209,34.51827],[-119.16216,34.51893],[-119.16255,34.5195],[-119.16257,34.52006],[-119.16272,34.52035],[-119.16253,34.52035],[-119.16217,34.52006],[-119.16175,34.51995],[-119.16141,34.52006],[-119.16123,34.52039],[-119.16038,34.52012],[-119.1602,34.52014],[-119.16003,34.52029]]}},{"type":"Feature","properties":{"m":1320,"index":0},"geometry":{"type":"LineString","coordinates":[[-119.16003,34.52209],[-119.16038,34.52167],[-119.16089,34.52171],[-119.16123,34.5216],[-119.16158,34.52179],[-119.16192,34.52166],[-119.16226,34.52179],[-119.1628,34.52176],[-119.16303,34.5219],[-119.16312,34.52224],[-119.16347,34.52235],[-119.16364,34.52232],[-119.16397,34.52204],[-119.16484,34.52212],[-119.16518,34.5216],[-119.1657,34.52159],[-119.16621,34.52139],[-119.16632,34.52219],[-119.1664,34.52233],[-119.16704,34.52275],[-119.16718,34.52318],[-119.16813,34.52304],[-119.16809,34.52346],[-119.16785,34.52403],[-119.16803,34.52459],[-119.16947,34.5245],[-119.17033,34.52479],[-119.17052,34.52459],[-119.17061,34.52388],[-119.17085,34.52354],[-119.17106,34.52346],[-119.17136,34.52373],[-119.17205,34.52359],[-119.17215,34.52374],[-119.17195,34.52417],[-119.17205,34.52462],[-119.17256,34.5248],[-119.17291,34.52511],[-119.17308,34.52514],[-119.17359,34.52479],[-119.17365,34.52544],[-119.17394,34.52548],[-119.17411,34.5254],[-119.17445,34.52576],[-119.17497,34.52579],[-119.17546,34.52629],[-119.17565,34.5263],[-119.176,34.52628],[-119.17617,34.52617],[-119.17619,34.52572],[-119.17634,34.52558],[-119.17685,34.52572],[-119.17808,34.52572],[-119.178,34.5253],[-119.17815,34.52502],[-119.17788,34.52445],[-119.17741,34.52388],[-119.17679,34.52346],[-119.17721,34.52318],[-119.17723,34.52289],[-119.17737,34.52282],[-119.17802,34.52318],[-119.1784,34.52317],[-119.17838,34.52219],[-119.17857,34.52174],[-119.17884,34.52176],[-119.17952,34.52275],[-119.17987,34.52304],[-119.17994,34.52335],[-119.18029,34.52324],[-119.18061,34.52374],[-119.18069,34.52417],[-119.18097,34.52445],[-119.18166,34.52396],[-119.182,34.5236],[-119.18235,34.52414],[-119.18236,34.52473],[-119.18245,34.52487],[-119.18269,34.52476],[-119.1828,34.52445],[-119.18303,34.52426],[-119.18325,34.52431],[-119.18355,34.52463],[-119.18345,34.52516],[-119.18355,34.52556],[-119.18389,34.52539],[-119.18424,34.52547],[-119.18499,34.52516],[-119.18538,34.52473],[-119.18578,34.52459],[-119.18554,34.52374],[-119.18562,34.52332],[-119.18578,34.52325],[-119.18612,34.52353],[-119.18647,34.52347],[-119.18715,34.52386],[-119.1875,34.52387],[-119.18778,34.52374],[-119.18767,34.52327],[-119.18818,34.52279],[-119.18836,34.52284],[-119.18846,34.52275],[-119.18845,34.52247],[-119.1888,34.52204],[-119.18901,34.52148],[-119.18921,34.52126],[-119.18956,34.52116],[-119.18998,34.5219],[-119.19024,34.52287],[-119.19042,34.52287],[-119.19076,34.52268],[-119.19128,34.52275],[-119.19145,34.52264],[-119.19162,34.52227],[-119.19179,34.52221],[-119.19248,34.52259],[-119.19265,34.52259],[-119.19316,34.52226],[-119.19333,34.52275],[-119.19385,34.52253],[-119.194,34.52261],[-119.19403,34.52275],[-119.19385,34.52318],[-119.19333,34.52359],[-119.19263,34.52388],[-119.192,34.52445],[-119.19186,34.52487],[-119.19196,34.52501],[-119.19265,34.52503],[-119.19333,34.52482],[-119.19402,34.52482],[-119.19454,34.52517],[-119.19522,34.52516],[-119.19574,34.52531],[-119.19611,34.52572],[-119.19636,34.52685],[-119.19632,34.52714],[-119.19604,34.52756],[-119.19677,34.52777],[-119.19745,34.52817],[-119.19812,34.52883],[-119.19818,34.52926],[-119.19831,34.52928],[-119.1987,34.52883],[-119.19886,34.52841],[-119.19876,34.52813],[-119.19797,34.52756],[-119.19776,34.52714],[-119.19775,34.52685],[-119.19787,34.52657],[-119.1987,34.52601],[-119.19876,34.52586],[-119.19866,34.52532],[-119.19829,34.52431],[-119.19883,34.52384],[-119.199,34.52319],[-119.19974,34.52346],[-119.2002,34.52388],[-119.20054,34.52401],[-119.2014,34.52406],[-119.20175,34.52401],[-119.20187,34.52388],[-119.20148,34.52332],[-119.20143,34.52289],[-119.20157,34.52258],[-119.202,34.52219],[-119.20133,34.52162],[-119.20124,34.52105],[-119.20065,34.52035],[-119.20123,34.52018],[-119.20157,34.51982],[-119.20209,34.52002],[-119.2026,34.52002],[-119.20329,34.51947],[-119.20466,34.5203],[-119.20535,34.5204],[-119.20587,34.5201],[-119.20655,34.52012],[-119.20666,34.52006],[-119.20676,34.51978],[-119.20662,34.51879],[-119.20672,34.51861],[-119.20741,34.51867],[-119.20827,34.51857],[-119.2093,34.518],[-119.20947,34.51802],[-119.2101,34.51851],[-119.21033,34.51855],[-119.21084,34.51723],[-119.21187,34.51766],[-119.21205,34.5175],[-119.21209,34.51709],[-119.21222,34.5169],[-119.21308,34.51702],[-119.21359,34.51699],[-119.21411,34.51677],[-119.21445,34.51648],[-119.21496,34.5165],[-119.21554,34.51639],[-119.21599,34.51616],[-119.21651,34.51605],[-119.21685,34.51609],[-119.2172,34.51595],[-119.21754,34.51616],[-119.21891,34.51643],[-119.21926,34.51643],[-119.21977,34.51619],[-119.22011,34.51641],[-119.22079,34.51639],[-119.22087,34.51681],[-119.22047,34.51695],[-119.21977,34.51767],[-119.21891,34.51808],[-119.21883,34.51823],[-119.21903,34.51879],[-119.21859,34.51964],[-119.21847,34.52049],[-119.21857,34.52062],[-119.2196,34.5196],[-119.21977,34.51954],[-119.22011,34.51979],[-119.22046,34.51965],[-119.22099,34.51922],[-119.22146,34.51851],[-119.22166,34.51847],[-119.222,34.51854],[-119.22238,34.51879],[-119.22211,34.51907],[-119.22223,34.51964],[-119.2227,34.51992],[-119.22254,34.52049],[-119.22218,34.52077],[-119.22217,34.52101],[-119.22251,34.52148],[-119.22269,34.52157],[-119.2232,34.52147],[-119.22389,34.5217],[-119.22561,34.52179],[-119.22587,34.5219],[-119.22629,34.52228],[-119.22711,34.52176],[-119.22853,34.5211],[-119.22901,34.52077],[-119.22938,34.52036],[-119.22984,34.52021],[-119.22956,34.52005],[-119.22853,34.51995],[-119.22791,34.51964],[-119.2274,34.51879],[-119.2272,34.51794],[-119.22659,34.51738],[-119.22633,34.51695],[-119.22664,34.51637],[-119.22669,34.51596],[-119.22544,34.5159],[-119.22547,34.51568],[-119.22532,34.5154],[-119.22562,34.51497],[-119.22559,34.51455],[-119.22612,34.51435],[-119.22688,34.51384],[-119.22743,34.51328],[-119.22774,34.51271],[-119.22768,34.51229],[-119.2275,34.51216],[-119.22664,34.51197],[-119.22595,34.51193],[-119.22492,34.51212],[-119.22458,34.51209],[-119.22404,34.51186],[-119.22372,34.51196],[-119.2232,34.51242],[-119.22269,34.51221],[-119.222,34.51234],[-119.22149,34.5122],[-119.22114,34.51232],[-119.22097,34.51226],[-119.22067,34.51186],[-119.22024,34.51158],[-119.22011,34.51137],[-119.21926,34.51201],[-119.21771,34.51212],[-119.21668,34.51187],[-119.21599,34.51119],[-119.21546,34.51172],[-119.21533,34.512],[-119.21534,34.51243],[-119.21514,34.5125],[-119.21411,34.51262],[-119.21342,34.51259],[-119.21273,34.51291],[-119.21136,34.51281],[-119.2105,34.51296],[-119.2093,34.5129],[-119.20874,34.51257],[-119.20844,34.51253],[-119.20798,34.51271],[-119.20724,34.5133],[-119.2069,34.5139],[-119.20655,34.51376],[-119.20638,34.51388],[-119.20621,34.51386],[-119.20587,34.5136],[-119.20506,34.51356],[-119.20449,34.5134],[-119.20415,34.51365],[-119.20374,34.5137],[-119.20329,34.51421],[-119.20209,34.51412],[-119.20102,34.51384],[-119.2002,34.51392],[-119.19951,34.51367],[-119.199,34.51369],[-119.19883,34.51379],[-119.19797,34.51371],[-119.19728,34.51389],[-119.19711,34.51418],[-119.19677,34.51428],[-119.19642,34.51458],[-119.19574,34.51451],[-119.19522,34.51419],[-119.19488,34.5143],[-119.19402,34.5143],[-119.19368,34.51448],[-119.19316,34.51433],[-119.19265,34.51467],[-119.1923,34.51427],[-119.19162,34.51467],[-119.1911,34.51432],[-119.19059,34.51422],[-119.19024,34.51429],[-119.18973,34.51468],[-119.18939,34.51445],[-119.18887,34.51461],[-119.18818,34.51457],[-119.18784,34.5147],[-119.18715,34.51453],[-119.18681,34.51464],[-119.18595,34.51459],[-119.18544,34.51469],[-119.18445,34.51455],[-119.18406,34.51439],[-119.18355,34.51446],[-119.18303,34.51389],[-119.18269,34.51392],[-119.18235,34.51409],[-119.18166,34.51384],[-119.17857,34.51364],[-119.17839,34.51356],[-119.17885,34.51313],[-119.17903,34.51271],[-119.17902,34.51257],[-119.17861,34.51214],[-119.17943,34.51166],[-119.17977,34.51159],[-119.18012,34.51133],[-119.18046,34.51122],[-119.18108,34.51073],[-119.18132,34.51032],[-119.18168,34.51002],[-119.18012,34.50982],[-119.17909,34.50934],[-119.17789,34.50941],[-119.17686,34.50899],[-119.17663,34.50762],[-119.17712,34.50677],[-119.17725,34.50634],[-119.17651,34.50558],[-119.17617,34.50412],[-119.176,34.50394],[-119.17565,34.50387],[-119.1748,34.50416],[-119.17462,34.5036],[-119.17397,34.50352],[-119.17422,34.50309],[-119.17424,34.50281],[-119.17479,34.50238],[-119.17512,34.50224],[-119.17548,34.50167],[-119.176,34.50137],[-119.17624,34.50097],[-119.17662,34.50083],[-119.17651,34.50057],[-119.17634,34.50056],[-119.17565,34.50096],[-119.17535,34.49927],[-119.1748,34.49831],[-119.17445,34.49814],[-119.17411,34.49813],[-119.17134,34.49856],[-119.17144,34.49885],[-119.17214,34.49955],[-119.17209,34.4997],[-119.17188,34.4998],[-119.17136,34.49972],[-119.17102,34.49989],[-119.17068,34.49991],[-119.17016,34.4998],[-119.16947,34.49944],[-119.16899,34.4997],[-119.16827,34.49967],[-119.16776,34.49992],[-119.16724,34.49976],[-119.16689,34.49998],[-119.16638,34.49997],[-119.16604,34.50014],[-119.16518,34.50004],[-119.16484,34.50011],[-119.16432,34.49982],[-119.16381,34.4999],[-119.16347,34.50012],[-119.16232,34.50012],[-119.1622,34.49955],[-119.1621,34.49941],[-119.16165,34.49927],[-119.16153,34.49899],[-119.16054,34.49885],[-119.1606,34.49842],[-119.16113,34.49715],[-119.16115,34.49687],[-119.16102,34.4963],[-119.16072,34.49578],[-119.16042,34.49559],[-119.16003,34.4956]]}},{"type":"Feature","properties":{"m":1360,"index":0},"geometry":{"type":"LineString","coordinates":[[-119.24207,34.49786],[-119.24207,34.49786]]}},{"type":"Feature","properties":{"m":1360,"index":0},"geometry":{"type":"LineString","coordinates":[[-119.16,34.5113],[-119.16006,34.51158],[-119.1602,34.51164],[-119.16072,34.51155],[-119.1616,34.51186],[-119.16169,34.512],[-119.16155,34.51229],[-119.16165,34.51257],[-119.16112,34.51271],[-119.1611,34.51285],[-119.16128,34.51313],[-119.16055,34.51329],[-119.16041,34.51342],[-119.16128,34.51398],[-119.16175,34.51454],[-119.16244,34.51466],[-119.16246,34.51483],[-119.16235,34.51497],[-119.16209,34.51505],[-119.16003,34.51513]]}},{"type":"Feature","properties":{"m":1360,"index":0},"geometry":{"type":"LineString","coordinates":[[-119.16003,34.51614],[-119.16048,34.51625],[-119.16067,34.51667],[-119.16089,34.51686],[-119.16128,34.51653],[-119.16175,34.51631],[-119.16278,34.51627],[-119.16292,34.51639],[-119.16263,34.51667],[-119.1627,34.51681],[-119.16347,34.51702],[-119.16381,34.51736],[-119.16415,34.51731],[-119.16535,34.51663],[-119.16539,34.51681],[-119.16518,34.51753],[-119.16549,34.51766],[-119.16621,34.51764],[-119.16654,34.5178],[-119.1657,34.51818],[-119.16556,34.51851],[-119.16518,34.51856],[-119.16484,34.51873],[-119.16398,34.51886],[-119.16293,34.51879],[-119.16281,34.51893],[-119.16311,34.51936],[-119.16329,34.52008],[-119.1636,34.52035],[-119.16416,34.52063],[-119.16425,34.52077],[-119.16415,34.52085],[-119.16329,34.52107],[-119.16192,34.52075],[-119.16123,34.52091],[-119.16038,34.52077],[-119.16003,34.52084]]}},{"type":"Feature","properties":{"m":1360,"index":0},"geometry":{"type":"LineString","coordinates":[[-119.16003,34.52131],[-119.16123,34.52106],[-119.16164,34.5212],[-119.16278,34.52133],[-119.16364,34.52161],[-119.16415,34.52154],[-119.16467,34.52164],[-119.16484,34.52119],[-119.16587,34.52114],[-119.16638,34.52079],[-119.16673,34.52092],[-119.16725,34.52091],[-119.16725,34.52105],[-119.1668,34.52148],[-119.16687,34.52204],[-119.16776,34.52258],[-119.1681,34.52248],[-119.16862,34.52212],[-119.16874,34.52247],[-119.16862,34.52405],[-119.16879,34.52412],[-119.16982,34.52404],[-119.1705,34.5231],[-119.17085,34.52311],[-119.17171,34.52283],[-119.17188,34.52324],[-119.17256,34.52309],[-119.17273,34.52318],[-119.17266,34.52346],[-119.17272,34.52388],[-119.17253,34.52417],[-119.17267,34.52431],[-119.17308,34.5244],[-119.17394,34.52436],[-119.17445,34.52489],[-119.17458,34.5253],[-119.17497,34.52541],[-119.17548,34.5253],[-119.1755,34.52502],[-119.17582,34.52487],[-119.176,34.52492],[-119.17617,34.52516],[-119.17634,34.52523],[-119.17668,34.52516],[-119.17703,34.52527],[-119.17742,34.52516],[-119.17745,34.52502],[-119.17715,34.52459],[-119.17651,34.52387],[-119.17614,34.5236],[-119.176,34.52318],[-119.17651,34.52301],[-119.17683,34.52261],[-119.1772,34.52243],[-119.17771,34.52246],[-119.17789,34.52236],[-119.17798,34.52176],[-119.17775,34.52134],[-119.17775,34.5212],[-119.17789,34.52109],[-119.17857,34.52132],[-119.17909,34.52095],[-119.17952,34.52148],[-119.17949,34.52176],[-119.1798,34.52204],[-119.17994,34.52244],[-119.18012,34.52251],[-119.18069,34.52247],[-119.1808,34.52261],[-119.18091,34.52332],[-119.18115,34.52353],[-119.18141,34.52346],[-119.18183,34.52294],[-119.182,34.5229],[-119.18235,34.52308],[-119.18286,34.52302],[-119.18286,34.52365],[-119.18303,34.52376],[-119.18369,34.52388],[-119.18409,34.52431],[-119.18421,34.52473],[-119.18441,34.52483],[-119.18492,34.52459],[-119.18523,34.52431],[-119.18496,34.52374],[-119.18507,34.52332],[-119.18531,34.52318],[-119.18529,34.52275],[-119.18544,34.52261],[-119.18612,34.52305],[-119.1863,34.52308],[-119.18664,34.52295],[-119.18698,34.52319],[-119.18715,34.5232],[-119.18733,34.52295],[-119.1875,34.52289],[-119.18753,34.52275],[-119.1872,34.52247],[-119.18723,34.52233],[-119.18733,34.52223],[-119.18786,34.52219],[-119.18836,34.52177],[-119.18838,34.52105],[-119.18887,34.52085],[-119.18921,34.52087],[-119.1899,34.5207],[-119.19015,34.52077],[-119.19024,34.5213],[-119.19063,34.5219],[-119.19093,34.52208],[-119.19128,34.52176],[-119.19162,34.52161],[-119.19213,34.52169],[-119.19265,34.52199],[-119.19282,34.52197],[-119.19351,34.52146],[-119.19379,34.52148],[-119.19389,34.52162],[-119.1945,34.52176],[-119.19451,34.52219],[-119.19487,34.52261],[-119.19459,34.52289],[-119.19447,34.52346],[-119.19359,34.52403],[-119.19345,34.52417],[-119.19349,34.52431],[-119.19385,34.52434],[-119.19488,34.52471],[-119.19557,34.52469],[-119.19591,34.52479],[-119.19647,34.5253],[-119.19677,34.52571],[-119.19694,34.52683],[-119.19711,34.52683],[-119.19745,34.52629],[-119.19802,34.52572],[-119.19807,34.5253],[-119.19772,34.52431],[-119.19772,34.52403],[-119.19842,34.52332],[-119.19866,34.5227],[-119.19883,34.52263],[-119.19931,34.52275],[-119.20072,34.52337],[-119.20077,34.52332],[-119.20084,34.52275],[-119.20106,34.52245],[-119.20108,34.52219],[-119.2007,34.52176],[-119.20065,34.5212],[-119.20051,34.52091],[-119.20013,34.52063],[-119.20001,34.52035],[-119.19965,34.52006],[-119.20003,34.51981],[-119.2002,34.51956],[-119.20037,34.5195],[-119.20072,34.51959],[-119.20123,34.51914],[-119.20192,34.51931],[-119.20243,34.51932],[-119.20268,34.51922],[-119.20295,34.51886],[-119.20314,34.51879],[-119.20363,34.51882],[-119.20415,34.51912],[-119.20445,34.5195],[-119.20484,34.51973],[-119.20552,34.51979],[-119.2061,34.5195],[-119.20595,34.51893],[-119.20606,34.51851],[-119.20621,34.51832],[-119.20844,34.51789],[-119.20947,34.51733],[-119.20999,34.51757],[-119.21016,34.51753],[-119.21033,34.5169],[-119.2105,34.5168],[-119.21136,34.51692],[-119.21153,34.51685],[-119.2117,34.51642],[-119.21342,34.5165],[-119.21377,34.51639],[-119.21428,34.51605],[-119.21479,34.51603],[-119.21565,34.51574],[-119.21702,34.51547],[-119.21908,34.51577],[-119.21927,34.51568],[-119.21943,34.51536],[-119.22011,34.51533],[-119.2208,34.51485],[-119.22114,34.51481],[-119.22086,34.51568],[-119.22097,34.51587],[-119.22132,34.51592],[-119.22235,34.5156],[-119.22269,34.51563],[-119.22276,34.51568],[-119.22261,34.51582],[-119.22172,34.51639],[-119.222,34.51655],[-119.22269,34.51646],[-119.22338,34.51652],[-119.2234,34.51667],[-119.22314,34.51681],[-119.22303,34.51701],[-119.22269,34.51703],[-119.22235,34.51734],[-119.222,34.51738],[-119.22192,34.51752],[-119.22223,34.51794],[-119.22261,34.51808],[-119.22303,34.51853],[-119.22344,34.51879],[-119.22303,34.51907],[-119.22302,34.51922],[-119.22311,34.5195],[-119.22346,34.51992],[-119.22329,34.52021],[-119.22326,34.52077],[-119.22338,34.52088],[-119.22406,34.52121],[-119.22578,34.52127],[-119.22647,34.52145],[-119.22711,34.5212],[-119.22812,34.52049],[-119.22801,34.52025],[-119.22732,34.5197],[-119.2267,34.51879],[-119.22625,34.51837],[-119.22548,34.51738],[-119.22548,34.51681],[-119.22572,34.51653],[-119.22564,34.51639],[-119.22475,34.51628],[-119.2247,34.51582],[-119.22449,34.51568],[-119.22445,34.51554],[-119.22485,34.51497],[-119.22483,34.51483],[-119.22456,34.51455],[-119.22464,34.51441],[-119.22577,34.5137],[-119.22602,34.51328],[-119.22595,34.513],[-119.22561,34.51284],[-119.22475,34.5129],[-119.22355,34.51329],[-119.22335,34.51342],[-119.2232,34.51378],[-119.22303,34.51375],[-119.22269,34.51337],[-119.22149,34.51352],[-119.22097,34.51327],[-119.22011,34.51329],[-119.22013,34.51313],[-119.22043,34.51285],[-119.22039,34.51271],[-119.22011,34.51255],[-119.21788,34.51272],[-119.21685,34.51267],[-119.21634,34.51242],[-119.21617,34.51244],[-119.21582,34.5129],[-119.21462,34.51332],[-119.21359,34.51339],[-119.21308,34.51366],[-119.21273,34.51364],[-119.21222,34.51385],[-119.21153,34.51386],[-119.21119,34.51403],[-119.21039,34.51384],[-119.20964,34.51352],[-119.20878,34.5138],[-119.20793,34.51379],[-119.20741,34.51412],[-119.20741,34.51469],[-119.20724,34.51479],[-119.20655,34.51461],[-119.20621,34.51482],[-119.20587,34.51436],[-119.20484,34.51419],[-119.20398,34.51444],[-119.20363,34.51474],[-119.20312,34.51467],[-119.20226,34.51473],[-119.20054,34.5144],[-119.20003,34.51446],[-119.19951,34.51425],[-119.199,34.51438],[-119.19848,34.51425],[-119.1978,34.51445],[-119.19763,34.51474],[-119.19702,34.51469],[-119.19677,34.51502],[-119.19608,34.51506],[-119.19557,34.51492],[-119.19522,34.51497],[-119.19488,34.51478],[-119.19436,34.51477],[-119.19385,34.51506],[-119.19333,34.51487],[-119.19265,34.51541],[-119.19213,34.51493],[-119.19196,34.51493],[-119.19162,34.51516],[-119.19059,34.51476],[-119.19024,34.51483],[-119.18973,34.5154],[-119.18939,34.51499],[-119.18921,34.51494],[-119.1887,34.51513],[-119.18818,34.51506],[-119.18784,34.51519],[-119.18733,34.51505],[-119.18664,34.51517],[-119.1863,34.51509],[-119.18424,34.51509],[-119.18389,34.51495],[-119.18338,34.51496],[-119.18269,34.51457],[-119.182,34.5147],[-119.18132,34.51426],[-119.18046,34.51434],[-119.18012,34.5142],[-119.17892,34.51422],[-119.17806,34.51403],[-119.17766,34.51384],[-119.17701,34.5137],[-119.17754,34.51331],[-119.17806,34.51316],[-119.17834,34.51285],[-119.17836,34.51257],[-119.1778,34.51214],[-119.17848,34.51158],[-119.17977,34.51101],[-119.18034,34.51059],[-119.18012,34.51048],[-119.17857,34.51032],[-119.17824,34.50988],[-119.17668,34.5098],[-119.17651,34.50954],[-119.17611,34.50946],[-119.17608,34.50917],[-119.17565,34.50893],[-119.17565,34.50846],[-119.17575,34.50818],[-119.17557,34.50776],[-119.17656,34.50663],[-119.17594,34.50592],[-119.17579,34.50507],[-119.17565,34.50488],[-119.17531,34.50474],[-119.17445,34.50499],[-119.17394,34.50483],[-119.17388,34.50465],[-119.17402,34.50422],[-119.17394,34.50407],[-119.17325,34.50423],[-119.17308,34.50408],[-119.17322,34.50366],[-119.17313,34.50337],[-119.17319,34.50323],[-119.17354,34.50295],[-119.17365,34.50252],[-119.17404,34.50224],[-119.17423,34.50196],[-119.1739,34.50168],[-119.17391,34.50153],[-119.1746,34.4997],[-119.17462,34.49941],[-119.17445,34.49912],[-119.17394,34.49901],[-119.17348,34.49913],[-119.1734,34.49941],[-119.17347,34.49998],[-119.17325,34.50055],[-119.17308,34.50062],[-119.17239,34.50046],[-119.17205,34.50074],[-119.17136,34.50056],[-119.17085,34.5008],[-119.16982,34.50053],[-119.16947,34.50075],[-119.1681,34.50086],[-119.16673,34.50072],[-119.16481,34.50083],[-119.16415,34.50054],[-119.16347,34.50076],[-119.16192,34.50083],[-119.16166,34.50026],[-119.16141,34.49997],[-119.16072,34.49966],[-119.16003,34.4997]]}},{"type":"Feature","properties":{"m":1400,"index":1},"geometry":{"type":"LineString","coordinates":[[-119.22409,34.51709],[-119.22409,34.51709]]}},{"type":"Feature","properties":{"m":1400,"index":1},"geometry":{"type":"LineString","coordinates":[[-119.16096,34.51554],[-119.16096,34.51554]]}},{"type":"Feature","properties":{"m":1400,"index":1},"geometry":{"type":"LineString","coordinates":[[-119.16003,34.50532],[-119.16038,34.50548],[-119.16089,34.50542],[-119.16141,34.5052],[-119.16192,34.50474],[-119.16209,34.50472],[-119.16244,34.50491],[-119.16278,34.50494],[-119.16347,34.50475],[-119.16357,34.50507],[-119.16353,34.50521],[-119.16278,34.50541],[-119.16244,34.50585],[-119.16192,34.50577],[-119.16123,34.5061],[-119.16088,34.50649],[-119.16118,34.50705],[-119.16055,34.50727],[-119.16003,34.50723]]}},{"type":"Feature","properties":{"m":1400,"index":1},"geometry":{"type":"LineString","coordinates":[[-119.16003,34.50783],[-119.16019,34.5079],[-119.16027,34.50832],[-119.16081,34.50889],[-119.16072,34.50911],[-119.16003,34.50956]]}},{"type":"Feature","properties":{"m":1400,"index":1},"geometry":{"type":"LineString","coordinates":[[-119.16003,34.51053],[-119.16026,34.51059],[-119.16089,34.51103],[-119.16158,34.51112],[-119.16182,34.5113],[-119.16226,34.51144],[-119.16276,34.51186],[-119.16278,34.51208],[-119.1624,34.51229],[-119.16236,34.51243],[-119.16261,34.51291],[-119.16226,34.513],[-119.16217,34.51328],[-119.16164,34.51356],[-119.16226,34.51396],[-119.16261,34.51391],[-119.16295,34.51369],[-119.16321,34.5137],[-119.16336,34.51455],[-119.16383,34.51497],[-119.16352,34.51526],[-119.16266,34.51554],[-119.16278,34.51569],[-119.16385,34.51582],[-119.16389,34.51596],[-119.16367,34.51625],[-119.16368,34.51639],[-119.16415,34.51663],[-119.16447,34.51653],[-119.16518,34.51603],[-119.16553,34.51575],[-119.1657,34.51543],[-119.16604,34.51546],[-119.16618,34.51568],[-119.16603,34.51596],[-119.1661,34.51653],[-119.16599,34.51709],[-119.1669,34.51729],[-119.16794,34.51724],[-119.16797,34.51766],[-119.16808,34.5178],[-119.16795,34.51794],[-119.16755,34.51808],[-119.16763,34.51823],[-119.16755,34.51837],[-119.16638,34.51851],[-119.16626,34.51865],[-119.16623,34.51893],[-119.16604,34.51906],[-119.16553,34.51908],[-119.16517,34.51922],[-119.16415,34.51936],[-119.16389,34.5195],[-119.16401,34.51978],[-119.16467,34.52015],[-119.16508,34.52063],[-119.16535,34.5208],[-119.16555,34.52077],[-119.16604,34.52026],[-119.16621,34.52023],[-119.16673,34.52051],[-119.16724,34.5204],[-119.16796,34.52049],[-119.16805,34.52063],[-119.16788,34.52105],[-119.16743,34.52162],[-119.16793,34.52193],[-119.16879,34.52172],[-119.16916,34.5219],[-119.16929,34.52233],[-119.16933,34.52304],[-119.16947,34.52331],[-119.16965,34.52322],[-119.17016,34.5225],[-119.17102,34.52268],[-119.17171,34.52246],[-119.17239,34.52282],[-119.17308,34.52267],[-119.17326,34.52275],[-119.17332,34.52304],[-119.17319,34.5236],[-119.17325,34.52381],[-119.17411,34.52393],[-119.17462,34.52413],[-119.1748,34.52429],[-119.17497,34.52467],[-119.17548,34.52448],[-119.176,34.52443],[-119.17611,34.52431],[-119.1758,34.52403],[-119.17556,34.5236],[-119.17547,34.52304],[-119.17554,34.52289],[-119.17617,34.52276],[-119.17703,34.52207],[-119.17728,34.52204],[-119.17728,34.52162],[-119.177,34.52049],[-119.17703,34.52032],[-119.17823,34.52074],[-119.17874,34.52068],[-119.1796,34.52038],[-119.18003,34.5212],[-119.18026,34.5219],[-119.18046,34.52192],[-119.18097,34.52173],[-119.18149,34.52252],[-119.18166,34.52257],[-119.18235,34.52238],[-119.18269,34.5227],[-119.18341,34.52275],[-119.18364,34.52332],[-119.18441,34.52374],[-119.18469,34.52346],[-119.18466,34.52304],[-119.18492,34.52289],[-119.18492,34.52213],[-119.18612,34.52247],[-119.18647,34.52247],[-119.18698,34.52182],[-119.1875,34.52178],[-119.18777,34.52162],[-119.18785,34.52134],[-119.18774,34.52077],[-119.18784,34.52056],[-119.18828,34.52049],[-119.18853,34.52025],[-119.18904,34.52017],[-119.18939,34.52036],[-119.19007,34.52025],[-119.19076,34.52046],[-119.19086,34.52063],[-119.19088,34.5212],[-119.1911,34.52129],[-119.19282,34.52129],[-119.19333,34.52107],[-119.19385,34.52061],[-119.19402,34.52068],[-119.19436,34.52118],[-119.19454,34.52128],[-119.19517,34.5212],[-119.19538,34.52176],[-119.19529,34.52219],[-119.19556,34.52261],[-119.19555,34.52275],[-119.19514,34.52304],[-119.19503,34.5236],[-119.19462,34.52388],[-119.19461,34.52403],[-119.19488,34.52417],[-119.19557,34.52412],[-119.19591,34.52419],[-119.19625,34.52439],[-119.19711,34.52521],[-119.19728,34.52524],[-119.19735,34.52516],[-119.19718,34.52431],[-119.19719,34.52388],[-119.19789,34.52318],[-119.19831,34.5223],[-119.19848,34.52217],[-119.19883,34.52214],[-119.19934,34.52219],[-119.2002,34.52249],[-119.20032,34.52233],[-119.19986,34.52119],[-119.19951,34.52095],[-119.1994,34.52063],[-119.19925,34.52049],[-119.19872,34.52021],[-119.19873,34.52006],[-119.19914,34.51978],[-119.2,34.51893],[-119.20037,34.51901],[-119.20089,34.51864],[-119.2014,34.51862],[-119.20226,34.51877],[-119.20253,34.51865],[-119.20278,34.51831],[-119.20327,34.51837],[-119.20363,34.51823],[-119.20381,34.51824],[-119.20484,34.51904],[-119.20518,34.51909],[-119.20547,34.51837],[-119.20586,34.51794],[-119.20861,34.51725],[-119.20922,34.51681],[-119.20964,34.51676],[-119.2105,34.51621],[-119.21084,34.51626],[-119.2117,34.51592],[-119.21342,34.51582],[-119.2164,34.51455],[-119.21661,34.51441],[-119.21664,34.51427],[-119.21634,34.51378],[-119.21565,34.5137],[-119.21359,34.51407],[-119.21256,34.51451],[-119.21136,34.5148],[-119.21016,34.51487],[-119.20981,34.51511],[-119.2093,34.51474],[-119.20903,34.51483],[-119.20896,34.51503],[-119.20826,34.51469],[-119.20818,34.51483],[-119.20822,34.51511],[-119.2081,34.5153],[-119.20604,34.51555],[-119.20566,34.51554],[-119.20552,34.5152],[-119.20484,34.51494],[-119.20432,34.515],[-119.20398,34.5153],[-119.20243,34.51529],[-119.20106,34.5151],[-119.20054,34.51519],[-119.19969,34.51499],[-119.19848,34.51511],[-119.19797,34.51542],[-119.19745,34.51529],[-119.19642,34.51564],[-119.19574,34.51551],[-119.19539,34.51554],[-119.19471,34.51534],[-119.19436,34.51538],[-119.19402,34.51557],[-119.19351,34.51544],[-119.1932,34.51554],[-119.19299,34.51587],[-119.19282,34.51588],[-119.1923,34.51581],[-119.19196,34.51561],[-119.19145,34.51576],[-119.1911,34.51543],[-119.19076,34.51533],[-119.19048,34.5154],[-119.18973,34.51597],[-119.18921,34.5155],[-119.1887,34.51566],[-119.18818,34.51553],[-119.18784,34.5157],[-119.18733,34.51553],[-119.18664,34.5157],[-119.1863,34.51557],[-119.18595,34.51568],[-119.18561,34.51557],[-119.18321,34.51551],[-119.18286,34.51537],[-119.182,34.51535],[-119.1808,34.5148],[-119.18012,34.5147],[-119.17892,34.51483],[-119.1784,34.51477],[-119.17598,34.5137],[-119.176,34.51342],[-119.17671,34.51328],[-119.17761,34.51285],[-119.17765,34.51271],[-119.17714,34.51214],[-119.17716,34.51186],[-119.1784,34.51115],[-119.17861,34.51101],[-119.17865,34.51087],[-119.17789,34.51077],[-119.17754,34.51026],[-119.17617,34.51014],[-119.17589,34.50988],[-119.17531,34.50982],[-119.17514,34.50944],[-119.17484,34.50917],[-119.1748,34.50874],[-119.17456,34.50832],[-119.1746,34.5079],[-119.17548,34.50704],[-119.17562,34.50677],[-119.17559,34.50663],[-119.17533,34.50564],[-119.17514,34.50543],[-119.17463,34.50564],[-119.17428,34.50563],[-119.17377,34.50522],[-119.17326,34.50507],[-119.17318,34.50479],[-119.17283,34.50479],[-119.17264,34.50436],[-119.17248,34.50422],[-119.17263,34.5038],[-119.17248,34.50323],[-119.17294,34.50281],[-119.17332,34.5021],[-119.17308,34.50141],[-119.17258,34.50139],[-119.17205,34.50157],[-119.16982,34.50166],[-119.16432,34.50137],[-119.16175,34.50147],[-119.16157,34.50139],[-119.16127,34.50083],[-119.16099,34.50054],[-119.16055,34.50044],[-119.1603,34.50026],[-119.16003,34.50025]]}},{"type":"Feature","properties":{"m":1440,"index":0},"geometry":{"type":"LineString","coordinates":[[-119.16003,34.50401],[-119.16042,34.50451],[-119.16094,34.50465],[-119.16117,34.50451],[-119.16158,34.50366],[-119.16192,34.50328],[-119.16278,34.50421],[-119.16295,34.50411],[-119.16374,34.50281],[-119.16415,34.5025],[-119.16435,34.50267],[-119.16467,34.50352],[-119.16484,34.50361],[-119.16553,34.50358],[-119.16621,34.50326],[-119.16656,34.5034],[-119.16724,34.50329],[-119.16793,34.50343],[-119.16844,34.50323],[-119.16896,34.50332],[-119.16999,34.50327],[-119.1701,34.50337],[-119.16965,34.504],[-119.1693,34.50387],[-119.16893,34.50394],[-119.16889,34.50408],[-119.16934,34.50436],[-119.16896,34.50446],[-119.16887,34.50465],[-119.16871,34.50465],[-119.16844,34.50439],[-119.16827,34.50438],[-119.16802,34.50465],[-119.16793,34.50495],[-119.16767,34.50451],[-119.16741,34.50451],[-119.16652,34.50507],[-119.16673,34.50539],[-119.16638,34.50548],[-119.16621,34.50564],[-119.1657,34.50552],[-119.16484,34.50573],[-119.16437,34.5062],[-119.16433,34.50649],[-119.16415,34.50657],[-119.16261,34.50657],[-119.16209,34.50676],[-119.16209,34.50691],[-119.16246,34.50748],[-119.16226,34.5076],[-119.16175,34.50764],[-119.16124,34.50804],[-119.16118,34.50832],[-119.16149,34.50889],[-119.16153,34.50917],[-119.16141,34.50941],[-119.16069,34.50974],[-119.16058,34.51002],[-119.16123,34.51056],[-119.16192,34.51063],[-119.16226,34.51095],[-119.16307,34.51115],[-119.1633,34.5113],[-119.16355,34.51214],[-119.16316,34.51257],[-119.16322,34.51299],[-119.1629,34.51328],[-119.16381,34.51325],[-119.16404,34.51342],[-119.16408,34.5137],[-119.16395,34.51412],[-119.1645,34.51484],[-119.16467,34.51491],[-119.16484,34.5148],[-119.16518,34.51435],[-119.16535,34.51426],[-119.1657,34.51427],[-119.16569,34.51455],[-119.16587,34.51466],[-119.16724,34.51439],[-119.16726,34.51455],[-119.16696,34.51497],[-119.16707,34.51526],[-119.16771,34.5154],[-119.16819,34.51568],[-119.16673,34.51607],[-119.16669,34.51625],[-119.16682,34.51667],[-119.16724,34.51678],[-119.16844,34.51663],[-119.16902,34.51681],[-119.16861,34.51709],[-119.16862,34.51724],[-119.16872,34.51752],[-119.16915,34.51794],[-119.16896,34.5182],[-119.16862,34.51825],[-119.1685,34.51837],[-119.16862,34.51866],[-119.16759,34.51892],[-119.16701,34.51893],[-119.16673,34.5194],[-119.16546,34.51978],[-119.16543,34.51992],[-119.16553,34.52005],[-119.16621,34.51977],[-119.16673,34.51998],[-119.16724,34.51996],[-119.16879,34.5202],[-119.1685,34.52091],[-119.16846,34.5212],[-119.16858,34.52134],[-119.16913,34.52139],[-119.16977,34.52176],[-119.16999,34.52201],[-119.17033,34.522],[-119.17085,34.52217],[-119.17102,34.52217],[-119.17136,34.52185],[-119.17171,34.52192],[-119.17222,34.52185],[-119.17256,34.52229],[-119.17342,34.52235],[-119.17377,34.52261],[-119.17394,34.52339],[-119.1748,34.52366],[-119.175,34.5236],[-119.17487,34.52289],[-119.17548,34.5225],[-119.17583,34.5224],[-119.17652,34.52148],[-119.17658,34.5212],[-119.17642,34.52077],[-119.17647,34.51992],[-119.17789,34.51994],[-119.1783,34.52021],[-119.17857,34.52023],[-119.17977,34.51967],[-119.18031,34.52021],[-119.18041,34.52077],[-119.18063,34.52117],[-119.18132,34.52124],[-119.18147,34.52134],[-119.18166,34.52179],[-119.18183,34.52189],[-119.18286,34.52182],[-119.18319,34.52219],[-119.18372,34.52235],[-119.18424,34.52264],[-119.18435,34.52247],[-119.18435,34.52204],[-119.18457,34.52176],[-119.1863,34.52188],[-119.18664,34.52109],[-119.18698,34.52117],[-119.18718,34.52105],[-119.18723,34.52063],[-119.18748,34.52006],[-119.18784,34.52004],[-119.18801,34.51976],[-119.18853,34.51979],[-119.18887,34.51962],[-119.18956,34.51988],[-119.19007,34.51972],[-119.19042,34.51978],[-119.19098,34.52006],[-119.1915,34.52063],[-119.19179,34.52077],[-119.19265,34.52075],[-119.19314,34.52049],[-119.19348,34.52006],[-119.19402,34.51994],[-119.19471,34.52056],[-119.19505,34.52065],[-119.19539,34.52059],[-119.19574,34.52073],[-119.19591,34.52091],[-119.19617,34.52162],[-119.19593,34.52219],[-119.19615,34.52289],[-119.19563,34.52332],[-119.19559,34.52346],[-119.19574,34.52361],[-119.19608,34.52361],[-119.1966,34.52378],[-119.1973,34.52304],[-119.19781,34.52204],[-119.19831,34.52178],[-119.19917,34.52172],[-119.19934,34.52162],[-119.19883,34.52097],[-119.19848,34.52075],[-119.19814,34.52035],[-119.19811,34.52006],[-119.19866,34.51964],[-119.19891,34.51922],[-119.19964,34.51851],[-119.2002,34.51839],[-119.20054,34.51815],[-119.20209,34.51819],[-119.20226,34.51815],[-119.2026,34.51785],[-119.20312,34.51789],[-119.20381,34.51766],[-119.20401,34.51766],[-119.20449,34.5181],[-119.20484,34.51816],[-119.20517,34.51766],[-119.20552,34.51741],[-119.20604,34.51721],[-119.2073,34.51695],[-119.20793,34.51653],[-119.2084,34.51639],[-119.20855,34.5161],[-119.20847,34.51596],[-119.20827,34.5159],[-119.20775,34.51588],[-119.20638,34.51618],[-119.20499,34.51625],[-119.20449,34.51603],[-119.20415,34.5162],[-119.20329,34.51592],[-119.20226,34.51598],[-119.20123,34.51585],[-119.20054,34.51599],[-119.19986,34.51589],[-119.19917,34.51593],[-119.19866,34.51581],[-119.19814,34.51605],[-119.19745,34.51594],[-119.19608,34.51612],[-119.19495,34.51596],[-119.19385,34.51601],[-119.19265,34.51636],[-119.19196,34.51624],[-119.19162,34.5163],[-119.19093,34.51607],[-119.19042,34.51618],[-119.18973,34.51662],[-119.18951,34.51653],[-119.18921,34.51609],[-119.18904,34.51607],[-119.18784,34.51618],[-119.18733,34.51608],[-119.18681,34.51621],[-119.18648,34.5161],[-119.18595,34.51616],[-119.18492,34.51593],[-119.18338,34.51603],[-119.18166,34.51593],[-119.18149,34.5159],[-119.18115,34.51563],[-119.18063,34.51558],[-119.18029,34.51535],[-119.17994,34.51527],[-119.17943,34.51545],[-119.17909,34.51542],[-119.17874,34.51552],[-119.17771,34.51508],[-119.17668,34.51478],[-119.176,34.51422],[-119.17534,34.51384],[-119.1755,34.51342],[-119.17551,34.51299],[-119.17634,34.51288],[-119.17677,34.51257],[-119.17654,34.51186],[-119.17676,34.51158],[-119.17717,34.5113],[-119.17729,34.51115],[-119.17722,34.51101],[-119.17686,34.51069],[-119.17634,34.51055],[-119.17583,34.51055],[-119.17559,34.51045],[-119.17533,34.51016],[-119.17486,34.51016],[-119.17475,34.50988],[-119.17431,34.50974],[-119.1742,34.50946],[-119.17385,34.50917],[-119.17283,34.50861],[-119.17332,34.50804],[-119.1748,34.50698],[-119.17502,34.50649],[-119.17495,34.5062],[-119.1748,34.50614],[-119.17445,34.50631],[-119.17411,34.50628],[-119.17377,34.50608],[-119.17333,34.50564],[-119.17291,34.50559],[-119.17263,34.50535],[-119.17222,34.50531],[-119.17207,34.50521],[-119.17221,34.50479],[-119.17197,34.50436],[-119.17211,34.5038],[-119.17194,34.50323],[-119.17259,34.50238],[-119.17256,34.50231],[-119.17102,34.50242],[-119.16587,34.50214],[-119.16123,34.50207],[-119.16102,34.50196],[-119.16055,34.50139],[-119.16003,34.50115]]}},{"type":"Feature","properties":{"m":1480,"index":0},"geometry":{"type":"LineString","coordinates":[[-119.16992,34.50578],[-119.16992,34.50578]]}},{"type":"Feature","properties":{"m":1480,"index":0},"geometry":{"type":"LineString","coordinates":[[-119.16034,34.50267],[-119.16034,34.50267]]}},{"type":"Feature","properties":{"m":1520,"index":0},"geometry":{"type":"LineString","coordinates":[[-119.18294,34.51709],[-119.18294,34.51709]]}},{"type":"Feature","properties":{"m":1520,"index":0},"geometry":{"type":"LineString","coordinates":[[-119.17133,34.50719],[-119.17133,34.50719]]}},{"type":"Feature","properties":{"m":1560,"index":0},"geometry":{"type":"LineString","coordinates":[[-119.17347,34.51808],[-119.17347,34.51808]]}},{"type":"Feature","properties":{"m":1560,"index":0},"geometry":{"type":"LineString","coordinates":[[-119.18506,34.51752],[-119.18506,34.51752]]}},{"type":"Feature","properties":{"m":1560,"index":0},"geometry":{"type":"LineString","coordinates":[[-119.16591,34.50804],[-119.16591,34.50804]]}},{"type":"Feature","properties":{"m":1600,"index":1},"geometry":{"type":"LineString","coordinates":[[-119.17287,34.51893],[-119.17287,34.51893]]}},{"type":"Feature","properties":{"m":1600,"index":1},"geometry":{"type":"LineString","coordinates":[[-119.16616,34.50861],[-119.16616,34.50861]]}},{"type":"Feature","properties":{"m":1640,"index":0},"geometry":{"type":"LineString","coordinates":[[-119.16614,34.50946],[-119.16614,34.50946]]}},{"type":"Feature","properties":{"m":1680,"index":0},"geometry":{"type":"LineString","coordinates":[[-119.16648,34.51016],[-119.16648,34.51016]]}}]}