{"type":"FeatureCollection","features":[{"type":"Feature","properties":{"name":"Matilija Canyon Road North","t":2},"geometry":{"type":"LineString","coordinates":[[-119.30628,34.49327],[-119.30632,34.49333],[-119.30635,34.49346],[-119.30634,34.49351],[-119.30633,34.49358],[-119.3063,34.49372],[-119.3063,34.49377],[-119.30631,34.49384],[-119.30632,34.49387],[-119.30635,34.49388],[-119.30639,34.49389],[-119.30643,34.49389],[-119.30646,34.49389],[-119.30649,34.49387],[-119.30654,34.49383],[-119.30663,34.49371],[-119.30669,34.49362],[-119.30672,34.49353],[-119.30675,34.49346],[-119.30678,34.49338],[-119.30688,34.49315],[-119.30705,34.49284],[-119.3071,34.49275],[-119.30713,34.49272],[-119.30735,34.49254],[-119.30758,34.49215],[-119.30765,34.49205],[-119.30788,34.49175],[-119.30796,34.49165],[-119.30803,34.49155],[-119.30809,34.49143],[-119.30811,34.49133],[-119.30813,34.49116],[-119.30812,34.49102],[-119.30811,34.4909],[-119.30809,34.49084],[-119.30791,34.49047],[-119.30761,34.48992],[-119.3076,34.48986],[-119.3076,34.48984],[-119.30764,34.48979],[-119.30769,34.48977],[-119.30775,34.48976],[-119.30787,34.48977],[-119.30792,34.48979],[-119.30802,34.48983],[-119.30816,34.48991],[-119.30869,34.49022],[-119.30885,34.49029],[-119.3093,34.49046],[-119.30944,34.49054],[-119.30948,34.49058],[-119.30953,34.49063],[-119.3096,34.49072],[-119.30982,34.49107],[-119.3099,34.49116],[-119.31013,34.49138],[-119.31025,34.49147],[-119.31056,34.49172],[-119.31064,34.49174],[-119.31069,34.49175],[-119.31088,34.49174],[-119.31096,34.49175],[-119.31104,34.49176],[-119.31119,34.49178],[-119.31133,34.49182],[-119.31153,34.49188],[-119.31207,34.49203],[-119.31245,34.49219],[-119.31266,34.49225],[-119.31299,34.49229],[-119.31306,34.49229],[-119.31338,34.49226],[-119.31351,34.49227],[-119.31358,34.49228],[-119.31366,34.4923],[-119.31381,34.49236],[-119.31394,34.49244],[-119.31414,34.49257],[-119.31431,34.49271],[-119.31437,34.49274],[-119.31454,34.49283],[-119.31459,34.49285],[-119.31471,34.49289],[-119.31475,34.4929],[-119.31482,34.49291],[-119.31491,34.49291],[-119.31498,34.4929],[-119.31509,34.49287],[-119.31532,34.49284],[-119.3154,34.49284],[-119.31556,34.49285],[-119.31563,34.49286],[-119.31577,34.49292],[-119.31612,34.49315],[-119.31626,34.49321],[-119.31634,34.49323],[-119.31652,34.49326],[-119.31661,34.49327],[-119.31678,34.49329],[-119.31687,34.4933],[-119.31728,34.49338],[-119.3175,34.49341],[-119.3176,34.49342],[-119.31776,34.49344],[-119.31786,34.49347],[-119.31796,34.49349],[-119.31805,34.4935],[-119.31815,34.4935],[-119.31845,34.49349],[-119.31863,34.49347],[-119.31895,34.49342],[-119.31919,34.49336],[-119.31932,34.49332],[-119.31941,34.49328],[-119.3195,34.49324],[-119.31977,34.49308],[-119.31998,34.49298],[-119.3201,34.49293],[-119.32018,34.49291],[-119.32027,34.49289],[-119.32044,34.49287],[-119.32077,34.49287],[-119.32118,34.49286],[-119.32127,34.49286],[-119.32135,34.49288],[-119.32151,34.49292],[-119.32168,34.49295],[-119.322,34.493],[-119.32224,34.49306],[-119.32238,34.49308],[-119.32254,34.49311],[-119.32268,34.49312],[-119.32281,34.49313],[-119.32296,34.49313],[-119.3231,34.49312],[-119.32327,34.4931],[-119.324,34.49303],[-119.32425,34.49299],[-119.32457,34.49296],[-119.32471,34.49295],[-119.32519,34.49293],[-119.32529,34.49293],[-119.32542,34.49291],[-119.32566,34.49289],[-119.32599,34.49283],[-119.32608,34.49282],[-119.32631,34.49282],[-119.32656,34.49285],[-119.3267,34.49287],[-119.32678,34.49288],[-119.32699,34.49293],[-119.32711,34.49297],[-119.32716,34.49298],[-119.32743,34.49306],[-119.32753,34.4931],[-119.32761,34.49316],[-119.32767,34.49322],[-119.32772,34.49327],[-119.32776,34.49334],[-119.32784,34.4935],[-119.32792,34.49362],[-119.32809,34.4938],[-119.32815,34.49386],[-119.32824,34.49391],[-119.3284,34.49399],[-119.32885,34.49412],[-119.32919,34.49422],[-119.32957,34.49429],[-119.32965,34.49431],[-119.32975,34.49434],[-119.32983,34.49437],[-119.33006,34.49448],[-119.33023,34.49458],[-119.3303,34.49462],[-119.33036,34.49467],[-119.33044,34.49475],[-119.33088,34.49519],[-119.33117,34.49546],[-119.3315,34.49581],[-119.33159,34.4959],[-119.33166,34.49596],[-119.33181,34.49607],[-119.33187,34.4961],[-119.33198,34.49615],[-119.33213,34.49618],[-119.33227,34.49621],[-119.33285,34.49627],[-119.33307,34.49631],[-119.33323,34.49635],[-119.33333,34.49638],[-119.33341,34.49641],[-119.33352,34.49646],[-119.33386,34.4966],[-119.33425,34.4968],[-119.33434,34.49683],[-119.33446,34.49687],[-119.33472,34.49693],[-119.33489,34.49696],[-119.33501,34.49697],[-119.33523,34.49699],[-119.33541,34.49698],[-119.33563,34.49696],[-119.33579,34.49694],[-119.33599,34.49693],[-119.33624,34.49693],[-119.33638,34.49693],[-119.33651,34.49694],[-119.33663,34.49696],[-119.33677,34.49702],[-119.33682,34.49704],[-119.3369,34.4971],[-119.33705,34.49723],[-119.33715,34.49735],[-119.33744,34.49776],[-119.3375,34.49784],[-119.33755,34.49789],[-119.33772,34.49801],[-119.33804,34.4982],[-119.33831,34.49836],[-119.33907,34.49882],[-119.33921,34.49889],[-119.33928,34.49891],[-119.33944,34.49894],[-119.33983,34.49897],[-119.34,34.49899]]}},{"type":"Feature","properties":{"name":"Casitas Pass Road","t":3},"geometry":{"type":"LineString","coordinates":[[-119.33683,34.41827],[-119.33696,34.4183],[-119.33713,34.41835],[-119.33741,34.41844],[-119.33865,34.41889],[-119.3393,34.41912],[-119.33958,34.41922],[-119.33989,34.41932]]}},{"type":"Feature","properties":{"name":"Santa Ana Road","t":1},"geometry":{"type":"LineString","coordinates":[[-119.34,34.42014],[-119.33999,34.42013],[-119.33987,34.41993],[-119.33983,34.41982],[-119.3398,34.41975],[-119.3398,34.41966],[-119.33982,34.41954],[-119.33984,34.41944],[-119.33989,34.41932]]}},{"type":"Feature","properties":{"name":"Casitas Pass Road","t":3},"geometry":{"type":"LineString","coordinates":[[-119.33989,34.41932],[-119.34,34.41935]]}},{"type":"Feature","properties":{"name":"De la Garrigue Road","t":1},"geometry":{"type":"LineString","coordinates":[[-119.32557,34.42629],[-119.32604,34.42719],[-119.32625,34.42759],[-119.32641,34.42789],[-119.32686,34.4287],[-119.32688,34.42873],[-119.32694,34.42884],[-119.32695,34.42891],[-119.32742,34.42974],[-119.32748,34.42983],[-119.32761,34.43008],[-119.32776,34.43035],[-119.32787,34.43058],[-119.328,34.43082],[-119.32809,34.43099],[-119.32829,34.43137],[-119.32852,34.4318],[-119.32878,34.4323],[-119.32942,34.43338],[-119.32962,34.43376],[-119.3297,34.43391],[-119.32987,34.43429],[-119.33008,34.43465],[-119.3305,34.4354],[-119.3306,34.43558],[-119.33081,34.43598],[-119.33103,34.43637],[-119.33146,34.43719],[-119.33162,34.4375],[-119.33175,34.4377],[-119.33238,34.43885],[-119.3326,34.43926],[-119.33283,34.43972],[-119.33297,34.43994],[-119.33305,34.44001],[-119.3331,34.44003],[-119.33324,34.44009],[-119.33352,34.44019],[-119.33387,34.4403],[-119.33426,34.44044],[-119.33461,34.44059],[-119.33478,34.44069],[-119.33483,34.44073],[-119.33493,34.44084],[-119.33498,34.44092],[-119.33504,34.44101],[-119.33521,34.44138],[-119.33534,34.44174],[-119.33538,34.44189],[-119.33541,34.44195],[-119.33545,34.44203],[-119.33551,34.4421],[-119.33582,34.44246],[-119.3359,34.44255],[-119.33659,34.44326],[-119.33666,34.44334],[-119.33676,34.44346],[-119.33682,34.44356],[-119.33687,34.44367],[-119.33691,34.44376],[-119.33702,34.44406],[-119.33704,34.4441],[-119.33709,34.44426],[-119.33713,34.44432],[-119.33718,34.4444],[-119.33722,34.44443],[-119.33723,34.44444],[-119.33729,34.44449],[-119.33733,34.44451],[-119.33767,34.44473],[-119.33815,34.44504],[-119.33846,34.44531],[-119.33854,34.44539],[-119.33864,34.44554],[-119.33868,34.44566],[-119.33873,34.44575],[-119.3388,34.44582],[-119.33892,34.44589],[-119.33907,34.446],[-119.33929,34.44617],[-119.33933,34.44621],[-119.33937,34.44628],[-119.33939,34.44632],[-119.33941,34.4465],[-119.33941,34.44662],[-119.33942,34.44666],[-119.33945,34.4467],[-119.33954,34.44678],[-119.33958,34.44681],[-119.33967,34.44699],[-119.33984,34.44738],[-119.33987,34.44752],[-119.33987,34.44758],[-119.33985,34.44763],[-119.33979,34.44774],[-119.33978,34.4478],[-119.33977,34.44784],[-119.33977,34.4479],[-119.33982,34.44821],[-119.33982,34.44837],[-119.33983,34.44843],[-119.33984,34.44846],[-119.33987,34.44851],[-119.3399,34.44854],[-119.33995,34.44857],[-119.33999,34.44859],[-119.34,34.44859]]}},{"type":"Feature","properties":{"name":"Ranch Road","t":0},"geometry":{"type":"LineString","coordinates":[[-119.32549,34.43696],[-119.32544,34.43704],[-119.32512,34.43751],[-119.32496,34.43787],[-119.3248,34.43818],[-119.3247,34.43831],[-119.32437,34.43842],[-119.32412,34.43847],[-119.32394,34.43842],[-119.32379,34.43833],[-119.32367,34.43823],[-119.32349,34.43808],[-119.32325,34.43789],[-119.32299,34.43779],[-119.32269,34.43764],[-119.32248,34.43763],[-119.32227,34.43765],[-119.32214,34.43771],[-119.32201,34.43777],[-119.32178,34.43786],[-119.32161,34.43792],[-119.32154,34.43793],[-119.32145,34.43792],[-119.3214,34.43786],[-119.32134,34.43777],[-119.32119,34.43767],[-119.32103,34.43755],[-119.32094,34.43742],[-119.32083,34.43734],[-119.3206,34.43723]]}},{"type":"Feature","properties":{"name":"Shokat Drive","t":1},"geometry":{"type":"LineString","coordinates":[[-119.31064,34.42974],[-119.31138,34.42996],[-119.31154,34.43],[-119.31174,34.43006],[-119.31182,34.43006],[-119.31188,34.43006],[-119.31196,34.43005],[-119.31208,34.43003],[-119.31217,34.43001],[-119.31223,34.42999],[-119.3123,34.42995],[-119.31246,34.42988],[-119.31257,34.42983],[-119.31281,34.42972],[-119.31295,34.42965],[-119.31304,34.42962],[-119.31314,34.4296],[-119.31324,34.4296],[-119.31335,34.4296],[-119.31347,34.42962],[-119.31358,34.42965],[-119.31371,34.42969],[-119.31381,34.42973],[-119.31392,34.42978],[-119.31404,34.42983],[-119.31416,34.42989],[-119.31432,34.42995],[-119.31444,34.42998],[-119.31453,34.42999],[-119.31469,34.42999],[-119.31477,34.42998],[-119.31494,34.42994],[-119.31513,34.42986],[-119.31518,34.42985],[-119.31537,34.42978],[-119.31581,34.42964]]}},{"type":"Feature","properties":{"name":"Shokat Drive","t":1},"geometry":{"type":"LineString","coordinates":[[-119.30947,34.42945],[-119.31015,34.42962],[-119.31064,34.42974]]}},{"type":"Feature","properties":{"name":"Shokat Drive","t":1},"geometry":{"type":"LineString","coordinates":[[-119.30779,34.4291],[-119.30799,34.42911],[-119.30819,34.42914],[-119.30831,34.42917],[-119.30869,34.42926],[-119.30947,34.42945]]}},{"type":"Feature","properties":{"name":"Macdonald Drive","t":1},"geometry":{"type":"LineString","coordinates":[[-119.31064,34.42974],[-119.31074,34.42946],[-119.3108,34.42926],[-119.31085,34.42914],[-119.31091,34.42902],[-119.31101,34.42892],[-119.3111,34.42885],[-119.31124,34.42878],[-119.31187,34.42856],[-119.31221,34.42845],[-119.31234,34.42839],[-119.31247,34.42831],[-119.31259,34.42822],[-119.31267,34.42814],[-119.31273,34.42806],[-119.31276,34.42802],[-119.31278,34.42799],[-119.31282,34.42789],[-119.31286,34.42776],[-119.31287,34.42771],[-119.31288,34.42766],[-119.31288,34.42755],[-119.31288,34.42748],[-119.31286,34.4274],[-119.31284,34.42735],[-119.31283,34.42728],[-119.31277,34.42716],[-119.31263,34.42697],[-119.31253,34.42689],[-119.31211,34.42658],[-119.31194,34.42645],[-119.31179,34.42638],[-119.31174,34.42636],[-119.31164,34.42633],[-119.31145,34.42628],[-119.31132,34.42622],[-119.31093,34.42598],[-119.31079,34.42588],[-119.3107,34.4258],[-119.31064,34.42573],[-119.3106,34.42567],[-119.31059,34.42561],[-119.31057,34.42556]]}},{"type":"Feature","properties":{"name":"Baldwin Road","t":3},"geometry":{"type":"LineString","coordinates":[[-119.31053,34.42506],[-119.31008,34.425],[-119.30978,34.42496],[-119.30909,34.42487],[-119.30788,34.42472],[-119.30732,34.42466]]}},{"type":"Feature","properties":{"name":"Baldwin Road","t":3},"geometry":{"type":"LineString","coordinates":[[-119.31062,34.42508],[-119.31053,34.42506]]}},{"type":"Feature","properties":{"name":"Macdonald Drive","t":1},"geometry":{"type":"LineString","coordinates":[[-119.3106,34.42546],[-119.31058,34.42539],[-119.3106,34.42529],[-119.31061,34.42516],[-119.31062,34.42508]]}},{"type":"Feature","properties":{"name":"Macdonald Drive","t":1},"geometry":{"type":"LineString","coordinates":[[-119.31053,34.42506],[-119.31052,34.42515],[-119.3105,34.42532],[-119.3105,34.42539],[-119.31052,34.42546]]}},{"type":"Feature","properties":{"name":"Macdonald Drive","t":1},"geometry":{"type":"LineString","coordinates":[[-119.3106,34.42546],[-119.31052,34.42546]]}},{"type":"Feature","properties":{"name":"Macdonald Drive","t":1},"geometry":{"type":"LineString","coordinates":[[-119.31057,34.42556],[-119.31062,34.42553],[-119.31063,34.42549],[-119.3106,34.42546]]}},{"type":"Feature","properties":{"name":"Macdonald Drive","t":1},"geometry":{"type":"LineString","coordinates":[[-119.31052,34.42546],[-119.3105,34.42547],[-119.31049,34.42551],[-119.31052,34.42555],[-119.31057,34.42556]]}},{"type":"Feature","properties":{"name":"Baldwin Road","t":3},"geometry":{"type":"LineString","coordinates":[[-119.32557,34.42629],[-119.32454,34.42686],[-119.32443,34.42691],[-119.32419,34.427],[-119.32407,34.42703],[-119.32399,34.42704],[-119.32373,34.42708],[-119.32333,34.42709],[-119.32302,34.42709],[-119.32285,34.42711],[-119.32272,34.42714],[-119.32265,34.42715],[-119.32252,34.42718],[-119.32198,34.42736],[-119.32185,34.42739],[-119.32157,34.42744],[-119.32122,34.42746],[-119.32072,34.42747],[-119.32031,34.42748],[-119.32003,34.42747],[-119.3197,34.42743],[-119.31947,34.4274],[-119.31895,34.42731],[-119.31857,34.42722],[-119.31757,34.427],[-119.31756,34.427],[-119.31685,34.42683],[-119.316,34.42662],[-119.31582,34.42657],[-119.31521,34.42643],[-119.31501,34.42638],[-119.31484,34.42634],[-119.31464,34.42628],[-119.31449,34.42624],[-119.31421,34.42615],[-119.31385,34.426],[-119.31268,34.42551],[-119.31253,34.42545],[-119.31214,34.42532],[-119.31199,34.42528],[-119.31153,34.4252],[-119.31062,34.42508]]}},{"type":"Feature","properties":{"name":"Ranch Road","t":0},"geometry":{"type":"LineString","coordinates":[[-119.31635,34.43173],[-119.3162,34.43158],[-119.31607,34.4314],[-119.3159,34.43102],[-119.31584,34.43098],[-119.31499,34.4307],[-119.31494,34.43066],[-119.31494,34.4306],[-119.31512,34.43009],[-119.31514,34.42998],[-119.31513,34.42986]]}},{"type":"Feature","properties":{"name":"Baldwin Road","t":3},"geometry":{"type":"LineString","coordinates":[[-119.33683,34.41827],[-119.33663,34.41825],[-119.33647,34.41824],[-119.33633,34.41824],[-119.33612,34.41825],[-119.3358,34.4183],[-119.33541,34.41838],[-119.33519,34.41845],[-119.335,34.41854],[-119.33472,34.41867],[-119.33426,34.41892],[-119.33409,34.419],[-119.3339,34.41908],[-119.33368,34.41917],[-119.33348,34.41924],[-119.33333,34.41928],[-119.33296,34.41939],[-119.33285,34.41943],[-119.33271,34.41949],[-119.33231,34.41971],[-119.33019,34.42109],[-119.32998,34.42124],[-119.32978,34.42142],[-119.32952,34.4217],[-119.3286,34.42272],[-119.32831,34.42304],[-119.32748,34.42394],[-119.3273,34.42414],[-119.32719,34.42429],[-119.32706,34.42447],[-119.32698,34.42463],[-119.32694,34.4247],[-119.32685,34.4249],[-119.3267,34.42521],[-119.32655,34.42549],[-119.32648,34.4256],[-119.32638,34.42573],[-119.32624,34.42587],[-119.32614,34.42595],[-119.32602,34.42603],[-119.3258,34.42616],[-119.32557,34.42629]]}},{"type":"Feature","properties":{"name":"Santa Ana Road","t":2},"geometry":{"type":"LineString","coordinates":[[-119.3368,34.415],[-119.33689,34.41541],[-119.33699,34.41583],[-119.33701,34.41589],[-119.33706,34.41605],[-119.33711,34.41619],[-119.3372,34.4164],[-119.33725,34.41651],[-119.33727,34.41662],[-119.33728,34.41672],[-119.33728,34.4168],[-119.33726,34.4169],[-119.33723,34.417],[-119.33716,34.41712],[-119.33711,34.41721],[-119.33705,34.41733],[-119.33701,34.41746],[-119.33697,34.41757],[-119.33683,34.41827]]}},{"type":"Feature","properties":{"name":"Burnham Road","t":2},"geometry":{"type":"LineString","coordinates":[[-119.30451,34.415],[-119.30455,34.41515],[-119.30457,34.41529],[-119.30458,34.41543],[-119.30458,34.41555],[-119.30457,34.41562],[-119.30455,34.41568],[-119.30455,34.4157],[-119.30453,34.41578],[-119.30452,34.41581],[-119.30446,34.41593],[-119.30441,34.41602],[-119.30432,34.41615],[-119.30424,34.41625],[-119.30412,34.41637],[-119.30402,34.41648],[-119.30393,34.4166],[-119.30387,34.41671],[-119.3038,34.41684]]}},{"type":"Feature","properties":{"name":"","t":1},"geometry":{"type":"LineString","coordinates":[[-119.3038,34.41684],[-119.30488,34.41699]]}},{"type":"Feature","properties":{"name":"Crown Street","t":1},"geometry":{"type":"LineString","coordinates":[[-119.29559,34.41545],[-119.29708,34.41558]]}},{"type":"Feature","properties":{"name":"Oakcrest Avenue","t":1},"geometry":{"type":"LineString","coordinates":[[-119.29564,34.415],[-119.29559,34.41545]]}},{"type":"Feature","properties":{"name":"Oakcrest Avenue","t":1},"geometry":{"type":"LineString","coordinates":[[-119.29559,34.41545],[-119.29548,34.41619]]}},{"type":"Feature","properties":{"name":"North Ventura Avenue","t":3},"geometry":{"type":"LineString","coordinates":[[-119.29321,34.41801],[-119.29376,34.4163],[-119.29414,34.41507],[-119.29416,34.415]]}},{"type":"Feature","properties":{"name":"Oakcrest Avenue","t":1},"geometry":{"type":"LineString","coordinates":[[-119.29548,34.41619],[-119.29538,34.41691]]}},{"type":"Feature","properties":{"name":"Wild Oak Street","t":1},"geometry":{"type":"LineString","coordinates":[[-119.29548,34.41619],[-119.29769,34.41639]]}},{"type":"Feature","properties":{"name":"Wormwood Street","t":1},"geometry":{"type":"LineString","coordinates":[[-119.29776,34.41715],[-119.29773,34.41713],[-119.2977,34.41712],[-119.29727,34.41707],[-119.29549,34.41692],[-119.29538,34.41691]]}},{"type":"Feature","properties":{"name":"Puesta del Sol","t":1},"geometry":{"type":"LineString","coordinates":[[-119.29847,34.415],[-119.29789,34.41633],[-119.29785,34.41637],[-119.29782,34.41638],[-119.29778,34.4164],[-119.29769,34.41639]]}},{"type":"Feature","properties":{"name":"Bonmark Drive","t":1},"geometry":{"type":"LineString","coordinates":[[-119.29776,34.41715],[-119.29778,34.41719],[-119.29821,34.41903],[-119.2982,34.4191],[-119.29816,34.41915],[-119.29811,34.41919],[-119.29805,34.4192],[-119.29572,34.41935]]}},{"type":"Feature","properties":{"name":"Oakcrest Avenue","t":1},"geometry":{"type":"LineString","coordinates":[[-119.29538,34.41691],[-119.29526,34.41752],[-119.29526,34.41755],[-119.29528,34.41759],[-119.29529,34.4176],[-119.29534,34.41762],[-119.29537,34.41763],[-119.29548,34.41764],[-119.29576,34.41765],[-119.29591,34.41766],[-119.29602,34.41767],[-119.29624,34.41769],[-119.29633,34.41771],[-119.29647,34.41774],[-119.29649,34.41775],[-119.2966,34.4178]]}},{"type":"Feature","properties":{"name":"Arcata Road","t":1},"geometry":{"type":"LineString","coordinates":[[-119.29487,34.41869],[-119.29579,34.41869]]}},{"type":"Feature","properties":{"name":"South Rice Road","t":1},"geometry":{"type":"LineString","coordinates":[[-119.29461,34.41981],[-119.29452,34.41978],[-119.29424,34.41977],[-119.29408,34.41976],[-119.29393,34.41974],[-119.29383,34.41972],[-119.29379,34.4197],[-119.29376,34.41965],[-119.29375,34.41959],[-119.29381,34.41945],[-119.29382,34.41942],[-119.29385,34.41932],[-119.29392,34.41921],[-119.29413,34.41896],[-119.29422,34.41884]]}},{"type":"Feature","properties":{"name":"Sycamore","t":1},"geometry":{"type":"LineString","coordinates":[[-119.29396,34.41989],[-119.29377,34.41987],[-119.29374,34.41989],[-119.29373,34.41991],[-119.29371,34.42007]]}},{"type":"Feature","properties":{"name":"Sycamore","t":1},"geometry":{"type":"LineString","coordinates":[[-119.29456,34.4199],[-119.29441,34.41989],[-119.29411,34.41988]]}},{"type":"Feature","properties":{"name":"Arcata Road","t":1},"geometry":{"type":"LineString","coordinates":[[-119.29461,34.41981],[-119.29456,34.4199]]}},{"type":"Feature","properties":{"name":"Arcata Road","t":1},"geometry":{"type":"LineString","coordinates":[[-119.29572,34.41935],[-119.29559,34.41937],[-119.29539,34.41941],[-119.29529,34.41946],[-119.29469,34.41975],[-119.29463,34.41979],[-119.29461,34.41981]]}},{"type":"Feature","properties":{"name":"Arcata Road","t":1},"geometry":{"type":"LineString","coordinates":[[-119.29579,34.41869],[-119.29578,34.419],[-119.29572,34.4193],[-119.29572,34.41935]]}},{"type":"Feature","properties":{"name":"","t":1},"geometry":{"type":"LineString","coordinates":[[-119.29579,34.41869],[-119.29579,34.41855]]}},{"type":"Feature","properties":{"name":"Forest Avenue","t":1},"geometry":{"type":"LineString","coordinates":[[-119.29436,34.42116],[-119.29519,34.42123],[-119.29543,34.42125],[-119.29574,34.42126],[-119.29598,34.42125],[-119.29618,34.42124],[-119.29641,34.42123],[-119.29663,34.42121],[-119.29697,34.42118],[-119.2971,34.42119],[-119.2972,34.4212],[-119.2973,34.42123]]}},{"type":"Feature","properties":{"name":"Woodland Avenue","t":1},"geometry":{"type":"LineString","coordinates":[[-119.29449,34.42021],[-119.29552,34.4203],[-119.29571,34.4203],[-119.29606,34.4203],[-119.29698,34.42022],[-119.29738,34.42021],[-119.29746,34.42023],[-119.29754,34.42025],[-119.29762,34.4203],[-119.29766,34.42033],[-119.29767,34.42034],[-119.29769,34.42037],[-119.29772,34.42043],[-119.29773,34.42049],[-119.29771,34.42054],[-119.2977,34.42058],[-119.2973,34.42123]]}},{"type":"Feature","properties":{"name":"South Rice Road","t":2},"geometry":{"type":"LineString","coordinates":[[-119.29456,34.4199],[-119.29453,34.41996],[-119.29449,34.42021]]}},{"type":"Feature","properties":{"name":"South Rice Road","t":2},"geometry":{"type":"LineString","coordinates":[[-119.29449,34.42021],[-119.29436,34.42116]]}},{"type":"Feature","properties":{"name":"South Rice Road","t":2},"geometry":{"type":"LineString","coordinates":[[-119.29436,34.42116],[-119.29423,34.42212]]}},{"type":"Feature","properties":{"name":"South Rice Road","t":2},"geometry":{"type":"LineString","coordinates":[[-119.29423,34.42212],[-119.29411,34.42308]]}},{"type":"Feature","properties":{"name":"Woodland Avenue","t":1},"geometry":{"type":"LineString","coordinates":[[-119.29606,34.42235],[-119.29597,34.42239],[-119.29587,34.42244],[-119.29578,34.4225],[-119.29567,34.42258],[-119.29555,34.4227],[-119.29542,34.42285],[-119.2953,34.423],[-119.29523,34.42307],[-119.29518,34.42311],[-119.29514,34.42313],[-119.29506,34.42314],[-119.29494,34.42314],[-119.2948,34.42314],[-119.29411,34.42308]]}},{"type":"Feature","properties":{"name":"Lake Avenue","t":1},"geometry":{"type":"LineString","coordinates":[[-119.29423,34.42212],[-119.29518,34.4222],[-119.29564,34.42224],[-119.29593,34.42231],[-119.29606,34.42235]]}},{"type":"Feature","properties":{"name":"Woodland Avenue","t":1},"geometry":{"type":"LineString","coordinates":[[-119.2973,34.42123],[-119.29681,34.42204],[-119.29671,34.42217],[-119.29666,34.42221],[-119.29662,34.42223],[-119.29651,34.42226],[-119.29623,34.42231],[-119.29606,34.42235]]}},{"type":"Feature","properties":{"name":"Burnham Road","t":2},"geometry":{"type":"LineString","coordinates":[[-119.3038,34.41684],[-119.30372,34.41701],[-119.30348,34.41758],[-119.30334,34.41795],[-119.30329,34.41814],[-119.30325,34.41834],[-119.30323,34.41851],[-119.30322,34.41869],[-119.30321,34.41888],[-119.3032,34.41915],[-119.30323,34.41947],[-119.30325,34.41967],[-119.30328,34.41989],[-119.30331,34.42004],[-119.30335,34.42031],[-119.30339,34.42045],[-119.30342,34.42056],[-119.30347,34.42064],[-119.30353,34.42074],[-119.30361,34.42082],[-119.3037,34.42092],[-119.30383,34.42103],[-119.30393,34.42111]]}},{"type":"Feature","properties":{"name":"Los Encinos Road","t":1},"geometry":{"type":"LineString","coordinates":[[-119.30393,34.42111],[-119.30427,34.42083],[-119.30447,34.42066],[-119.3046,34.42054],[-119.3047,34.42042],[-119.30478,34.42032],[-119.30482,34.42025],[-119.30488,34.42004],[-119.30489,34.41997],[-119.30492,34.41992],[-119.30494,34.41987],[-119.30497,34.41984],[-119.30515,34.4197],[-119.30518,34.41968],[-119.30605,34.41914],[-119.30614,34.4191],[-119.30621,34.41909],[-119.30632,34.41907],[-119.30677,34.41905],[-119.3069,34.41905],[-119.30702,34.41904],[-119.30708,34.41905],[-119.30712,34.41906],[-119.30718,34.41907],[-119.30721,34.4191],[-119.30727,34.41915],[-119.30729,34.41918],[-119.3073,34.41922],[-119.30731,34.41927],[-119.30732,34.41936],[-119.30728,34.42012],[-119.30726,34.4205],[-119.30724,34.4206],[-119.30718,34.4207],[-119.3071,34.42081],[-119.30701,34.42091],[-119.30691,34.42102],[-119.30686,34.42108],[-119.30675,34.42126],[-119.30673,34.4213],[-119.30671,34.42134],[-119.30672,34.42139],[-119.30675,34.4215],[-119.30678,34.42157],[-119.30686,34.42179],[-119.30689,34.42187],[-119.3069,34.42191],[-119.30691,34.422],[-119.30689,34.42208],[-119.30686,34.42217],[-119.30681,34.42224],[-119.30675,34.42228],[-119.30674,34.4223],[-119.30667,34.42233],[-119.30633,34.42248],[-119.30627,34.42251],[-119.30623,34.42254],[-119.30621,34.42257],[-119.30619,34.42258],[-119.30618,34.4226],[-119.30616,34.42264],[-119.30615,34.42268],[-119.30614,34.42278],[-119.30615,34.42284],[-119.3063,34.42335],[-119.30632,34.42345]]}},{"type":"Feature","properties":{"name":"Ward Way","t":1},"geometry":{"type":"LineString","coordinates":[[-119.30632,34.42345],[-119.30706,34.42348]]}},{"type":"Feature","properties":{"name":"","t":1},"geometry":{"type":"LineString","coordinates":[[-119.30761,34.42329],[-119.30758,34.42343],[-119.30752,34.42373],[-119.30754,34.4238],[-119.30751,34.42397],[-119.30744,34.42416],[-119.30732,34.42466]]}},{"type":"Feature","properties":{"name":"Baldwin Road","t":3},"geometry":{"type":"LineString","coordinates":[[-119.30732,34.42466],[-119.30642,34.42463]]}},{"type":"Feature","properties":{"name":"Baldwin Road","t":3},"geometry":{"type":"LineString","coordinates":[[-119.30642,34.42463],[-119.30563,34.42465],[-119.30535,34.42466],[-119.30501,34.42469],[-119.30474,34.42472]]}},{"type":"Feature","properties":{"name":"Los Encinos Road","t":1},"geometry":{"type":"LineString","coordinates":[[-119.30632,34.42345],[-119.30639,34.42391],[-119.30644,34.42423],[-119.30648,34.42452],[-119.30642,34.42463]]}},{"type":"Feature","properties":{"name":"Burnham Road","t":2},"geometry":{"type":"LineString","coordinates":[[-119.30393,34.42111],[-119.30449,34.42157],[-119.30463,34.42173],[-119.30469,34.42183],[-119.30475,34.42195],[-119.30481,34.42212],[-119.30483,34.42224],[-119.30488,34.42255],[-119.30498,34.42358],[-119.30499,34.4237],[-119.30498,34.42383],[-119.30494,34.42404],[-119.30484,34.42433],[-119.30483,34.42436],[-119.30475,34.42462],[-119.30474,34.42472]]}},{"type":"Feature","properties":{"name":"Oak Grove Court","t":1},"geometry":{"type":"LineString","coordinates":[[-119.30624,34.42585],[-119.30621,34.42585],[-119.30596,34.42591],[-119.30495,34.42615],[-119.30488,34.42616]]}},{"type":"Feature","properties":{"name":"Oak Grove Court","t":1},"geometry":{"type":"LineString","coordinates":[[-119.30947,34.42945],[-119.30999,34.42785],[-119.31013,34.42761],[-119.31015,34.42748],[-119.31034,34.42626],[-119.31034,34.42622],[-119.31034,34.42619],[-119.31033,34.42616],[-119.3103,34.42614],[-119.31027,34.42611],[-119.31022,34.42609],[-119.31015,34.42608],[-119.31006,34.42608],[-119.30983,34.42608],[-119.30959,34.4261],[-119.3094,34.4261],[-119.30932,34.42609],[-119.30924,34.42606],[-119.30895,34.42594],[-119.3087,34.42586],[-119.30849,34.42582],[-119.30832,34.42579],[-119.30821,34.42578],[-119.3081,34.42578],[-119.30692,34.42576],[-119.30676,34.42577],[-119.3066,34.42577],[-119.30641,34.4258],[-119.30624,34.42585]]}},{"type":"Feature","properties":{"name":"Linda Flora Drive","t":1},"geometry":{"type":"LineString","coordinates":[[-119.30779,34.4291],[-119.3078,34.42904],[-119.3078,34.42893],[-119.30778,34.42882],[-119.30778,34.42881],[-119.30776,34.42877],[-119.30773,34.42871],[-119.30767,34.42861],[-119.30763,34.42856],[-119.30754,34.42847],[-119.30739,34.42835],[-119.30715,34.42817],[-119.30691,34.42799],[-119.30643,34.42763],[-119.30641,34.42761],[-119.30632,34.42753],[-119.30626,34.42746],[-119.30621,34.42738],[-119.30619,34.42731],[-119.30617,34.42722],[-119.30617,34.427],[-119.30617,34.42698],[-119.30624,34.42585]]}},{"type":"Feature","properties":{"name":"Linda Flora Drive","t":1},"geometry":{"type":"LineString","coordinates":[[-119.30527,34.43418],[-119.30523,34.43409],[-119.30519,34.43399],[-119.30517,34.43389],[-119.30517,34.43377],[-119.3052,34.43366],[-119.30522,34.43358],[-119.30526,34.43352],[-119.30529,34.43348],[-119.3053,34.43345],[-119.30536,34.43339],[-119.30581,34.43304],[-119.30598,34.4329],[-119.30627,34.43261],[-119.30636,34.4325],[-119.30638,34.43248],[-119.30639,34.43247],[-119.30649,34.43234],[-119.30662,34.43215],[-119.30674,34.43198],[-119.30682,34.43181],[-119.30691,34.43163],[-119.30702,34.43139],[-119.30708,34.4312],[-119.30713,34.43105],[-119.30716,34.43095],[-119.30724,34.43073],[-119.30745,34.43012],[-119.30766,34.42953],[-119.30776,34.42922],[-119.30779,34.4291]]}},{"type":"Feature","properties":{"name":"Macdonald Drive","t":1},"geometry":{"type":"LineString","coordinates":[[-119.30527,34.43418],[-119.3054,34.43413],[-119.30561,34.43407],[-119.30583,34.43402],[-119.30592,34.43399],[-119.30631,34.43389],[-119.30664,34.43379],[-119.30718,34.43357],[-119.30728,34.43353],[-119.30752,34.43343],[-119.30779,34.4333],[-119.30803,34.43318],[-119.30823,34.43308],[-119.30829,34.43304],[-119.30843,34.43296],[-119.30847,34.43294],[-119.30894,34.43263],[-119.30918,34.43246],[-119.30929,34.43237],[-119.30946,34.43224],[-119.30977,34.43198],[-119.30996,34.43181],[-119.31001,34.43175],[-119.31006,34.43166],[-119.31009,34.43156],[-119.31012,34.43148],[-119.31015,34.43136],[-119.31022,34.43113],[-119.31025,34.43105],[-119.31032,34.4308],[-119.31049,34.43026],[-119.31051,34.43019],[-119.31064,34.42974]]}},{"type":"Feature","properties":{"name":"","t":1},"geometry":{"type":"LineString","coordinates":[[-119.29508,34.43254],[-119.29575,34.43259],[-119.29597,34.4326],[-119.29603,34.43261],[-119.29609,34.43263],[-119.29613,34.43263],[-119.29616,34.43265],[-119.29619,34.43268],[-119.29621,34.43274],[-119.29629,34.43306]]}},{"type":"Feature","properties":{"name":"","t":1},"geometry":{"type":"LineString","coordinates":[[-119.29629,34.43306],[-119.29581,34.43304]]}},{"type":"Feature","properties":{"name":"","t":1},"geometry":{"type":"LineString","coordinates":[[-119.29578,34.43385],[-119.29624,34.4339],[-119.29626,34.43391],[-119.29628,34.43392],[-119.29628,34.43394],[-119.29629,34.43397],[-119.29622,34.43447]]}},{"type":"Feature","properties":{"name":"","t":1},"geometry":{"type":"LineString","coordinates":[[-119.29622,34.43447],[-119.29622,34.4346]]}},{"type":"Feature","properties":{"name":"Sierra Court","t":1},"geometry":{"type":"LineString","coordinates":[[-119.2957,34.43443],[-119.29622,34.43447]]}},{"type":"Feature","properties":{"name":"","t":1},"geometry":{"type":"LineString","coordinates":[[-119.29578,34.43385],[-119.2957,34.43443]]}},{"type":"Feature","properties":{"name":"","t":1},"geometry":{"type":"LineString","coordinates":[[-119.29629,34.43306],[-119.29633,34.43324],[-119.29635,34.43338],[-119.29634,34.43341],[-119.29633,34.43342],[-119.29631,34.43344],[-119.29629,34.43344],[-119.29625,34.43345],[-119.29577,34.4334]]}},{"type":"Feature","properties":{"name":"","t":1},"geometry":{"type":"LineString","coordinates":[[-119.29577,34.4334],[-119.29581,34.43304]]}},{"type":"Feature","properties":{"name":"","t":1},"geometry":{"type":"LineString","coordinates":[[-119.29577,34.4334],[-119.2956,34.43339],[-119.29504,34.43333],[-119.29485,34.4333]]}},{"type":"Feature","properties":{"name":"","t":1},"geometry":{"type":"LineString","coordinates":[[-119.29495,34.43295],[-119.29485,34.4333]]}},{"type":"Feature","properties":{"name":"","t":1},"geometry":{"type":"LineString","coordinates":[[-119.29485,34.4333],[-119.29477,34.43355],[-119.29475,34.43375]]}},{"type":"Feature","properties":{"name":"","t":1},"geometry":{"type":"LineString","coordinates":[[-119.29475,34.43375],[-119.29525,34.4338]]}},{"type":"Feature","properties":{"name":"","t":1},"geometry":{"type":"LineString","coordinates":[[-119.29525,34.4338],[-119.29578,34.43385]]}},{"type":"Feature","properties":{"name":"","t":1},"geometry":{"type":"LineString","coordinates":[[-119.29525,34.4338],[-119.29516,34.43438]]}},{"type":"Feature","properties":{"name":"Sierra Court","t":1},"geometry":{"type":"LineString","coordinates":[[-119.29516,34.43438],[-119.2957,34.43443]]}},{"type":"Feature","properties":{"name":"","t":1},"geometry":{"type":"LineString","coordinates":[[-119.29516,34.43438],[-119.29465,34.43434]]}},{"type":"Feature","properties":{"name":"","t":1},"geometry":{"type":"LineString","coordinates":[[-119.29475,34.43375],[-119.29465,34.43434]]}},{"type":"Feature","properties":{"name":"","t":1},"geometry":{"type":"LineString","coordinates":[[-119.29465,34.43434],[-119.29441,34.43431],[-119.29379,34.43426]]}},{"type":"Feature","properties":{"name":"","t":1},"geometry":{"type":"LineString","coordinates":[[-119.29379,34.43426],[-119.29382,34.43408]]}},{"type":"Feature","properties":{"name":"","t":1},"geometry":{"type":"LineString","coordinates":[[-119.29475,34.43375],[-119.29461,34.43383],[-119.29447,34.43386],[-119.29431,34.43385],[-119.29403,34.43382],[-119.29396,34.43381],[-119.29385,34.43378],[-119.2938,34.43377],[-119.29355,34.43377],[-119.29323,34.43374],[-119.2932,34.43374],[-119.29274,34.43369]]}},{"type":"Feature","properties":{"name":"","t":1},"geometry":{"type":"LineString","coordinates":[[-119.29355,34.43328],[-119.29424,34.43339],[-119.29433,34.43334],[-119.29442,34.4332],[-119.29449,34.43307]]}},{"type":"Feature","properties":{"name":"","t":1},"geometry":{"type":"LineString","coordinates":[[-119.29449,34.43307],[-119.29424,34.43296],[-119.29401,34.43288],[-119.2937,34.43281]]}},{"type":"Feature","properties":{"name":"","t":1},"geometry":{"type":"LineString","coordinates":[[-119.2937,34.43281],[-119.29373,34.43267],[-119.29374,34.43262],[-119.29378,34.43252],[-119.2938,34.4325],[-119.29385,34.43247]]}},{"type":"Feature","properties":{"name":"","t":1},"geometry":{"type":"LineString","coordinates":[[-119.29385,34.43247],[-119.29391,34.43246],[-119.29395,34.43246],[-119.29449,34.4325]]}},{"type":"Feature","properties":{"name":"","t":1},"geometry":{"type":"LineString","coordinates":[[-119.29449,34.43307],[-119.29455,34.43292],[-119.29454,34.43274],[-119.29449,34.4325]]}},{"type":"Feature","properties":{"name":"","t":1},"geometry":{"type":"LineString","coordinates":[[-119.29581,34.43304],[-119.29495,34.43295]]}},{"type":"Feature","properties":{"name":"","t":1},"geometry":{"type":"LineString","coordinates":[[-119.29508,34.43254],[-119.29495,34.43295]]}},{"type":"Feature","properties":{"name":"","t":1},"geometry":{"type":"LineString","coordinates":[[-119.29449,34.4325],[-119.29457,34.43251],[-119.29488,34.43253],[-119.29508,34.43254]]}},{"type":"Feature","properties":{"name":"Judy Lane","t":1},"geometry":{"type":"LineString","coordinates":[[-119.29397,34.43052],[-119.29387,34.432]]}},{"type":"Feature","properties":{"name":"Laura Street","t":1},"geometry":{"type":"LineString","coordinates":[[-119.29397,34.43052],[-119.29441,34.43054]]}},{"type":"Feature","properties":{"name":"Trusty Lane","t":1},"geometry":{"type":"LineString","coordinates":[[-119.29526,34.43049],[-119.29522,34.43063],[-119.29518,34.43074],[-119.29516,34.43089],[-119.29515,34.43102],[-119.29515,34.43108],[-119.29515,34.43124],[-119.29516,34.43152],[-119.29519,34.43179],[-119.29519,34.43181],[-119.2952,34.43194],[-119.29518,34.43217],[-119.29514,34.43236],[-119.29512,34.43246],[-119.29508,34.43254]]}},{"type":"Feature","properties":{"name":"Trusty Lane","t":1},"geometry":{"type":"LineString","coordinates":[[-119.29526,34.43049],[-119.29531,34.43055],[-119.29535,34.43059],[-119.29539,34.43062],[-119.29544,34.43065],[-119.2955,34.43066],[-119.29557,34.43067],[-119.296,34.43071],[-119.29623,34.43072],[-119.29634,34.43074],[-119.29647,34.43077],[-119.29652,34.4308],[-119.29656,34.43082],[-119.29661,34.43087],[-119.29662,34.43092],[-119.29661,34.43099],[-119.29659,34.43103],[-119.29657,34.43114],[-119.29652,34.43135],[-119.29642,34.43157],[-119.29634,34.43172],[-119.29629,34.4318],[-119.29627,34.43189],[-119.29627,34.43199],[-119.29627,34.43215]]}},{"type":"Feature","properties":{"name":"Trusty Lane","t":1},"geometry":{"type":"LineString","coordinates":[[-119.29594,34.42914],[-119.29588,34.42933],[-119.29583,34.42954],[-119.2958,34.42963],[-119.29574,34.42974],[-119.29566,34.42987],[-119.29549,34.43008],[-119.29541,34.4302],[-119.29533,34.43035],[-119.29526,34.43049]]}},{"type":"Feature","properties":{"name":"Old Baldwin Road","t":1},"geometry":{"type":"LineString","coordinates":[[-119.29444,34.42885],[-119.29459,34.42888],[-119.29469,34.4289],[-119.29474,34.42892],[-119.2953,34.42903],[-119.29556,34.42907],[-119.29594,34.42914]]}},{"type":"Feature","properties":{"name":"Baldwin Road","t":3},"geometry":{"type":"LineString","coordinates":[[-119.29444,34.42885],[-119.29435,34.42891],[-119.29418,34.429],[-119.294,34.4291],[-119.29383,34.42919],[-119.29369,34.42927],[-119.29364,34.4293],[-119.2933,34.42946]]}},{"type":"Feature","properties":{"name":"Old Baldwin Road","t":1},"geometry":{"type":"LineString","coordinates":[[-119.29594,34.42914],[-119.29629,34.4292],[-119.29643,34.42922],[-119.29656,34.42922],[-119.29666,34.42921],[-119.29679,34.42918],[-119.29695,34.42913],[-119.29708,34.42905],[-119.2972,34.42897],[-119.2973,34.42887],[-119.29733,34.42883],[-119.29761,34.42849],[-119.29784,34.42822],[-119.29806,34.42795],[-119.29813,34.42786],[-119.29818,34.42774],[-119.29825,34.42755],[-119.2983,34.42736],[-119.29838,34.42712],[-119.29841,34.42699],[-119.29846,34.42682],[-119.29853,34.42658],[-119.29859,34.42637],[-119.29864,34.42626],[-119.2987,34.42615],[-119.29878,34.42605],[-119.29882,34.42602],[-119.29888,34.42598],[-119.29891,34.42597],[-119.29896,34.42595],[-119.29908,34.42593],[-119.29921,34.42591],[-119.29928,34.42589],[-119.2994,34.42588],[-119.29945,34.42587],[-119.29948,34.42586],[-119.29951,34.42584],[-119.29954,34.42581],[-119.29956,34.4258],[-119.29969,34.42578],[-119.29982,34.42578],[-119.29992,34.42578]]}},{"type":"Feature","properties":{"name":"Baldwin Road","t":3},"geometry":{"type":"LineString","coordinates":[[-119.30474,34.42472],[-119.30332,34.42493],[-119.30024,34.42533],[-119.29976,34.42539],[-119.29942,34.42541],[-119.29913,34.42544],[-119.29883,34.42547],[-119.29862,34.4255],[-119.2984,34.42554],[-119.29819,34.42559],[-119.29798,34.42565],[-119.29787,34.42568],[-119.29782,34.4257],[-119.29761,34.42578],[-119.29738,34.42588],[-119.29719,34.42597],[-119.29701,34.42608],[-119.29683,34.42619],[-119.29666,34.42631],[-119.2965,34.42644],[-119.29636,34.42658],[-119.29623,34.42674],[-119.2961,34.42689],[-119.29601,34.42701],[-119.29589,34.42716],[-119.29564,34.42751],[-119.29555,34.42765],[-119.29544,34.42781],[-119.29533,34.42795],[-119.29522,34.42811],[-119.29509,34.42826],[-119.29496,34.4284],[-119.29483,34.42853],[-119.29466,34.42869],[-119.29444,34.42885]]}},{"type":"Feature","properties":{"name":"Woodland Avenue","t":1},"geometry":{"type":"LineString","coordinates":[[-119.29411,34.42308],[-119.29284,34.42297],[-119.29242,34.42292],[-119.29202,34.42285],[-119.29156,34.42275]]}},{"type":"Feature","properties":{"name":"Pegasus Street","t":0},"geometry":{"type":"LineString","coordinates":[[-119.29252,34.42444],[-119.29276,34.42441],[-119.29361,34.42448],[-119.29392,34.42451]]}},{"type":"Feature","properties":{"name":"Martin Street","t":1},"geometry":{"type":"LineString","coordinates":[[-119.29194,34.4246],[-119.29152,34.42467],[-119.29142,34.42469]]}},{"type":"Feature","properties":{"name":"Silver Spur Street","t":1},"geometry":{"type":"LineString","coordinates":[[-119.29142,34.42469],[-119.29161,34.42548],[-119.29162,34.42555],[-119.29162,34.42561],[-119.29157,34.42601],[-119.29156,34.42607]]}},{"type":"Feature","properties":{"name":"Hackamore Street","t":1},"geometry":{"type":"LineString","coordinates":[[-119.28973,34.42525],[-119.29087,34.42535]]}},{"type":"Feature","properties":{"name":"Morgan Street","t":1},"geometry":{"type":"LineString","coordinates":[[-119.29047,34.42468],[-119.2901,34.42465],[-119.28999,34.42463],[-119.28989,34.42464],[-119.28982,34.42467],[-119.28979,34.42474],[-119.28978,34.4248],[-119.28977,34.42488],[-119.28973,34.42525]]}},{"type":"Feature","properties":{"name":"Martin Street","t":1},"geometry":{"type":"LineString","coordinates":[[-119.29142,34.42469],[-119.29133,34.42471],[-119.29123,34.42472],[-119.29109,34.42473],[-119.291,34.42473],[-119.29047,34.42468]]}},{"type":"Feature","properties":{"name":"Silver Spur Street","t":1},"geometry":{"type":"LineString","coordinates":[[-119.29141,34.42373],[-119.29135,34.42431],[-119.29135,34.42443],[-119.29142,34.42469]]}},{"type":"Feature","properties":{"name":"Silver Spur Circle","t":1},"geometry":{"type":"LineString","coordinates":[[-119.29141,34.42373],[-119.29176,34.42376]]}},{"type":"Feature","properties":{"name":"Silver Spur Street","t":1},"geometry":{"type":"LineString","coordinates":[[-119.29156,34.42275],[-119.29154,34.42283],[-119.29141,34.42373]]}},{"type":"Feature","properties":{"name":"Mirror Lake Avenue","t":1},"geometry":{"type":"LineString","coordinates":[[-119.29047,34.42468],[-119.29052,34.42406],[-119.29063,34.42305],[-119.29066,34.4229],[-119.2907,34.42277],[-119.29079,34.4226],[-119.29083,34.42253]]}},{"type":"Feature","properties":{"name":"North Ventura Avenue","t":3},"geometry":{"type":"LineString","coordinates":[[-119.28919,34.42423],[-119.28931,34.4238],[-119.28939,34.42357],[-119.28951,34.42322],[-119.28954,34.42315],[-119.2897,34.42282],[-119.28972,34.42278],[-119.28979,34.42265],[-119.28985,34.42255],[-119.28996,34.42237],[-119.29,34.42229],[-119.29005,34.42222]]}},{"type":"Feature","properties":{"name":"Old Grade","t":1},"geometry":{"type":"LineString","coordinates":[[-119.28733,34.42593],[-119.28734,34.42587],[-119.28735,34.42581],[-119.28742,34.42567],[-119.28788,34.42515],[-119.28808,34.42486],[-119.2881,34.42483],[-119.28812,34.42481],[-119.28815,34.4248],[-119.28819,34.42479],[-119.28823,34.4248],[-119.28846,34.42491]]}},{"type":"Feature","properties":{"name":"Old Grade Road","t":1},"geometry":{"type":"LineString","coordinates":[[-119.28846,34.42491],[-119.28807,34.42548],[-119.28801,34.42556],[-119.28785,34.42576],[-119.28786,34.42583]]}},{"type":"Feature","properties":{"name":"West Villanova Road","t":1},"geometry":{"type":"LineString","coordinates":[[-119.289,34.4258],[-119.28883,34.42579],[-119.28871,34.42577],[-119.28863,34.42576],[-119.2884,34.42578],[-119.28836,34.42578],[-119.28832,34.42578],[-119.28806,34.4258],[-119.28786,34.42583]]}},{"type":"Feature","properties":{"name":"","t":1},"geometry":{"type":"LineString","coordinates":[[-119.28873,34.42562],[-119.28872,34.4257],[-119.28871,34.42577]]}},{"type":"Feature","properties":{"name":"Old Grade Road","t":1},"geometry":{"type":"LineString","coordinates":[[-119.28919,34.42423],[-119.28907,34.4242],[-119.28903,34.4242],[-119.28899,34.4242],[-119.28895,34.4242],[-119.28891,34.42421],[-119.28887,34.42424],[-119.28883,34.42429],[-119.28878,34.42437],[-119.28874,34.42444],[-119.28846,34.42491]]}},{"type":"Feature","properties":{"name":"North Ventura Avenue","t":3},"geometry":{"type":"LineString","coordinates":[[-119.289,34.4258],[-119.28901,34.42567],[-119.28905,34.42511],[-119.28907,34.42492],[-119.28911,34.42459],[-119.28919,34.42423]]}},{"type":"Feature","properties":{"name":"Morgan Street","t":1},"geometry":{"type":"LineString","coordinates":[[-119.28973,34.42525],[-119.28965,34.4259]]}},{"type":"Feature","properties":{"name":"Morgan Street","t":1},"geometry":{"type":"LineString","coordinates":[[-119.28965,34.4259],[-119.28962,34.42622],[-119.28968,34.42632]]}},{"type":"Feature","properties":{"name":"Don Antonio Way","t":1},"geometry":{"type":"LineString","coordinates":[[-119.28964,34.42685],[-119.2896,34.42729]]}},{"type":"Feature","properties":{"name":"Don Antonio Way","t":1},"geometry":{"type":"LineString","coordinates":[[-119.28927,34.42681],[-119.28964,34.42685]]}},{"type":"Feature","properties":{"name":"West Villanova Road","t":1},"geometry":{"type":"LineString","coordinates":[[-119.28786,34.42583],[-119.28733,34.42593]]}},{"type":"Feature","properties":{"name":"North Ventura Avenue","t":3},"geometry":{"type":"LineString","coordinates":[[-119.28838,34.4299],[-119.28848,34.42977],[-119.28856,34.42963],[-119.28865,34.42944],[-119.2887,34.42933],[-119.28875,34.42922],[-119.28878,34.42909],[-119.2888,34.42894],[-119.28883,34.42871],[-119.28885,34.42846],[-119.28886,34.42821],[-119.2889,34.4275],[-119.28892,34.42722],[-119.28894,34.42684],[-119.28895,34.42656],[-119.28897,34.42627],[-119.289,34.4258]]}},{"type":"Feature","properties":{"name":"Don Antonio Way","t":1},"geometry":{"type":"LineString","coordinates":[[-119.28958,34.42775],[-119.28957,34.42821]]}},{"type":"Feature","properties":{"name":"Don Antonio Way","t":1},"geometry":{"type":"LineString","coordinates":[[-119.2896,34.42729],[-119.2896,34.42744],[-119.28958,34.42775]]}},{"type":"Feature","properties":{"name":"Don Ricardo","t":1},"geometry":{"type":"LineString","coordinates":[[-119.28957,34.42821],[-119.28962,34.42821],[-119.29013,34.42825]]}},{"type":"Feature","properties":{"name":"Don Ricardo","t":1},"geometry":{"type":"LineString","coordinates":[[-119.29013,34.42825],[-119.29044,34.42828],[-119.29072,34.42831]]}},{"type":"Feature","properties":{"name":"Don Antonio Way","t":1},"geometry":{"type":"LineString","coordinates":[[-119.29144,34.42792],[-119.29138,34.42832],[-119.29138,34.42838]]}},{"type":"Feature","properties":{"name":"Don Ricardo","t":1},"geometry":{"type":"LineString","coordinates":[[-119.29072,34.42831],[-119.29132,34.42837],[-119.29138,34.42838]]}},{"type":"Feature","properties":{"name":"Don Antonio Way","t":1},"geometry":{"type":"LineString","coordinates":[[-119.2915,34.42747],[-119.29144,34.42792]]}},{"type":"Feature","properties":{"name":"Don Carlos","t":1},"geometry":{"type":"LineString","coordinates":[[-119.2896,34.42729],[-119.28978,34.4273],[-119.29034,34.42735],[-119.29046,34.42736],[-119.29144,34.42746],[-119.2915,34.42747]]}},{"type":"Feature","properties":{"name":"Don Felipe","t":1},"geometry":{"type":"LineString","coordinates":[[-119.28958,34.42775],[-119.29043,34.42781],[-119.29138,34.42791],[-119.29144,34.42792]]}},{"type":"Feature","properties":{"name":"Don Antonio Way","t":1},"geometry":{"type":"LineString","coordinates":[[-119.28964,34.42685],[-119.2905,34.42692],[-119.29147,34.42701],[-119.29151,34.42702],[-119.29154,34.42705],[-119.29155,34.42709],[-119.2915,34.42747]]}},{"type":"Feature","properties":{"name":"Pegasus Street","t":1},"geometry":{"type":"LineString","coordinates":[[-119.28965,34.4259],[-119.29059,34.426]]}},{"type":"Feature","properties":{"name":"Mustang Court","t":1},"geometry":{"type":"LineString","coordinates":[[-119.29059,34.426],[-119.29054,34.42647]]}},{"type":"Feature","properties":{"name":"Pegasus Street","t":1},"geometry":{"type":"LineString","coordinates":[[-119.29059,34.426],[-119.29156,34.42607]]}},{"type":"Feature","properties":{"name":"Silver Spur Street","t":1},"geometry":{"type":"LineString","coordinates":[[-119.29156,34.42607],[-119.29151,34.42654]]}},{"type":"Feature","properties":{"name":"South Rice Road","t":2},"geometry":{"type":"LineString","coordinates":[[-119.29411,34.42308],[-119.29403,34.42361],[-119.29402,34.42365],[-119.29396,34.42402],[-119.29395,34.42425],[-119.29394,34.42436],[-119.29392,34.42451],[-119.29385,34.42512],[-119.29381,34.42538],[-119.29379,34.42559],[-119.29375,34.4259],[-119.29373,34.42604],[-119.2937,34.42624],[-119.29368,34.4264],[-119.29362,34.4269],[-119.29355,34.42727],[-119.29352,34.42751],[-119.29346,34.42799],[-119.29341,34.42836],[-119.29335,34.42888],[-119.29333,34.42934],[-119.2933,34.42946]]}},{"type":"Feature","properties":{"name":"South Rice Road","t":2},"geometry":{"type":"LineString","coordinates":[[-119.2933,34.42946],[-119.29328,34.42955],[-119.29324,34.42984]]}},{"type":"Feature","properties":{"name":"South Rice Road","t":2},"geometry":{"type":"LineString","coordinates":[[-119.29324,34.42984],[-119.29321,34.43011],[-119.29317,34.43043]]}},{"type":"Feature","properties":{"name":"","t":3},"geometry":{"type":"LineString","coordinates":[[-119.29277,34.42971],[-119.29293,34.42971],[-119.293,34.4297],[-119.29306,34.4297],[-119.29311,34.42971],[-119.29316,34.42974],[-119.29319,34.42976],[-119.29321,34.4298],[-119.29324,34.42984]]}},{"type":"Feature","properties":{"name":"Baldwin Road","t":3},"geometry":{"type":"LineString","coordinates":[[-119.2933,34.42946],[-119.29277,34.42971]]}},{"type":"Feature","properties":{"name":"Don Antonio Way","t":1},"geometry":{"type":"LineString","coordinates":[[-119.29138,34.42838],[-119.29124,34.4294]]}},{"type":"Feature","properties":{"name":"La Plaza","t":1},"geometry":{"type":"LineString","coordinates":[[-119.29037,34.42932],[-119.29039,34.42926],[-119.29059,34.4289],[-119.29063,34.42876],[-119.2907,34.42843],[-119.29072,34.42835],[-119.29072,34.42831]]}},{"type":"Feature","properties":{"name":"La Plaza","t":1},"geometry":{"type":"LineString","coordinates":[[-119.29013,34.42825],[-119.29012,34.42829],[-119.29011,34.42838],[-119.29009,34.42861],[-119.29009,34.42875],[-119.29012,34.42892],[-119.29024,34.42931]]}},{"type":"Feature","properties":{"name":"Vega Way","t":1},"geometry":{"type":"LineString","coordinates":[[-119.29037,34.42932],[-119.29024,34.42931]]}},{"type":"Feature","properties":{"name":"Vega Way","t":1},"geometry":{"type":"LineString","coordinates":[[-119.29124,34.4294],[-119.29119,34.42939],[-119.29044,34.42933],[-119.29037,34.42932]]}},{"type":"Feature","properties":{"name":"Don Antonio Way","t":1},"geometry":{"type":"LineString","coordinates":[[-119.29124,34.4294],[-119.29116,34.42978],[-119.29115,34.4298],[-119.29113,34.42982],[-119.29111,34.42984],[-119.29108,34.42984],[-119.29037,34.42978],[-119.2903,34.42978]]}},{"type":"Feature","properties":{"name":"La Plaza","t":1},"geometry":{"type":"LineString","coordinates":[[-119.2903,34.42978],[-119.29036,34.42938],[-119.29037,34.42932]]}},{"type":"Feature","properties":{"name":"La Plaza","t":1},"geometry":{"type":"LineString","coordinates":[[-119.29024,34.42931],[-119.29018,34.42977]]}},{"type":"Feature","properties":{"name":"Don Antonio Way","t":1},"geometry":{"type":"LineString","coordinates":[[-119.2903,34.42978],[-119.29018,34.42977]]}},{"type":"Feature","properties":{"name":"La Plaza","t":1},"geometry":{"type":"LineString","coordinates":[[-119.29018,34.42977],[-119.29015,34.4301],[-119.2902,34.43019]]}},{"type":"Feature","properties":{"name":"La Plaza","t":1},"geometry":{"type":"LineString","coordinates":[[-119.2902,34.43019],[-119.29025,34.4301],[-119.2903,34.42978]]}},{"type":"Feature","properties":{"name":"Baldwin Road","t":3},"geometry":{"type":"LineString","coordinates":[[-119.29277,34.42971],[-119.29252,34.4298],[-119.29249,34.42981],[-119.29221,34.42992],[-119.29201,34.42998],[-119.29181,34.43003],[-119.29159,34.43008],[-119.29139,34.43012],[-119.29114,34.43016],[-119.29091,34.43017],[-119.29075,34.43018],[-119.29064,34.43019],[-119.29035,34.43019],[-119.2902,34.43019]]}},{"type":"Feature","properties":{"name":"","t":1},"geometry":{"type":"LineString","coordinates":[[-119.29075,34.43018],[-119.29075,34.43022],[-119.29074,34.43038],[-119.29072,34.43043],[-119.29069,34.43045],[-119.29064,34.43048]]}},{"type":"Feature","properties":{"name":"Laura Street","t":1},"geometry":{"type":"LineString","coordinates":[[-119.29317,34.43043],[-119.29397,34.43052]]}},{"type":"Feature","properties":{"name":"South Rice Road","t":2},"geometry":{"type":"LineString","coordinates":[[-119.29317,34.43043],[-119.29296,34.43198],[-119.29294,34.43212],[-119.29293,34.43221],[-119.2929,34.43245],[-119.29282,34.433],[-119.29279,34.43324]]}},{"type":"Feature","properties":{"name":"","t":1},"geometry":{"type":"LineString","coordinates":[[-119.29316,34.43327],[-119.29329,34.43242],[-119.29385,34.43247]]}},{"type":"Feature","properties":{"name":"","t":1},"geometry":{"type":"LineString","coordinates":[[-119.29355,34.43328],[-119.29357,34.43326],[-119.2936,34.43322],[-119.29363,34.43314],[-119.2937,34.43281]]}},{"type":"Feature","properties":{"name":"","t":1},"geometry":{"type":"LineString","coordinates":[[-119.29316,34.43327],[-119.29347,34.4333],[-119.29351,34.43329],[-119.29354,34.43328],[-119.29355,34.43328]]}},{"type":"Feature","properties":{"name":"","t":1},"geometry":{"type":"LineString","coordinates":[[-119.29279,34.43324],[-119.29316,34.43327]]}},{"type":"Feature","properties":{"name":"","t":1},"geometry":{"type":"LineString","coordinates":[[-119.29379,34.43426],[-119.29325,34.43422],[-119.29268,34.43417]]}},{"type":"Feature","properties":{"name":"South Rice Road","t":2},"geometry":{"type":"LineString","coordinates":[[-119.29274,34.43369],[-119.29268,34.43417]]}},{"type":"Feature","properties":{"name":"South Rice Road","t":2},"geometry":{"type":"LineString","coordinates":[[-119.29268,34.43417],[-119.29258,34.43486]]}},{"type":"Feature","properties":{"name":"South Rice Road","t":2},"geometry":{"type":"LineString","coordinates":[[-119.29279,34.43324],[-119.29274,34.43366],[-119.29274,34.43369]]}},{"type":"Feature","properties":{"name":"","t":1},"geometry":{"type":"LineString","coordinates":[[-119.28822,34.43292],[-119.28828,34.43277],[-119.28831,34.43272],[-119.28834,34.43269],[-119.2884,34.43267],[-119.28871,34.43267],[-119.28883,34.43267],[-119.28936,34.43271],[-119.28978,34.43274],[-119.28984,34.43273]]}},{"type":"Feature","properties":{"name":"Cruzero Street","t":1},"geometry":{"type":"LineString","coordinates":[[-119.28899,34.43009],[-119.28894,34.43022],[-119.28885,34.43045],[-119.28877,34.4306],[-119.28869,34.43073],[-119.28765,34.43219],[-119.2874,34.43254],[-119.28733,34.43264],[-119.28729,34.43268],[-119.28721,34.43277],[-119.28713,34.43283],[-119.28701,34.4329],[-119.28689,34.43296],[-119.28518,34.43371],[-119.28503,34.43375],[-119.28494,34.43376],[-119.28486,34.43377]]}},{"type":"Feature","properties":{"name":"North Ventura Avenue","t":3},"geometry":{"type":"LineString","coordinates":[[-119.2849,34.43156],[-119.2852,34.43152],[-119.28554,34.43146],[-119.28587,34.43139],[-119.28622,34.43129],[-119.28652,34.4312],[-119.28679,34.43108],[-119.28701,34.43097],[-119.28732,34.4308],[-119.28754,34.43065],[-119.28778,34.43048],[-119.28781,34.43046],[-119.28795,34.43034],[-119.28805,34.43026],[-119.2882,34.4301],[-119.28828,34.43002],[-119.28838,34.4299]]}},{"type":"Feature","properties":{"name":"South La Luna Avenue","t":2},"geometry":{"type":"LineString","coordinates":[[-119.2902,34.43019],[-119.29019,34.43028],[-119.29016,34.43055],[-119.29014,34.43076],[-119.29003,34.4315],[-119.29,34.43169],[-119.28996,34.43196],[-119.28991,34.43228],[-119.28989,34.43243],[-119.28986,34.4326],[-119.28985,34.43268],[-119.28984,34.43273]]}},{"type":"Feature","properties":{"name":"","t":1},"geometry":{"type":"LineString","coordinates":[[-119.29016,34.43055],[-119.29011,34.43054],[-119.29,34.43053],[-119.28985,34.43052]]}},{"type":"Feature","properties":{"name":"Baldwin Road","t":3},"geometry":{"type":"LineString","coordinates":[[-119.28899,34.43009],[-119.2889,34.43008],[-119.28881,34.43006],[-119.28871,34.43003],[-119.28851,34.42995],[-119.28838,34.4299]]}},{"type":"Feature","properties":{"name":"Baldwin Road","t":3},"geometry":{"type":"LineString","coordinates":[[-119.2902,34.43019],[-119.29004,34.43019],[-119.28954,34.43015],[-119.28899,34.43009]]}},{"type":"Feature","properties":{"name":"Don Antonio Way","t":1},"geometry":{"type":"LineString","coordinates":[[-119.29018,34.42977],[-119.29012,34.42977],[-119.28987,34.42974],[-119.28961,34.42972]]}},{"type":"Feature","properties":{"name":"Don Antonio Way","t":1},"geometry":{"type":"LineString","coordinates":[[-119.28961,34.42972],[-119.28901,34.42966],[-119.28896,34.42966]]}},{"type":"Feature","properties":{"name":"Don Antonio Way","t":1},"geometry":{"type":"LineString","coordinates":[[-119.28957,34.42821],[-119.28955,34.42871],[-119.28955,34.42883],[-119.28963,34.42924],[-119.28966,34.42938],[-119.28963,34.42958],[-119.28962,34.42967],[-119.28961,34.42972]]}},{"type":"Feature","properties":{"name":"Orchard Drive","t":1},"geometry":{"type":"LineString","coordinates":[[-119.28339,34.43058],[-119.2834,34.43073],[-119.28338,34.43105],[-119.28338,34.43131],[-119.28333,34.43151],[-119.28335,34.43169],[-119.28337,34.43178]]}},{"type":"Feature","properties":{"name":"Tico Road","t":2},"geometry":{"type":"LineString","coordinates":[[-119.2849,34.43156],[-119.28491,34.43169],[-119.28491,34.43176],[-119.28491,34.43208],[-119.2849,34.43244],[-119.28487,34.43299],[-119.28487,34.4331],[-119.28487,34.43339],[-119.28486,34.43377]]}},{"type":"Feature","properties":{"name":"Cruzero Street","t":1},"geometry":{"type":"LineString","coordinates":[[-119.28486,34.43377],[-119.2835,34.43374],[-119.28243,34.43371]]}},{"type":"Feature","properties":{"name":"North Ventura Avenue","t":3},"geometry":{"type":"LineString","coordinates":[[-119.28337,34.43178],[-119.2849,34.43156]]}},{"type":"Feature","properties":{"name":"North Ventura Avenue","t":3},"geometry":{"type":"LineString","coordinates":[[-119.2824,34.43192],[-119.28337,34.43178]]}},{"type":"Feature","properties":{"name":"North Ventura Avenue","t":3},"geometry":{"type":"LineString","coordinates":[[-119.28196,34.43198],[-119.2824,34.43192]]}},{"type":"Feature","properties":{"name":"","t":1},"geometry":{"type":"LineString","coordinates":[[-119.28196,34.43198],[-119.28192,34.43184],[-119.28189,34.43177],[-119.28185,34.43171],[-119.28178,34.43163],[-119.28173,34.43158],[-119.2816,34.43149]]}},{"type":"Feature","properties":{"name":"North Ventura Avenue","t":3},"geometry":{"type":"LineString","coordinates":[[-119.28014,34.43226],[-119.28071,34.43218],[-119.28196,34.43198]]}},{"type":"Feature","properties":{"name":"Cruzero Street","t":1},"geometry":{"type":"LineString","coordinates":[[-119.28243,34.43371],[-119.2816,34.4337],[-119.28012,34.43367],[-119.28003,34.43367]]}},{"type":"Feature","properties":{"name":"","t":1},"geometry":{"type":"LineString","coordinates":[[-119.2809,34.43432],[-119.28092,34.43448]]}},{"type":"Feature","properties":{"name":"Loma Drive","t":1},"geometry":{"type":"LineString","coordinates":[[-119.28014,34.43226],[-119.2801,34.43235],[-119.28009,34.43239],[-119.28008,34.4327],[-119.28007,34.43288],[-119.28006,34.43308],[-119.28005,34.43337],[-119.28004,34.43356],[-119.28004,34.43361],[-119.28003,34.43367]]}},{"type":"Feature","properties":{"name":"Loma Drive","t":1},"geometry":{"type":"LineString","coordinates":[[-119.28014,34.43226],[-119.2802,34.4322],[-119.28021,34.43216],[-119.28024,34.43148],[-119.28024,34.43147],[-119.28026,34.43096],[-119.28028,34.43045],[-119.28029,34.43011],[-119.28029,34.43002],[-119.2803,34.42964],[-119.28031,34.42886]]}},{"type":"Feature","properties":{"name":"","t":1},"geometry":{"type":"LineString","coordinates":[[-119.2824,34.43192],[-119.2824,34.43111]]}},{"type":"Feature","properties":{"name":"Corta Street","t":1},"geometry":{"type":"LineString","coordinates":[[-119.28207,34.43002],[-119.28218,34.43013],[-119.2823,34.43022],[-119.28232,34.43023],[-119.28243,34.4303],[-119.28256,34.43037],[-119.28281,34.43046],[-119.28293,34.4305],[-119.28308,34.43053],[-119.28324,34.43056],[-119.28339,34.43058]]}},{"type":"Feature","properties":{"name":"","t":1},"geometry":{"type":"LineString","coordinates":[[-119.28031,34.42886],[-119.28055,34.42886],[-119.28063,34.42885],[-119.28078,34.42888],[-119.28082,34.42889],[-119.28092,34.42898],[-119.28097,34.42901],[-119.28106,34.42904],[-119.28116,34.42905],[-119.28123,34.42905]]}},{"type":"Feature","properties":{"name":"West Villanova Road","t":1},"geometry":{"type":"LineString","coordinates":[[-119.28033,34.42788],[-119.28017,34.42798],[-119.28001,34.42812],[-119.27977,34.42837],[-119.27966,34.42847],[-119.27956,34.42854],[-119.27948,34.4286],[-119.2794,34.42863],[-119.27927,34.42868],[-119.2791,34.42873],[-119.27893,34.42876],[-119.27858,34.42882],[-119.27835,34.42883]]}},{"type":"Feature","properties":{"name":"Loma Drive","t":1},"geometry":{"type":"LineString","coordinates":[[-119.28031,34.42886],[-119.28032,34.4284],[-119.28033,34.42788]]}},{"type":"Feature","properties":{"name":"West Villanova Road","t":1},"geometry":{"type":"LineString","coordinates":[[-119.28443,34.42655],[-119.28391,34.42665],[-119.28315,34.42682],[-119.28282,34.4269],[-119.28252,34.42699],[-119.28215,34.42713],[-119.28185,34.42724],[-119.28128,34.42747],[-119.28089,34.42761],[-119.28064,34.42772],[-119.28043,34.42782],[-119.28033,34.42788]]}},{"type":"Feature","properties":{"name":"La Cresta Drive","t":1},"geometry":{"type":"LineString","coordinates":[[-119.28507,34.42707],[-119.28486,34.42738],[-119.28479,34.42744],[-119.28476,34.42746],[-119.28466,34.4275],[-119.28451,34.42753],[-119.28406,34.42762],[-119.28395,34.42762]]}},{"type":"Feature","properties":{"name":"Orchard Drive","t":1},"geometry":{"type":"LineString","coordinates":[[-119.28733,34.42593],[-119.28731,34.42601],[-119.28732,34.42624],[-119.28722,34.42802],[-119.2872,34.42806],[-119.28718,34.42813],[-119.28715,34.42821],[-119.28711,34.42827],[-119.28702,34.42839],[-119.28684,34.42855],[-119.28682,34.42857],[-119.28664,34.42871],[-119.28643,34.42888],[-119.28569,34.42945],[-119.2852,34.42983],[-119.28459,34.43032],[-119.28446,34.43042],[-119.28436,34.43048],[-119.28427,34.43052],[-119.28417,34.43055],[-119.28406,34.43058],[-119.28395,34.4306],[-119.28382,34.43061],[-119.28354,34.43059],[-119.28339,34.43058]]}},{"type":"Feature","properties":{"name":"Country Drive","t":1},"geometry":{"type":"LineString","coordinates":[[-119.28507,34.42707],[-119.28513,34.4271],[-119.28521,34.42716],[-119.2853,34.42724],[-119.28534,34.42729],[-119.28539,34.4274],[-119.28541,34.42746],[-119.28542,34.42751],[-119.28542,34.42758],[-119.28541,34.42764],[-119.2854,34.4277],[-119.28537,34.42776],[-119.28535,34.42781],[-119.28528,34.4279],[-119.2852,34.42796],[-119.2846,34.42838]]}},{"type":"Feature","properties":{"name":"Country Drive","t":1},"geometry":{"type":"LineString","coordinates":[[-119.28443,34.42655],[-119.28446,34.42664],[-119.28451,34.42677],[-119.28457,34.42684],[-119.28463,34.42689],[-119.28468,34.42693],[-119.28473,34.42696],[-119.28479,34.42698],[-119.28507,34.42707]]}},{"type":"Feature","properties":{"name":"West Villanova Road","t":1},"geometry":{"type":"LineString","coordinates":[[-119.28733,34.42593],[-119.28608,34.42619],[-119.28443,34.42655]]}},{"type":"Feature","properties":{"name":"Country Drive","t":1},"geometry":{"type":"LineString","coordinates":[[-119.28447,34.42595],[-119.28442,34.42603],[-119.28438,34.42612],[-119.28436,34.42623],[-119.28435,34.42633],[-119.2844,34.42649],[-119.28443,34.42655]]}},{"type":"Feature","properties":{"name":"Country Place","t":1},"geometry":{"type":"LineString","coordinates":[[-119.28781,34.42364],[-119.28743,34.42403],[-119.28723,34.42421],[-119.28703,34.42437],[-119.28586,34.42525],[-119.28519,34.42576],[-119.2851,34.42583],[-119.28501,34.42588],[-119.28493,34.42591],[-119.2848,34.42595],[-119.28474,34.42597],[-119.28466,34.42598],[-119.28458,34.42599],[-119.28455,34.42598],[-119.28452,34.42598],[-119.28447,34.42595]]}},{"type":"Feature","properties":{"name":"Country Drive","t":1},"geometry":{"type":"LineString","coordinates":[[-119.28599,34.42283],[-119.28609,34.42292],[-119.28616,34.423],[-119.28621,34.42307],[-119.28626,34.42318],[-119.28629,34.42329],[-119.2863,34.42335],[-119.28631,34.42343],[-119.28631,34.42351],[-119.2863,34.42358],[-119.28627,34.42367],[-119.28623,34.42377],[-119.28615,34.42389],[-119.28607,34.42399],[-119.28578,34.42423],[-119.28559,34.42442],[-119.28545,34.42458],[-119.28504,34.42506],[-119.28475,34.42547],[-119.28447,34.42595]]}},{"type":"Feature","properties":{"name":"Tiara Drive","t":1},"geometry":{"type":"LineString","coordinates":[[-119.28599,34.42283],[-119.28562,34.42313],[-119.28551,34.42324],[-119.28542,34.42332],[-119.28527,34.4235],[-119.28512,34.42367],[-119.28497,34.42388],[-119.28487,34.42404],[-119.28474,34.42426],[-119.28458,34.4245],[-119.28454,34.42455],[-119.28444,34.42464],[-119.28438,34.42469],[-119.28415,34.42484]]}},{"type":"Feature","properties":{"name":"Feliz Drive","t":1},"geometry":{"type":"LineString","coordinates":[[-119.2807,34.42058],[-119.28072,34.4205],[-119.28074,34.42042],[-119.2808,34.42026],[-119.28086,34.42016],[-119.28092,34.42007],[-119.28103,34.41997],[-119.28114,34.41988],[-119.28124,34.4198],[-119.28144,34.41971]]}},{"type":"Feature","properties":{"name":"Valley Meadow Drive","t":1},"geometry":{"type":"LineString","coordinates":[[-119.27942,34.42115],[-119.2796,34.42109],[-119.27971,34.42107],[-119.27981,34.42105],[-119.27997,34.42099],[-119.28009,34.42093],[-119.28022,34.42086],[-119.28048,34.4207],[-119.2807,34.42058]]}},{"type":"Feature","properties":{"name":"","t":1},"geometry":{"type":"LineString","coordinates":[[-119.28013,34.41907],[-119.28009,34.41923],[-119.28007,34.41931],[-119.28009,34.41936],[-119.28012,34.41939],[-119.28016,34.4194],[-119.28019,34.4194],[-119.28055,34.41925],[-119.28065,34.4192],[-119.2807,34.41913],[-119.28072,34.41905],[-119.28074,34.41898],[-119.28074,34.41892],[-119.28075,34.41887],[-119.28077,34.41885],[-119.28081,34.41885],[-119.28088,34.41885],[-119.28093,34.41889],[-119.28095,34.41893],[-119.28095,34.41904],[-119.28093,34.41917],[-119.28089,34.41926],[-119.28074,34.41949],[-119.28069,34.41961],[-119.28065,34.41967],[-119.2806,34.41971],[-119.28054,34.41975],[-119.28052,34.41979],[-119.28052,34.41986],[-119.28052,34.4199],[-119.28054,34.41993],[-119.28057,34.41994],[-119.2806,34.41995],[-119.28065,34.41994],[-119.28068,34.41992],[-119.28075,34.41985],[-119.28083,34.41975],[-119.281,34.41964],[-119.28105,34.41961],[-119.28116,34.41959],[-119.28122,34.41959],[-119.2813,34.41961],[-119.28138,34.41965],[-119.28144,34.41971]]}},{"type":"Feature","properties":{"name":"Alto Drive","t":1},"geometry":{"type":"LineString","coordinates":[[-119.28287,34.41801],[-119.2827,34.41786],[-119.28262,34.41778],[-119.28257,34.41772],[-119.28256,34.4177],[-119.28253,34.41765],[-119.2825,34.41759],[-119.28248,34.41753],[-119.28244,34.41738],[-119.28244,34.41719],[-119.28245,34.41715],[-119.28247,34.41706],[-119.28251,34.417],[-119.28272,34.41671]]}},{"type":"Feature","properties":{"name":"Feliz Drive","t":1},"geometry":{"type":"LineString","coordinates":[[-119.28144,34.41971],[-119.28148,34.4197],[-119.28158,34.41965],[-119.28182,34.41948],[-119.28192,34.41939],[-119.28207,34.41927],[-119.28213,34.41921],[-119.28216,34.41915],[-119.28219,34.41907],[-119.28221,34.41899],[-119.28225,34.41871],[-119.28226,34.41866],[-119.28228,34.41855],[-119.28231,34.41849],[-119.28233,34.41846],[-119.28243,34.41834],[-119.28248,34.4183],[-119.28254,34.41825],[-119.28266,34.41816],[-119.28287,34.41801]]}},{"type":"Feature","properties":{"name":"Feliz Drive","t":1},"geometry":{"type":"LineString","coordinates":[[-119.28287,34.41801],[-119.28329,34.41768],[-119.28408,34.41708]]}},{"type":"Feature","properties":{"name":"Valley Meadow Drive","t":1},"geometry":{"type":"LineString","coordinates":[[-119.2807,34.42058],[-119.28077,34.42062],[-119.28081,34.42063],[-119.28087,34.42064],[-119.28094,34.42064],[-119.28102,34.42063],[-119.28113,34.4206],[-119.28135,34.42052],[-119.28151,34.42046],[-119.28168,34.4204],[-119.28203,34.4203],[-119.28225,34.42025],[-119.28236,34.42023],[-119.2826,34.42018],[-119.28272,34.42017],[-119.28319,34.42013],[-119.28332,34.42011],[-119.28346,34.42008],[-119.28417,34.41974],[-119.28437,34.41962],[-119.28447,34.41954],[-119.28455,34.41945],[-119.28478,34.41916],[-119.28483,34.4191],[-119.28492,34.41903],[-119.28505,34.41894],[-119.28519,34.41887],[-119.28534,34.41884],[-119.28542,34.41883],[-119.28559,34.4188],[-119.286,34.41863],[-119.28623,34.41854],[-119.28642,34.41845],[-119.2865,34.41839],[-119.28664,34.41826],[-119.28675,34.41818],[-119.2869,34.41812],[-119.28697,34.41811],[-119.28714,34.41809],[-119.28741,34.41805],[-119.28748,34.41803],[-119.28752,34.41802],[-119.28769,34.41797],[-119.28782,34.41791],[-119.288,34.41784],[-119.28957,34.41716],[-119.29008,34.41694],[-119.29018,34.4169],[-119.29029,34.41689],[-119.29039,34.4169],[-119.2905,34.4169],[-119.2908,34.41691],[-119.29089,34.4169]]}},{"type":"Feature","properties":{"name":"West Country Drive","t":1},"geometry":{"type":"LineString","coordinates":[[-119.28527,34.42225],[-119.285,34.42203]]}},{"type":"Feature","properties":{"name":"Sumac Drive","t":1},"geometry":{"type":"LineString","coordinates":[[-119.2859,34.42174],[-119.28527,34.42225]]}},{"type":"Feature","properties":{"name":"Sumac Drive","t":1},"geometry":{"type":"LineString","coordinates":[[-119.28655,34.42121],[-119.2859,34.42174]]}},{"type":"Feature","properties":{"name":"Country Drive","t":1},"geometry":{"type":"LineString","coordinates":[[-119.28527,34.42225],[-119.28599,34.42283]]}},{"type":"Feature","properties":{"name":"Alomar Street","t":1},"geometry":{"type":"LineString","coordinates":[[-119.28655,34.42121],[-119.287,34.42159],[-119.28734,34.42186],[-119.28739,34.4219],[-119.28745,34.42193],[-119.28757,34.42195]]}},{"type":"Feature","properties":{"name":"West Heather Street","t":1},"geometry":{"type":"LineString","coordinates":[[-119.2859,34.42174],[-119.28695,34.42259]]}},{"type":"Feature","properties":{"name":"Sumac Drive","t":1},"geometry":{"type":"LineString","coordinates":[[-119.28719,34.42072],[-119.28655,34.42121]]}},{"type":"Feature","properties":{"name":"Highland Drive","t":1},"geometry":{"type":"LineString","coordinates":[[-119.28719,34.42072],[-119.28688,34.42047]]}},{"type":"Feature","properties":{"name":"Sumac Drive","t":1},"geometry":{"type":"LineString","coordinates":[[-119.28781,34.42019],[-119.28719,34.42072]]}},{"type":"Feature","properties":{"name":"Telsa Street","t":1},"geometry":{"type":"LineString","coordinates":[[-119.28781,34.42019],[-119.28824,34.42056]]}},{"type":"Feature","properties":{"name":"Highland Drive","t":1},"geometry":{"type":"LineString","coordinates":[[-119.2907,34.41975],[-119.29061,34.41982],[-119.2905,34.41993],[-119.2903,34.42008],[-119.29013,34.42019],[-119.28989,34.4203],[-119.2891,34.42062],[-119.28898,34.42068],[-119.28881,34.42078],[-119.28869,34.42086],[-119.28853,34.421],[-119.28841,34.42109],[-119.2883,34.42115],[-119.2882,34.42119],[-119.2881,34.4212],[-119.28801,34.4212],[-119.28791,34.42119],[-119.28783,34.42117],[-119.28773,34.42113],[-119.28764,34.42107],[-119.28719,34.42072]]}},{"type":"Feature","properties":{"name":"Woodland Avenue","t":1},"geometry":{"type":"LineString","coordinates":[[-119.28887,34.42229],[-119.28917,34.42167],[-119.28928,34.42152],[-119.28934,34.42144],[-119.2894,34.42136],[-119.28954,34.4212],[-119.28982,34.42085],[-119.2902,34.4204],[-119.29057,34.42005],[-119.2907,34.41991],[-119.29074,34.41984],[-119.29073,34.41979],[-119.2907,34.41975]]}},{"type":"Feature","properties":{"name":"Woodland Avenue","t":1},"geometry":{"type":"LineString","coordinates":[[-119.29104,34.4226],[-119.29083,34.42253]]}},{"type":"Feature","properties":{"name":"Woodland Avenue","t":1},"geometry":{"type":"LineString","coordinates":[[-119.29083,34.42253],[-119.29071,34.42248]]}},{"type":"Feature","properties":{"name":"","t":1},"geometry":{"type":"LineString","coordinates":[[-119.29104,34.4226],[-119.29118,34.42235],[-119.2912,34.42225],[-119.29093,34.42214],[-119.29071,34.42248]]}},{"type":"Feature","properties":{"name":"Woodland Avenue","t":1},"geometry":{"type":"LineString","coordinates":[[-119.29071,34.42248],[-119.29051,34.4224],[-119.29016,34.42226],[-119.29005,34.42222]]}},{"type":"Feature","properties":{"name":"Sycamore","t":1},"geometry":{"type":"LineString","coordinates":[[-119.29127,34.42169],[-119.29109,34.42161]]}},{"type":"Feature","properties":{"name":"Elm","t":0},"geometry":{"type":"LineString","coordinates":[[-119.29188,34.42194],[-119.29148,34.42177],[-119.29127,34.42169]]}},{"type":"Feature","properties":{"name":"Woodland Avenue","t":1},"geometry":{"type":"LineString","coordinates":[[-119.29156,34.42275],[-119.29128,34.42267],[-119.29104,34.4226]]}},{"type":"Feature","properties":{"name":"Elm","t":0},"geometry":{"type":"LineString","coordinates":[[-119.29356,34.42229],[-119.2934,34.42228],[-119.29309,34.42226],[-119.29242,34.42216],[-119.2918,34.4221]]}},{"type":"Feature","properties":{"name":"Acacia","t":0},"geometry":{"type":"LineString","coordinates":[[-119.292,34.42165],[-119.29221,34.42168],[-119.29292,34.42176],[-119.29347,34.42182]]}},{"type":"Feature","properties":{"name":"Oak Avenue","t":0},"geometry":{"type":"LineString","coordinates":[[-119.29156,34.42275],[-119.2918,34.4221],[-119.29188,34.42194],[-119.292,34.42165],[-119.29242,34.42117],[-119.29273,34.42083],[-119.29278,34.4208],[-119.29282,34.42079],[-119.293,34.42076],[-119.29307,34.42076]]}},{"type":"Feature","properties":{"name":"Sycamore","t":0},"geometry":{"type":"LineString","coordinates":[[-119.29371,34.42007],[-119.29364,34.42009],[-119.29314,34.42022],[-119.2924,34.4204],[-119.2914,34.42152],[-119.29127,34.42169]]}},{"type":"Feature","properties":{"name":"Palo Alto","t":0},"geometry":{"type":"LineString","coordinates":[[-119.29371,34.42007],[-119.29369,34.42022],[-119.2936,34.42087],[-119.29354,34.42128],[-119.29347,34.42182],[-119.2934,34.42228]]}},{"type":"Feature","properties":{"name":"Pepper","t":0},"geometry":{"type":"LineString","coordinates":[[-119.29314,34.42022],[-119.29307,34.42076],[-119.29292,34.42176]]}},{"type":"Feature","properties":{"name":"North Ventura Avenue","t":3},"geometry":{"type":"LineString","coordinates":[[-119.29005,34.42222],[-119.2901,34.42213],[-119.29014,34.42207],[-119.29041,34.42163],[-119.29165,34.42023],[-119.29185,34.42001]]}},{"type":"Feature","properties":{"name":"Highland Drive","t":1},"geometry":{"type":"LineString","coordinates":[[-119.29185,34.42001],[-119.29132,34.4197],[-119.2912,34.41966],[-119.29109,34.41964],[-119.29099,34.41964],[-119.29086,34.41967],[-119.2907,34.41975]]}},{"type":"Feature","properties":{"name":"North Ventura Avenue","t":3},"geometry":{"type":"LineString","coordinates":[[-119.29185,34.42001],[-119.29209,34.41974],[-119.29211,34.41971],[-119.29234,34.41948],[-119.29262,34.41915],[-119.29279,34.41892],[-119.2929,34.41874],[-119.29292,34.4187],[-119.29301,34.41853],[-119.29308,34.41836],[-119.29309,34.41832],[-119.29321,34.41801]]}},{"type":"Feature","properties":{"name":"Valley Meadow Drive","t":1},"geometry":{"type":"LineString","coordinates":[[-119.29089,34.4169],[-119.29118,34.41687],[-119.29132,34.41688],[-119.29142,34.41689],[-119.29149,34.41692],[-119.29154,34.41695],[-119.29156,34.41697],[-119.29164,34.41704],[-119.29177,34.41716],[-119.29191,34.41729],[-119.29216,34.41744],[-119.29259,34.41768],[-119.2931,34.41796],[-119.29314,34.41799],[-119.29321,34.41801]]}},{"type":"Feature","properties":{"name":"Sumac Drive","t":1},"geometry":{"type":"LineString","coordinates":[[-119.29001,34.41837],[-119.28998,34.41841],[-119.28963,34.41868]]}},{"type":"Feature","properties":{"name":"Lark Street","t":1},"geometry":{"type":"LineString","coordinates":[[-119.28963,34.41868],[-119.28986,34.41887],[-119.28994,34.41893],[-119.29001,34.41897],[-119.2901,34.41901]]}},{"type":"Feature","properties":{"name":"Sumac Drive","t":1},"geometry":{"type":"LineString","coordinates":[[-119.28963,34.41868],[-119.28903,34.41919]]}},{"type":"Feature","properties":{"name":"Brier Street","t":1},"geometry":{"type":"LineString","coordinates":[[-119.28903,34.41919],[-119.28958,34.41961]]}},{"type":"Feature","properties":{"name":"Sumac Drive","t":1},"geometry":{"type":"LineString","coordinates":[[-119.28903,34.41919],[-119.28842,34.41969]]}},{"type":"Feature","properties":{"name":"Holly Street","t":1},"geometry":{"type":"LineString","coordinates":[[-119.28842,34.41969],[-119.28876,34.41997],[-119.28883,34.42001],[-119.28891,34.42007]]}},{"type":"Feature","properties":{"name":"Sumac Drive","t":1},"geometry":{"type":"LineString","coordinates":[[-119.28842,34.41969],[-119.28781,34.42019]]}},{"type":"Feature","properties":{"name":"Brandt Avenue","t":1},"geometry":{"type":"LineString","coordinates":[[-119.28757,34.41564],[-119.28684,34.415]]}},{"type":"Feature","properties":{"name":"Brandt Avenue","t":1},"geometry":{"type":"LineString","coordinates":[[-119.28922,34.41552],[-119.28911,34.41553],[-119.28905,34.41554],[-119.28868,34.41564],[-119.28864,34.41565],[-119.28811,34.41578],[-119.28804,34.4158],[-119.28798,34.41581],[-119.28792,34.41582],[-119.28786,34.41581],[-119.2878,34.41579],[-119.28775,34.41577],[-119.28767,34.41572],[-119.28757,34.41564]]}},{"type":"Feature","properties":{"name":"Valley Meadow Court","t":1},"geometry":{"type":"LineString","coordinates":[[-119.29089,34.4169],[-119.29091,34.4168],[-119.29097,34.41668],[-119.29118,34.41652],[-119.29134,34.41644],[-119.29153,34.4163],[-119.29179,34.41613],[-119.29206,34.416],[-119.29214,34.41597],[-119.2922,34.41597],[-119.29263,34.41593],[-119.29269,34.4159],[-119.29272,34.41586]]}},{"type":"Feature","properties":{"name":"Valley Meadow Court","t":0},"geometry":{"type":"LineString","coordinates":[[-119.29272,34.41586],[-119.29282,34.41555]]}},{"type":"Feature","properties":{"name":"","t":1},"geometry":{"type":"LineString","coordinates":[[-119.29047,34.41545],[-119.29038,34.41553]]}},{"type":"Feature","properties":{"name":"Encino Drive","t":2},"geometry":{"type":"LineString","coordinates":[[-119.29027,34.415],[-119.29028,34.41522],[-119.29029,34.41526],[-119.29032,34.41531],[-119.29036,34.41535],[-119.29047,34.41545]]}},{"type":"Feature","properties":{"name":"Encino Drive","t":2},"geometry":{"type":"LineString","coordinates":[[-119.29047,34.41545],[-119.29055,34.41548],[-119.29059,34.41549],[-119.29067,34.41549],[-119.29081,34.41548],[-119.29102,34.41544],[-119.29128,34.4154],[-119.29153,34.41537],[-119.29166,34.41535],[-119.29174,34.41532],[-119.29178,34.41529],[-119.2918,34.41525],[-119.29185,34.4152],[-119.29199,34.41509],[-119.29205,34.41505],[-119.2921,34.41503],[-119.29226,34.415]]}},{"type":"Feature","properties":{"name":"Monterey Drive","t":1},"geometry":{"type":"LineString","coordinates":[[-119.2854,34.415],[-119.28476,34.41549],[-119.28435,34.4158],[-119.28369,34.41632],[-119.28362,34.41639],[-119.28357,34.41645],[-119.28355,34.4165],[-119.28355,34.41652]]}},{"type":"Feature","properties":{"name":"Reposo Drive","t":1},"geometry":{"type":"LineString","coordinates":[[-119.28757,34.41564],[-119.28701,34.41607],[-119.28623,34.41667],[-119.28617,34.41671],[-119.28597,34.41687],[-119.28591,34.41691],[-119.28497,34.41763],[-119.2849,34.41767],[-119.28483,34.41768],[-119.28479,34.41768],[-119.28475,34.41766],[-119.28408,34.41708]]}},{"type":"Feature","properties":{"name":"Howard Avenue","t":1},"geometry":{"type":"LineString","coordinates":[[-119.28408,34.41708],[-119.28379,34.41683],[-119.28362,34.41666],[-119.28356,34.41659],[-119.28355,34.41657],[-119.28355,34.41652]]}},{"type":"Feature","properties":{"name":"Alto Drive","t":1},"geometry":{"type":"LineString","coordinates":[[-119.28272,34.41671],[-119.28285,34.41655],[-119.28292,34.41645],[-119.28297,34.41634],[-119.28302,34.4162],[-119.28311,34.4158],[-119.28314,34.41562],[-119.28321,34.41545],[-119.28327,34.41536],[-119.28338,34.41523],[-119.28356,34.415]]}},{"type":"Feature","properties":{"name":"","t":1},"geometry":{"type":"LineString","coordinates":[[-119.28272,34.41671],[-119.28236,34.41653],[-119.2821,34.41642],[-119.28183,34.41633],[-119.28164,34.41628],[-119.28143,34.41624]]}},{"type":"Feature","properties":{"name":"Creek Road","t":2},"geometry":{"type":"LineString","coordinates":[[-119.27277,34.415],[-119.27265,34.41518],[-119.27253,34.41535],[-119.27241,34.4155],[-119.2722,34.41574],[-119.27193,34.41597],[-119.27147,34.41626],[-119.27132,34.41639],[-119.2712,34.41654],[-119.2711,34.41674],[-119.27081,34.41751],[-119.27076,34.41764],[-119.27001,34.41862],[-119.26911,34.41984],[-119.26901,34.41996],[-119.26891,34.42006],[-119.26874,34.4202],[-119.26847,34.42041],[-119.26837,34.42049],[-119.26819,34.42062],[-119.268,34.42073],[-119.26786,34.4208],[-119.26761,34.42091],[-119.26694,34.42116]]}},{"type":"Feature","properties":{"name":"","t":1},"geometry":{"type":"LineString","coordinates":[[-119.26658,34.42066],[-119.2667,34.42086],[-119.26674,34.42091],[-119.26694,34.42116]]}},{"type":"Feature","properties":{"name":"Rancho Dos Rios","t":1},"geometry":{"type":"LineString","coordinates":[[-119.26658,34.42066],[-119.26586,34.42099],[-119.26502,34.42132],[-119.26487,34.42142],[-119.26472,34.42153],[-119.26462,34.42156],[-119.26456,34.42156],[-119.26451,34.42157],[-119.26447,34.42156],[-119.26424,34.4214]]}},{"type":"Feature","properties":{"name":"Rancho Dos Rios","t":1},"geometry":{"type":"LineString","coordinates":[[-119.26972,34.415],[-119.26941,34.4152],[-119.26937,34.41523],[-119.26936,34.41526],[-119.26935,34.41534],[-119.26935,34.41538],[-119.26939,34.41544],[-119.26944,34.41548],[-119.2695,34.41551],[-119.27031,34.41587],[-119.27038,34.41593],[-119.27043,34.41597],[-119.27046,34.41602],[-119.27049,34.41611],[-119.2705,34.41616],[-119.2705,34.4162],[-119.27048,34.41627],[-119.27046,34.41632],[-119.27044,34.41636],[-119.26962,34.41736],[-119.26947,34.4175],[-119.26938,34.41759],[-119.26936,34.41765],[-119.26936,34.41769],[-119.26941,34.41778],[-119.26942,34.41781],[-119.26943,34.41785],[-119.26941,34.41795],[-119.2694,34.41802],[-119.26935,34.41815],[-119.26913,34.41855],[-119.26905,34.41867],[-119.26858,34.4193],[-119.2684,34.41956],[-119.26829,34.41971],[-119.2682,34.4198],[-119.26815,34.41985],[-119.26805,34.41995],[-119.26798,34.42001],[-119.26784,34.4201],[-119.26768,34.42019],[-119.26746,34.42028],[-119.26736,34.42032],[-119.26658,34.42066]]}},{"type":"Feature","properties":{"name":"Creek Road","t":2},"geometry":{"type":"LineString","coordinates":[[-119.26694,34.42116],[-119.26676,34.42124],[-119.26664,34.4213],[-119.26642,34.42142],[-119.26575,34.4218],[-119.26561,34.42189],[-119.26541,34.42203],[-119.26526,34.42215],[-119.26522,34.42221],[-119.26517,34.42227],[-119.26513,34.42239],[-119.26511,34.42244],[-119.26511,34.42255],[-119.26511,34.4226],[-119.26513,34.42271],[-119.26515,34.42276],[-119.2652,34.42285],[-119.26527,34.42295],[-119.26536,34.42305],[-119.26545,34.42314],[-119.26563,34.42331],[-119.26579,34.42347],[-119.26585,34.42353],[-119.26589,34.42359],[-119.26594,34.42372],[-119.26596,34.42379],[-119.26598,34.42398],[-119.26596,34.4241],[-119.26594,34.42423],[-119.26591,34.42429],[-119.26585,34.42443],[-119.26577,34.42457],[-119.26572,34.42463],[-119.2656,34.42476],[-119.26548,34.42485],[-119.26517,34.42502],[-119.2649,34.42513],[-119.26457,34.42527],[-119.26439,34.42532],[-119.26427,34.42536],[-119.26409,34.42539],[-119.26381,34.42543],[-119.26308,34.42548],[-119.26289,34.42549],[-119.26258,34.42552],[-119.26201,34.42554],[-119.26158,34.42557],[-119.26145,34.42557],[-119.26053,34.42563],[-119.26049,34.42563],[-119.26043,34.42564],[-119.26034,34.42564],[-119.2602,34.42566],[-119.26013,34.42567],[-119.26,34.42569],[-119.25988,34.42572],[-119.25971,34.42577],[-119.25956,34.42583],[-119.25945,34.42589],[-119.25931,34.42597],[-119.25919,34.42606],[-119.25908,34.42616],[-119.25895,34.42627],[-119.25888,34.42636],[-119.25882,34.42643],[-119.25864,34.42668],[-119.25855,34.4268]]}},{"type":"Feature","properties":{"name":"","t":1},"geometry":{"type":"LineString","coordinates":[[-119.26438,34.42883],[-119.26438,34.42877],[-119.26437,34.42864],[-119.26439,34.4285]]}},{"type":"Feature","properties":{"name":"Creek Road","t":2},"geometry":{"type":"LineString","coordinates":[[-119.25855,34.4268],[-119.2585,34.42687],[-119.25846,34.42691],[-119.25833,34.42706],[-119.25827,34.42715],[-119.25822,34.42723],[-119.25819,34.42731],[-119.25816,34.42741],[-119.25816,34.4275],[-119.25816,34.42758],[-119.25817,34.42764],[-119.25821,34.42774],[-119.25822,34.42781],[-119.25823,34.42787],[-119.25823,34.42804],[-119.25816,34.42837],[-119.25803,34.42891],[-119.25794,34.42925],[-119.25789,34.42938],[-119.2578,34.42955],[-119.2577,34.4297],[-119.25755,34.42986],[-119.25738,34.43001],[-119.25721,34.43015],[-119.25693,34.43032],[-119.25667,34.43042],[-119.25579,34.4307],[-119.25532,34.43089],[-119.25452,34.43125],[-119.25434,34.43129],[-119.254,34.4313],[-119.25383,34.43131],[-119.25369,34.43134],[-119.25358,34.43138],[-119.25346,34.43142],[-119.25332,34.43149],[-119.25321,34.43156],[-119.25309,34.43166],[-119.253,34.43176]]}},{"type":"Feature","properties":{"name":"Country Club Drive","t":1},"geometry":{"type":"LineString","coordinates":[[-119.253,34.43176],[-119.25307,34.43181],[-119.25326,34.43201],[-119.25334,34.43211],[-119.25337,34.43218],[-119.25338,34.43225],[-119.25337,34.43234],[-119.25334,34.43245],[-119.25331,34.43252],[-119.25322,34.43267],[-119.25308,34.43288],[-119.25301,34.43296],[-119.25297,34.43301],[-119.25291,34.43307],[-119.2527,34.43326],[-119.25256,34.43341],[-119.2525,34.43347],[-119.25245,34.43355],[-119.25241,34.43362],[-119.25239,34.43367],[-119.25239,34.43374],[-119.25239,34.4338],[-119.25241,34.43387],[-119.25243,34.4339],[-119.25246,34.43394],[-119.25252,34.43398],[-119.25259,34.43403],[-119.25294,34.43419]]}},{"type":"Feature","properties":{"name":"Creek Road","t":2},"geometry":{"type":"LineString","coordinates":[[-119.253,34.43176],[-119.25277,34.43197],[-119.25263,34.43208],[-119.2525,34.43214],[-119.25239,34.43218],[-119.25224,34.43222],[-119.25142,34.43246],[-119.25126,34.43255],[-119.25114,34.43265],[-119.25104,34.43277],[-119.25088,34.43306],[-119.25043,34.43384],[-119.25036,34.43392],[-119.25029,34.43398],[-119.25018,34.43405],[-119.25009,34.4341],[-119.249,34.43449],[-119.24847,34.43473]]}},{"type":"Feature","properties":{"name":"Oak Drive","t":1},"geometry":{"type":"LineString","coordinates":[[-119.2538,34.434],[-119.2534,34.43406],[-119.25294,34.43419]]}},{"type":"Feature","properties":{"name":"Oak Drive","t":1},"geometry":{"type":"LineString","coordinates":[[-119.25438,34.43407],[-119.25429,34.43405],[-119.25426,34.43403],[-119.25416,34.43399],[-119.25413,34.43398],[-119.25406,34.43397],[-119.25394,34.43397],[-119.2538,34.434]]}},{"type":"Feature","properties":{"name":"Oak Drive","t":1},"geometry":{"type":"LineString","coordinates":[[-119.25458,34.43433],[-119.25438,34.43407]]}},{"type":"Feature","properties":{"name":"","t":1},"geometry":{"type":"LineString","coordinates":[[-119.25438,34.43407],[-119.25448,34.43395],[-119.25471,34.43381],[-119.25486,34.43364],[-119.25502,34.43357],[-119.2551,34.43351],[-119.25518,34.43334],[-119.25525,34.43317],[-119.25524,34.43302],[-119.25516,34.43294],[-119.25498,34.43295]]}},{"type":"Feature","properties":{"name":"","t":1},"geometry":{"type":"LineString","coordinates":[[-119.2538,34.434],[-119.25392,34.43395],[-119.25417,34.43386],[-119.25432,34.43378],[-119.25443,34.43366],[-119.25445,34.43353],[-119.25442,34.43337],[-119.25433,34.43317]]}},{"type":"Feature","properties":{"name":"","t":1},"geometry":{"type":"LineString","coordinates":[[-119.25498,34.43295],[-119.25484,34.43294],[-119.25479,34.43298],[-119.25479,34.43304],[-119.25484,34.43307],[-119.2549,34.43308],[-119.25496,34.43303]]}},{"type":"Feature","properties":{"name":"","t":1},"geometry":{"type":"LineString","coordinates":[[-119.25496,34.43303],[-119.25498,34.43295]]}},{"type":"Feature","properties":{"name":"Hermosa Road","t":1},"geometry":{"type":"LineString","coordinates":[[-119.25855,34.4268],[-119.25883,34.42705],[-119.25887,34.42709],[-119.25896,34.42723],[-119.25898,34.4273],[-119.259,34.42742],[-119.25901,34.42749],[-119.25903,34.42771],[-119.25902,34.42839],[-119.25902,34.42889],[-119.25902,34.42892],[-119.25904,34.42918],[-119.25908,34.42936],[-119.25913,34.42948],[-119.25921,34.42958],[-119.26114,34.4318],[-119.26221,34.43308],[-119.26262,34.43352],[-119.26273,34.4336],[-119.2628,34.43368],[-119.2631,34.43394],[-119.2639,34.43464],[-119.26396,34.43473]]}},{"type":"Feature","properties":{"name":"","t":1},"geometry":{"type":"LineString","coordinates":[[-119.26418,34.43098],[-119.26401,34.43098],[-119.26382,34.43098],[-119.26378,34.43097],[-119.26374,34.43096],[-119.26369,34.43091],[-119.26377,34.4309],[-119.26383,34.43088]]}},{"type":"Feature","properties":{"name":"","t":1},"geometry":{"type":"LineString","coordinates":[[-119.26421,34.43114],[-119.26384,34.43114]]}},{"type":"Feature","properties":{"name":"Warrington Way","t":1},"geometry":{"type":"LineString","coordinates":[[-119.26443,34.435],[-119.26468,34.4345],[-119.26481,34.4341],[-119.26542,34.43415],[-119.2658,34.43421],[-119.2662,34.43431],[-119.26685,34.43453],[-119.26729,34.43474]]}},{"type":"Feature","properties":{"name":"North Ventura Avenue","t":3},"geometry":{"type":"LineString","coordinates":[[-119.26618,34.43223],[-119.26594,34.43228],[-119.26565,34.43239],[-119.26536,34.43254],[-119.26514,34.43267],[-119.26494,34.43282],[-119.26477,34.43297],[-119.2646,34.43315],[-119.26446,34.43334],[-119.26435,34.43352],[-119.26426,34.43373],[-119.26421,34.43386],[-119.26409,34.43421],[-119.26396,34.43473]]}},{"type":"Feature","properties":{"name":"North Ventura Avenue","t":3},"geometry":{"type":"LineString","coordinates":[[-119.27105,34.43193],[-119.2702,34.43185],[-119.26994,34.43183],[-119.26966,34.43183],[-119.2694,34.43183],[-119.26902,34.43187],[-119.26651,34.43218],[-119.26618,34.43223]]}},{"type":"Feature","properties":{"name":"East Villanova Road","t":1},"geometry":{"type":"LineString","coordinates":[[-119.27051,34.42978],[-119.27007,34.42973],[-119.26998,34.42972],[-119.26993,34.42973],[-119.26984,34.42974],[-119.26924,34.42985],[-119.26875,34.42996],[-119.26836,34.43005],[-119.26807,34.43012],[-119.26772,34.43023],[-119.26768,34.43024],[-119.2672,34.43039],[-119.2671,34.43044],[-119.26698,34.4305],[-119.26688,34.43057],[-119.26675,34.43068],[-119.2667,34.43073],[-119.26619,34.43132],[-119.26614,34.43138],[-119.26611,34.43143],[-119.26607,34.43153],[-119.26604,34.43164],[-119.26604,34.4317],[-119.26603,34.43177],[-119.26604,34.43183],[-119.26615,34.43214],[-119.26618,34.43223]]}},{"type":"Feature","properties":{"name":"","t":1},"geometry":{"type":"LineString","coordinates":[[-119.27051,34.42978],[-119.27045,34.43012],[-119.27042,34.43022],[-119.27043,34.43033],[-119.27047,34.43052],[-119.27051,34.43073],[-119.27065,34.43099],[-119.27079,34.43138],[-119.27085,34.43152],[-119.27096,34.43164],[-119.27105,34.43187],[-119.27105,34.43193]]}},{"type":"Feature","properties":{"name":"","t":1},"geometry":{"type":"LineString","coordinates":[[-119.26495,34.42858],[-119.26493,34.4286],[-119.26486,34.42872],[-119.26483,34.42876],[-119.26474,34.42888]]}},{"type":"Feature","properties":{"name":"Rancho la Vista Road","t":0},"geometry":{"type":"LineString","coordinates":[[-119.27387,34.42966],[-119.27381,34.42924],[-119.27382,34.42916],[-119.27383,34.42912],[-119.27385,34.42908],[-119.27396,34.42893],[-119.27403,34.42888],[-119.27407,34.42885],[-119.27421,34.42882],[-119.27433,34.4288],[-119.27465,34.42876],[-119.27492,34.42873],[-119.2751,34.42868],[-119.27527,34.42864],[-119.27539,34.4286],[-119.27547,34.42857],[-119.2755,34.42854],[-119.27552,34.42852],[-119.27559,34.42847],[-119.27585,34.42834],[-119.27606,34.42818],[-119.27616,34.42808],[-119.27623,34.42804],[-119.27632,34.42801],[-119.27642,34.42798],[-119.2765,34.42796],[-119.27665,34.4279],[-119.27679,34.42783],[-119.277,34.42772],[-119.27718,34.42762],[-119.27728,34.42754],[-119.27733,34.42749],[-119.27739,34.42741],[-119.27744,34.42735],[-119.27745,34.4273],[-119.27751,34.42724],[-119.27763,34.42724],[-119.27775,34.42718],[-119.27777,34.42704],[-119.27774,34.42695],[-119.27771,34.42686],[-119.27764,34.42678],[-119.27757,34.4267],[-119.27752,34.42666],[-119.27744,34.42661],[-119.27736,34.42658],[-119.27727,34.42655],[-119.27715,34.42654],[-119.27706,34.42653],[-119.2767,34.42655],[-119.27655,34.42656],[-119.27647,34.42658],[-119.2764,34.4266],[-119.27634,34.42663],[-119.27629,34.42666],[-119.2762,34.42675],[-119.27617,34.42679],[-119.27615,34.42683],[-119.27613,34.4269],[-119.27614,34.42697],[-119.27618,34.42709],[-119.27624,34.42722]]}},{"type":"Feature","properties":{"name":"East Villanova Road","t":1},"geometry":{"type":"LineString","coordinates":[[-119.27835,34.42883],[-119.27822,34.42883],[-119.27791,34.42883],[-119.27775,34.42884],[-119.27761,34.42885],[-119.27747,34.42886],[-119.27722,34.42891],[-119.27711,34.42894],[-119.27689,34.42901]]}},{"type":"Feature","properties":{"name":"Nova Lane","t":1},"geometry":{"type":"LineString","coordinates":[[-119.27842,34.43134],[-119.27836,34.42994],[-119.27835,34.42983],[-119.27835,34.42883]]}},{"type":"Feature","properties":{"name":"Villanova Road","t":1},"geometry":{"type":"LineString","coordinates":[[-119.27616,34.43011],[-119.27618,34.43028],[-119.27621,34.43037],[-119.27623,34.43041],[-119.27629,34.43045],[-119.27635,34.43046],[-119.27641,34.43047],[-119.27662,34.43048],[-119.27666,34.4305],[-119.27669,34.43051],[-119.27671,34.43053],[-119.27673,34.43057],[-119.27674,34.4306],[-119.27673,34.43095],[-119.27672,34.431],[-119.27671,34.43104],[-119.27666,34.43109],[-119.27652,34.43119],[-119.27649,34.43121],[-119.27644,34.43123],[-119.2764,34.43124],[-119.27627,34.43122]]}},{"type":"Feature","properties":{"name":"","t":1},"geometry":{"type":"LineString","coordinates":[[-119.27616,34.43011],[-119.27614,34.4302],[-119.2761,34.4303],[-119.27607,34.43034],[-119.27597,34.43044],[-119.27586,34.43052],[-119.27574,34.43058],[-119.27568,34.43061],[-119.27562,34.43062],[-119.27556,34.43063],[-119.27545,34.43066],[-119.27539,34.43067],[-119.27529,34.43069],[-119.27521,34.43073],[-119.27518,34.43079],[-119.27518,34.43086]]}},{"type":"Feature","properties":{"name":"Villanova Road","t":1},"geometry":{"type":"LineString","coordinates":[[-119.27606,34.42929],[-119.2761,34.42934],[-119.27613,34.42941],[-119.27615,34.42949],[-119.27617,34.42982],[-119.27617,34.42997],[-119.27616,34.43011]]}},{"type":"Feature","properties":{"name":"","t":1},"geometry":{"type":"LineString","coordinates":[[-119.27689,34.42901],[-119.27688,34.42958],[-119.27688,34.42993],[-119.27689,34.42997],[-119.2769,34.43],[-119.27693,34.43003],[-119.27699,34.43005],[-119.27718,34.43005],[-119.27762,34.43003]]}},{"type":"Feature","properties":{"name":"East Villanova Road","t":1},"geometry":{"type":"LineString","coordinates":[[-119.27689,34.42901],[-119.27606,34.42929]]}},{"type":"Feature","properties":{"name":"East Villanova Road","t":1},"geometry":{"type":"LineString","coordinates":[[-119.27606,34.42929],[-119.27572,34.42941],[-119.27563,34.42943],[-119.27535,34.42949],[-119.27475,34.42956]]}},{"type":"Feature","properties":{"name":"East Villanova Road","t":1},"geometry":{"type":"LineString","coordinates":[[-119.27475,34.42956],[-119.27387,34.42966],[-119.27346,34.42969]]}},{"type":"Feature","properties":{"name":"East Villanova Road","t":1},"geometry":{"type":"LineString","coordinates":[[-119.27346,34.42969],[-119.27277,34.42977],[-119.27208,34.42985],[-119.27186,34.42987],[-119.27157,34.42987],[-119.27129,34.42986],[-119.27121,34.42986],[-119.27086,34.42982],[-119.27051,34.42978]]}},{"type":"Feature","properties":{"name":"","t":1},"geometry":{"type":"LineString","coordinates":[[-119.27346,34.42969],[-119.27344,34.4303],[-119.27343,34.43043],[-119.27341,34.43052],[-119.2734,34.43057],[-119.27339,34.43059],[-119.27336,34.43061],[-119.27333,34.43063],[-119.2733,34.43065],[-119.27325,34.43066],[-119.27291,34.43068],[-119.27284,34.43068],[-119.27272,34.43072],[-119.27266,34.43075],[-119.27255,34.43084],[-119.27249,34.43087],[-119.27242,34.43089],[-119.27236,34.43089],[-119.27222,34.43088]]}},{"type":"Feature","properties":{"name":"","t":1},"geometry":{"type":"LineString","coordinates":[[-119.27475,34.42956],[-119.27475,34.43037],[-119.27473,34.43046],[-119.27472,34.43049],[-119.2747,34.4305],[-119.27461,34.43057],[-119.27451,34.43061],[-119.27439,34.43065],[-119.27425,34.43068],[-119.27416,34.43068],[-119.27412,34.43069],[-119.2737,34.43083],[-119.27365,34.43085],[-119.2736,34.43088],[-119.27356,34.43092],[-119.27354,34.43095],[-119.27354,34.43098],[-119.27353,34.4311]]}},{"type":"Feature","properties":{"name":"North Ventura Avenue","t":3},"geometry":{"type":"LineString","coordinates":[[-119.28014,34.43226],[-119.27965,34.43232],[-119.27945,34.43234],[-119.27867,34.43239],[-119.27804,34.43242],[-119.27747,34.43243],[-119.27715,34.43243],[-119.27663,34.43242],[-119.27598,34.43239],[-119.27557,34.43237],[-119.27514,34.43233],[-119.2738,34.4322],[-119.27105,34.43193]]}},{"type":"Feature","properties":{"name":"Krotona Street","t":1},"geometry":{"type":"LineString","coordinates":[[-119.27361,34.43636],[-119.27324,34.43648],[-119.27314,34.43653],[-119.2731,34.43655],[-119.27304,34.43659]]}},{"type":"Feature","properties":{"name":"Krotona Road","t":1},"geometry":{"type":"LineString","coordinates":[[-119.27361,34.43636],[-119.27343,34.43617],[-119.2734,34.43615],[-119.27334,34.43612],[-119.2733,34.4361],[-119.27325,34.4361],[-119.27319,34.4361],[-119.27309,34.4361],[-119.273,34.43611],[-119.27251,34.43621],[-119.27235,34.43626],[-119.27219,34.43632],[-119.27212,34.43636],[-119.27204,34.43642],[-119.272,34.43646],[-119.272,34.43648],[-119.27199,34.43657],[-119.27199,34.43664],[-119.27203,34.43687],[-119.27204,34.43691],[-119.27204,34.43694],[-119.27202,34.43699],[-119.27198,34.43704]]}},{"type":"Feature","properties":{"name":"Krotona Road","t":1},"geometry":{"type":"LineString","coordinates":[[-119.27198,34.43704],[-119.27193,34.43706],[-119.27186,34.43707],[-119.27178,34.43706]]}},{"type":"Feature","properties":{"name":"Krotona Road","t":1},"geometry":{"type":"LineString","coordinates":[[-119.27178,34.43706],[-119.27179,34.4371],[-119.27181,34.43712],[-119.27183,34.43713],[-119.27194,34.43718],[-119.27195,34.43718]]}},{"type":"Feature","properties":{"name":"","t":1},"geometry":{"type":"LineString","coordinates":[[-119.27198,34.43704],[-119.27196,34.43712],[-119.27195,34.43718]]}},{"type":"Feature","properties":{"name":"Krotona Road","t":1},"geometry":{"type":"LineString","coordinates":[[-119.27195,34.43718],[-119.27211,34.43724],[-119.27215,34.43725],[-119.27236,34.43731],[-119.27259,34.43737],[-119.27285,34.43743],[-119.27298,34.43745],[-119.27314,34.4375],[-119.2732,34.43751],[-119.27326,34.43752],[-119.27345,34.43749],[-119.27358,34.43745],[-119.27362,34.43743],[-119.2737,34.43737],[-119.27376,34.4373],[-119.27378,34.43726],[-119.2738,34.43722],[-119.27385,34.43708],[-119.27389,34.43692],[-119.2739,34.43679],[-119.27389,34.43672],[-119.27388,34.43669],[-119.27386,34.43665],[-119.27381,34.43658],[-119.27372,34.43648],[-119.27361,34.43636]]}},{"type":"Feature","properties":{"name":"Besant Road","t":1},"geometry":{"type":"LineString","coordinates":[[-119.27661,34.44175],[-119.27653,34.44208],[-119.27646,34.4424],[-119.27636,34.44283],[-119.27634,34.44289],[-119.27633,34.44291],[-119.27633,34.44296],[-119.27635,34.44302],[-119.27639,34.44307],[-119.27647,34.44312],[-119.27654,34.44315],[-119.27663,34.44317],[-119.27769,34.44332],[-119.27777,34.44334],[-119.27813,34.4434]]}},{"type":"Feature","properties":{"name":"West Lomita Avenue","t":2},"geometry":{"type":"LineString","coordinates":[[-119.27923,34.44318],[-119.27849,34.4431],[-119.27841,34.4431],[-119.27835,34.44311],[-119.2783,34.44313],[-119.27826,34.44315],[-119.27823,34.44318],[-119.27819,34.44323],[-119.27816,34.44331],[-119.27813,34.4434]]}},{"type":"Feature","properties":{"name":"South Pueblo Avenue","t":1},"geometry":{"type":"LineString","coordinates":[[-119.27923,34.44318],[-119.27921,34.44325],[-119.2792,34.44332],[-119.27914,34.44349],[-119.27885,34.44428]]}},{"type":"Feature","properties":{"name":"South Lomita Avenue","t":2},"geometry":{"type":"LineString","coordinates":[[-119.27813,34.4434],[-119.2779,34.44403]]}},{"type":"Feature","properties":{"name":"South Lomita Avenue","t":2},"geometry":{"type":"LineString","coordinates":[[-119.2779,34.44403],[-119.27784,34.44421],[-119.27778,34.44438],[-119.27765,34.44476],[-119.27764,34.44478],[-119.2775,34.44518],[-119.27744,34.44536]]}},{"type":"Feature","properties":{"name":"El Plano Drive","t":1},"geometry":{"type":"LineString","coordinates":[[-119.2779,34.44403],[-119.27885,34.44428]]}},{"type":"Feature","properties":{"name":"South Pueblo Avenue","t":1},"geometry":{"type":"LineString","coordinates":[[-119.27885,34.44428],[-119.27836,34.44558]]}},{"type":"Feature","properties":{"name":"El Rio Drive","t":1},"geometry":{"type":"LineString","coordinates":[[-119.27836,34.44558],[-119.27844,34.44559],[-119.27929,34.44579]]}},{"type":"Feature","properties":{"name":"South Pueblo Avenue","t":1},"geometry":{"type":"LineString","coordinates":[[-119.27836,34.44558],[-119.27788,34.44692]]}},{"type":"Feature","properties":{"name":"South Lomita Avenue","t":2},"geometry":{"type":"LineString","coordinates":[[-119.27744,34.44536],[-119.27733,34.44567]]}},{"type":"Feature","properties":{"name":"El Rio Drive","t":1},"geometry":{"type":"LineString","coordinates":[[-119.27744,34.44536],[-119.27828,34.44556],[-119.27836,34.44558]]}},{"type":"Feature","properties":{"name":"South Lomita Avenue","t":2},"geometry":{"type":"LineString","coordinates":[[-119.27733,34.44567],[-119.27718,34.4461],[-119.27696,34.44671]]}},{"type":"Feature","properties":{"name":"El Camino Drive","t":1},"geometry":{"type":"LineString","coordinates":[[-119.27339,34.44471],[-119.27733,34.44567]]}},{"type":"Feature","properties":{"name":"Christopher Lane","t":1},"geometry":{"type":"LineString","coordinates":[[-119.27394,34.44637],[-119.27413,34.44571]]}},{"type":"Feature","properties":{"name":"Besant Road","t":0},"geometry":{"type":"LineString","coordinates":[[-119.27384,34.44147],[-119.27411,34.4415],[-119.27468,34.44163],[-119.27515,34.44176],[-119.27553,34.44185],[-119.27605,34.44197],[-119.27625,34.44201],[-119.27653,34.44208]]}},{"type":"Feature","properties":{"name":"Maricopa Highway","t":3},"geometry":{"type":"LineString","coordinates":[[-119.27089,34.44715],[-119.27091,34.44707],[-119.27045,34.44599],[-119.2703,34.44562],[-119.27015,34.44533],[-119.27004,34.44513],[-119.26991,34.44493],[-119.2698,34.44479]]}},{"type":"Feature","properties":{"name":"Maricopa Highway","t":3},"geometry":{"type":"LineString","coordinates":[[-119.2697,34.44487],[-119.26978,34.44499],[-119.26987,34.44513],[-119.26998,34.44531],[-119.27012,34.44557],[-119.27031,34.44601],[-119.27058,34.44662]]}},{"type":"Feature","properties":{"name":"","t":3},"geometry":{"type":"LineString","coordinates":[[-119.2698,34.44479],[-119.2697,34.44487]]}},{"type":"Feature","properties":{"name":"Maricopa Highway","t":3},"geometry":{"type":"LineString","coordinates":[[-119.2698,34.44479],[-119.26967,34.44461],[-119.26952,34.44443],[-119.26937,34.44426],[-119.2692,34.44409],[-119.26906,34.44397],[-119.26877,34.44374],[-119.26856,34.44358],[-119.2684,34.44347],[-119.26824,34.44337],[-119.26803,34.44325],[-119.26778,34.44312],[-119.26745,34.44296]]}},{"type":"Feature","properties":{"name":"Maricopa Highway","t":3},"geometry":{"type":"LineString","coordinates":[[-119.2674,34.44307],[-119.26751,34.44312],[-119.2678,34.44326],[-119.26807,34.44342],[-119.26834,34.44357],[-119.26862,34.44377],[-119.26887,34.44397],[-119.26907,34.44415],[-119.26924,34.44433],[-119.26951,34.44463],[-119.2697,34.44487]]}},{"type":"Feature","properties":{"name":"Church Road","t":1},"geometry":{"type":"LineString","coordinates":[[-119.2674,34.44307],[-119.26734,34.44319],[-119.26726,34.44336],[-119.26722,34.44344],[-119.26708,34.44381],[-119.26705,34.4439],[-119.26702,34.44399],[-119.267,34.44402],[-119.26695,34.44413]]}},{"type":"Feature","properties":{"name":"Church Road","t":1},"geometry":{"type":"LineString","coordinates":[[-119.26695,34.44413],[-119.26688,34.44424],[-119.26681,34.44432],[-119.26674,34.44438],[-119.2666,34.44451],[-119.26654,34.44457],[-119.26647,34.44467],[-119.26644,34.44475],[-119.26642,34.44479],[-119.26625,34.44523]]}},{"type":"Feature","properties":{"name":"Oakmore Street","t":1},"geometry":{"type":"LineString","coordinates":[[-119.26695,34.44413],[-119.2673,34.44431],[-119.26746,34.4444],[-119.26754,34.44446],[-119.26761,34.44451]]}},{"type":"Feature","properties":{"name":"Church Road","t":1},"geometry":{"type":"LineString","coordinates":[[-119.26625,34.44523],[-119.26615,34.44552],[-119.26601,34.44595]]}},{"type":"Feature","properties":{"name":"Cuyama Road","t":1},"geometry":{"type":"LineString","coordinates":[[-119.26601,34.44595],[-119.26612,34.44598]]}},{"type":"Feature","properties":{"name":"Cuyama Road","t":1},"geometry":{"type":"LineString","coordinates":[[-119.26416,34.44551],[-119.26541,34.44581],[-119.26601,34.44595]]}},{"type":"Feature","properties":{"name":"Pirie Road","t":1},"geometry":{"type":"LineString","coordinates":[[-119.26584,34.4426],[-119.26579,34.44277],[-119.26568,34.44305],[-119.26566,34.44311],[-119.26562,34.44317],[-119.2656,34.4433],[-119.26559,34.44337],[-119.26553,34.44355],[-119.26549,34.44364],[-119.26542,34.44378],[-119.2653,34.44379],[-119.26521,34.44382],[-119.26519,34.44384],[-119.26517,34.44386],[-119.26513,34.44396],[-119.26504,34.44416],[-119.26497,34.44435],[-119.26497,34.44438],[-119.26496,34.44441],[-119.26495,34.44446],[-119.26496,34.44451],[-119.26497,34.44459],[-119.26498,34.44465],[-119.26501,34.44471],[-119.26503,34.44474],[-119.26504,34.44477],[-119.26509,34.44483],[-119.26512,34.44486],[-119.26517,34.4449],[-119.26523,34.44493],[-119.26529,34.44496],[-119.26538,34.44498],[-119.26551,34.44502],[-119.2656,34.44504],[-119.26566,34.44507],[-119.26569,34.44508],[-119.26581,34.44512],[-119.26584,34.44513],[-119.26599,34.44517],[-119.26625,34.44523]]}},{"type":"Feature","properties":{"name":"Maricopa Highway","t":3},"geometry":{"type":"LineString","coordinates":[[-119.26588,34.44249],[-119.26548,34.4424],[-119.26478,34.44225],[-119.26425,34.44215]]}},{"type":"Feature","properties":{"name":"Maricopa Highway","t":3},"geometry":{"type":"LineString","coordinates":[[-119.26423,34.44226],[-119.2643,34.44227],[-119.26442,34.44229],[-119.26492,34.4424],[-119.26504,34.44242],[-119.26517,34.44245],[-119.26584,34.4426]]}},{"type":"Feature","properties":{"name":"Pirie Road","t":1},"geometry":{"type":"LineString","coordinates":[[-119.26588,34.44249],[-119.26584,34.4426]]}},{"type":"Feature","properties":{"name":"Maricopa Highway","t":3},"geometry":{"type":"LineString","coordinates":[[-119.26745,34.44296],[-119.26735,34.44291],[-119.26715,34.44284],[-119.26695,34.44277],[-119.26667,34.44268],[-119.26634,34.4426],[-119.26606,34.44253],[-119.26595,34.44251],[-119.26588,34.44249]]}},{"type":"Feature","properties":{"name":"Maricopa Highway","t":3},"geometry":{"type":"LineString","coordinates":[[-119.26584,34.4426],[-119.26594,34.44263],[-119.26637,34.44273],[-119.26672,34.44283],[-119.267,34.44292],[-119.26727,34.44302],[-119.2674,34.44307]]}},{"type":"Feature","properties":{"name":"Church Road","t":1},"geometry":{"type":"LineString","coordinates":[[-119.26745,34.44296],[-119.2674,34.44307]]}},{"type":"Feature","properties":{"name":"Vallerio Avenue","t":1},"geometry":{"type":"LineString","coordinates":[[-119.26545,34.43875],[-119.26539,34.43881],[-119.26535,34.43893],[-119.26532,34.439],[-119.26529,34.4391],[-119.26527,34.43915],[-119.26524,34.43923],[-119.26519,34.43937],[-119.26516,34.43946],[-119.26514,34.43953],[-119.26508,34.43969],[-119.26506,34.43974],[-119.26504,34.43978],[-119.26503,34.43982],[-119.26496,34.44],[-119.26494,34.44006],[-119.26492,34.44012],[-119.26491,34.44014],[-119.2649,34.4402],[-119.2648,34.44047],[-119.26478,34.44053],[-119.26477,34.44055],[-119.26468,34.4408],[-119.26467,34.44085],[-119.26465,34.44091],[-119.26464,34.44093],[-119.26459,34.44107]]}},{"type":"Feature","properties":{"name":"La Paz Drive","t":1},"geometry":{"type":"LineString","coordinates":[[-119.2646,34.43839],[-119.26549,34.43861]]}},{"type":"Feature","properties":{"name":"South Carillo Road","t":1},"geometry":{"type":"LineString","coordinates":[[-119.26524,34.43662],[-119.26511,34.43697],[-119.2651,34.437],[-119.26506,34.4371],[-119.26497,34.43736],[-119.26493,34.43746],[-119.26489,34.43759],[-119.26485,34.43768],[-119.26483,34.43774],[-119.2648,34.43782],[-119.26475,34.43796],[-119.26472,34.43805],[-119.2647,34.43811],[-119.26467,34.43818],[-119.26462,34.43833],[-119.2646,34.43839]]}},{"type":"Feature","properties":{"name":"Vallerio Avenue","t":1},"geometry":{"type":"LineString","coordinates":[[-119.2656,34.43681],[-119.2657,34.43692],[-119.26573,34.43697],[-119.26577,34.43704],[-119.26578,34.43706],[-119.2658,34.43711],[-119.26584,34.43724],[-119.26585,34.43726],[-119.26585,34.43728],[-119.26585,34.43729],[-119.26586,34.43739],[-119.26586,34.43743],[-119.26585,34.43749],[-119.26584,34.43754],[-119.26583,34.43757],[-119.26582,34.43762],[-119.2658,34.43769],[-119.2658,34.43771],[-119.26579,34.43775],[-119.26577,34.4378],[-119.26571,34.43796],[-119.26568,34.43804],[-119.26567,34.43807],[-119.26563,34.43817],[-119.26555,34.4384],[-119.26553,34.43844],[-119.2655,34.43853],[-119.26549,34.43861]]}},{"type":"Feature","properties":{"name":"Vallerio Avenue","t":1},"geometry":{"type":"LineString","coordinates":[[-119.26549,34.43861],[-119.26545,34.43875]]}},{"type":"Feature","properties":{"name":"La Paz Drive","t":1},"geometry":{"type":"LineString","coordinates":[[-119.26545,34.43875],[-119.26577,34.43882],[-119.26579,34.43882],[-119.26592,34.43886],[-119.26593,34.43886],[-119.26598,34.43887],[-119.26614,34.43891],[-119.26624,34.43893],[-119.26642,34.43898],[-119.26653,34.439],[-119.26681,34.43907],[-119.26682,34.43907]]}},{"type":"Feature","properties":{"name":"Stuart Court","t":1},"geometry":{"type":"LineString","coordinates":[[-119.26682,34.43907],[-119.26688,34.43893],[-119.26705,34.43849],[-119.26711,34.43833],[-119.26713,34.43826],[-119.26713,34.43822],[-119.26712,34.43821],[-119.26712,34.43818],[-119.26709,34.43815],[-119.26706,34.43813],[-119.26704,34.43812],[-119.26702,34.43811],[-119.26694,34.43809],[-119.26692,34.43809],[-119.26688,34.43807],[-119.26674,34.43805]]}},{"type":"Feature","properties":{"name":"La Paz Drive","t":1},"geometry":{"type":"LineString","coordinates":[[-119.26682,34.43907],[-119.26711,34.43915],[-119.26718,34.43916],[-119.26725,34.43918],[-119.26733,34.4392],[-119.2674,34.43922],[-119.26742,34.43922],[-119.26764,34.43928],[-119.2678,34.43932],[-119.26782,34.43932],[-119.26796,34.43936],[-119.26804,34.43937],[-119.26821,34.43941],[-119.26846,34.43948],[-119.26857,34.4395],[-119.26874,34.43954],[-119.26878,34.43955],[-119.2689,34.43958],[-119.26892,34.43959],[-119.26897,34.4396],[-119.26904,34.43962],[-119.26905,34.43962],[-119.2691,34.43965],[-119.26915,34.43968],[-119.26923,34.43972],[-119.26926,34.43974],[-119.26933,34.43978],[-119.26937,34.43981],[-119.26942,34.43984],[-119.26943,34.43984],[-119.26952,34.43987],[-119.26955,34.43988],[-119.26957,34.43987],[-119.26962,34.43987],[-119.26968,34.43985],[-119.26978,34.43983]]}},{"type":"Feature","properties":{"name":"Taormina Lane","t":1},"geometry":{"type":"LineString","coordinates":[[-119.26978,34.43983],[-119.26982,34.43986],[-119.26987,34.4399],[-119.26992,34.43993],[-119.27001,34.43997],[-119.27004,34.43999],[-119.2701,34.44],[-119.27015,34.44001],[-119.27023,34.44001],[-119.27026,34.44001],[-119.27038,34.44001],[-119.2705,34.44],[-119.27064,34.44],[-119.27078,34.44],[-119.27084,34.44002]]}},{"type":"Feature","properties":{"name":"Taormina Lane","t":1},"geometry":{"type":"LineString","coordinates":[[-119.27084,34.44002],[-119.27088,34.4398],[-119.27089,34.43976],[-119.27091,34.43971],[-119.27098,34.43963]]}},{"type":"Feature","properties":{"name":"Taormina Lane","t":1},"geometry":{"type":"LineString","coordinates":[[-119.27084,34.44002],[-119.27092,34.44002],[-119.27102,34.44003],[-119.27108,34.44005],[-119.27125,34.44008],[-119.27136,34.44011],[-119.27148,34.44015],[-119.27157,34.44018],[-119.2717,34.44023],[-119.27174,34.44026],[-119.27178,34.44028],[-119.27185,34.44034],[-119.27192,34.44039],[-119.27202,34.44046],[-119.27203,34.44047],[-119.27205,34.44047],[-119.27209,34.44049],[-119.27215,34.44051],[-119.27222,34.44053],[-119.27224,34.44053],[-119.27229,34.44053],[-119.27239,34.44052],[-119.27242,34.44052],[-119.27244,34.44051],[-119.27247,34.4405],[-119.27251,34.44048],[-119.27251,34.44047],[-119.27253,34.44046],[-119.2726,34.44041],[-119.27263,34.44039],[-119.27268,34.44034],[-119.27271,34.44031],[-119.27276,34.44024],[-119.27277,34.44022],[-119.27278,34.4402],[-119.27278,34.44019],[-119.27279,34.44015],[-119.2728,34.4401],[-119.2728,34.44009],[-119.27281,34.43999],[-119.27282,34.43998],[-119.27284,34.43994],[-119.27285,34.43993],[-119.2729,34.43987],[-119.27293,34.43983],[-119.27298,34.43976],[-119.27301,34.43972],[-119.27301,34.43971],[-119.27304,34.43965],[-119.27304,34.43961],[-119.27304,34.43952],[-119.27303,34.43948],[-119.27301,34.43944],[-119.27297,34.43939],[-119.27293,34.43936],[-119.27289,34.43934],[-119.27285,34.43933],[-119.27283,34.43932],[-119.27261,34.43927],[-119.27255,34.43925],[-119.27252,34.43925],[-119.27207,34.43914],[-119.27203,34.43913],[-119.27189,34.43909],[-119.27175,34.43906],[-119.27154,34.43901],[-119.2714,34.43897],[-119.27131,34.43895],[-119.27124,34.43893],[-119.27094,34.43885],[-119.27092,34.43885],[-119.27077,34.43881],[-119.27066,34.4388],[-119.27062,34.4388],[-119.27057,34.4388],[-119.27052,34.43882]]}},{"type":"Feature","properties":{"name":"Taormina Lane","t":1},"geometry":{"type":"LineString","coordinates":[[-119.27029,34.43897],[-119.27014,34.43907],[-119.2701,34.43911],[-119.27005,34.43915],[-119.26996,34.43924],[-119.26992,34.43929],[-119.26989,34.43933],[-119.26985,34.43939],[-119.26983,34.43944],[-119.26982,34.43945],[-119.2698,34.43948],[-119.26978,34.43955],[-119.26978,34.43957],[-119.26977,34.43968],[-119.26977,34.43969],[-119.26977,34.43978],[-119.26978,34.43983]]}},{"type":"Feature","properties":{"name":"Taormina Lane","t":1},"geometry":{"type":"LineString","coordinates":[[-119.27029,34.43897],[-119.26994,34.43877]]}},{"type":"Feature","properties":{"name":"Taormina Lane","t":1},"geometry":{"type":"LineString","coordinates":[[-119.27052,34.43882],[-119.27047,34.43884],[-119.27042,34.43887],[-119.27038,34.43892],[-119.27029,34.43897]]}},{"type":"Feature","properties":{"name":"Arundale Access","t":1},"geometry":{"type":"LineString","coordinates":[[-119.26595,34.43652],[-119.26624,34.43678],[-119.26632,34.43687],[-119.26637,34.43695],[-119.26638,34.43699],[-119.2664,34.43708],[-119.26639,34.43727],[-119.2664,34.43737],[-119.26641,34.43743],[-119.26644,34.43747],[-119.26646,34.43749],[-119.26651,34.43751],[-119.26786,34.43782],[-119.26803,34.43786],[-119.26825,34.4379],[-119.26887,34.43806],[-119.26925,34.43815],[-119.26967,34.43827],[-119.26981,34.43831],[-119.26993,34.43833],[-119.2701,34.43837],[-119.27026,34.43841],[-119.2703,34.43843],[-119.27037,34.43847],[-119.27039,34.43849],[-119.2704,34.43851],[-119.27042,34.43853],[-119.27046,34.43863],[-119.27052,34.43882]]}},{"type":"Feature","properties":{"name":"Krotona Road","t":1},"geometry":{"type":"LineString","coordinates":[[-119.27162,34.43703],[-119.27158,34.43701],[-119.27149,34.43696],[-119.27138,34.43692],[-119.27123,34.43688],[-119.2712,34.43687],[-119.27115,34.43687],[-119.27102,34.43686],[-119.27051,34.43688],[-119.27003,34.43692],[-119.26972,34.43695],[-119.26957,34.43695],[-119.26941,34.43693],[-119.26935,34.43692],[-119.26908,34.4369],[-119.26894,34.4369],[-119.26886,34.43691],[-119.26882,34.43692],[-119.26877,34.43694],[-119.26874,34.43695],[-119.26869,34.437],[-119.26863,34.43707],[-119.2685,34.4373],[-119.26846,34.43735],[-119.26842,34.43739],[-119.26837,34.43742],[-119.2683,34.43745],[-119.26823,34.43746],[-119.26813,34.43747]]}},{"type":"Feature","properties":{"name":"Krotona Road","t":1},"geometry":{"type":"LineString","coordinates":[[-119.26813,34.43747],[-119.26826,34.43756],[-119.26832,34.43759],[-119.26842,34.43763],[-119.26854,34.43765],[-119.26872,34.43766],[-119.26942,34.43774],[-119.2696,34.43776],[-119.26978,34.43777],[-119.26982,34.43777],[-119.26987,34.43775],[-119.2699,34.43774],[-119.27008,34.4376],[-119.27016,34.43755],[-119.27035,34.43743],[-119.27054,34.43733],[-119.27058,34.43731],[-119.27061,34.4373],[-119.27067,34.43728],[-119.27071,34.43727],[-119.27126,34.43726],[-119.27145,34.43724],[-119.27152,34.43722],[-119.27154,34.43721],[-119.27157,34.43717],[-119.27158,34.43713],[-119.27159,34.43709],[-119.27162,34.43703]]}},{"type":"Feature","properties":{"name":"Krotona Road","t":1},"geometry":{"type":"LineString","coordinates":[[-119.27178,34.43706],[-119.27168,34.43705],[-119.27162,34.43703]]}},{"type":"Feature","properties":{"name":"Krotona Road","t":1},"geometry":{"type":"LineString","coordinates":[[-119.26443,34.435],[-119.2645,34.43504],[-119.26515,34.43537],[-119.26537,34.43545],[-119.26553,34.4355],[-119.26563,34.43552],[-119.26601,34.43558],[-119.26636,34.43564],[-119.26654,34.43568],[-119.26673,34.43575],[-119.26681,34.43578],[-119.26688,34.43581],[-119.26694,34.43585],[-119.26712,34.43598],[-119.26718,34.43604],[-119.26723,34.4361],[-119.26727,34.43616],[-119.26734,34.43628],[-119.26738,34.43636],[-119.26742,34.43646],[-119.26754,34.43681],[-119.26768,34.43712],[-119.26776,34.43726],[-119.26781,34.43733],[-119.2679,34.43741],[-119.26798,34.43744],[-119.26806,34.43747],[-119.26813,34.43747]]}},{"type":"Feature","properties":{"name":"","t":1},"geometry":{"type":"LineString","coordinates":[[-119.26595,34.43652],[-119.2656,34.43681]]}},{"type":"Feature","properties":{"name":"Vallerio Avenue","t":1},"geometry":{"type":"LineString","coordinates":[[-119.26422,34.43643],[-119.26441,34.43646],[-119.26452,34.43648],[-119.26463,34.43649],[-119.26494,34.43655],[-119.26497,34.43656],[-119.26509,34.43658],[-119.26524,34.43662]]}},{"type":"Feature","properties":{"name":"Vallerio Avenue","t":1},"geometry":{"type":"LineString","coordinates":[[-119.26524,34.43662],[-119.26526,34.43663],[-119.26533,34.43665],[-119.26536,34.43667],[-119.26552,34.43674],[-119.26556,34.43677],[-119.26557,34.43678],[-119.2656,34.43681]]}},{"type":"Feature","properties":{"name":"North Hermosa Road","t":1},"geometry":{"type":"LineString","coordinates":[[-119.26425,34.43495],[-119.26462,34.43532],[-119.26494,34.43561],[-119.26502,34.43568],[-119.26541,34.43603],[-119.26573,34.43631],[-119.26586,34.43642],[-119.26595,34.43652]]}},{"type":"Feature","properties":{"name":"North Hermosa Road","t":1},"geometry":{"type":"LineString","coordinates":[[-119.26396,34.43473],[-119.26401,34.43479],[-119.26409,34.43487],[-119.26425,34.43495]]}},{"type":"Feature","properties":{"name":"Krotona Road","t":1},"geometry":{"type":"LineString","coordinates":[[-119.26425,34.43495],[-119.26443,34.435]]}},{"type":"Feature","properties":{"name":"","t":1},"geometry":{"type":"LineString","coordinates":[[-119.2642,34.43652],[-119.26386,34.43646]]}},{"type":"Feature","properties":{"name":"","t":1},"geometry":{"type":"LineString","coordinates":[[-119.26434,34.43608],[-119.2643,34.43619],[-119.26427,34.43628],[-119.26422,34.43643]]}},{"type":"Feature","properties":{"name":"Descanso Avenue","t":1},"geometry":{"type":"LineString","coordinates":[[-119.26422,34.43643],[-119.2642,34.43652]]}},{"type":"Feature","properties":{"name":"Descanso Avenue","t":1},"geometry":{"type":"LineString","coordinates":[[-119.2642,34.43652],[-119.26413,34.43676],[-119.26408,34.43693],[-119.26405,34.43703],[-119.26403,34.43712],[-119.26397,34.43732],[-119.26395,34.43739],[-119.26395,34.43741],[-119.26392,34.43748],[-119.26384,34.4377],[-119.26384,34.43772],[-119.26383,34.43773],[-119.26381,34.4378],[-119.26379,34.43783],[-119.26369,34.43807],[-119.26368,34.43809],[-119.26365,34.43817],[-119.26363,34.43819],[-119.26358,34.43833],[-119.26351,34.43846],[-119.26348,34.43853],[-119.26347,34.43854],[-119.26336,34.43875],[-119.26334,34.43879],[-119.26333,34.43881],[-119.26329,34.43887],[-119.26328,34.43889],[-119.26326,34.43892],[-119.26313,34.43913],[-119.26311,34.43916],[-119.26308,34.4392],[-119.26305,34.43924],[-119.26292,34.43945],[-119.26289,34.43949],[-119.26282,34.43959],[-119.26279,34.43963]]}},{"type":"Feature","properties":{"name":"South Carillo Road","t":1},"geometry":{"type":"LineString","coordinates":[[-119.2646,34.43839],[-119.26459,34.43842],[-119.26453,34.4386],[-119.2645,34.43867],[-119.2645,34.43869],[-119.26449,34.4387],[-119.26446,34.43879],[-119.26438,34.43897],[-119.26437,34.439],[-119.26435,34.43905],[-119.26435,34.43907],[-119.26432,34.43915],[-119.26426,34.43932],[-119.26425,34.43934],[-119.26422,34.43943],[-119.26414,34.43964],[-119.26412,34.4397],[-119.26409,34.4398],[-119.26405,34.43989],[-119.26399,34.44008],[-119.26397,34.44013]]}},{"type":"Feature","properties":{"name":"Laredo Lane","t":1},"geometry":{"type":"LineString","coordinates":[[-119.26279,34.43963],[-119.26293,34.43972],[-119.26305,34.43978],[-119.26315,34.43983],[-119.26317,34.43983],[-119.26335,34.43993],[-119.26336,34.43993],[-119.26336,34.43994],[-119.26345,34.43997],[-119.2635,34.43999],[-119.26364,34.44003],[-119.26371,34.44006],[-119.26397,34.44013]]}},{"type":"Feature","properties":{"name":"Descanso Avenue","t":1},"geometry":{"type":"LineString","coordinates":[[-119.26279,34.43963],[-119.26268,34.43979],[-119.26267,34.43981],[-119.26263,34.43988],[-119.26263,34.43989],[-119.2626,34.43995],[-119.26258,34.44004],[-119.26257,34.44009],[-119.26257,34.44013],[-119.26258,34.4402],[-119.26258,34.44021],[-119.2626,34.44031],[-119.26265,34.44042],[-119.26268,34.44047],[-119.26272,34.44053],[-119.26277,34.44058],[-119.26279,34.4406],[-119.26288,34.44067],[-119.2629,34.44069],[-119.26309,34.44079]]}},{"type":"Feature","properties":{"name":"West Ojai Avenue","t":3},"geometry":{"type":"LineString","coordinates":[[-119.26396,34.43473],[-119.26383,34.43522],[-119.2634,34.43684],[-119.26323,34.4374],[-119.26303,34.4379],[-119.26284,34.4383],[-119.26272,34.43853],[-119.2623,34.43917],[-119.26202,34.43955],[-119.26143,34.44031],[-119.26136,34.44044],[-119.2613,34.44057],[-119.26126,34.44072],[-119.26123,34.44083],[-119.26117,34.44099],[-119.26113,34.44109],[-119.26108,34.44119],[-119.26101,34.4413],[-119.2609,34.44141]]}},{"type":"Feature","properties":{"name":"","t":1},"geometry":{"type":"LineString","coordinates":[[-119.25442,34.43725],[-119.25426,34.43722],[-119.25422,34.43723],[-119.25419,34.43725],[-119.25405,34.4377]]}},{"type":"Feature","properties":{"name":"Country Club Drive","t":1},"geometry":{"type":"LineString","coordinates":[[-119.25294,34.43419],[-119.25326,34.43433],[-119.25344,34.43442],[-119.25348,34.43445],[-119.25358,34.43451],[-119.25376,34.43466],[-119.2538,34.43469],[-119.25384,34.43475],[-119.25387,34.43478],[-119.25391,34.43486],[-119.25403,34.43503],[-119.25406,34.43511],[-119.25411,34.43521],[-119.25416,34.43537],[-119.25419,34.43545],[-119.25425,34.43562],[-119.2543,34.43584],[-119.25433,34.43611],[-119.25437,34.43644],[-119.25441,34.43686],[-119.25441,34.43692],[-119.25438,34.43696],[-119.25428,34.43707],[-119.2536,34.43769]]}},{"type":"Feature","properties":{"name":"Amber Lane","t":1},"geometry":{"type":"LineString","coordinates":[[-119.25209,34.43563],[-119.25265,34.43598],[-119.25289,34.43613],[-119.25327,34.43636],[-119.25336,34.43642],[-119.25343,34.43647],[-119.25345,34.43649],[-119.25348,34.43654],[-119.25349,34.43659],[-119.25348,34.43667],[-119.25344,34.43706],[-119.25344,34.43714],[-119.25344,34.43732],[-119.25345,34.43738],[-119.25348,34.43757],[-119.25351,34.43762],[-119.2536,34.43769]]}},{"type":"Feature","properties":{"name":"Country Club Drive","t":1},"geometry":{"type":"LineString","coordinates":[[-119.2536,34.43769],[-119.25353,34.43777],[-119.25349,34.43789],[-119.25348,34.43801],[-119.25339,34.43931],[-119.25338,34.43943],[-119.25337,34.43985],[-119.25336,34.43996],[-119.25336,34.43999],[-119.25336,34.44024],[-119.25336,34.44027],[-119.25334,34.44106],[-119.25334,34.4411],[-119.25334,34.44118]]}},{"type":"Feature","properties":{"name":"Country Club Road","t":0},"geometry":{"type":"LineString","coordinates":[[-119.25508,34.4386],[-119.25524,34.43881],[-119.25527,34.43897],[-119.25526,34.43933],[-119.25524,34.44042],[-119.25525,34.44098],[-119.25525,34.44109],[-119.25525,34.44124],[-119.25523,34.4414],[-119.25523,34.44146],[-119.2552,34.44155],[-119.25514,34.44171],[-119.25506,34.44181],[-119.25504,34.44183],[-119.25489,34.44195],[-119.25452,34.44206],[-119.2542,34.44216],[-119.25394,34.44223],[-119.25385,34.44223]]}},{"type":"Feature","properties":{"name":"","t":1},"geometry":{"type":"LineString","coordinates":[[-119.25385,34.43784],[-119.25387,34.43771],[-119.25391,34.43768],[-119.25394,34.43768],[-119.25405,34.4377]]}},{"type":"Feature","properties":{"name":"","t":1},"geometry":{"type":"LineString","coordinates":[[-119.25405,34.4377],[-119.25421,34.43773],[-119.2543,34.43775]]}},{"type":"Feature","properties":{"name":"","t":1},"geometry":{"type":"LineString","coordinates":[[-119.25426,34.43791],[-119.25385,34.43784]]}},{"type":"Feature","properties":{"name":"","t":1},"geometry":{"type":"LineString","coordinates":[[-119.25434,34.43814],[-119.2538,34.43805],[-119.25385,34.43784]]}},{"type":"Feature","properties":{"name":"","t":1},"geometry":{"type":"LineString","coordinates":[[-119.25557,34.43767],[-119.25549,34.43768],[-119.25544,34.4377],[-119.2554,34.43773],[-119.25537,34.43775],[-119.25531,34.43773],[-119.25528,34.43771],[-119.25523,34.43769],[-119.25517,34.43766],[-119.25513,34.43765],[-119.25509,34.43765],[-119.25507,34.43765],[-119.25504,34.43766],[-119.25502,34.43767],[-119.25499,34.43768],[-119.25497,34.4377],[-119.25496,34.43773],[-119.25494,34.43774],[-119.25485,34.43781],[-119.25472,34.43788]]}},{"type":"Feature","properties":{"name":"Lupine Way","t":1},"geometry":{"type":"LineString","coordinates":[[-119.25445,34.43713],[-119.25458,34.43705],[-119.25486,34.43685],[-119.25499,34.43677],[-119.25502,34.43675],[-119.25514,34.43669],[-119.25527,34.43664],[-119.25537,34.43664],[-119.25541,34.43664],[-119.25555,34.43665],[-119.25562,34.43666],[-119.25573,34.43667],[-119.25588,34.4367],[-119.25602,34.43672],[-119.25609,34.43673],[-119.25616,34.43676],[-119.25623,34.43678],[-119.25633,34.43681],[-119.25635,34.43682],[-119.25642,34.43685],[-119.25651,34.4369],[-119.25662,34.43697],[-119.25677,34.43709],[-119.25691,34.43722],[-119.25701,34.43733],[-119.25716,34.43748],[-119.25721,34.43752],[-119.25728,34.43758],[-119.25739,34.43772],[-119.25763,34.43791],[-119.25766,34.43794],[-119.25768,34.43799],[-119.2577,34.43801],[-119.25771,34.43803],[-119.25779,34.43813],[-119.2579,34.43823],[-119.25807,34.43835],[-119.25813,34.43839],[-119.25819,34.43843],[-119.25827,34.43848],[-119.25834,34.43851],[-119.25843,34.43854],[-119.25853,34.43854],[-119.25858,34.43854],[-119.25862,34.43853],[-119.25871,34.43851],[-119.2588,34.43846],[-119.25894,34.43833],[-119.25915,34.43822],[-119.25928,34.43818],[-119.25943,34.43819],[-119.25954,34.43823],[-119.25962,34.43829],[-119.25967,34.43838],[-119.25968,34.43848],[-119.25967,34.43857]]}},{"type":"Feature","properties":{"name":"Country Club Drive","t":1},"geometry":{"type":"LineString","coordinates":[[-119.25334,34.44118],[-119.25334,34.44134],[-119.25336,34.44246]]}},{"type":"Feature","properties":{"name":"San Antonio Street","t":1},"geometry":{"type":"LineString","coordinates":[[-119.25232,34.44112],[-119.25258,34.44118],[-119.25264,34.4412],[-119.25275,34.4412],[-119.25282,34.4412],[-119.25296,34.44119],[-119.2531,34.44119],[-119.25334,34.44118]]}},{"type":"Feature","properties":{"name":"San Antonio Street","t":1},"geometry":{"type":"LineString","coordinates":[[-119.25135,34.44412],[-119.25136,34.44401],[-119.25136,34.44388],[-119.25137,34.44369],[-119.25137,34.44353],[-119.25137,34.4435],[-119.25137,34.44334],[-119.25137,34.44314],[-119.25137,34.44301],[-119.25137,34.44297],[-119.25137,34.44267],[-119.25139,34.44245]]}},{"type":"Feature","properties":{"name":"Country Club Road","t":1},"geometry":{"type":"LineString","coordinates":[[-119.25363,34.44233],[-119.2535,34.4424],[-119.25336,34.44246]]}},{"type":"Feature","properties":{"name":"Crestview Drive","t":1},"geometry":{"type":"LineString","coordinates":[[-119.25059,34.44431],[-119.2506,34.4431],[-119.2506,34.44305],[-119.25059,34.44301],[-119.25057,34.44298],[-119.25055,34.44295],[-119.25052,34.44291],[-119.25047,34.44288],[-119.25042,34.44285],[-119.25036,34.44282],[-119.25031,34.44281],[-119.25025,34.4428],[-119.25016,34.44279],[-119.25003,34.44279],[-119.24987,34.44281],[-119.24978,34.44283]]}},{"type":"Feature","properties":{"name":"Santa Ana Street","t":1},"geometry":{"type":"LineString","coordinates":[[-119.25059,34.44431],[-119.25039,34.44441],[-119.25023,34.44448],[-119.25012,34.44452],[-119.25005,34.44454],[-119.24997,34.44455],[-119.24993,34.44455],[-119.24989,34.44454],[-119.24986,34.44452]]}},{"type":"Feature","properties":{"name":"Santa Ana Street","t":1},"geometry":{"type":"LineString","coordinates":[[-119.25135,34.44412],[-119.25121,34.44412],[-119.25108,34.44414],[-119.25106,34.44414],[-119.25099,34.44415],[-119.25084,34.44419],[-119.25059,34.44431]]}},{"type":"Feature","properties":{"name":"San Antonio Street","t":1},"geometry":{"type":"LineString","coordinates":[[-119.25139,34.44461],[-119.25138,34.44453],[-119.25137,34.44447],[-119.25135,34.44435],[-119.25135,34.44433],[-119.25135,34.44422],[-119.25135,34.44412]]}},{"type":"Feature","properties":{"name":"San Antonio Street","t":1},"geometry":{"type":"LineString","coordinates":[[-119.25204,34.44541],[-119.25197,34.44535],[-119.25195,34.44532],[-119.2516,34.44477],[-119.25139,34.44461]]}},{"type":"Feature","properties":{"name":"Topa Topa Drive","t":1},"geometry":{"type":"LineString","coordinates":[[-119.25139,34.44461],[-119.25137,34.44475],[-119.25136,34.44484],[-119.25135,34.44499],[-119.25134,34.44502],[-119.25133,34.44505],[-119.2513,34.44508],[-119.25119,34.44514],[-119.25092,34.44527],[-119.25075,34.44536],[-119.25055,34.44546],[-119.25024,34.44561],[-119.25008,34.44569],[-119.25002,34.44572],[-119.24997,34.44575],[-119.2499,34.44578],[-119.24975,34.44586],[-119.24961,34.44593],[-119.24942,34.44603],[-119.24936,34.44606],[-119.24933,34.44609],[-119.24931,34.4461],[-119.2493,34.44613],[-119.2493,34.44618],[-119.24931,34.44623],[-119.24932,34.44626],[-119.24942,34.44643],[-119.24946,34.44649],[-119.24956,34.44667],[-119.24957,34.4467],[-119.24975,34.44701],[-119.2498,34.44708],[-119.24986,34.44716]]}},{"type":"Feature","properties":{"name":"West Ojai Avenue","t":3},"geometry":{"type":"LineString","coordinates":[[-119.25204,34.44541],[-119.25142,34.44591],[-119.25131,34.44599],[-119.25121,34.44607],[-119.25117,34.44611],[-119.25103,34.44622],[-119.2509,34.44633],[-119.25088,34.44634],[-119.25086,34.44636],[-119.25074,34.44646],[-119.25055,34.44661],[-119.25043,34.44671]]}},{"type":"Feature","properties":{"name":"","t":1},"geometry":{"type":"LineString","coordinates":[[-119.25191,34.44586],[-119.25206,34.44604]]}},{"type":"Feature","properties":{"name":"Bristol Road","t":1},"geometry":{"type":"LineString","coordinates":[[-119.25204,34.44541],[-119.25215,34.44553],[-119.25231,34.4457],[-119.25235,34.44575],[-119.25249,34.4459],[-119.25313,34.44659]]}},{"type":"Feature","properties":{"name":"West Ojai Avenue","t":3},"geometry":{"type":"LineString","coordinates":[[-119.25404,34.44441],[-119.25373,34.44453],[-119.25354,34.44461],[-119.25328,34.44472],[-119.25302,34.44482],[-119.25271,34.44495],[-119.25256,34.44502],[-119.2525,34.44506],[-119.2524,34.44513],[-119.2523,34.4452],[-119.25204,34.44541]]}},{"type":"Feature","properties":{"name":"","t":1},"geometry":{"type":"LineString","coordinates":[[-119.25417,34.44644],[-119.25388,34.44601],[-119.25379,34.44591],[-119.25375,34.44588],[-119.25371,34.44586],[-119.25364,34.44587],[-119.25359,34.44589],[-119.2535,34.44593],[-119.25286,34.4462]]}},{"type":"Feature","properties":{"name":"","t":1},"geometry":{"type":"LineString","coordinates":[[-119.25493,34.44598],[-119.25473,34.44566]]}},{"type":"Feature","properties":{"name":"Country Club Drive","t":1},"geometry":{"type":"LineString","coordinates":[[-119.25336,34.44246],[-119.25334,34.44312],[-119.25336,34.44321],[-119.25338,34.44326],[-119.25342,34.44335],[-119.25349,34.44349],[-119.25355,34.4436],[-119.25362,34.44372],[-119.25362,34.44373],[-119.25381,34.44403],[-119.25386,34.44411],[-119.25404,34.44441]]}},{"type":"Feature","properties":{"name":"West Ojai Avenue","t":3},"geometry":{"type":"LineString","coordinates":[[-119.25869,34.44242],[-119.2577,34.44286],[-119.25747,34.44296],[-119.25735,34.44301],[-119.25671,34.4433],[-119.25562,34.44377],[-119.25404,34.44441]]}},{"type":"Feature","properties":{"name":"El Paseo Road","t":1},"geometry":{"type":"LineString","coordinates":[[-119.25727,34.44529],[-119.25721,34.44532],[-119.25715,34.44535],[-119.25708,34.44539],[-119.257,34.44542],[-119.25698,34.44543]]}},{"type":"Feature","properties":{"name":"Sierra Road","t":1},"geometry":{"type":"LineString","coordinates":[[-119.25698,34.44543],[-119.25709,34.44546],[-119.25721,34.4455],[-119.25725,34.44553]]}},{"type":"Feature","properties":{"name":"El Paseo Road","t":1},"geometry":{"type":"LineString","coordinates":[[-119.25698,34.44543],[-119.25691,34.44545],[-119.25687,34.44547],[-119.25684,34.44548],[-119.25655,34.44559],[-119.25654,34.44559],[-119.2564,34.44563],[-119.25635,34.44564],[-119.25631,34.44565],[-119.25616,34.44569],[-119.25602,34.44571],[-119.25596,34.44572],[-119.25588,34.44574],[-119.2558,34.44575],[-119.25561,34.44583],[-119.2555,34.44585],[-119.25524,34.44594],[-119.25496,34.44606],[-119.25492,34.44609],[-119.25459,34.44628]]}},{"type":"Feature","properties":{"name":"Sierra Road","t":1},"geometry":{"type":"LineString","coordinates":[[-119.25725,34.44553],[-119.25726,34.44569],[-119.25726,34.4457],[-119.25729,34.44577],[-119.25736,34.44585],[-119.25737,34.44587],[-119.2574,34.44591],[-119.25743,34.44594],[-119.25756,34.44604],[-119.25768,34.4461],[-119.25777,34.44614],[-119.2579,34.44618],[-119.25795,34.4462],[-119.25802,34.44625],[-119.25807,34.4463],[-119.25812,34.44635],[-119.2582,34.44644],[-119.25823,34.44651]]}},{"type":"Feature","properties":{"name":"Sierra Road","t":1},"geometry":{"type":"LineString","coordinates":[[-119.25725,34.44553],[-119.25728,34.44546],[-119.25728,34.44543],[-119.25727,34.44539],[-119.25727,34.44529]]}},{"type":"Feature","properties":{"name":"Cuyama Road","t":1},"geometry":{"type":"LineString","coordinates":[[-119.25823,34.44651],[-119.25831,34.44645],[-119.25838,34.44638],[-119.25841,34.44632],[-119.25845,34.44626],[-119.25849,34.44615],[-119.25851,34.4461],[-119.25862,34.44591],[-119.25867,34.44582],[-119.25878,34.44571],[-119.25884,34.44566],[-119.25905,34.44558],[-119.25909,34.44557],[-119.25932,34.44548],[-119.25938,34.44545],[-119.25964,34.44533],[-119.25982,34.44518]]}},{"type":"Feature","properties":{"name":"Del Norte Road","t":1},"geometry":{"type":"LineString","coordinates":[[-119.26024,34.44485],[-119.26018,34.44517]]}},{"type":"Feature","properties":{"name":"Cuyama Road","t":1},"geometry":{"type":"LineString","coordinates":[[-119.25982,34.44518],[-119.26,34.44514],[-119.26011,34.44516],[-119.26018,34.44517]]}},{"type":"Feature","properties":{"name":"Cuyama Road","t":1},"geometry":{"type":"LineString","coordinates":[[-119.25982,34.44518],[-119.26012,34.44495],[-119.26024,34.44485]]}},{"type":"Feature","properties":{"name":"Del Norte Road","t":1},"geometry":{"type":"LineString","coordinates":[[-119.26035,34.44458],[-119.26024,34.44485]]}},{"type":"Feature","properties":{"name":"El Paseo Road","t":1},"geometry":{"type":"LineString","coordinates":[[-119.25884,34.44262],[-119.25886,34.44268],[-119.25887,34.44272],[-119.25889,34.44293],[-119.2589,34.44297],[-119.25891,34.44315],[-119.25892,34.44328],[-119.25892,34.44339],[-119.25891,34.44344],[-119.25891,34.44347],[-119.25887,34.44356],[-119.25881,34.44365],[-119.25876,34.4437],[-119.25873,34.44373],[-119.25869,34.44377],[-119.25852,34.44391],[-119.2584,34.44404],[-119.25837,34.44409],[-119.25836,34.44409],[-119.25834,34.44413],[-119.25825,34.44425],[-119.2581,34.44443],[-119.25798,34.44454],[-119.25787,34.44467],[-119.25781,34.44479],[-119.25771,34.44492],[-119.25769,34.44496],[-119.2576,34.44506],[-119.25754,34.44512],[-119.25749,34.44515],[-119.25742,34.44521],[-119.25734,34.44526],[-119.25727,34.44529]]}},{"type":"Feature","properties":{"name":"","t":1},"geometry":{"type":"LineString","coordinates":[[-119.25869,34.44242],[-119.25874,34.44251],[-119.25876,34.44254],[-119.25884,34.44262]]}},{"type":"Feature","properties":{"name":"El Paseo Road","t":1},"geometry":{"type":"LineString","coordinates":[[-119.25884,34.44262],[-119.25888,34.4425],[-119.25887,34.44245],[-119.25886,34.44235]]}},{"type":"Feature","properties":{"name":"West Ojai Avenue","t":3},"geometry":{"type":"LineString","coordinates":[[-119.25886,34.44235],[-119.25869,34.44242]]}},{"type":"Feature","properties":{"name":"West Ojai Avenue","t":3},"geometry":{"type":"LineString","coordinates":[[-119.2609,34.44141],[-119.26078,34.44151],[-119.26059,34.44162],[-119.26044,34.44169]]}},{"type":"Feature","properties":{"name":"West Ojai Avenue","t":3},"geometry":{"type":"LineString","coordinates":[[-119.26044,34.44169],[-119.26018,34.44178],[-119.25992,34.44189],[-119.25941,34.44211],[-119.25932,34.44215],[-119.25886,34.44235]]}},{"type":"Feature","properties":{"name":"Del Norte Road","t":1},"geometry":{"type":"LineString","coordinates":[[-119.26044,34.44169],[-119.26047,34.44179],[-119.26047,34.44191],[-119.26047,34.44213],[-119.26047,34.44215],[-119.26048,34.44285],[-119.26046,34.44372],[-119.26047,34.44415],[-119.26047,34.44421],[-119.26044,34.44432],[-119.26035,34.44458]]}},{"type":"Feature","properties":{"name":"North Carillo Road","t":1},"geometry":{"type":"LineString","coordinates":[[-119.26265,34.44203],[-119.26263,34.44213],[-119.26259,34.44234],[-119.26256,34.44244],[-119.26254,34.4425],[-119.26246,34.44261],[-119.26242,34.44267],[-119.26234,34.4431],[-119.26233,34.44315],[-119.26232,34.44324],[-119.26226,34.4434],[-119.26221,34.44346],[-119.26215,34.4435],[-119.26204,34.44356],[-119.26191,34.4436],[-119.26179,34.44363],[-119.26172,34.44365],[-119.26153,34.44373]]}},{"type":"Feature","properties":{"name":"North Carillo Road","t":1},"geometry":{"type":"LineString","coordinates":[[-119.26268,34.44192],[-119.26265,34.44203]]}},{"type":"Feature","properties":{"name":"Maricopa Highway","t":3},"geometry":{"type":"LineString","coordinates":[[-119.2609,34.44141],[-119.26099,34.44152],[-119.26115,34.44163],[-119.26129,34.44171],[-119.26141,34.44176],[-119.26146,34.44178],[-119.26165,34.44185],[-119.26179,34.44189],[-119.26181,34.4419],[-119.26197,34.44193],[-119.26203,34.44194],[-119.26265,34.44203]]}},{"type":"Feature","properties":{"name":"Maricopa Highway","t":3},"geometry":{"type":"LineString","coordinates":[[-119.26268,34.44192],[-119.26206,34.44184],[-119.26202,34.44183],[-119.26184,34.44179],[-119.26162,34.44173],[-119.26143,34.44167],[-119.26129,34.4416],[-119.26123,34.44157],[-119.26106,34.44146],[-119.2609,34.44141]]}},{"type":"Feature","properties":{"name":"North Carillo Road","t":1},"geometry":{"type":"LineString","coordinates":[[-119.26309,34.44079],[-119.26295,34.44112],[-119.26293,34.44118],[-119.26288,34.44131],[-119.26277,34.44161],[-119.26273,34.44174],[-119.26269,34.44187],[-119.26268,34.44192]]}},{"type":"Feature","properties":{"name":"Descanso Avenue","t":1},"geometry":{"type":"LineString","coordinates":[[-119.26309,34.44079],[-119.26314,34.4408],[-119.26326,34.44083],[-119.26345,34.44087],[-119.26348,34.44088],[-119.26369,34.44093]]}},{"type":"Feature","properties":{"name":"South Carillo Road","t":1},"geometry":{"type":"LineString","coordinates":[[-119.26397,34.44013],[-119.26396,34.44016],[-119.26386,34.44045],[-119.26383,34.44053],[-119.2638,34.44062],[-119.26376,34.44072],[-119.26369,34.44093]]}},{"type":"Feature","properties":{"name":"Descanso Avenue","t":1},"geometry":{"type":"LineString","coordinates":[[-119.26369,34.44093],[-119.26378,34.44095],[-119.2639,34.44098],[-119.26397,34.441],[-119.26423,34.44106],[-119.2643,34.44108],[-119.26432,34.44109],[-119.26438,34.4411],[-119.26443,34.44111],[-119.26448,34.44111],[-119.26452,34.4411],[-119.26459,34.44107]]}},{"type":"Feature","properties":{"name":"Vallerio Avenue","t":1},"geometry":{"type":"LineString","coordinates":[[-119.26459,34.44107],[-119.26459,34.44108],[-119.26449,34.44137],[-119.26445,34.44148],[-119.2644,34.44163],[-119.26434,34.44183],[-119.2643,34.442],[-119.26425,34.44215]]}},{"type":"Feature","properties":{"name":"Valle Rio Avenue","t":1},"geometry":{"type":"LineString","coordinates":[[-119.26425,34.44215],[-119.26423,34.44226]]}},{"type":"Feature","properties":{"name":"Maricopa Highway","t":3},"geometry":{"type":"LineString","coordinates":[[-119.26425,34.44215],[-119.26415,34.44213],[-119.26341,34.44203],[-119.26268,34.44192]]}},{"type":"Feature","properties":{"name":"Maricopa Highway","t":3},"geometry":{"type":"LineString","coordinates":[[-119.26265,34.44203],[-119.26359,34.44217],[-119.26412,34.44224],[-119.26423,34.44226]]}},{"type":"Feature","properties":{"name":"Creekside Way","t":1},"geometry":{"type":"LineString","coordinates":[[-119.26265,34.44402],[-119.26259,34.44406],[-119.26256,34.44412],[-119.26243,34.44418],[-119.2623,34.44424],[-119.26223,34.44425],[-119.26215,34.44426],[-119.26208,34.44426],[-119.26201,34.44423],[-119.26197,34.44421],[-119.26194,34.44419],[-119.26187,34.44413],[-119.26171,34.44393],[-119.26162,34.44382],[-119.26153,34.44373]]}},{"type":"Feature","properties":{"name":"Creekside Way","t":1},"geometry":{"type":"LineString","coordinates":[[-119.26153,34.44373],[-119.26138,34.44366],[-119.26121,34.44362],[-119.26107,34.44361],[-119.26075,34.44355]]}},{"type":"Feature","properties":{"name":"Cuyama Road","t":1},"geometry":{"type":"LineString","coordinates":[[-119.26035,34.44458],[-119.26047,34.44461],[-119.26194,34.44497],[-119.26362,34.44537],[-119.26416,34.44551]]}},{"type":"Feature","properties":{"name":"Bonita Drive","t":1},"geometry":{"type":"LineString","coordinates":[[-119.26416,34.44551],[-119.26408,34.44574],[-119.26397,34.44607],[-119.26369,34.44675],[-119.26368,34.4468]]}},{"type":"Feature","properties":{"name":"Rancho Drive","t":1},"geometry":{"type":"LineString","coordinates":[[-119.2675,34.45184],[-119.26727,34.45194],[-119.26709,34.45199],[-119.26685,34.45203],[-119.26681,34.45203],[-119.26677,34.45203],[-119.26668,34.45203],[-119.26626,34.452],[-119.26619,34.45199],[-119.26617,34.45198],[-119.26612,34.45196],[-119.26594,34.45188],[-119.26587,34.45186],[-119.26578,34.45185],[-119.26572,34.45186],[-119.26564,34.45187],[-119.26554,34.45191],[-119.26544,34.45198],[-119.26537,34.45209],[-119.26529,34.45217],[-119.26525,34.45223],[-119.26518,34.45226],[-119.26513,34.45228],[-119.26509,34.45229],[-119.26505,34.4523],[-119.26495,34.45231],[-119.26492,34.4523],[-119.26487,34.4523],[-119.26472,34.45227],[-119.2645,34.45224],[-119.26449,34.45223],[-119.26443,34.45222],[-119.26438,34.45219],[-119.26434,34.45216],[-119.26431,34.45213],[-119.26429,34.45208],[-119.26421,34.45181],[-119.26414,34.45164],[-119.26411,34.45158],[-119.26409,34.45155],[-119.26401,34.45148],[-119.26396,34.45144],[-119.26395,34.45143],[-119.26391,34.45142],[-119.26386,34.45141],[-119.26381,34.45141],[-119.26365,34.45142],[-119.26357,34.45144],[-119.26285,34.45151],[-119.26266,34.45153],[-119.26252,34.45155],[-119.26221,34.45158],[-119.26212,34.45158],[-119.26209,34.45159],[-119.26185,34.4516],[-119.26156,34.4516],[-119.26112,34.45161],[-119.26095,34.45161],[-119.2604,34.45162]]}},{"type":"Feature","properties":{"name":"Del Norte Road","t":1},"geometry":{"type":"LineString","coordinates":[[-119.26051,34.44874],[-119.26052,34.44887],[-119.26053,34.44905],[-119.26054,34.44938],[-119.26055,34.4495],[-119.26055,34.44962],[-119.26056,34.44978],[-119.26056,34.44992],[-119.26056,34.45],[-119.2605,34.45037],[-119.26049,34.45055],[-119.26047,34.45071],[-119.26046,34.45078],[-119.26045,34.45082],[-119.26043,34.45094],[-119.26042,34.45112],[-119.2604,34.45142],[-119.2604,34.45162]]}},{"type":"Feature","properties":{"name":"Palomar Road","t":1},"geometry":{"type":"LineString","coordinates":[[-119.25838,34.44983],[-119.25842,34.44986],[-119.25847,34.44991],[-119.25853,34.45001],[-119.25861,34.4502],[-119.25876,34.45042],[-119.25887,34.45067],[-119.25891,34.4508],[-119.25894,34.45085],[-119.25899,34.451],[-119.25901,34.45112],[-119.25898,34.45123],[-119.25893,34.4514],[-119.25892,34.45143],[-119.25889,34.4516],[-119.25889,34.45181],[-119.25896,34.45231],[-119.25895,34.4524],[-119.25893,34.45247],[-119.25891,34.4525],[-119.25887,34.45252],[-119.2588,34.45256],[-119.25877,34.45259],[-119.2587,34.45269],[-119.25866,34.45273],[-119.25862,34.4528],[-119.25859,34.45294],[-119.2586,34.4531],[-119.25866,34.45335]]}},{"type":"Feature","properties":{"name":"El Toro Road","t":1},"geometry":{"type":"LineString","coordinates":[[-119.25722,34.45064],[-119.25724,34.45061],[-119.25726,34.45058],[-119.25727,34.45055],[-119.2573,34.45049],[-119.25734,34.45037],[-119.25737,34.4503],[-119.25742,34.45024],[-119.2575,34.45019],[-119.25767,34.45014],[-119.25783,34.45013],[-119.25789,34.45012],[-119.25796,34.4501],[-119.25806,34.45007],[-119.25812,34.45006],[-119.25818,34.45003],[-119.25823,34.44999],[-119.25832,34.44991],[-119.25838,34.44983]]}},{"type":"Feature","properties":{"name":"El Toro Road","t":1},"geometry":{"type":"LineString","coordinates":[[-119.25878,34.44921],[-119.25871,34.44932],[-119.25865,34.4494],[-119.25858,34.44952],[-119.25852,34.44964],[-119.25844,34.44975],[-119.25843,34.44976],[-119.25838,34.44983]]}},{"type":"Feature","properties":{"name":"Sierra Road","t":1},"geometry":{"type":"LineString","coordinates":[[-119.25838,34.44983],[-119.2584,34.44971],[-119.25839,34.44963],[-119.25839,34.44903]]}},{"type":"Feature","properties":{"name":"Sierra Road","t":1},"geometry":{"type":"LineString","coordinates":[[-119.25823,34.44651],[-119.25837,34.4469],[-119.25854,34.44738],[-119.25855,34.44743],[-119.25856,34.44745],[-119.25856,34.44746],[-119.25858,34.44757],[-119.25859,34.44775],[-119.25859,34.44776],[-119.25859,34.44789],[-119.25859,34.4479],[-119.25859,34.44792],[-119.25858,34.44812],[-119.25857,34.44821],[-119.25855,34.44827],[-119.2585,34.44839],[-119.25849,34.44841],[-119.25842,34.44854],[-119.25842,34.44855],[-119.25838,34.44863],[-119.25836,34.44868],[-119.25835,34.44882],[-119.25839,34.44903]]}},{"type":"Feature","properties":{"name":"","t":1},"geometry":{"type":"LineString","coordinates":[[-119.25839,34.44903],[-119.25845,34.44906],[-119.25856,34.44911],[-119.2587,34.44917],[-119.25878,34.44921]]}},{"type":"Feature","properties":{"name":"El Toro Road","t":1},"geometry":{"type":"LineString","coordinates":[[-119.26051,34.44874],[-119.26046,34.44876],[-119.2603,34.44876],[-119.26027,34.44877],[-119.26018,34.44878],[-119.26002,34.44881],[-119.25977,34.44885],[-119.25964,34.44888],[-119.25948,34.44891],[-119.25926,34.44899],[-119.25922,34.449],[-119.25901,34.4491],[-119.25878,34.44921]]}},{"type":"Feature","properties":{"name":"Del Norte Road","t":1},"geometry":{"type":"LineString","coordinates":[[-119.26018,34.44517],[-119.26016,34.4453],[-119.26016,34.44554],[-119.26019,34.4457],[-119.26025,34.44596],[-119.26027,34.44615],[-119.26029,34.44657],[-119.2603,34.4468],[-119.26032,34.44693],[-119.26038,34.44709],[-119.2605,34.4474],[-119.26054,34.44751],[-119.26057,34.44759],[-119.26059,34.44769],[-119.2606,34.44785],[-119.2606,34.44795],[-119.26058,34.4481],[-119.26057,34.44812],[-119.26054,34.44828],[-119.26053,34.44839],[-119.26051,34.4485],[-119.26051,34.44874]]}},{"type":"Feature","properties":{"name":"Cuyama Road","t":1},"geometry":{"type":"LineString","coordinates":[[-119.25604,34.44739],[-119.25608,34.44738],[-119.25618,34.44736],[-119.25641,34.44728],[-119.2566,34.44721],[-119.257,34.44705],[-119.25718,34.44699],[-119.2574,34.44692],[-119.25771,34.44681],[-119.25796,34.44669],[-119.25815,34.44657],[-119.25823,34.44651]]}},{"type":"Feature","properties":{"name":"Cuyama Road","t":1},"geometry":{"type":"LineString","coordinates":[[-119.25537,34.44726],[-119.25554,34.44735],[-119.25563,34.44738],[-119.25579,34.4474],[-119.25587,34.44741],[-119.25592,34.44741],[-119.256,34.4474],[-119.25604,34.44739]]}},{"type":"Feature","properties":{"name":"Chico Road","t":1},"geometry":{"type":"LineString","coordinates":[[-119.25537,34.44726],[-119.25547,34.44734],[-119.25553,34.4474],[-119.25559,34.44747],[-119.25565,34.44755],[-119.25577,34.44769]]}},{"type":"Feature","properties":{"name":"Cuyama Drive","t":1},"geometry":{"type":"LineString","coordinates":[[-119.25604,34.44739],[-119.25586,34.44753],[-119.25581,34.44761],[-119.25577,34.44769]]}},{"type":"Feature","properties":{"name":"Palomar Road","t":1},"geometry":{"type":"LineString","coordinates":[[-119.25576,34.44825],[-119.2558,34.44825],[-119.25585,34.44826],[-119.25591,34.44828],[-119.25601,34.44832],[-119.2561,34.44838],[-119.25633,34.44857],[-119.25657,34.44876],[-119.25678,34.44886],[-119.25698,34.4489],[-119.25713,34.44894],[-119.25733,34.449],[-119.25755,34.44909],[-119.25758,34.44911],[-119.2576,34.44912],[-119.25763,34.44915],[-119.25773,34.44925],[-119.25774,34.44927],[-119.258,34.44958],[-119.25805,34.44962],[-119.25818,34.44971],[-119.25832,34.44978],[-119.25838,34.44983]]}},{"type":"Feature","properties":{"name":"Chico Road","t":1},"geometry":{"type":"LineString","coordinates":[[-119.25577,34.44769],[-119.25581,34.44776],[-119.25583,34.44797],[-119.2558,34.44811],[-119.25577,34.4482],[-119.25576,34.44825]]}},{"type":"Feature","properties":{"name":"Palomar Road","t":1},"geometry":{"type":"LineString","coordinates":[[-119.25494,34.4484],[-119.25502,34.44838],[-119.25524,34.44833],[-119.25535,34.44831],[-119.25542,34.44829],[-119.25549,34.44827],[-119.25554,34.44826],[-119.25567,34.44825],[-119.25572,34.44825],[-119.25576,34.44825]]}},{"type":"Feature","properties":{"name":"Palomar Road","t":1},"geometry":{"type":"LineString","coordinates":[[-119.25357,34.44815],[-119.25363,34.44811],[-119.25374,34.44806],[-119.25383,34.44803],[-119.25393,34.44802],[-119.25399,34.44803]]}},{"type":"Feature","properties":{"name":"Palomar Road","t":1},"geometry":{"type":"LineString","coordinates":[[-119.25399,34.44803],[-119.25432,34.44825],[-119.25444,34.44832],[-119.25454,34.44836],[-119.25461,34.44838],[-119.25474,34.4484],[-119.25485,34.44841],[-119.25494,34.4484]]}},{"type":"Feature","properties":{"name":"Palomar Road","t":1},"geometry":{"type":"LineString","coordinates":[[-119.25399,34.44803],[-119.25388,34.44792],[-119.25379,34.44784],[-119.25365,34.44776],[-119.25356,34.44771]]}},{"type":"Feature","properties":{"name":"Cuyama Road","t":1},"geometry":{"type":"LineString","coordinates":[[-119.25459,34.44628],[-119.25473,34.44653],[-119.25479,34.44662],[-119.25494,34.44682],[-119.25503,34.44692],[-119.25509,34.447],[-119.25528,34.44718],[-119.25537,34.44726]]}},{"type":"Feature","properties":{"name":"El Paseo Road","t":1},"geometry":{"type":"LineString","coordinates":[[-119.25459,34.44628],[-119.25426,34.44647],[-119.25413,34.44655],[-119.254,34.44661],[-119.25386,34.4466],[-119.25363,34.4466],[-119.25342,34.4466],[-119.25313,34.44659]]}},{"type":"Feature","properties":{"name":"Bristol Road","t":1},"geometry":{"type":"LineString","coordinates":[[-119.25313,34.44659],[-119.25324,34.44671],[-119.25334,34.44685],[-119.2534,34.44698],[-119.25347,34.44713],[-119.25353,34.44734],[-119.25356,34.44764],[-119.25356,34.44771]]}},{"type":"Feature","properties":{"name":"El Paseo Road","t":1},"geometry":{"type":"LineString","coordinates":[[-119.25176,34.44744],[-119.25176,34.44736],[-119.25177,34.44728],[-119.25181,34.44714],[-119.25181,34.44708]]}},{"type":"Feature","properties":{"name":"El Paseo Road","t":1},"geometry":{"type":"LineString","coordinates":[[-119.25313,34.44659],[-119.25276,34.44664],[-119.25267,34.44664],[-119.25238,34.44666],[-119.25231,34.44666],[-119.25221,34.44666],[-119.25215,34.4467],[-119.25207,34.44672],[-119.25201,34.44675],[-119.25196,34.4468],[-119.25192,34.44683],[-119.2519,34.44688],[-119.25181,34.44708]]}},{"type":"Feature","properties":{"name":"West Ojai Avenue","t":3},"geometry":{"type":"LineString","coordinates":[[-119.25043,34.44671],[-119.25026,34.44684],[-119.25017,34.44693],[-119.24986,34.44716]]}},{"type":"Feature","properties":{"name":"Rincon Street","t":1},"geometry":{"type":"LineString","coordinates":[[-119.25043,34.44671],[-119.25046,34.44676],[-119.25048,34.44683],[-119.25055,34.44727],[-119.25058,34.44746]]}},{"type":"Feature","properties":{"name":"El Paseo Road","t":1},"geometry":{"type":"LineString","coordinates":[[-119.24941,34.44749],[-119.24954,34.44754],[-119.24959,34.44753],[-119.24973,34.44752],[-119.25049,34.44746],[-119.25058,34.44746]]}},{"type":"Feature","properties":{"name":"El Paseo Road","t":1},"geometry":{"type":"LineString","coordinates":[[-119.25154,34.44738],[-119.25147,34.44739],[-119.25138,34.44739],[-119.25128,34.4474],[-119.25102,34.44742],[-119.25096,34.44743],[-119.25058,34.44746]]}},{"type":"Feature","properties":{"name":"El Paseo Road","t":1},"geometry":{"type":"LineString","coordinates":[[-119.25181,34.44708],[-119.25177,34.44712],[-119.2517,34.44721],[-119.25159,34.44733],[-119.25154,34.44738]]}},{"type":"Feature","properties":{"name":"Foothill Road","t":1},"geometry":{"type":"LineString","coordinates":[[-119.25166,34.44739],[-119.25176,34.44744]]}},{"type":"Feature","properties":{"name":"El Paseo Road","t":1},"geometry":{"type":"LineString","coordinates":[[-119.25166,34.44739],[-119.25154,34.44738]]}},{"type":"Feature","properties":{"name":"West Matilija Street","t":1},"geometry":{"type":"LineString","coordinates":[[-119.25241,34.44828],[-119.25225,34.4483],[-119.25068,34.44842]]}},{"type":"Feature","properties":{"name":"Rincon Street","t":1},"geometry":{"type":"LineString","coordinates":[[-119.25058,34.44746],[-119.25061,34.44777],[-119.25068,34.44842]]}},{"type":"Feature","properties":{"name":"West Matilija Street","t":1},"geometry":{"type":"LineString","coordinates":[[-119.25068,34.44842],[-119.2495,34.44849]]}},{"type":"Feature","properties":{"name":"Rincon Street","t":1},"geometry":{"type":"LineString","coordinates":[[-119.25068,34.44842],[-119.2508,34.44936]]}},{"type":"Feature","properties":{"name":"Foothill Road","t":1},"geometry":{"type":"LineString","coordinates":[[-119.25176,34.44744],[-119.25191,34.44765],[-119.25194,34.44769],[-119.25239,34.44826],[-119.25241,34.44828]]}},{"type":"Feature","properties":{"name":"Bristol Road","t":1},"geometry":{"type":"LineString","coordinates":[[-119.25356,34.44771],[-119.25357,34.44785],[-119.25357,34.44815]]}},{"type":"Feature","properties":{"name":"Bristol Road","t":1},"geometry":{"type":"LineString","coordinates":[[-119.25357,34.44815],[-119.25356,34.44832],[-119.25355,34.44838],[-119.25351,34.4486],[-119.25345,34.44877],[-119.25339,34.44896],[-119.25333,34.44906],[-119.25328,34.44912],[-119.25325,34.44914],[-119.25317,34.44919]]}},{"type":"Feature","properties":{"name":"Foothill Road","t":1},"geometry":{"type":"LineString","coordinates":[[-119.25241,34.44828],[-119.25285,34.4488],[-119.2531,34.44912],[-119.25317,34.44919]]}},{"type":"Feature","properties":{"name":"West Aliso Street","t":1},"geometry":{"type":"LineString","coordinates":[[-119.25317,34.44919],[-119.25299,34.44922],[-119.25278,34.44924],[-119.2524,34.44926],[-119.25225,34.44926],[-119.2518,34.44929],[-119.25145,34.44932]]}},{"type":"Feature","properties":{"name":"West Aliso Street","t":1},"geometry":{"type":"LineString","coordinates":[[-119.25145,34.44932],[-119.25103,34.44934],[-119.2508,34.44936]]}},{"type":"Feature","properties":{"name":"West Aliso Street","t":1},"geometry":{"type":"LineString","coordinates":[[-119.2508,34.44936],[-119.25067,34.44937],[-119.25048,34.44938],[-119.25022,34.4494],[-119.24962,34.44946]]}},{"type":"Feature","properties":{"name":"West Oak Street","t":1},"geometry":{"type":"LineString","coordinates":[[-119.25041,34.45036],[-119.25022,34.45037],[-119.24968,34.4504],[-119.24961,34.45041]]}},{"type":"Feature","properties":{"name":"Mallory Way","t":1},"geometry":{"type":"LineString","coordinates":[[-119.25145,34.44932],[-119.25145,34.44942],[-119.25141,34.45025],[-119.25141,34.45104]]}},{"type":"Feature","properties":{"name":"West Eucalyptus Street","t":1},"geometry":{"type":"LineString","coordinates":[[-119.25031,34.45134],[-119.2496,34.45139]]}},{"type":"Feature","properties":{"name":"West Eucalyptus Street","t":1},"geometry":{"type":"LineString","coordinates":[[-119.2542,34.45052],[-119.25398,34.45056],[-119.2537,34.45063],[-119.25361,34.45067],[-119.25331,34.45083],[-119.25327,34.45084],[-119.25318,34.45087],[-119.25307,34.4509],[-119.25269,34.45094],[-119.25227,34.45098],[-119.25204,34.45099],[-119.25141,34.45104]]}},{"type":"Feature","properties":{"name":"Quail Oaks Drive","t":1},"geometry":{"type":"LineString","coordinates":[[-119.25475,34.45117],[-119.25456,34.45129],[-119.25448,34.45135],[-119.25441,34.45141],[-119.25432,34.45149],[-119.25391,34.45191],[-119.25372,34.45212],[-119.25366,34.45217],[-119.25353,34.45228],[-119.25346,34.45235],[-119.25342,34.45238],[-119.25324,34.45252],[-119.25313,34.4526],[-119.25297,34.4527]]}},{"type":"Feature","properties":{"name":"Foothill Road","t":1},"geometry":{"type":"LineString","coordinates":[[-119.25475,34.45117],[-119.25497,34.45145],[-119.25506,34.45157],[-119.25535,34.4519],[-119.2554,34.45196],[-119.25543,34.45204],[-119.25549,34.4523]]}},{"type":"Feature","properties":{"name":"Foothill Road","t":1},"geometry":{"type":"LineString","coordinates":[[-119.2542,34.45052],[-119.25431,34.45064],[-119.25475,34.45117]]}},{"type":"Feature","properties":{"name":"Foothill Road","t":1},"geometry":{"type":"LineString","coordinates":[[-119.25317,34.44919],[-119.25355,34.44968],[-119.2538,34.45],[-119.25385,34.45005],[-119.25407,34.45035],[-119.2542,34.45052]]}},{"type":"Feature","properties":{"name":"Tico Road","t":1},"geometry":{"type":"LineString","coordinates":[[-119.25494,34.4484],[-119.255,34.44843],[-119.25504,34.44845],[-119.2551,34.4485],[-119.25516,34.44854],[-119.25521,34.44859],[-119.25524,34.44865],[-119.25525,34.44868],[-119.25527,34.44875],[-119.25528,34.44882],[-119.25531,34.44908],[-119.25535,34.44932],[-119.25535,34.44933],[-119.25539,34.44944],[-119.25548,34.44957],[-119.25555,34.44966],[-119.25559,34.44969],[-119.25566,34.44975],[-119.25575,34.44981],[-119.2558,34.44984],[-119.25589,34.44988],[-119.2561,34.44994],[-119.25618,34.44995],[-119.25627,34.44996],[-119.25637,34.44997],[-119.25641,34.44998],[-119.25645,34.45],[-119.25656,34.45008],[-119.2568,34.45029],[-119.25695,34.45045],[-119.257,34.4505],[-119.25704,34.45058],[-119.25706,34.45063]]}},{"type":"Feature","properties":{"name":"El Toro Road","t":1},"geometry":{"type":"LineString","coordinates":[[-119.25722,34.45064],[-119.25706,34.45063]]}},{"type":"Feature","properties":{"name":"El Toro Road","t":1},"geometry":{"type":"LineString","coordinates":[[-119.25711,34.45088],[-119.25715,34.45079],[-119.2572,34.45069],[-119.25722,34.45064]]}},{"type":"Feature","properties":{"name":"Tico Road","t":1},"geometry":{"type":"LineString","coordinates":[[-119.25706,34.45063],[-119.25707,34.45067],[-119.25708,34.45078],[-119.25709,34.45082],[-119.25711,34.45088]]}},{"type":"Feature","properties":{"name":"El Toro Road","t":1},"geometry":{"type":"LineString","coordinates":[[-119.25699,34.45225],[-119.25702,34.45214],[-119.25705,34.45193],[-119.25715,34.45165],[-119.25717,34.45155],[-119.25719,34.45145],[-119.25715,34.45128],[-119.25714,34.45124],[-119.25714,34.4512],[-119.25711,34.45099],[-119.25711,34.45088]]}},{"type":"Feature","properties":{"name":"El Toro Road","t":1},"geometry":{"type":"LineString","coordinates":[[-119.25681,34.45247],[-119.25691,34.45237],[-119.25699,34.45225]]}},{"type":"Feature","properties":{"name":"El Camino Road","t":1},"geometry":{"type":"LineString","coordinates":[[-119.25699,34.45225],[-119.257,34.45231],[-119.25701,34.45243],[-119.25698,34.45252]]}},{"type":"Feature","properties":{"name":"","t":1},"geometry":{"type":"LineString","coordinates":[[-119.25698,34.45252],[-119.25694,34.45249],[-119.25687,34.45248],[-119.25681,34.45247]]}},{"type":"Feature","properties":{"name":"El Toro Road","t":1},"geometry":{"type":"LineString","coordinates":[[-119.25586,34.4525],[-119.25599,34.45254],[-119.25607,34.4526],[-119.2561,34.45261],[-119.25618,34.45264],[-119.25627,34.45266],[-119.25636,34.45266],[-119.25643,34.45265],[-119.25658,34.4526],[-119.2567,34.45253],[-119.25681,34.45247]]}},{"type":"Feature","properties":{"name":"El Toro Road","t":1},"geometry":{"type":"LineString","coordinates":[[-119.25586,34.4525],[-119.25582,34.45248],[-119.25564,34.45237],[-119.25549,34.4523]]}},{"type":"Feature","properties":{"name":"El Toro Road","t":1},"geometry":{"type":"LineString","coordinates":[[-119.25549,34.4527],[-119.25555,34.45263],[-119.25571,34.45254],[-119.25586,34.4525]]}},{"type":"Feature","properties":{"name":"Foothill Road","t":1},"geometry":{"type":"LineString","coordinates":[[-119.25549,34.4523],[-119.25549,34.4527]]}},{"type":"Feature","properties":{"name":"Foothill Road","t":1},"geometry":{"type":"LineString","coordinates":[[-119.25549,34.4527],[-119.25549,34.45311],[-119.2555,34.45317],[-119.25555,34.45333],[-119.2556,34.45347],[-119.25564,34.45358],[-119.2557,34.45369],[-119.25582,34.45401],[-119.25587,34.45422],[-119.25612,34.45495]]}},{"type":"Feature","properties":{"name":"West Summer Street","t":1},"geometry":{"type":"LineString","coordinates":[[-119.2508,34.45229],[-119.25022,34.45232]]}},{"type":"Feature","properties":{"name":"Emily Street","t":1},"geometry":{"type":"LineString","coordinates":[[-119.25022,34.45232],[-119.25019,34.45346]]}},{"type":"Feature","properties":{"name":"McKee Street","t":1},"geometry":{"type":"LineString","coordinates":[[-119.24951,34.45348],[-119.24951,34.45434],[-119.24968,34.45435],[-119.25,34.45434],[-119.25057,34.45433]]}},{"type":"Feature","properties":{"name":"Libbey Avenue","t":1},"geometry":{"type":"LineString","coordinates":[[-119.25019,34.45346],[-119.25042,34.45346],[-119.25089,34.45347],[-119.2511,34.45348],[-119.25118,34.45349],[-119.25122,34.45351],[-119.25125,34.45352],[-119.25129,34.45354],[-119.2513,34.45356],[-119.25135,34.45362],[-119.25138,34.45368],[-119.25138,34.45371],[-119.25138,34.45376],[-119.25138,34.45406],[-119.25138,34.45424],[-119.25138,34.45439],[-119.25137,34.4547],[-119.25136,34.45482],[-119.25133,34.45494],[-119.2513,34.45514],[-119.25129,34.45533],[-119.2513,34.45542],[-119.25132,34.45553],[-119.25135,34.45564],[-119.25138,34.45569],[-119.25142,34.45578],[-119.25146,34.45584],[-119.25158,34.45599],[-119.2517,34.4561],[-119.25184,34.4562],[-119.25189,34.45622],[-119.25194,34.45625],[-119.25199,34.45627]]}},{"type":"Feature","properties":{"name":"Del Oro Drive","t":1},"geometry":{"type":"LineString","coordinates":[[-119.25199,34.45627],[-119.25194,34.45633],[-119.25189,34.45643],[-119.25184,34.45654],[-119.25181,34.45662],[-119.2518,34.4567],[-119.25179,34.45682],[-119.25179,34.45692],[-119.2518,34.457],[-119.25183,34.45711],[-119.25191,34.45727],[-119.25193,34.45746],[-119.25195,34.45763]]}},{"type":"Feature","properties":{"name":"Del Oro Drive","t":1},"geometry":{"type":"LineString","coordinates":[[-119.25414,34.45815],[-119.25419,34.45804],[-119.25431,34.45768],[-119.25435,34.45756],[-119.25437,34.45747],[-119.25438,34.45743],[-119.2544,34.4573],[-119.25441,34.45717],[-119.25442,34.45708],[-119.2544,34.45677],[-119.25438,34.45665],[-119.25435,34.4565],[-119.25431,34.45638],[-119.25426,34.45628],[-119.25417,34.45617],[-119.25409,34.4561],[-119.254,34.45603],[-119.25389,34.45597],[-119.25381,34.45594],[-119.25374,34.45591],[-119.25358,34.45588],[-119.25343,34.45587],[-119.25337,34.45587],[-119.25309,34.45587],[-119.2528,34.45589],[-119.2527,34.4559],[-119.2526,34.45592],[-119.2525,34.45594],[-119.25242,34.45598],[-119.25234,34.45602],[-119.25228,34.45605],[-119.2522,34.4561],[-119.25205,34.45621],[-119.25199,34.45627]]}},{"type":"Feature","properties":{"name":"Vista Hermosa Drive","t":1},"geometry":{"type":"LineString","coordinates":[[-119.25414,34.45815],[-119.25401,34.45811],[-119.25323,34.45784],[-119.2531,34.45779],[-119.25282,34.4577],[-119.2526,34.45764],[-119.25242,34.45761],[-119.25235,34.45761],[-119.25211,34.45762],[-119.25202,34.45763],[-119.25195,34.45763]]}},{"type":"Feature","properties":{"name":"Foothill Road","t":1},"geometry":{"type":"LineString","coordinates":[[-119.25612,34.45495],[-119.25616,34.45509],[-119.25617,34.45517],[-119.25619,34.45549],[-119.25621,34.45578],[-119.25625,34.45637],[-119.2563,34.45698],[-119.25632,34.45746],[-119.25632,34.45767],[-119.25631,34.45771],[-119.25629,34.45785],[-119.25623,34.45802],[-119.25616,34.45822]]}},{"type":"Feature","properties":{"name":"Palomar Lane","t":0},"geometry":{"type":"LineString","coordinates":[[-119.25904,34.45626],[-119.25888,34.45645],[-119.2588,34.45654],[-119.2587,34.45661],[-119.25863,34.45666],[-119.25856,34.45668],[-119.25849,34.45669],[-119.25842,34.45669],[-119.25831,34.45669],[-119.25816,34.45667],[-119.25803,34.45665],[-119.25796,34.45664]]}},{"type":"Feature","properties":{"name":"Foothill Lane","t":1},"geometry":{"type":"LineString","coordinates":[[-119.25868,34.45464],[-119.25849,34.45467],[-119.25838,34.45469],[-119.25826,34.45471],[-119.2579,34.45481],[-119.25779,34.45483],[-119.25765,34.45484],[-119.25754,34.45484],[-119.25735,34.45484],[-119.25688,34.4548],[-119.25674,34.45482],[-119.25657,34.45486],[-119.2564,34.4549],[-119.25622,34.45494],[-119.25612,34.45495]]}},{"type":"Feature","properties":{"name":"El Camino Road","t":1},"geometry":{"type":"LineString","coordinates":[[-119.25698,34.45252],[-119.25697,34.45262],[-119.25695,34.45272],[-119.25695,34.45279],[-119.25694,34.45285],[-119.25696,34.45296],[-119.25699,34.45307],[-119.25704,34.45319],[-119.25708,34.45326],[-119.25709,34.45327],[-119.25714,34.45333],[-119.25722,34.45337],[-119.25733,34.45338],[-119.25754,34.45337],[-119.25778,34.45336],[-119.25801,34.45338],[-119.25824,34.45341],[-119.25829,34.45341],[-119.25837,34.45342],[-119.25849,34.4534],[-119.25855,34.45339],[-119.25866,34.45335]]}},{"type":"Feature","properties":{"name":"Del Norte Road","t":1},"geometry":{"type":"LineString","coordinates":[[-119.2604,34.45162],[-119.2604,34.45211],[-119.2604,34.4522],[-119.2604,34.45243],[-119.26041,34.45269],[-119.26041,34.45288],[-119.26041,34.4529],[-119.26044,34.45308],[-119.26047,34.45328],[-119.2605,34.45343],[-119.26051,34.45357],[-119.26045,34.45398],[-119.26042,34.45419],[-119.26041,34.4543],[-119.26039,34.45444],[-119.26039,34.45454],[-119.26044,34.4547],[-119.26045,34.45472],[-119.26047,34.45483],[-119.26049,34.45494],[-119.26048,34.45511],[-119.26046,34.4552],[-119.26045,34.45522],[-119.26045,34.45532],[-119.26043,34.45556],[-119.26041,34.45575],[-119.26041,34.45577],[-119.26041,34.45599],[-119.26041,34.45607],[-119.26039,34.45651],[-119.26039,34.45674],[-119.26039,34.45698]]}},{"type":"Feature","properties":{"name":"Fairview Road","t":1},"geometry":{"type":"LineString","coordinates":[[-119.27567,34.45637],[-119.27456,34.45631],[-119.27439,34.45631],[-119.27413,34.45634],[-119.27405,34.45635],[-119.27399,34.45637],[-119.27377,34.45646],[-119.27342,34.45662],[-119.27185,34.45738],[-119.27174,34.45743],[-119.27128,34.45768],[-119.27118,34.45773],[-119.27113,34.45777],[-119.27107,34.45782],[-119.27098,34.45791],[-119.27083,34.45806],[-119.27071,34.45815],[-119.27064,34.45819],[-119.27037,34.45823],[-119.26913,34.45823],[-119.26881,34.45822],[-119.26859,34.4582],[-119.26825,34.45815],[-119.26805,34.45812],[-119.26794,34.4581],[-119.26777,34.45804],[-119.26776,34.45804],[-119.26767,34.45801]]}},{"type":"Feature","properties":{"name":"Meiners Road","t":1},"geometry":{"type":"LineString","coordinates":[[-119.27228,34.45124],[-119.27224,34.45133],[-119.27224,34.4514],[-119.27229,34.45147],[-119.27236,34.45156],[-119.2727,34.45196],[-119.27273,34.45199],[-119.2733,34.45267],[-119.27336,34.45276],[-119.27375,34.45342],[-119.27365,34.45349],[-119.27356,34.45354],[-119.27334,34.45363],[-119.27304,34.45371],[-119.27285,34.45376],[-119.2727,34.45379],[-119.2725,34.45382],[-119.27236,34.45383],[-119.27215,34.45385],[-119.27199,34.4539],[-119.27192,34.45392],[-119.27178,34.454],[-119.27171,34.45403],[-119.27164,34.4541],[-119.27157,34.45418],[-119.27146,34.45431],[-119.27137,34.4544],[-119.27131,34.45445],[-119.27123,34.4545],[-119.27113,34.45456],[-119.27083,34.4547],[-119.27078,34.45472],[-119.27075,34.45475],[-119.27056,34.45485],[-119.27004,34.45506],[-119.26994,34.4551],[-119.26939,34.4553],[-119.26924,34.45532]]}},{"type":"Feature","properties":{"name":"Rancho Court","t":1},"geometry":{"type":"LineString","coordinates":[[-119.2675,34.45184],[-119.26754,34.45189],[-119.2676,34.45192],[-119.26769,34.45195],[-119.26781,34.45197],[-119.26785,34.45198],[-119.2681,34.45203],[-119.26817,34.45206],[-119.26822,34.45209],[-119.26827,34.45213],[-119.26829,34.45215],[-119.2683,34.45217],[-119.2683,34.4522],[-119.26831,34.45227],[-119.2683,34.45251],[-119.26829,34.45267],[-119.26827,34.45273],[-119.26821,34.45281],[-119.26808,34.45294]]}},{"type":"Feature","properties":{"name":"Montona Circle","t":1},"geometry":{"type":"LineString","coordinates":[[-119.26854,34.45008],[-119.26845,34.45014],[-119.26836,34.45017],[-119.2683,34.45019],[-119.26822,34.45021],[-119.26818,34.45021],[-119.26812,34.45021],[-119.26805,34.45021],[-119.26793,34.45018],[-119.26741,34.45005],[-119.26725,34.45001],[-119.26671,34.44987],[-119.26666,34.44986],[-119.26649,34.44982],[-119.26639,34.44978],[-119.26634,34.44976],[-119.26629,34.44973],[-119.26626,34.44971],[-119.26622,34.44966],[-119.26619,34.44961],[-119.26614,34.44953],[-119.26611,34.44946],[-119.26609,34.44935],[-119.26611,34.44928],[-119.26613,34.44924],[-119.26616,34.44919],[-119.26619,34.44917],[-119.26624,34.44913],[-119.26629,34.44911],[-119.26636,34.4491],[-119.26641,34.4491],[-119.26649,34.4491],[-119.26656,34.44912],[-119.26667,34.44914],[-119.26675,34.44913],[-119.26684,34.44913],[-119.26705,34.44909],[-119.26743,34.44903],[-119.26788,34.44896],[-119.26791,34.44895],[-119.26816,34.44892],[-119.26825,34.44893],[-119.2684,34.44895],[-119.26851,34.44897],[-119.26858,34.44898],[-119.269,34.44911]]}},{"type":"Feature","properties":{"name":"Verano Drive","t":1},"geometry":{"type":"LineString","coordinates":[[-119.26612,34.44598],[-119.26592,34.44657],[-119.26584,34.44682],[-119.26579,34.44697]]}},{"type":"Feature","properties":{"name":"Cuyama Road","t":1},"geometry":{"type":"LineString","coordinates":[[-119.26612,34.44598],[-119.26671,34.44612],[-119.26708,34.44622],[-119.26719,34.44625],[-119.26734,34.44628],[-119.26767,34.44637],[-119.26769,34.44637],[-119.26789,34.44642],[-119.26842,34.44654],[-119.26981,34.4469]]}},{"type":"Feature","properties":{"name":"Montana Road","t":1},"geometry":{"type":"LineString","coordinates":[[-119.26981,34.4469],[-119.26966,34.44734],[-119.26959,34.4475],[-119.26954,34.44764],[-119.26949,34.44776],[-119.26941,34.448],[-119.26929,34.44834],[-119.269,34.44911]]}},{"type":"Feature","properties":{"name":"Cuyama Road","t":1},"geometry":{"type":"LineString","coordinates":[[-119.27049,34.44706],[-119.27089,34.44715]]}},{"type":"Feature","properties":{"name":"Cuyama Road","t":1},"geometry":{"type":"LineString","coordinates":[[-119.26981,34.4469],[-119.27049,34.44706]]}},{"type":"Feature","properties":{"name":"","t":3},"geometry":{"type":"LineString","coordinates":[[-119.27058,34.44662],[-119.27058,34.44668],[-119.27065,34.44689],[-119.27065,34.44694],[-119.27062,34.44699],[-119.27058,34.44703],[-119.27049,34.44706]]}},{"type":"Feature","properties":{"name":"Maricopa Highway","t":3},"geometry":{"type":"LineString","coordinates":[[-119.27058,34.44662],[-119.27061,34.44666],[-119.27081,34.44705],[-119.27089,34.44715]]}},{"type":"Feature","properties":{"name":"Saint Thomas Drive","t":1},"geometry":{"type":"LineString","coordinates":[[-119.27153,34.44731],[-119.27163,34.44703],[-119.27181,34.44655],[-119.27192,34.44625]]}},{"type":"Feature","properties":{"name":"East el Roblar Drive","t":1},"geometry":{"type":"LineString","coordinates":[[-119.27089,34.44715],[-119.27153,34.44731]]}},{"type":"Feature","properties":{"name":"Rancho Drive","t":1},"geometry":{"type":"LineString","coordinates":[[-119.27089,34.44715],[-119.27083,34.44734],[-119.27048,34.44832],[-119.27012,34.44939],[-119.2698,34.45033]]}},{"type":"Feature","properties":{"name":"Maricopa Highway","t":3},"geometry":{"type":"LineString","coordinates":[[-119.2722,34.45015],[-119.27206,34.44987],[-119.27157,34.44882],[-119.27104,34.44752],[-119.27099,34.4474],[-119.27094,34.44728],[-119.27089,34.44715]]}},{"type":"Feature","properties":{"name":"","t":1},"geometry":{"type":"LineString","coordinates":[[-119.269,34.44911],[-119.2696,34.44926],[-119.26965,34.44927],[-119.26976,34.4493],[-119.27012,34.44939]]}},{"type":"Feature","properties":{"name":"Montona Circle","t":1},"geometry":{"type":"LineString","coordinates":[[-119.269,34.44911],[-119.26886,34.44949],[-119.26877,34.44978],[-119.26872,34.44988],[-119.26865,34.44999],[-119.26854,34.45008]]}},{"type":"Feature","properties":{"name":"Rancho Drive","t":1},"geometry":{"type":"LineString","coordinates":[[-119.2698,34.45033],[-119.26963,34.45032],[-119.26955,34.45035],[-119.2695,34.4504],[-119.26945,34.45047],[-119.26943,34.45049],[-119.2694,34.45052],[-119.26936,34.45055],[-119.2693,34.4506],[-119.26917,34.45065],[-119.2689,34.45072],[-119.26864,34.45082],[-119.26847,34.45092],[-119.26828,34.45107],[-119.26819,34.45117],[-119.26807,34.45132],[-119.26801,34.45144],[-119.268,34.45145],[-119.26797,34.4515],[-119.26786,34.45163],[-119.26769,34.45174],[-119.2675,34.45184]]}},{"type":"Feature","properties":{"name":"Meiners Road","t":1},"geometry":{"type":"LineString","coordinates":[[-119.27228,34.45124],[-119.27195,34.45112],[-119.27165,34.45102],[-119.27138,34.45092],[-119.27133,34.45091],[-119.27114,34.45083],[-119.27084,34.45073],[-119.27001,34.45042],[-119.2698,34.45033]]}},{"type":"Feature","properties":{"name":"Maricopa Highway","t":3},"geometry":{"type":"LineString","coordinates":[[-119.273,34.45131],[-119.27284,34.45116],[-119.27271,34.451],[-119.27259,34.45086],[-119.27251,34.45074],[-119.27247,34.45067],[-119.2724,34.45055],[-119.2722,34.45015]]}},{"type":"Feature","properties":{"name":"Meiners Road","t":1},"geometry":{"type":"LineString","coordinates":[[-119.273,34.45131],[-119.27292,34.45136],[-119.27283,34.45138],[-119.27276,34.45138],[-119.27254,34.45132],[-119.27228,34.45124]]}},{"type":"Feature","properties":{"name":"Maricopa Highway","t":3},"geometry":{"type":"LineString","coordinates":[[-119.27461,34.45213],[-119.27433,34.45203],[-119.2741,34.45194],[-119.27391,34.45186],[-119.27374,34.45178],[-119.2736,34.45171],[-119.27342,34.45161],[-119.27326,34.45152],[-119.273,34.45131]]}},{"type":"Feature","properties":{"name":"Sycamore Lane","t":0},"geometry":{"type":"LineString","coordinates":[[-119.2734,34.4505],[-119.27404,34.45066],[-119.27526,34.45096]]}},{"type":"Feature","properties":{"name":"Ash Lane","t":0},"geometry":{"type":"LineString","coordinates":[[-119.27479,34.45193],[-119.27488,34.45173],[-119.27508,34.45148],[-119.27516,34.45124],[-119.27526,34.45096],[-119.27542,34.45048],[-119.27356,34.45002]]}},{"type":"Feature","properties":{"name":"Juniper Lane","t":0},"geometry":{"type":"LineString","coordinates":[[-119.27396,34.45086],[-119.27405,34.45092],[-119.27426,34.45101],[-119.27516,34.45124]]}},{"type":"Feature","properties":{"name":"Ash Lane","t":0},"geometry":{"type":"LineString","coordinates":[[-119.27359,34.44991],[-119.27356,34.45002],[-119.2734,34.4505],[-119.27328,34.45089],[-119.2733,34.45096],[-119.27332,34.45102],[-119.27337,34.45108],[-119.27346,34.45114],[-119.27359,34.45123],[-119.27381,34.45136],[-119.27399,34.45143],[-119.2741,34.45148],[-119.27488,34.45173]]}},{"type":"Feature","properties":{"name":"Juniper Lane","t":0},"geometry":{"type":"LineString","coordinates":[[-119.27404,34.45066],[-119.27396,34.45086]]}},{"type":"Feature","properties":{"name":"Larry Street","t":1},"geometry":{"type":"LineString","coordinates":[[-119.27296,34.44984],[-119.273,34.44971]]}},{"type":"Feature","properties":{"name":"Larry Street","t":1},"geometry":{"type":"LineString","coordinates":[[-119.27269,34.45067],[-119.27285,34.45017]]}},{"type":"Feature","properties":{"name":"Larry Street","t":1},"geometry":{"type":"LineString","coordinates":[[-119.27285,34.45017],[-119.27296,34.44984]]}},{"type":"Feature","properties":{"name":"Ann Marie Street","t":1},"geometry":{"type":"LineString","coordinates":[[-119.27285,34.45017],[-119.2726,34.45012],[-119.27253,34.4501],[-119.27245,34.4501],[-119.27233,34.45012],[-119.2722,34.45015]]}},{"type":"Feature","properties":{"name":"Earl Street","t":1},"geometry":{"type":"LineString","coordinates":[[-119.27296,34.44984],[-119.27229,34.44969]]}},{"type":"Feature","properties":{"name":"","t":1},"geometry":{"type":"LineString","coordinates":[[-119.27232,34.44896],[-119.27227,34.44896]]}},{"type":"Feature","properties":{"name":"","t":1},"geometry":{"type":"LineString","coordinates":[[-119.27227,34.44896],[-119.27224,34.44898],[-119.27222,34.44901],[-119.27221,34.44904],[-119.27221,34.44908],[-119.27223,34.4491],[-119.27227,34.44912],[-119.27231,34.44913],[-119.27234,34.44913],[-119.27238,34.44911],[-119.2724,34.44909],[-119.27242,34.44906],[-119.27241,34.44902],[-119.2724,34.449],[-119.27238,34.44898],[-119.27235,34.44896],[-119.27232,34.44896]]}},{"type":"Feature","properties":{"name":"","t":1},"geometry":{"type":"LineString","coordinates":[[-119.27275,34.44761],[-119.27261,34.44801],[-119.27256,34.44811],[-119.27251,34.44818],[-119.27248,34.44824],[-119.27245,34.44835],[-119.27242,34.44853],[-119.2724,34.44859],[-119.27232,34.44876],[-119.27227,34.44884],[-119.27226,34.44887],[-119.27227,34.44893],[-119.27227,34.44896]]}},{"type":"Feature","properties":{"name":"East el Roblar Drive","t":1},"geometry":{"type":"LineString","coordinates":[[-119.27153,34.44731],[-119.27173,34.44736],[-119.27275,34.44761]]}},{"type":"Feature","properties":{"name":"","t":1},"geometry":{"type":"LineString","coordinates":[[-119.27394,34.44637],[-119.2736,34.44629]]}},{"type":"Feature","properties":{"name":"Stockbridge Lane","t":1},"geometry":{"type":"LineString","coordinates":[[-119.27483,34.44661],[-119.27394,34.44637]]}},{"type":"Feature","properties":{"name":"Canterbury Court","t":1},"geometry":{"type":"LineString","coordinates":[[-119.27483,34.44661],[-119.27459,34.44734]]}},{"type":"Feature","properties":{"name":"Stockbridge Lane","t":1},"geometry":{"type":"LineString","coordinates":[[-119.2758,34.44686],[-119.27483,34.44661]]}},{"type":"Feature","properties":{"name":"East el Roblar Drive","t":1},"geometry":{"type":"LineString","coordinates":[[-119.27275,34.44761],[-119.27317,34.44771],[-119.27342,34.44777],[-119.27364,34.44782],[-119.2743,34.44798],[-119.27445,34.44802],[-119.27457,34.44805],[-119.27474,34.44809],[-119.2749,34.44814],[-119.27495,34.44815],[-119.27513,34.44819]]}},{"type":"Feature","properties":{"name":"Felix Drive","t":1},"geometry":{"type":"LineString","coordinates":[[-119.27513,34.44819],[-119.27505,34.4484],[-119.27473,34.44928],[-119.27475,34.44941]]}},{"type":"Feature","properties":{"name":"West el Roblar Drive","t":1},"geometry":{"type":"LineString","coordinates":[[-119.27633,34.4485],[-119.27642,34.44852],[-119.27727,34.44872]]}},{"type":"Feature","properties":{"name":"South Lomita Avenue","t":2},"geometry":{"type":"LineString","coordinates":[[-119.27682,34.4471],[-119.27638,34.44835],[-119.27635,34.44843],[-119.27634,34.44844],[-119.27633,34.4485]]}},{"type":"Feature","properties":{"name":"East el Roblar Drive","t":1},"geometry":{"type":"LineString","coordinates":[[-119.27513,34.44819],[-119.27529,34.44823],[-119.27548,34.44828],[-119.27593,34.44839],[-119.27604,34.44842],[-119.27623,34.44847],[-119.27633,34.4485]]}},{"type":"Feature","properties":{"name":"Chesshire Court","t":1},"geometry":{"type":"LineString","coordinates":[[-119.2758,34.44686],[-119.27567,34.44722],[-119.27554,34.44757]]}},{"type":"Feature","properties":{"name":"Stockbridge Lane","t":1},"geometry":{"type":"LineString","coordinates":[[-119.27682,34.4471],[-119.2758,34.44686]]}},{"type":"Feature","properties":{"name":"South Lomita Avenue","t":2},"geometry":{"type":"LineString","coordinates":[[-119.27696,34.44671],[-119.27682,34.4471]]}},{"type":"Feature","properties":{"name":"Mesa Drive","t":1},"geometry":{"type":"LineString","coordinates":[[-119.27696,34.44671],[-119.27744,34.44682],[-119.27788,34.44692]]}},{"type":"Feature","properties":{"name":"South Padre Juan Avenue","t":1},"geometry":{"type":"LineString","coordinates":[[-119.27929,34.44579],[-119.2788,34.44715]]}},{"type":"Feature","properties":{"name":"Mesa Drive","t":1},"geometry":{"type":"LineString","coordinates":[[-119.27788,34.44692],[-119.2788,34.44715]]}},{"type":"Feature","properties":{"name":"South Padre Juan Avenue","t":1},"geometry":{"type":"LineString","coordinates":[[-119.2788,34.44715],[-119.27821,34.4489],[-119.27819,34.44895]]}},{"type":"Feature","properties":{"name":"South Pueblo Avenue","t":1},"geometry":{"type":"LineString","coordinates":[[-119.27788,34.44692],[-119.27729,34.44866],[-119.27728,34.44867],[-119.27727,34.44872]]}},{"type":"Feature","properties":{"name":"West el Roblar Drive","t":1},"geometry":{"type":"LineString","coordinates":[[-119.27727,34.44872],[-119.27819,34.44895]]}},{"type":"Feature","properties":{"name":"West el Roblar Drive","t":1},"geometry":{"type":"LineString","coordinates":[[-119.27819,34.44895],[-119.27909,34.44916]]}},{"type":"Feature","properties":{"name":"North Encinal Avenue","t":1},"geometry":{"type":"LineString","coordinates":[[-119.27909,34.44916],[-119.27906,34.44923],[-119.27844,34.45096]]}},{"type":"Feature","properties":{"name":"North Padre Juan Avenue","t":1},"geometry":{"type":"LineString","coordinates":[[-119.27819,34.44895],[-119.27817,34.44901],[-119.27809,34.44918],[-119.27751,34.45073]]}},{"type":"Feature","properties":{"name":"North Pueblo Avenue","t":1},"geometry":{"type":"LineString","coordinates":[[-119.27727,34.44872],[-119.27723,34.44881],[-119.27664,34.4505]]}},{"type":"Feature","properties":{"name":"North Lomita Avenue","t":2},"geometry":{"type":"LineString","coordinates":[[-119.27633,34.4485],[-119.2763,34.44858],[-119.27594,34.44957],[-119.27593,34.44966],[-119.27606,34.45038]]}},{"type":"Feature","properties":{"name":"Fernando Street","t":1},"geometry":{"type":"LineString","coordinates":[[-119.27606,34.45038],[-119.27664,34.4505]]}},{"type":"Feature","properties":{"name":"Fernando Street","t":1},"geometry":{"type":"LineString","coordinates":[[-119.27664,34.4505],[-119.27701,34.4506]]}},{"type":"Feature","properties":{"name":"Fernando Street","t":1},"geometry":{"type":"LineString","coordinates":[[-119.27701,34.4506],[-119.27728,34.45067],[-119.27751,34.45073]]}},{"type":"Feature","properties":{"name":"North Pueblo Avenue","t":1},"geometry":{"type":"LineString","coordinates":[[-119.27701,34.4506],[-119.27708,34.45113],[-119.27711,34.4515],[-119.27713,34.45165],[-119.27713,34.45179]]}},{"type":"Feature","properties":{"name":"North Lomita Avenue","t":2},"geometry":{"type":"LineString","coordinates":[[-119.27606,34.45038],[-119.2761,34.4507],[-119.27614,34.45109],[-119.27617,34.45133],[-119.27619,34.4516],[-119.27622,34.45183],[-119.27622,34.45192],[-119.27621,34.452],[-119.27617,34.45209],[-119.27611,34.4522]]}},{"type":"Feature","properties":{"name":"North Padre Juan Avenue","t":1},"geometry":{"type":"LineString","coordinates":[[-119.27713,34.45179],[-119.2771,34.4519],[-119.27701,34.4522],[-119.277,34.45226]]}},{"type":"Feature","properties":{"name":"North Encinal Avenue","t":1},"geometry":{"type":"LineString","coordinates":[[-119.27844,34.45096],[-119.27795,34.45232],[-119.27765,34.45312]]}},{"type":"Feature","properties":{"name":"North Padre Juan Avenue","t":1},"geometry":{"type":"LineString","coordinates":[[-119.27751,34.45073],[-119.2772,34.45161],[-119.27713,34.45179]]}},{"type":"Feature","properties":{"name":"Fernando Street","t":1},"geometry":{"type":"LineString","coordinates":[[-119.27751,34.45073],[-119.27844,34.45096]]}},{"type":"Feature","properties":{"name":"Fernando Street","t":1},"geometry":{"type":"LineString","coordinates":[[-119.27844,34.45096],[-119.27938,34.45118]]}},{"type":"Feature","properties":{"name":"North Alvarado Street","t":1},"geometry":{"type":"LineString","coordinates":[[-119.27938,34.45118],[-119.27934,34.4513],[-119.27896,34.45229],[-119.27872,34.45293],[-119.27848,34.45367],[-119.27843,34.45381],[-119.27841,34.45385],[-119.27838,34.45389],[-119.27835,34.45393],[-119.2783,34.45396]]}},{"type":"Feature","properties":{"name":"El Conejo Drive","t":1},"geometry":{"type":"LineString","coordinates":[[-119.277,34.45226],[-119.27702,34.45232],[-119.27705,34.45236],[-119.27714,34.45247],[-119.27745,34.45286],[-119.27765,34.45312]]}},{"type":"Feature","properties":{"name":"El Conejo Drive","t":1},"geometry":{"type":"LineString","coordinates":[[-119.27765,34.45312],[-119.27781,34.45332],[-119.2783,34.45396]]}},{"type":"Feature","properties":{"name":"North Arnaz Street","t":1},"geometry":{"type":"LineString","coordinates":[[-119.27907,34.45486],[-119.27902,34.45489]]}},{"type":"Feature","properties":{"name":"El Conejo Drive","t":1},"geometry":{"type":"LineString","coordinates":[[-119.2783,34.45396],[-119.27902,34.45489]]}},{"type":"Feature","properties":{"name":"Maricopa Highway","t":3},"geometry":{"type":"LineString","coordinates":[[-119.27741,34.45448],[-119.27759,34.45471],[-119.27787,34.4551],[-119.27808,34.45543]]}},{"type":"Feature","properties":{"name":"North Alvarado Street","t":1},"geometry":{"type":"LineString","coordinates":[[-119.2783,34.45396],[-119.27813,34.45408],[-119.27786,34.45422],[-119.27772,34.45429],[-119.27756,34.45438],[-119.27741,34.45448]]}},{"type":"Feature","properties":{"name":"Maricopa Highway","t":3},"geometry":{"type":"LineString","coordinates":[[-119.2758,34.45268],[-119.27588,34.45274],[-119.276,34.45283],[-119.27609,34.45291],[-119.27626,34.45307],[-119.27634,34.45315],[-119.27664,34.45351],[-119.27684,34.45376],[-119.27731,34.45436],[-119.27741,34.45448]]}},{"type":"Feature","properties":{"name":"El Conejo Drive","t":1},"geometry":{"type":"LineString","coordinates":[[-119.27611,34.4522],[-119.2763,34.45223],[-119.27675,34.45224],[-119.277,34.45226]]}},{"type":"Feature","properties":{"name":"North Lomita Avenue","t":2},"geometry":{"type":"LineString","coordinates":[[-119.27611,34.4522],[-119.27595,34.45248],[-119.27587,34.45259],[-119.2758,34.45268]]}},{"type":"Feature","properties":{"name":"Maricopa Highway","t":3},"geometry":{"type":"LineString","coordinates":[[-119.27461,34.45213],[-119.27479,34.4522],[-119.27491,34.45225],[-119.27501,34.45229],[-119.27524,34.45239],[-119.27556,34.45254],[-119.2758,34.45268]]}},{"type":"Feature","properties":{"name":"Meiners Road","t":0},"geometry":{"type":"LineString","coordinates":[[-119.27375,34.45342],[-119.27382,34.45352],[-119.27393,34.45368],[-119.27419,34.45407],[-119.27435,34.45437],[-119.27438,34.45441],[-119.27451,34.45458],[-119.27468,34.4548],[-119.27474,34.45483],[-119.27478,34.45496],[-119.27479,34.45506],[-119.2748,34.45512],[-119.27489,34.45516],[-119.27495,34.45518],[-119.27491,34.45524],[-119.27484,34.45524],[-119.2748,34.4552],[-119.27481,34.45516]]}},{"type":"Feature","properties":{"name":"Meiners Road","t":0},"geometry":{"type":"LineString","coordinates":[[-119.27481,34.45516],[-119.2748,34.45512]]}},{"type":"Feature","properties":{"name":"","t":1},"geometry":{"type":"LineString","coordinates":[[-119.27561,34.45691],[-119.27569,34.45691],[-119.27576,34.45688],[-119.27581,34.4568],[-119.276,34.45654],[-119.27612,34.4564]]}},{"type":"Feature","properties":{"name":"","t":1},"geometry":{"type":"LineString","coordinates":[[-119.27567,34.45637],[-119.27559,34.45659],[-119.27555,34.45674],[-119.27553,34.45683],[-119.27557,34.45689],[-119.27561,34.45691]]}},{"type":"Feature","properties":{"name":"Fairview Road","t":1},"geometry":{"type":"LineString","coordinates":[[-119.27612,34.4564],[-119.27567,34.45637]]}},{"type":"Feature","properties":{"name":"Fairview Road","t":1},"geometry":{"type":"LineString","coordinates":[[-119.2783,34.4565],[-119.2782,34.4565],[-119.27762,34.45648],[-119.27647,34.45642],[-119.27612,34.4564]]}},{"type":"Feature","properties":{"name":"Maricopa Highway","t":3},"geometry":{"type":"LineString","coordinates":[[-119.27808,34.45543],[-119.27816,34.45562],[-119.27821,34.45577],[-119.27826,34.45596],[-119.27829,34.45615],[-119.2783,34.45637],[-119.2783,34.4565]]}},{"type":"Feature","properties":{"name":"North Arnaz Street","t":1},"geometry":{"type":"LineString","coordinates":[[-119.27902,34.45489],[-119.27878,34.45503],[-119.27808,34.45543]]}},{"type":"Feature","properties":{"name":"North La Luna Avenue","t":1},"geometry":{"type":"LineString","coordinates":[[-119.27853,34.45635],[-119.27925,34.45593],[-119.27964,34.45571]]}},{"type":"Feature","properties":{"name":"North La Luna Avenue","t":1},"geometry":{"type":"LineString","coordinates":[[-119.2783,34.4565],[-119.27838,34.4564],[-119.27846,34.45639],[-119.27853,34.45635]]}},{"type":"Feature","properties":{"name":"","t":1},"geometry":{"type":"LineString","coordinates":[[-119.27866,34.45646],[-119.27862,34.45644],[-119.27856,34.45639],[-119.27853,34.45635]]}},{"type":"Feature","properties":{"name":"Fairview Road","t":1},"geometry":{"type":"LineString","coordinates":[[-119.2783,34.4565],[-119.27839,34.45647],[-119.27858,34.45647],[-119.27866,34.45646]]}},{"type":"Feature","properties":{"name":"Fairview Road","t":1},"geometry":{"type":"LineString","coordinates":[[-119.28387,34.4567],[-119.28382,34.45669],[-119.28333,34.45666],[-119.28262,34.45662],[-119.28165,34.45657],[-119.28121,34.45655],[-119.28117,34.45655],[-119.28039,34.45651],[-119.27961,34.45647],[-119.27921,34.45646],[-119.27866,34.45646]]}},{"type":"Feature","properties":{"name":"El Conejo Drive","t":1},"geometry":{"type":"LineString","coordinates":[[-119.27902,34.45489],[-119.27911,34.45502],[-119.27924,34.45517],[-119.27939,34.45537],[-119.27951,34.45552],[-119.27952,34.45553],[-119.27962,34.45568],[-119.27964,34.45571]]}},{"type":"Feature","properties":{"name":"North Arnaz Street","t":1},"geometry":{"type":"LineString","coordinates":[[-119.28046,34.45381],[-119.28037,34.45408],[-119.28033,34.45415],[-119.28028,34.45423],[-119.28022,34.45429],[-119.28008,34.45435],[-119.27966,34.45457],[-119.27959,34.4546],[-119.27907,34.45486]]}},{"type":"Feature","properties":{"name":"North Poli Street","t":1},"geometry":{"type":"LineString","coordinates":[[-119.28031,34.45141],[-119.28007,34.45202],[-119.27936,34.45396],[-119.27907,34.45486]]}},{"type":"Feature","properties":{"name":"North Arnaz Street","t":1},"geometry":{"type":"LineString","coordinates":[[-119.2812,34.45164],[-119.28101,34.45222],[-119.28081,34.45282],[-119.28065,34.45327],[-119.28046,34.45381]]}},{"type":"Feature","properties":{"name":"Carrizo Street","t":1},"geometry":{"type":"LineString","coordinates":[[-119.28252,34.45196],[-119.28233,34.45257],[-119.28225,34.45286],[-119.28211,34.45294],[-119.28192,34.45306],[-119.28178,34.45312],[-119.28046,34.45381]]}},{"type":"Feature","properties":{"name":"North La Luna Avenue","t":1},"geometry":{"type":"LineString","coordinates":[[-119.27964,34.45571],[-119.27981,34.45561],[-119.28011,34.45542],[-119.28014,34.4554],[-119.28106,34.45474],[-119.28115,34.45467],[-119.28128,34.45458],[-119.28144,34.45447],[-119.28164,34.45435],[-119.28231,34.45399],[-119.28255,34.45385],[-119.28264,34.45379],[-119.2827,34.45374],[-119.28279,34.45363],[-119.28282,34.45359],[-119.28286,34.45351],[-119.28289,34.45345],[-119.28301,34.45307],[-119.28305,34.45296],[-119.28313,34.45267],[-119.28329,34.45214]]}},{"type":"Feature","properties":{"name":"Devereaux Street","t":1},"geometry":{"type":"LineString","coordinates":[[-119.28334,34.45197],[-119.28344,34.452],[-119.28387,34.45208],[-119.28403,34.45211],[-119.28427,34.45215],[-119.2845,34.4522],[-119.28532,34.45235],[-119.28625,34.45253]]}},{"type":"Feature","properties":{"name":"North Rice Road","t":1},"geometry":{"type":"LineString","coordinates":[[-119.28625,34.45253],[-119.28595,34.45288],[-119.28581,34.45304],[-119.28541,34.45348],[-119.28533,34.45359],[-119.28508,34.45393],[-119.28493,34.4542],[-119.28487,34.45429],[-119.28457,34.45479],[-119.28435,34.45509],[-119.28417,34.45533],[-119.28401,34.45554],[-119.28398,34.4556],[-119.28395,34.45566],[-119.28393,34.45575],[-119.28392,34.45588]]}},{"type":"Feature","properties":{"name":"Dominion Road","t":1},"geometry":{"type":"LineString","coordinates":[[-119.28275,34.45577],[-119.28284,34.45577],[-119.28319,34.45582],[-119.28392,34.45588]]}},{"type":"Feature","properties":{"name":"North Rice Road","t":1},"geometry":{"type":"LineString","coordinates":[[-119.28392,34.45588],[-119.28387,34.4567]]}},{"type":"Feature","properties":{"name":"North Rice Road","t":1},"geometry":{"type":"LineString","coordinates":[[-119.28387,34.4567],[-119.28391,34.45671],[-119.28396,34.45675],[-119.284,34.45678],[-119.28404,34.45682],[-119.28407,34.45687],[-119.2841,34.45694],[-119.28415,34.45722],[-119.28428,34.4577],[-119.28437,34.45847],[-119.28442,34.45863],[-119.28447,34.45877]]}},{"type":"Feature","properties":{"name":"North Rice Road","t":1},"geometry":{"type":"LineString","coordinates":[[-119.28714,34.45097],[-119.28713,34.45111],[-119.28711,34.45123],[-119.28707,34.45134],[-119.28701,34.45152],[-119.28689,34.45176],[-119.28679,34.4519],[-119.28671,34.452],[-119.28658,34.45217],[-119.28648,34.45228],[-119.28638,34.45239],[-119.28625,34.45253]]}},{"type":"Feature","properties":{"name":"South Rice Road","t":2},"geometry":{"type":"LineString","coordinates":[[-119.28986,34.44623],[-119.2898,34.44627],[-119.28959,34.44636],[-119.2895,34.44641],[-119.28942,34.44646],[-119.2893,34.44653],[-119.28917,34.44661],[-119.28909,34.44667],[-119.28904,34.44675],[-119.28898,34.44681],[-119.28896,34.44686],[-119.28892,34.44693],[-119.28878,34.44718],[-119.28869,34.4473],[-119.28844,34.44765],[-119.28841,34.44771],[-119.28838,34.44777],[-119.28823,34.44809],[-119.28817,34.44819],[-119.28812,34.44825],[-119.28807,34.44833],[-119.28796,34.44844],[-119.28776,34.44862],[-119.28748,34.44887],[-119.28739,34.44897],[-119.28734,34.44904],[-119.28729,34.44914],[-119.28728,34.44921],[-119.28726,34.44929],[-119.28726,34.44939],[-119.28728,34.44973],[-119.28727,34.44993],[-119.28725,34.45012],[-119.28715,34.45053],[-119.28713,34.4507],[-119.28714,34.45097]]}},{"type":"Feature","properties":{"name":"South La Luna Avenue","t":2},"geometry":{"type":"LineString","coordinates":[[-119.28549,34.44487],[-119.28525,34.44558],[-119.28492,34.4465],[-119.28462,34.44737],[-119.28458,34.44751],[-119.28455,34.44765],[-119.28448,34.44791],[-119.28436,34.44832],[-119.28428,34.44859],[-119.28412,34.44922],[-119.28407,34.4494],[-119.28384,34.45023],[-119.28381,34.45032]]}},{"type":"Feature","properties":{"name":"Mesa Drive","t":1},"geometry":{"type":"LineString","coordinates":[[-119.28249,34.44805],[-119.28263,34.44808],[-119.2835,34.44832]]}},{"type":"Feature","properties":{"name":"West el Roblar Drive","t":1},"geometry":{"type":"LineString","coordinates":[[-119.28381,34.45032],[-119.28389,34.45034],[-119.28449,34.45046],[-119.28491,34.45054],[-119.28536,34.45063],[-119.28562,34.45068],[-119.28585,34.45072],[-119.28601,34.45075],[-119.28644,34.45084],[-119.28714,34.45097]]}},{"type":"Feature","properties":{"name":"North La Luna Avenue","t":1},"geometry":{"type":"LineString","coordinates":[[-119.28329,34.45214],[-119.28334,34.45197]]}},{"type":"Feature","properties":{"name":"Fernando Street","t":1},"geometry":{"type":"LineString","coordinates":[[-119.28252,34.45196],[-119.28264,34.45199],[-119.28323,34.45213],[-119.28329,34.45214]]}},{"type":"Feature","properties":{"name":"North La Luna Avenue","t":1},"geometry":{"type":"LineString","coordinates":[[-119.28334,34.45197],[-119.28343,34.45169],[-119.28343,34.45168],[-119.28347,34.45155],[-119.28351,34.45138],[-119.28359,34.45111],[-119.28362,34.45102],[-119.28379,34.45041],[-119.28381,34.45032]]}},{"type":"Feature","properties":{"name":"West el Roblar Drive","t":1},"geometry":{"type":"LineString","coordinates":[[-119.28185,34.44984],[-119.28247,34.44999],[-119.28304,34.45013],[-119.28373,34.45031],[-119.28381,34.45032]]}},{"type":"Feature","properties":{"name":"West el Roblar Drive","t":1},"geometry":{"type":"LineString","coordinates":[[-119.28094,34.44961],[-119.28185,34.44984]]}},{"type":"Feature","properties":{"name":"North Arnaz Street","t":1},"geometry":{"type":"LineString","coordinates":[[-119.28185,34.44984],[-119.28161,34.4505]]}},{"type":"Feature","properties":{"name":"","t":1},"geometry":{"type":"LineString","coordinates":[[-119.28161,34.4505],[-119.28182,34.45055],[-119.28247,34.45072],[-119.28249,34.45072]]}},{"type":"Feature","properties":{"name":"","t":1},"geometry":{"type":"LineString","coordinates":[[-119.28145,34.45094],[-119.28197,34.45109],[-119.28235,34.4512]]}},{"type":"Feature","properties":{"name":"Fernando Street","t":1},"geometry":{"type":"LineString","coordinates":[[-119.2812,34.45164],[-119.28197,34.45182],[-119.28247,34.45194],[-119.28252,34.45196]]}},{"type":"Feature","properties":{"name":"North Arnaz Street","t":1},"geometry":{"type":"LineString","coordinates":[[-119.28145,34.45094],[-119.2812,34.45164]]}},{"type":"Feature","properties":{"name":"North Arnaz Street","t":1},"geometry":{"type":"LineString","coordinates":[[-119.28161,34.4505],[-119.28145,34.45094]]}},{"type":"Feature","properties":{"name":"Fernando Street","t":1},"geometry":{"type":"LineString","coordinates":[[-119.28031,34.45141],[-119.28072,34.45152],[-119.2812,34.45164]]}},{"type":"Feature","properties":{"name":"Fernando Street","t":1},"geometry":{"type":"LineString","coordinates":[[-119.27938,34.45118],[-119.27982,34.45129],[-119.28031,34.45141]]}},{"type":"Feature","properties":{"name":"North Alvarado Street","t":1},"geometry":{"type":"LineString","coordinates":[[-119.28004,34.44941],[-119.28002,34.44946],[-119.27938,34.45118]]}},{"type":"Feature","properties":{"name":"North Poli Street","t":1},"geometry":{"type":"LineString","coordinates":[[-119.28094,34.44961],[-119.28091,34.4497],[-119.28075,34.45016],[-119.28052,34.45084],[-119.28031,34.45141]]}},{"type":"Feature","properties":{"name":"West el Roblar Drive","t":1},"geometry":{"type":"LineString","coordinates":[[-119.28004,34.44941],[-119.28094,34.44961]]}},{"type":"Feature","properties":{"name":"West el Roblar Drive","t":1},"geometry":{"type":"LineString","coordinates":[[-119.27909,34.44916],[-119.28004,34.44941]]}},{"type":"Feature","properties":{"name":"South Encinal Avenue","t":1},"geometry":{"type":"LineString","coordinates":[[-119.27973,34.44739],[-119.27911,34.44911],[-119.27909,34.44916]]}},{"type":"Feature","properties":{"name":"South Alvarado Street","t":1},"geometry":{"type":"LineString","coordinates":[[-119.28064,34.4476],[-119.28006,34.44934],[-119.28004,34.44941]]}},{"type":"Feature","properties":{"name":"South Poli Street","t":1},"geometry":{"type":"LineString","coordinates":[[-119.28156,34.44783],[-119.28139,34.44827],[-119.28123,34.44877],[-119.28109,34.44917],[-119.28099,34.44945],[-119.28095,34.44957],[-119.28094,34.44961]]}},{"type":"Feature","properties":{"name":"South Arnaz Street","t":1},"geometry":{"type":"LineString","coordinates":[[-119.28249,34.44805],[-119.28222,34.4488],[-119.28185,34.44984]]}},{"type":"Feature","properties":{"name":"Mesa Drive","t":1},"geometry":{"type":"LineString","coordinates":[[-119.28156,34.44783],[-119.28249,34.44805]]}},{"type":"Feature","properties":{"name":"Mesa Drive","t":1},"geometry":{"type":"LineString","coordinates":[[-119.28064,34.4476],[-119.28111,34.44772],[-119.28156,34.44783]]}},{"type":"Feature","properties":{"name":"Mesa Drive","t":1},"geometry":{"type":"LineString","coordinates":[[-119.27973,34.44739],[-119.27977,34.4474],[-119.28064,34.4476]]}},{"type":"Feature","properties":{"name":"Mesa Drive","t":1},"geometry":{"type":"LineString","coordinates":[[-119.2788,34.44715],[-119.27973,34.44739]]}},{"type":"Feature","properties":{"name":"El Rio Drive","t":1},"geometry":{"type":"LineString","coordinates":[[-119.27929,34.44579],[-119.27968,34.4459]]}},{"type":"Feature","properties":{"name":"South Padre Juan Avenue","t":1},"geometry":{"type":"LineString","coordinates":[[-119.27978,34.4445],[-119.27967,34.44478],[-119.27929,34.44579]]}},{"type":"Feature","properties":{"name":"El Plano Drive","t":1},"geometry":{"type":"LineString","coordinates":[[-119.27885,34.44428],[-119.27978,34.4445]]}},{"type":"Feature","properties":{"name":"South Padre Juan Avenue","t":1},"geometry":{"type":"LineString","coordinates":[[-119.28019,34.44328],[-119.28018,34.44335],[-119.28015,34.44344],[-119.27978,34.4445]]}},{"type":"Feature","properties":{"name":"West Lomita Avenue","t":2},"geometry":{"type":"LineString","coordinates":[[-119.28118,34.4434],[-119.28073,34.44334],[-119.28019,34.44328]]}},{"type":"Feature","properties":{"name":"El Plano Drive","t":1},"geometry":{"type":"LineString","coordinates":[[-119.27978,34.4445],[-119.28061,34.44469]]}},{"type":"Feature","properties":{"name":"West Lomita Avenue","t":2},"geometry":{"type":"LineString","coordinates":[[-119.28155,34.44345],[-119.28149,34.44344],[-119.28118,34.4434]]}},{"type":"Feature","properties":{"name":"Tico Road","t":2},"geometry":{"type":"LineString","coordinates":[[-119.28167,34.44326],[-119.28158,34.44333],[-119.28157,34.44339],[-119.28155,34.44345]]}},{"type":"Feature","properties":{"name":"","t":2},"geometry":{"type":"LineString","coordinates":[[-119.28199,34.44351],[-119.28178,34.44345],[-119.28173,34.44343],[-119.28168,34.44339],[-119.28166,34.44334],[-119.28165,34.4433],[-119.28167,34.44326]]}},{"type":"Feature","properties":{"name":"West Lomita Avenue","t":2},"geometry":{"type":"LineString","coordinates":[[-119.28199,34.44351],[-119.28173,34.44347],[-119.28155,34.44345]]}},{"type":"Feature","properties":{"name":"","t":1},"geometry":{"type":"LineString","coordinates":[[-119.28496,34.44382],[-119.2848,34.44433]]}},{"type":"Feature","properties":{"name":"South La Luna Avenue","t":2},"geometry":{"type":"LineString","coordinates":[[-119.28606,34.44398],[-119.28586,34.4442],[-119.28578,34.4443],[-119.28575,34.44434],[-119.28567,34.44446],[-119.28559,34.44461],[-119.28558,34.44464],[-119.28555,34.44471],[-119.28549,34.44487]]}},{"type":"Feature","properties":{"name":"West Lomita Avenue","t":2},"geometry":{"type":"LineString","coordinates":[[-119.28606,34.44398],[-119.28597,34.44396],[-119.28561,34.44391],[-119.28549,34.44389],[-119.28496,34.44382]]}},{"type":"Feature","properties":{"name":"South La Luna Avenue","t":2},"geometry":{"type":"LineString","coordinates":[[-119.28658,34.44348],[-119.28606,34.44398]]}},{"type":"Feature","properties":{"name":"West Lomita Avenue","t":2},"geometry":{"type":"LineString","coordinates":[[-119.28496,34.44382],[-119.28436,34.44375]]}},{"type":"Feature","properties":{"name":"West Lomita Avenue","t":2},"geometry":{"type":"LineString","coordinates":[[-119.28436,34.44375],[-119.2841,34.44372],[-119.28374,34.44368],[-119.28357,34.44367]]}},{"type":"Feature","properties":{"name":"Walbridge Way","t":1},"geometry":{"type":"LineString","coordinates":[[-119.28436,34.44375],[-119.28394,34.44494]]}},{"type":"Feature","properties":{"name":"West Lomita Avenue","t":2},"geometry":{"type":"LineString","coordinates":[[-119.28357,34.44367],[-119.28257,34.44358],[-119.28199,34.44351]]}},{"type":"Feature","properties":{"name":"Tico Road","t":2},"geometry":{"type":"LineString","coordinates":[[-119.28484,34.44186],[-119.28475,34.44193],[-119.28461,34.442],[-119.28436,34.4421],[-119.28381,34.44227],[-119.28366,34.44231],[-119.28355,34.44232],[-119.28342,34.44234],[-119.28272,34.44232],[-119.28262,34.44235],[-119.28254,34.44239],[-119.28211,34.4428],[-119.28188,34.44305],[-119.28178,34.44315],[-119.28169,34.44321]]}},{"type":"Feature","properties":{"name":"El Sol Avenue","t":1},"geometry":{"type":"LineString","coordinates":[[-119.28596,34.44282],[-119.28583,34.44288],[-119.28567,34.44294],[-119.28554,34.44298],[-119.28549,34.44298],[-119.28527,34.44299],[-119.28496,34.443],[-119.28494,34.44301],[-119.28465,34.44302],[-119.28461,34.44302],[-119.28451,34.44302],[-119.28434,34.44302],[-119.28431,34.44302],[-119.28417,34.44302],[-119.28411,34.44302],[-119.28409,34.44303],[-119.28403,34.44304],[-119.28393,34.44306],[-119.28388,34.44308],[-119.28384,34.4431],[-119.28381,34.44313],[-119.28377,34.44317],[-119.28373,34.44321],[-119.28364,34.44337],[-119.2836,34.44347],[-119.28357,34.44367]]}},{"type":"Feature","properties":{"name":"Pala Drive","t":1},"geometry":{"type":"LineString","coordinates":[[-119.28596,34.44282],[-119.28633,34.44324],[-119.28658,34.44348]]}},{"type":"Feature","properties":{"name":"Pala Drive","t":1},"geometry":{"type":"LineString","coordinates":[[-119.28484,34.44186],[-119.28521,34.44209],[-119.28538,34.44225],[-119.28563,34.44248],[-119.28575,34.4426],[-119.2858,34.44265],[-119.28596,34.44282]]}},{"type":"Feature","properties":{"name":"Tico Road","t":2},"geometry":{"type":"LineString","coordinates":[[-119.28513,34.44151],[-119.28492,34.44178],[-119.28484,34.44186]]}},{"type":"Feature","properties":{"name":"Tico Road","t":2},"geometry":{"type":"LineString","coordinates":[[-119.28501,34.43991],[-119.28527,34.44073],[-119.2853,34.44092],[-119.28531,34.44108],[-119.28528,34.44121],[-119.28522,34.44135],[-119.28513,34.44151]]}},{"type":"Feature","properties":{"name":"Tico Road","t":1},"geometry":{"type":"LineString","coordinates":[[-119.28513,34.44151],[-119.28487,34.44145],[-119.28473,34.44143],[-119.28466,34.4414],[-119.28463,34.44138],[-119.2846,34.44135],[-119.28458,34.44132],[-119.28445,34.44111],[-119.28433,34.44098],[-119.28429,34.44094],[-119.28418,34.44086],[-119.28399,34.44076],[-119.28389,34.44073],[-119.28378,34.44072],[-119.28351,34.44073],[-119.28329,34.44071],[-119.28308,34.44068],[-119.28298,34.44065],[-119.28288,34.44062],[-119.28279,34.44059],[-119.28273,34.44056],[-119.28269,34.4405],[-119.28267,34.44047],[-119.28261,34.44029],[-119.28256,34.44023],[-119.28253,34.4402],[-119.28249,34.44018],[-119.28241,34.44014],[-119.28236,34.44013],[-119.28217,34.44011],[-119.28211,34.44009],[-119.28137,34.43968],[-119.28107,34.43949],[-119.28097,34.43946],[-119.2809,34.43946],[-119.2808,34.43945],[-119.28072,34.43945],[-119.28064,34.43947],[-119.28058,34.43951],[-119.28049,34.43958]]}},{"type":"Feature","properties":{"name":"Tico Road","t":2},"geometry":{"type":"LineString","coordinates":[[-119.28169,34.44321],[-119.28167,34.44326]]}},{"type":"Feature","properties":{"name":"","t":2},"geometry":{"type":"LineString","coordinates":[[-119.28169,34.44321],[-119.2816,34.44328],[-119.28152,34.44331],[-119.28146,34.44334],[-119.28135,34.44337],[-119.28118,34.4434]]}},{"type":"Feature","properties":{"name":"West Lomita Avenue","t":2},"geometry":{"type":"LineString","coordinates":[[-119.28019,34.44328],[-119.27962,34.44322],[-119.27923,34.44318]]}},{"type":"Feature","properties":{"name":"","t":1},"geometry":{"type":"LineString","coordinates":[[-119.28087,34.43713],[-119.28089,34.436],[-119.28091,34.43542],[-119.28092,34.43518],[-119.28096,34.43456],[-119.28095,34.43451],[-119.28092,34.43448]]}},{"type":"Feature","properties":{"name":"Loma Drive","t":1},"geometry":{"type":"LineString","coordinates":[[-119.28003,34.43367],[-119.28002,34.43404],[-119.28,34.43441],[-119.27997,34.43518],[-119.27997,34.43541],[-119.27995,34.43576],[-119.27994,34.43599],[-119.27993,34.43646],[-119.27996,34.43655],[-119.27998,34.43662],[-119.28002,34.43668],[-119.28019,34.43687],[-119.2802,34.43688],[-119.2805,34.43715],[-119.28072,34.43735],[-119.28084,34.43745],[-119.28098,34.43756],[-119.28105,34.43762],[-119.28118,34.43773],[-119.28124,34.43777],[-119.2816,34.43798],[-119.28224,34.43838]]}},{"type":"Feature","properties":{"name":"El Centro Street","t":1},"geometry":{"type":"LineString","coordinates":[[-119.28243,34.43371],[-119.28243,34.43419],[-119.2824,34.43484],[-119.2824,34.43488],[-119.28239,34.43516],[-119.28238,34.43532],[-119.28235,34.43607],[-119.28234,34.43634],[-119.28232,34.43684],[-119.28231,34.43707],[-119.2823,34.43732],[-119.28228,34.43782],[-119.28227,34.43818],[-119.28226,34.43833],[-119.28224,34.43838]]}},{"type":"Feature","properties":{"name":"Tico el Centro Road","t":0},"geometry":{"type":"LineString","coordinates":[[-119.28473,34.43674],[-119.28425,34.4367]]}},{"type":"Feature","properties":{"name":"","t":1},"geometry":{"type":"LineString","coordinates":[[-119.28475,34.43637],[-119.28375,34.43636]]}},{"type":"Feature","properties":{"name":"Tico Road","t":2},"geometry":{"type":"LineString","coordinates":[[-119.28486,34.43377],[-119.28482,34.43447],[-119.28483,34.43453],[-119.2848,34.43491],[-119.2848,34.43499],[-119.28479,34.43537],[-119.28477,34.4358],[-119.28476,34.43593],[-119.28476,34.43608],[-119.28475,34.43637]]}},{"type":"Feature","properties":{"name":"Tico Road","t":2},"geometry":{"type":"LineString","coordinates":[[-119.28475,34.43637],[-119.28474,34.43658],[-119.28473,34.43674],[-119.28473,34.43676],[-119.28473,34.43696],[-119.28471,34.43739],[-119.28469,34.43779],[-119.28467,34.43839],[-119.28467,34.43849],[-119.28467,34.43857],[-119.28467,34.43867],[-119.28469,34.43879],[-119.28473,34.43895],[-119.28474,34.439],[-119.2848,34.43921],[-119.28491,34.43958]]}},{"type":"Feature","properties":{"name":"Loma Drive","t":1},"geometry":{"type":"LineString","coordinates":[[-119.28224,34.43838],[-119.28246,34.43851],[-119.28286,34.43876],[-119.2838,34.43935],[-119.28382,34.43936],[-119.28391,34.43941],[-119.28397,34.43945],[-119.28409,34.4395],[-119.2842,34.43954],[-119.28428,34.43956],[-119.28445,34.4396],[-119.28451,34.43961]]}},{"type":"Feature","properties":{"name":"Tico Road","t":2},"geometry":{"type":"LineString","coordinates":[[-119.28491,34.43958],[-119.28501,34.43991]]}},{"type":"Feature","properties":{"name":"Loma Drive","t":1},"geometry":{"type":"LineString","coordinates":[[-119.28451,34.43961],[-119.28464,34.43965],[-119.28475,34.4397],[-119.28483,34.43976],[-119.2849,34.43981],[-119.28501,34.43991]]}},{"type":"Feature","properties":{"name":"Loma Drive","t":1},"geometry":{"type":"LineString","coordinates":[[-119.28451,34.43961],[-119.28466,34.43961],[-119.28482,34.43959],[-119.28491,34.43958]]}},{"type":"Feature","properties":{"name":"","t":1},"geometry":{"type":"LineString","coordinates":[[-119.28678,34.43993],[-119.28809,34.44003],[-119.28888,34.44009]]}},{"type":"Feature","properties":{"name":"South La Luna Avenue","t":2},"geometry":{"type":"LineString","coordinates":[[-119.28916,34.43796],[-119.28908,34.43855],[-119.28901,34.43908],[-119.28898,34.43936],[-119.28895,34.43957],[-119.28894,34.43963],[-119.28888,34.44009]]}},{"type":"Feature","properties":{"name":"Oakwood Street","t":1},"geometry":{"type":"LineString","coordinates":[[-119.28916,34.43796],[-119.28865,34.43793],[-119.28837,34.43792]]}},{"type":"Feature","properties":{"name":"Oakwood Street","t":1},"geometry":{"type":"LineString","coordinates":[[-119.28837,34.43792],[-119.28825,34.43791],[-119.28802,34.43789],[-119.28777,34.43784],[-119.28764,34.43782]]}},{"type":"Feature","properties":{"name":"Quail Street","t":1},"geometry":{"type":"LineString","coordinates":[[-119.28837,34.43792],[-119.28843,34.4375],[-119.28851,34.43691],[-119.2885,34.43687],[-119.2885,34.43684],[-119.28848,34.43681],[-119.28846,34.43679],[-119.28843,34.43677],[-119.28838,34.43675],[-119.28822,34.43674],[-119.28771,34.43671],[-119.28761,34.43671],[-119.28751,34.43672],[-119.28735,34.43674],[-119.28729,34.43675],[-119.28724,34.43677],[-119.28718,34.4368],[-119.2871,34.43683],[-119.28705,34.43686],[-119.28697,34.43694],[-119.28694,34.43697],[-119.28693,34.43705]]}},{"type":"Feature","properties":{"name":"South La Luna Avenue","t":2},"geometry":{"type":"LineString","coordinates":[[-119.28984,34.43273],[-119.28976,34.43332],[-119.28971,34.43372],[-119.2897,34.43381],[-119.28964,34.43424],[-119.2896,34.43454],[-119.28957,34.43479],[-119.28952,34.4352],[-119.28943,34.43587],[-119.28939,34.43618],[-119.28932,34.43673],[-119.28926,34.43719],[-119.28916,34.43796]]}},{"type":"Feature","properties":{"name":"Alviria Drive","t":1},"geometry":{"type":"LineString","coordinates":[[-119.29258,34.43486],[-119.29368,34.43495]]}},{"type":"Feature","properties":{"name":"Granito Drive","t":1},"geometry":{"type":"LineString","coordinates":[[-119.29368,34.43495],[-119.29356,34.43583]]}},{"type":"Feature","properties":{"name":"Granito Drive","t":1},"geometry":{"type":"LineString","coordinates":[[-119.29356,34.43583],[-119.2935,34.43615],[-119.29344,34.43654],[-119.29335,34.43723]]}},{"type":"Feature","properties":{"name":"South Rice Road","t":2},"geometry":{"type":"LineString","coordinates":[[-119.29258,34.43486],[-119.29255,34.43512],[-119.29217,34.43803]]}},{"type":"Feature","properties":{"name":"Granito Drive","t":1},"geometry":{"type":"LineString","coordinates":[[-119.29335,34.43723],[-119.29323,34.43814]]}},{"type":"Feature","properties":{"name":"Mariano Drive","t":1},"geometry":{"type":"LineString","coordinates":[[-119.29298,34.43891],[-119.29343,34.43896]]}},{"type":"Feature","properties":{"name":"Fierro Drive","t":1},"geometry":{"type":"LineString","coordinates":[[-119.29217,34.43803],[-119.29323,34.43814]]}},{"type":"Feature","properties":{"name":"South Rice Road","t":2},"geometry":{"type":"LineString","coordinates":[[-119.29194,34.43998],[-119.29187,34.44068],[-119.29186,34.44078],[-119.29185,34.44084]]}},{"type":"Feature","properties":{"name":"South Rice Road","t":2},"geometry":{"type":"LineString","coordinates":[[-119.29217,34.43803],[-119.29207,34.43872],[-119.29206,34.43881],[-119.29194,34.43998]]}},{"type":"Feature","properties":{"name":"Jose Drive North","t":1},"geometry":{"type":"LineString","coordinates":[[-119.29343,34.43896],[-119.29342,34.43904],[-119.29337,34.43927],[-119.29328,34.43946],[-119.29317,34.43956],[-119.29272,34.43987],[-119.29263,34.43992],[-119.29252,34.43996],[-119.2924,34.43999],[-119.29223,34.44],[-119.29206,34.43999],[-119.29194,34.43998]]}},{"type":"Feature","properties":{"name":"Camille Drive","t":1},"geometry":{"type":"LineString","coordinates":[[-119.29425,34.44104],[-119.29206,34.44086],[-119.29185,34.44084]]}},{"type":"Feature","properties":{"name":"","t":1},"geometry":{"type":"LineString","coordinates":[[-119.28896,34.44157],[-119.28901,34.44147],[-119.28904,34.44141],[-119.28913,34.44135],[-119.28926,34.44132],[-119.28938,34.44131],[-119.28947,34.44132],[-119.28957,34.44135]]}},{"type":"Feature","properties":{"name":"","t":1},"geometry":{"type":"LineString","coordinates":[[-119.28741,34.44096],[-119.28745,34.44101]]}},{"type":"Feature","properties":{"name":"","t":1},"geometry":{"type":"LineString","coordinates":[[-119.28745,34.44101],[-119.28705,34.441],[-119.28693,34.44096],[-119.28689,34.44092],[-119.28688,34.44085],[-119.28688,34.44079],[-119.28693,34.44073],[-119.28704,34.44071],[-119.28716,34.44071],[-119.28723,34.44071],[-119.2873,34.44074],[-119.28734,34.4408],[-119.28741,34.44096]]}},{"type":"Feature","properties":{"name":"South La Luna Avenue","t":2},"geometry":{"type":"LineString","coordinates":[[-119.28888,34.44009],[-119.28884,34.44037],[-119.28879,34.44081],[-119.28878,34.44082],[-119.28876,34.44098],[-119.28874,34.44112],[-119.2887,34.44131],[-119.28864,34.44146],[-119.28859,34.44154],[-119.28856,34.44159],[-119.28847,34.44171],[-119.2884,34.44179],[-119.28832,34.44187],[-119.2883,34.44189],[-119.2879,34.44227],[-119.28779,34.44237],[-119.28743,34.4427],[-119.287,34.44309]]}},{"type":"Feature","properties":{"name":"South La Luna Avenue","t":2},"geometry":{"type":"LineString","coordinates":[[-119.287,34.44309],[-119.28658,34.44348]]}},{"type":"Feature","properties":{"name":"El Camino Corto","t":1},"geometry":{"type":"LineString","coordinates":[[-119.287,34.44309],[-119.28717,34.44319],[-119.28806,34.44375],[-119.28828,34.44388],[-119.2885,34.444],[-119.28859,34.44407],[-119.28861,34.44408]]}},{"type":"Feature","properties":{"name":"West Lomita Avenue","t":2},"geometry":{"type":"LineString","coordinates":[[-119.28986,34.44623],[-119.28979,34.44617],[-119.28868,34.44535],[-119.28857,34.44528],[-119.28769,34.44462],[-119.28741,34.44446],[-119.28716,34.44434],[-119.28683,34.44421],[-119.28606,34.44398]]}},{"type":"Feature","properties":{"name":"","t":1},"geometry":{"type":"LineString","coordinates":[[-119.28549,34.44487],[-119.28683,34.44518],[-119.28712,34.44523],[-119.28734,34.4453],[-119.28739,34.4453],[-119.28747,34.4453]]}},{"type":"Feature","properties":{"name":"South Rice Road","t":2},"geometry":{"type":"LineString","coordinates":[[-119.29185,34.44084],[-119.29184,34.44095],[-119.29182,34.44108],[-119.29159,34.44267],[-119.29155,34.44293],[-119.2915,34.44335],[-119.29139,34.44418],[-119.29137,34.4443],[-119.29135,34.44441],[-119.29132,34.44447],[-119.29127,34.44455],[-119.29121,34.44463],[-119.29109,34.44478],[-119.29081,34.44509],[-119.2908,34.4451],[-119.29064,34.44531],[-119.29059,34.44541],[-119.29045,34.44564],[-119.29031,34.44583],[-119.29017,34.44599],[-119.28997,34.44616],[-119.28986,34.44623]]}},{"type":"Feature","properties":{"name":"Cooper Canyon Road","t":0},"geometry":{"type":"LineString","coordinates":[[-119.30049,34.44205],[-119.30049,34.44214],[-119.3005,34.44216],[-119.30054,34.44235],[-119.30071,34.44274],[-119.30072,34.44278],[-119.30074,34.44285],[-119.30074,34.44288],[-119.30073,34.44291],[-119.30072,34.44292],[-119.3007,34.44294],[-119.30067,34.44295],[-119.30062,34.44294],[-119.30057,34.44293],[-119.30051,34.44289],[-119.30048,34.44288],[-119.30046,34.44287],[-119.30043,34.44288],[-119.30035,34.44291],[-119.30032,34.44292],[-119.30027,34.44292],[-119.30022,34.44292],[-119.30003,34.44287],[-119.29985,34.44282],[-119.29964,34.44273],[-119.29962,34.44273],[-119.29956,34.44271],[-119.29953,34.4427],[-119.29944,34.44268],[-119.29933,34.44269],[-119.29928,34.4427],[-119.29923,34.44271],[-119.29918,34.44273],[-119.29911,34.44278],[-119.29905,34.44284],[-119.29903,34.44287],[-119.29899,34.44295],[-119.29896,34.44298],[-119.29889,34.44305],[-119.29881,34.4431],[-119.29837,34.44357],[-119.29826,34.44368],[-119.29816,34.44381],[-119.29811,34.44388],[-119.29808,34.44394],[-119.29806,34.44398],[-119.29802,34.44406],[-119.29796,34.44421],[-119.29762,34.44491],[-119.2974,34.44538],[-119.29701,34.44615],[-119.29663,34.44693],[-119.29654,34.44712],[-119.29604,34.44812],[-119.29573,34.44876],[-119.29563,34.44903]]}},{"type":"Feature","properties":{"name":"Moreno Drive","t":1},"geometry":{"type":"LineString","coordinates":[[-119.29674,34.44009],[-119.29665,34.44033],[-119.29658,34.44046],[-119.29643,34.44067],[-119.29627,34.44085],[-119.29622,34.44093],[-119.29619,34.44102],[-119.29614,34.44116],[-119.2961,34.4412],[-119.29605,34.44121],[-119.2952,34.44114],[-119.29513,34.44113]]}},{"type":"Feature","properties":{"name":"Camille Drive","t":1},"geometry":{"type":"LineString","coordinates":[[-119.29513,34.44113],[-119.29425,34.44104]]}},{"type":"Feature","properties":{"name":"Camille Court","t":1},"geometry":{"type":"LineString","coordinates":[[-119.29513,34.44113],[-119.29515,34.44094],[-119.29522,34.4408],[-119.29534,34.44067],[-119.29545,34.44062]]}},{"type":"Feature","properties":{"name":"Romano Drive","t":1},"geometry":{"type":"LineString","coordinates":[[-119.29435,34.44044],[-119.29425,34.44104]]}},{"type":"Feature","properties":{"name":"Cambon Circle","t":1},"geometry":{"type":"LineString","coordinates":[[-119.29361,34.44029],[-119.2938,34.44032],[-119.29435,34.44044]]}},{"type":"Feature","properties":{"name":"Romano Drive","t":1},"geometry":{"type":"LineString","coordinates":[[-119.29473,34.43985],[-119.29457,34.44004],[-119.29451,34.44013],[-119.29435,34.44044]]}},{"type":"Feature","properties":{"name":"Avila Drive","t":1},"geometry":{"type":"LineString","coordinates":[[-119.29473,34.43985],[-119.29463,34.43981],[-119.2944,34.43976],[-119.29423,34.43977]]}},{"type":"Feature","properties":{"name":"Mariano Drive","t":1},"geometry":{"type":"LineString","coordinates":[[-119.29343,34.43896],[-119.29507,34.43911]]}},{"type":"Feature","properties":{"name":"Romano Drive","t":1},"geometry":{"type":"LineString","coordinates":[[-119.29507,34.43911],[-119.29506,34.43921],[-119.29503,34.43933],[-119.29497,34.43949],[-119.29491,34.43958],[-119.29473,34.43985]]}},{"type":"Feature","properties":{"name":"Avila Drive","t":1},"geometry":{"type":"LineString","coordinates":[[-119.29674,34.44009],[-119.29609,34.44004],[-119.29525,34.43996],[-119.29515,34.43995],[-119.29503,34.43993],[-119.29473,34.43985]]}},{"type":"Feature","properties":{"name":"Moreno Drive","t":1},"geometry":{"type":"LineString","coordinates":[[-119.29684,34.43932],[-119.29674,34.44009]]}},{"type":"Feature","properties":{"name":"Mariano Drive","t":1},"geometry":{"type":"LineString","coordinates":[[-119.29507,34.43911],[-119.29569,34.43919],[-119.29684,34.43932]]}},{"type":"Feature","properties":{"name":"Fierro Drive","t":1},"geometry":{"type":"LineString","coordinates":[[-119.29471,34.43826],[-119.29501,34.4383],[-119.29647,34.43842],[-119.29669,34.43843],[-119.29697,34.43845]]}},{"type":"Feature","properties":{"name":"Moreno Drive","t":1},"geometry":{"type":"LineString","coordinates":[[-119.29697,34.43845],[-119.29684,34.43932]]}},{"type":"Feature","properties":{"name":"Moreno Drive","t":1},"geometry":{"type":"LineString","coordinates":[[-119.29665,34.43743],[-119.29684,34.43781],[-119.29693,34.43797],[-119.29697,34.43812],[-119.29698,34.43829],[-119.29697,34.43845]]}},{"type":"Feature","properties":{"name":"Ferrara Drive","t":1},"geometry":{"type":"LineString","coordinates":[[-119.29665,34.43743],[-119.29648,34.43749],[-119.29637,34.4375],[-119.29624,34.43749],[-119.29608,34.43747],[-119.2958,34.43745],[-119.29566,34.43743],[-119.2955,34.43743],[-119.2954,34.43744],[-119.29532,34.43748],[-119.29527,34.43751],[-119.29481,34.43803],[-119.29478,34.43808],[-119.29476,34.43812],[-119.29471,34.43826]]}},{"type":"Feature","properties":{"name":"Fierro Drive","t":1},"geometry":{"type":"LineString","coordinates":[[-119.29323,34.43814],[-119.29392,34.4382],[-119.29404,34.43821],[-119.29471,34.43826]]}},{"type":"Feature","properties":{"name":"Capello Way","t":1},"geometry":{"type":"LineString","coordinates":[[-119.29356,34.43583],[-119.29413,34.43588],[-119.29435,34.43591],[-119.2944,34.43592],[-119.29443,34.43593],[-119.29446,34.43594],[-119.29449,34.43597],[-119.29451,34.436],[-119.29453,34.43606],[-119.29457,34.43622],[-119.29459,34.43631],[-119.2946,34.4364],[-119.29459,34.4366],[-119.29458,34.43665],[-119.29454,34.43678],[-119.29452,34.43683],[-119.29444,34.43694],[-119.29426,34.43716],[-119.29417,34.43724],[-119.29413,34.43726],[-119.2941,34.43727],[-119.29405,34.43728],[-119.29399,34.43729],[-119.2936,34.43726],[-119.29346,34.43725],[-119.29335,34.43723]]}},{"type":"Feature","properties":{"name":"Alviria Drive","t":1},"geometry":{"type":"LineString","coordinates":[[-119.29368,34.43495],[-119.29475,34.43504],[-119.29567,34.43512],[-119.29573,34.43513],[-119.29577,34.43515],[-119.29581,34.43517],[-119.29584,34.43518],[-119.29586,34.43521],[-119.29589,34.43529],[-119.29604,34.43578],[-119.2962,34.43641]]}},{"type":"Feature","properties":{"name":"Sierra Court","t":1},"geometry":{"type":"LineString","coordinates":[[-119.2962,34.43641],[-119.29576,34.43648],[-119.29567,34.43651]]}},{"type":"Feature","properties":{"name":"Moreno Drive","t":1},"geometry":{"type":"LineString","coordinates":[[-119.2962,34.43641],[-119.29627,34.43664],[-119.29631,34.43674],[-119.29665,34.43743]]}},{"type":"Feature","properties":{"name":"Macdonald Drive","t":1},"geometry":{"type":"LineString","coordinates":[[-119.30256,34.44019],[-119.30273,34.43998],[-119.30285,34.43977],[-119.30291,34.43965],[-119.30294,34.43957],[-119.30299,34.43945],[-119.30302,34.43937],[-119.30304,34.4393],[-119.30307,34.43919],[-119.30308,34.43898],[-119.30308,34.43894],[-119.30314,34.43866],[-119.30319,34.4384],[-119.30322,34.43828],[-119.30335,34.43797],[-119.30343,34.43781],[-119.30355,34.43762],[-119.30367,34.43744],[-119.30382,34.43727],[-119.30399,34.43711]]}},{"type":"Feature","properties":{"name":"Blue Heron Circle","t":1},"geometry":{"type":"LineString","coordinates":[[-119.30399,34.43711],[-119.30408,34.43717],[-119.30486,34.43779],[-119.30492,34.43783],[-119.30497,34.43787],[-119.30501,34.43791],[-119.30511,34.43802],[-119.30519,34.43815],[-119.30522,34.43825],[-119.30524,34.43844],[-119.30526,34.43873],[-119.30527,34.43888],[-119.30525,34.43905],[-119.30522,34.43917],[-119.30522,34.43922],[-119.30517,34.43933],[-119.30514,34.43942],[-119.30504,34.43961],[-119.30497,34.4397],[-119.30493,34.43975],[-119.30483,34.43986],[-119.3048,34.43989],[-119.30474,34.43995],[-119.30465,34.44002],[-119.30461,34.44006],[-119.30448,34.44015],[-119.30432,34.44024],[-119.30418,34.4403],[-119.30415,34.44031],[-119.30397,34.44037],[-119.30376,34.44042],[-119.30352,34.44046],[-119.30345,34.44047],[-119.3033,34.44047],[-119.30309,34.44045],[-119.30306,34.44044],[-119.3029,34.44039],[-119.30275,34.44032],[-119.30256,34.44019]]}},{"type":"Feature","properties":{"name":"Macdonald Drive","t":1},"geometry":{"type":"LineString","coordinates":[[-119.30399,34.43711],[-119.30405,34.43707],[-119.30425,34.43689],[-119.30442,34.43669],[-119.30458,34.43645],[-119.30464,34.43635],[-119.30475,34.43604],[-119.30477,34.43593],[-119.30478,34.43589],[-119.30479,34.43577],[-119.3048,34.43567],[-119.30479,34.43557],[-119.30479,34.43553],[-119.30479,34.43548],[-119.30477,34.43534],[-119.30476,34.43525],[-119.30475,34.43517],[-119.30474,34.43503],[-119.30474,34.43493],[-119.30476,34.43485],[-119.30477,34.43479],[-119.30483,34.43464],[-119.30492,34.43449],[-119.30501,34.43438],[-119.30513,34.43427],[-119.30527,34.43418]]}},{"type":"Feature","properties":{"name":"Macdonald Drive","t":1},"geometry":{"type":"LineString","coordinates":[[-119.30198,34.44111],[-119.30201,34.44106],[-119.30219,34.44077],[-119.3023,34.44057],[-119.30232,34.44055],[-119.30237,34.44046],[-119.30256,34.44019]]}},{"type":"Feature","properties":{"name":"Oso Road","t":1},"geometry":{"type":"LineString","coordinates":[[-119.28819,34.4588],[-119.28829,34.4589],[-119.28828,34.4592],[-119.28827,34.45949],[-119.28822,34.45999],[-119.28815,34.46048],[-119.28814,34.46107],[-119.28813,34.46128],[-119.28814,34.46149],[-119.28812,34.46238],[-119.28812,34.46243],[-119.28813,34.46321],[-119.28812,34.46334],[-119.28812,34.46354]]}},{"type":"Feature","properties":{"name":"Meyer Road","t":1},"geometry":{"type":"LineString","coordinates":[[-119.28819,34.4588],[-119.28839,34.45878],[-119.28846,34.45879],[-119.28856,34.45879],[-119.28878,34.45879],[-119.28929,34.4588],[-119.28986,34.45882],[-119.29012,34.45883],[-119.29031,34.45884],[-119.29051,34.45885],[-119.29072,34.45885],[-119.29099,34.45887]]}},{"type":"Feature","properties":{"name":"Meyer Road","t":1},"geometry":{"type":"LineString","coordinates":[[-119.28447,34.45877],[-119.28475,34.45877],[-119.28514,34.45877],[-119.28551,34.45877],[-119.28564,34.45878],[-119.28584,34.45878],[-119.28644,34.45878],[-119.28655,34.45878],[-119.28708,34.45879],[-119.28722,34.45879],[-119.28819,34.4588]]}},{"type":"Feature","properties":{"name":"Maricopa Highway","t":3},"geometry":{"type":"LineString","coordinates":[[-119.27875,34.45941],[-119.27888,34.45977],[-119.27896,34.45998],[-119.27901,34.46008],[-119.27909,34.46021],[-119.27916,34.46032],[-119.27926,34.46043],[-119.27931,34.46047],[-119.27941,34.46056],[-119.27949,34.46063],[-119.27961,34.46071],[-119.28009,34.461]]}},{"type":"Feature","properties":{"name":"Maricopa Highway","t":3},"geometry":{"type":"LineString","coordinates":[[-119.28009,34.461],[-119.28034,34.46114],[-119.28187,34.46208],[-119.28197,34.46214],[-119.28237,34.46238],[-119.2825,34.46245],[-119.28341,34.46301]]}},{"type":"Feature","properties":{"name":"","t":1},"geometry":{"type":"LineString","coordinates":[[-119.28009,34.461],[-119.28006,34.46114],[-119.27995,34.46122],[-119.27978,34.46142],[-119.27913,34.46231]]}},{"type":"Feature","properties":{"name":"North Rice Road","t":1},"geometry":{"type":"LineString","coordinates":[[-119.28447,34.45877],[-119.28458,34.45906],[-119.28468,34.45936],[-119.28477,34.45967],[-119.28485,34.45991],[-119.28489,34.46002],[-119.28491,34.46013],[-119.28493,34.4602],[-119.28496,34.46027],[-119.285,34.46032],[-119.28512,34.4606],[-119.2853,34.46096],[-119.28553,34.46143],[-119.28582,34.46203],[-119.28591,34.46221],[-119.28609,34.46255],[-119.28617,34.46274],[-119.28622,34.46284],[-119.28634,34.46303],[-119.28677,34.46366],[-119.28681,34.46373]]}},{"type":"Feature","properties":{"name":"Cozy Del","t":1},"geometry":{"type":"LineString","coordinates":[[-119.28341,34.46301],[-119.28341,34.46337],[-119.28345,34.4637],[-119.28347,34.4638],[-119.28348,34.46395],[-119.28348,34.46416],[-119.2835,34.46429],[-119.28354,34.46445],[-119.28356,34.4645],[-119.28357,34.46456],[-119.28357,34.46467],[-119.28357,34.46473],[-119.28354,34.46485],[-119.28351,34.46493],[-119.28345,34.46502],[-119.28338,34.4651],[-119.2833,34.46517],[-119.28323,34.46521],[-119.28319,34.46524],[-119.2828,34.46546],[-119.28252,34.4656],[-119.28239,34.46569]]}},{"type":"Feature","properties":{"name":"Maricopa Highway","t":3},"geometry":{"type":"LineString","coordinates":[[-119.28341,34.46301],[-119.28378,34.46323],[-119.28432,34.46357],[-119.28443,34.46365],[-119.28458,34.46378],[-119.28468,34.46389],[-119.28478,34.46401],[-119.28486,34.46414],[-119.28495,34.46434],[-119.28506,34.46465],[-119.28517,34.46501],[-119.28578,34.46678],[-119.28583,34.46692],[-119.28587,34.46703],[-119.28593,34.46714],[-119.28602,34.46727],[-119.28609,34.46737],[-119.28645,34.46785],[-119.28671,34.4682],[-119.28684,34.46837],[-119.28715,34.46877],[-119.28731,34.46898],[-119.28736,34.46907],[-119.28739,34.46913],[-119.28743,34.46923],[-119.28745,34.46931],[-119.28748,34.46951],[-119.28749,34.46965],[-119.28749,34.46989],[-119.28753,34.47041],[-119.28754,34.47055],[-119.28756,34.47064],[-119.28759,34.47076],[-119.28765,34.47091],[-119.28769,34.47098],[-119.28776,34.47111],[-119.2879,34.47128],[-119.28802,34.47139],[-119.28888,34.47218],[-119.28908,34.47237],[-119.28927,34.47258],[-119.28933,34.47265],[-119.28941,34.47278],[-119.28954,34.47299],[-119.28962,34.47315],[-119.28968,34.47326],[-119.28973,34.47337],[-119.28979,34.47351],[-119.2899,34.47386],[-119.28995,34.47407],[-119.29003,34.47465],[-119.29008,34.47496],[-119.29012,34.47509],[-119.29017,34.47523],[-119.29021,34.47532],[-119.29038,34.47563],[-119.29053,34.47592],[-119.2908,34.47642],[-119.29091,34.47663],[-119.29099,34.47682],[-119.29103,34.47695],[-119.29105,34.47705],[-119.29107,34.47712],[-119.29106,34.47732],[-119.2909,34.47854],[-119.29089,34.47862],[-119.29087,34.4787],[-119.29082,34.47904],[-119.29068,34.47978],[-119.2906,34.48022],[-119.29059,34.48034],[-119.29058,34.48052],[-119.29059,34.48073],[-119.29063,34.48094],[-119.29072,34.48121],[-119.2908,34.4814],[-119.29085,34.48149],[-119.29097,34.48168],[-119.29104,34.48177],[-119.29112,34.48188],[-119.29115,34.48191],[-119.2912,34.48198],[-119.29129,34.48206],[-119.29133,34.4821],[-119.29159,34.48232],[-119.29175,34.48243],[-119.29196,34.48255],[-119.29241,34.48277],[-119.29269,34.48287],[-119.2928,34.48291],[-119.2931,34.48297],[-119.29357,34.48306],[-119.29581,34.48342],[-119.29599,34.48347]]}},{"type":"Feature","properties":{"name":"Camino Cielo","t":1},"geometry":{"type":"LineString","coordinates":[[-119.2988,34.4814],[-119.29867,34.48134],[-119.2985,34.48127],[-119.29837,34.48119],[-119.29816,34.48105],[-119.29792,34.48093],[-119.29788,34.48092],[-119.29756,34.48081],[-119.29743,34.48075],[-119.29739,34.48073],[-119.29736,34.4807],[-119.29734,34.48067],[-119.29729,34.48059],[-119.29704,34.48004],[-119.29698,34.47995],[-119.29693,34.47986],[-119.29674,34.47937],[-119.29671,34.47932],[-119.29666,34.47928],[-119.29661,34.47925],[-119.29659,34.47925],[-119.29651,34.47923],[-119.29645,34.47924],[-119.29638,34.47925],[-119.29631,34.47927],[-119.29624,34.47929],[-119.29609,34.47937],[-119.29577,34.47958],[-119.2957,34.47961],[-119.29509,34.47992],[-119.295,34.47997],[-119.29495,34.48001],[-119.29494,34.48003],[-119.29493,34.48005],[-119.29492,34.4801],[-119.29495,34.4802],[-119.29495,34.48026],[-119.29493,34.48032],[-119.29489,34.48051],[-119.2949,34.48063],[-119.29494,34.48095],[-119.29495,34.48117],[-119.29495,34.48123],[-119.29487,34.48149],[-119.29485,34.48161],[-119.29485,34.48169],[-119.29486,34.48174]]}},{"type":"Feature","properties":{"name":"Rice Road","t":1},"geometry":{"type":"LineString","coordinates":[[-119.29486,34.48174],[-119.29473,34.48158],[-119.29466,34.48147],[-119.29462,34.48138],[-119.29459,34.48128],[-119.29457,34.48117],[-119.29459,34.48089],[-119.29458,34.48076],[-119.29457,34.48055],[-119.29451,34.48027],[-119.29445,34.47986],[-119.29441,34.4797],[-119.2944,34.47967],[-119.29437,34.47961],[-119.29435,34.47958],[-119.29434,34.47953],[-119.29432,34.4792],[-119.29432,34.47913],[-119.29433,34.47907],[-119.29435,34.47904],[-119.29437,34.47902],[-119.29438,34.47899],[-119.29438,34.47855],[-119.29438,34.47816],[-119.29438,34.47814],[-119.29436,34.47806],[-119.29433,34.47801],[-119.29418,34.47784],[-119.2941,34.47775],[-119.29404,34.47766],[-119.29398,34.47756],[-119.29392,34.47746],[-119.29385,34.4773],[-119.29382,34.47723],[-119.29381,34.47717],[-119.2938,34.47698],[-119.29381,34.47681],[-119.29382,34.47642],[-119.29384,34.47627],[-119.29383,34.47597],[-119.29383,34.47583],[-119.29382,34.47579],[-119.29378,34.47574],[-119.29355,34.47547],[-119.29333,34.47518],[-119.29329,34.47499],[-119.29325,34.47487],[-119.29325,34.47478],[-119.29324,34.47467]]}},{"type":"Feature","properties":{"name":"South Matilija Road","t":1},"geometry":{"type":"LineString","coordinates":[[-119.30676,34.4845],[-119.3065,34.48433],[-119.30644,34.48431],[-119.30639,34.48427],[-119.30627,34.48416],[-119.3062,34.48408],[-119.306,34.48378],[-119.30597,34.48373],[-119.30593,34.4837],[-119.30589,34.48367],[-119.30584,34.48364],[-119.30578,34.48362],[-119.3057,34.4836],[-119.30552,34.48357],[-119.3054,34.48357],[-119.30474,34.48363],[-119.30453,34.48364],[-119.30445,34.48363],[-119.30426,34.4836],[-119.30377,34.48349],[-119.30344,34.48341],[-119.30332,34.48337],[-119.30316,34.48332],[-119.30257,34.4831],[-119.30251,34.48308],[-119.30244,34.48306],[-119.30231,34.48306],[-119.30226,34.48307],[-119.30222,34.48309],[-119.30218,34.48312],[-119.30213,34.48315],[-119.30209,34.4832],[-119.30197,34.48336],[-119.30177,34.48367],[-119.30132,34.48429],[-119.30102,34.48468],[-119.30068,34.48512],[-119.30057,34.48537],[-119.30053,34.48543]]}},{"type":"Feature","properties":{"name":"","t":1},"geometry":{"type":"LineString","coordinates":[[-119.30277,34.48769],[-119.30266,34.48752],[-119.3026,34.4874],[-119.30263,34.48736],[-119.30269,34.48737],[-119.30291,34.48747],[-119.30317,34.4876],[-119.3034,34.48773],[-119.30355,34.48785],[-119.30365,34.48791],[-119.30373,34.48794],[-119.30373,34.48789],[-119.30362,34.48768],[-119.30356,34.48757],[-119.30341,34.48736],[-119.3033,34.4872],[-119.30326,34.48708],[-119.30329,34.48702],[-119.30335,34.487],[-119.30342,34.48702],[-119.30354,34.4871],[-119.3038,34.48731],[-119.30407,34.48749],[-119.30432,34.48767],[-119.3045,34.48778],[-119.30464,34.4879],[-119.30474,34.48794],[-119.30482,34.48795],[-119.30492,34.48792],[-119.30496,34.48785],[-119.30493,34.48772],[-119.3048,34.4875],[-119.30469,34.48738],[-119.30454,34.48727],[-119.30437,34.48715],[-119.3043,34.48707],[-119.30414,34.4869],[-119.30398,34.48672],[-119.30389,34.4866],[-119.30369,34.48642],[-119.30358,34.48634],[-119.30344,34.48626],[-119.30309,34.48616],[-119.30261,34.48601]]}},{"type":"Feature","properties":{"name":"Camino Cielo","t":1},"geometry":{"type":"LineString","coordinates":[[-119.29486,34.48174],[-119.29488,34.48178],[-119.29492,34.48182],[-119.29495,34.48185],[-119.29504,34.48189],[-119.29543,34.48202],[-119.29584,34.48221],[-119.29624,34.48241],[-119.29633,34.48247],[-119.29637,34.4825],[-119.2964,34.48254],[-119.29642,34.48258],[-119.29642,34.48266],[-119.29641,34.48272]]}},{"type":"Feature","properties":{"name":"Camino Cielo","t":1},"geometry":{"type":"LineString","coordinates":[[-119.29641,34.48272],[-119.29638,34.4828],[-119.29632,34.48288],[-119.29628,34.48295],[-119.29618,34.48312],[-119.2961,34.48325],[-119.29599,34.48347]]}},{"type":"Feature","properties":{"name":"Rice Road","t":1},"geometry":{"type":"LineString","coordinates":[[-119.29641,34.48272],[-119.29656,34.48269],[-119.29669,34.48278],[-119.29677,34.4828],[-119.29685,34.48278],[-119.29692,34.48276],[-119.29703,34.48273]]}},{"type":"Feature","properties":{"name":"Maricopa Highway","t":3},"geometry":{"type":"LineString","coordinates":[[-119.29599,34.48347],[-119.29611,34.48351],[-119.29635,34.4836],[-119.29646,34.48367],[-119.29663,34.48379],[-119.29676,34.48392],[-119.29685,34.48403],[-119.29696,34.48418],[-119.29704,34.4843],[-119.29719,34.4845],[-119.29746,34.48479],[-119.29767,34.485],[-119.29784,34.48514],[-119.29792,34.4852],[-119.29802,34.48526],[-119.29813,34.48532],[-119.29822,34.48536],[-119.29843,34.48543],[-119.29868,34.4855],[-119.29882,34.48551],[-119.29897,34.48553],[-119.29913,34.48553],[-119.29943,34.48552],[-119.29954,34.48552],[-119.30006,34.48545],[-119.30053,34.48543]]}},{"type":"Feature","properties":{"name":"Maricopa Highway","t":3},"geometry":{"type":"LineString","coordinates":[[-119.30053,34.48543],[-119.30164,34.48545],[-119.30195,34.48546],[-119.30243,34.48546],[-119.30256,34.48546],[-119.30271,34.48547],[-119.30279,34.48548],[-119.30301,34.48552],[-119.30316,34.48557],[-119.30327,34.48561],[-119.30356,34.48575],[-119.30369,34.48583],[-119.30383,34.48593],[-119.30391,34.48601],[-119.30403,34.48614],[-119.30412,34.48625],[-119.30421,34.4864],[-119.30433,34.48655],[-119.30445,34.48667],[-119.30473,34.48692],[-119.30484,34.487],[-119.30507,34.48716],[-119.30519,34.48726],[-119.30528,34.48735],[-119.30531,34.48739],[-119.30537,34.48747],[-119.30543,34.48759],[-119.30547,34.48771],[-119.30549,34.48781],[-119.30556,34.48839],[-119.30561,34.48886],[-119.30562,34.48913],[-119.30563,34.48935],[-119.30561,34.48951],[-119.30559,34.4896],[-119.30548,34.48999],[-119.30546,34.49013],[-119.30545,34.49018],[-119.30547,34.49028],[-119.30549,34.49033],[-119.30555,34.49042],[-119.30558,34.49046],[-119.30565,34.49054],[-119.3058,34.49068],[-119.30592,34.49081],[-119.30596,34.49088],[-119.30606,34.49105],[-119.30611,34.49121],[-119.30618,34.49157],[-119.30636,34.49227],[-119.30639,34.49241]]}},{"type":"Feature","properties":{"name":"Maricopa Highway","t":3},"geometry":{"type":"LineString","coordinates":[[-119.30639,34.49241],[-119.30642,34.49251],[-119.30643,34.49263],[-119.30644,34.49271],[-119.30643,34.49278],[-119.30642,34.4929],[-119.30641,34.49296],[-119.30639,34.49304],[-119.30632,34.4932],[-119.30628,34.49327]]}},{"type":"Feature","properties":{"name":"North Fork Springs Road","t":1},"geometry":{"type":"LineString","coordinates":[[-119.30639,34.49241],[-119.30623,34.49248],[-119.30613,34.49253],[-119.30605,34.49258],[-119.30597,34.49265],[-119.30585,34.49276],[-119.30562,34.49302],[-119.30555,34.49309],[-119.30546,34.49316],[-119.30532,34.49326],[-119.30517,34.49338],[-119.30513,34.49342],[-119.3051,34.49347],[-119.30508,34.49353],[-119.30509,34.49358],[-119.30509,34.49372],[-119.30508,34.49376],[-119.30506,34.4938],[-119.305,34.49387],[-119.30493,34.49393],[-119.3048,34.49402],[-119.30476,34.49409],[-119.30475,34.49413],[-119.30475,34.49417],[-119.30475,34.49427],[-119.30466,34.49449],[-119.3046,34.49459],[-119.3045,34.49472],[-119.30444,34.49477],[-119.30434,34.49485],[-119.30388,34.49515],[-119.30379,34.49521],[-119.30362,34.49528],[-119.30354,34.4953],[-119.30346,34.49532],[-119.30334,34.49534],[-119.30322,34.49536],[-119.30305,34.49537],[-119.30279,34.49538],[-119.3027,34.49536],[-119.30259,34.49541]]}},{"type":"Feature","properties":{"name":"","t":1},"geometry":{"type":"LineString","coordinates":[[-119.30259,34.49541],[-119.3024,34.49525],[-119.3023,34.49516],[-119.30221,34.49503]]}},{"type":"Feature","properties":{"name":"North Fork Springs Road","t":1},"geometry":{"type":"LineString","coordinates":[[-119.30259,34.49541],[-119.30245,34.49546],[-119.30226,34.49544],[-119.302,34.49539],[-119.30186,34.49539],[-119.30163,34.49546],[-119.30153,34.49551],[-119.30116,34.49566],[-119.30109,34.49571],[-119.30096,34.49582],[-119.30081,34.49601],[-119.3008,34.49606],[-119.30078,34.4961],[-119.30072,34.49624],[-119.30061,34.49635],[-119.30059,34.49639],[-119.30057,34.49648],[-119.30055,34.49654],[-119.30048,34.49667],[-119.30046,34.49683],[-119.30043,34.49702],[-119.30039,34.49709],[-119.30032,34.49713],[-119.30029,34.49718],[-119.30028,34.49725],[-119.30028,34.49736]]}},{"type":"Feature","properties":{"name":"","t":1},"geometry":{"type":"LineString","coordinates":[[-119.30028,34.49736],[-119.30026,34.4974],[-119.30023,34.49745],[-119.3002,34.49749],[-119.30019,34.49753],[-119.30019,34.49758],[-119.3002,34.49761],[-119.30022,34.49762],[-119.30026,34.49764],[-119.30029,34.49764],[-119.30032,34.49764],[-119.30035,34.49762],[-119.30037,34.49759],[-119.30037,34.49754],[-119.30036,34.4975],[-119.30029,34.49741]]}},{"type":"Feature","properties":{"name":"","t":1},"geometry":{"type":"LineString","coordinates":[[-119.30029,34.49741],[-119.30028,34.49736]]}},{"type":"Feature","properties":{"name":"","t":1},"geometry":{"type":"LineString","coordinates":[[-119.27586,34.45985],[-119.27287,34.45981],[-119.27174,34.45979],[-119.27165,34.45977],[-119.27156,34.45971],[-119.27145,34.45961],[-119.27135,34.45955],[-119.27125,34.45953],[-119.27116,34.45954],[-119.27111,34.45958],[-119.27109,34.45964],[-119.27111,34.45975],[-119.27114,34.45989],[-119.27115,34.45999],[-119.27116,34.46015],[-119.27114,34.46028],[-119.27113,34.46036],[-119.27116,34.46041],[-119.27131,34.46052],[-119.27143,34.4606],[-119.27156,34.46064],[-119.27172,34.46067],[-119.27196,34.4607],[-119.27212,34.46074],[-119.27221,34.46077],[-119.27231,34.46086],[-119.27239,34.461],[-119.27247,34.46112],[-119.27249,34.46121],[-119.2725,34.4614],[-119.27252,34.46162],[-119.27256,34.46178],[-119.2726,34.46189],[-119.27266,34.46199],[-119.27277,34.46207],[-119.27301,34.46225],[-119.27322,34.46239],[-119.27368,34.46272],[-119.27379,34.46279],[-119.27389,34.46282],[-119.27403,34.46283],[-119.27418,34.46282],[-119.27425,34.46281]]}},{"type":"Feature","properties":{"name":"","t":1},"geometry":{"type":"LineString","coordinates":[[-119.27875,34.45941],[-119.27856,34.45952],[-119.27834,34.45965],[-119.27811,34.45974],[-119.27788,34.45979],[-119.27764,34.45983],[-119.27734,34.45993],[-119.27709,34.46007],[-119.27693,34.4601],[-119.27677,34.4601],[-119.27662,34.46006],[-119.27655,34.45998],[-119.27651,34.45987],[-119.27648,34.45986],[-119.27643,34.45986],[-119.27631,34.45986],[-119.27586,34.45985]]}},{"type":"Feature","properties":{"name":"Maricopa Highway","t":3},"geometry":{"type":"LineString","coordinates":[[-119.2783,34.4565],[-119.2783,34.45676],[-119.27829,34.45686],[-119.27828,34.45715],[-119.27826,34.4577],[-119.27826,34.4579],[-119.27829,34.45809],[-119.2783,34.45815],[-119.27832,34.45824],[-119.27838,34.45843],[-119.27841,34.45851],[-119.2786,34.45903],[-119.27869,34.45926],[-119.27875,34.45941]]}},{"type":"Feature","properties":{"name":"","t":1},"geometry":{"type":"LineString","coordinates":[[-119.27586,34.45985],[-119.27586,34.45973],[-119.27584,34.45963],[-119.27575,34.45953],[-119.27559,34.45936],[-119.27543,34.45922],[-119.27534,34.45911],[-119.27528,34.45899],[-119.27523,34.45885],[-119.27518,34.45874],[-119.2751,34.45863],[-119.27499,34.45851],[-119.27493,34.45848],[-119.27479,34.45842],[-119.2747,34.45837],[-119.27466,34.4583],[-119.27464,34.45821],[-119.27462,34.45808],[-119.27461,34.45799],[-119.27457,34.4579],[-119.27449,34.45778],[-119.2744,34.45764],[-119.27435,34.45753],[-119.27435,34.45746],[-119.27439,34.45741],[-119.27449,34.45733],[-119.27466,34.45726],[-119.2748,34.45719],[-119.27497,34.45713],[-119.27512,34.4571],[-119.27524,34.45706],[-119.2753,34.45704],[-119.27533,34.45701],[-119.27537,34.45698],[-119.2755,34.45696],[-119.2756,34.45693],[-119.27561,34.45691]]}},{"type":"Feature","properties":{"name":"Farnham Road","t":1},"geometry":{"type":"LineString","coordinates":[[-119.26656,34.46165],[-119.26646,34.46158],[-119.26641,34.46154],[-119.26639,34.46151],[-119.26634,34.46141],[-119.26632,34.46134],[-119.26633,34.46128],[-119.26634,34.46125]]}},{"type":"Feature","properties":{"name":"Farnham Road","t":1},"geometry":{"type":"LineString","coordinates":[[-119.26656,34.46165],[-119.26634,34.46125]]}},{"type":"Feature","properties":{"name":"Farnham Road","t":1},"geometry":{"type":"LineString","coordinates":[[-119.26503,34.46381],[-119.26506,34.46379],[-119.26514,34.46371],[-119.26522,34.46363],[-119.26532,34.46357],[-119.26534,34.46356],[-119.26539,34.46353],[-119.26552,34.46347],[-119.26565,34.46342],[-119.2659,34.46337],[-119.26599,34.46334],[-119.26603,34.46332],[-119.26608,34.46328],[-119.26609,34.46326],[-119.26611,34.46323],[-119.26613,34.4631],[-119.26613,34.46305],[-119.26613,34.46303],[-119.26612,34.46294],[-119.26611,34.46285],[-119.26612,34.4628],[-119.26614,34.46275],[-119.26621,34.46266],[-119.26639,34.46244],[-119.2665,34.46234],[-119.2667,34.46221],[-119.26672,34.46219],[-119.26674,34.46214],[-119.26674,34.46211],[-119.26672,34.46203],[-119.26667,34.46191],[-119.26656,34.46165]]}},{"type":"Feature","properties":{"name":"Camp Ramah Road","t":1},"geometry":{"type":"LineString","coordinates":[[-119.26631,34.46116],[-119.26621,34.46123],[-119.26617,34.46128],[-119.2661,34.46137],[-119.26605,34.46146],[-119.26593,34.46167],[-119.26589,34.46178],[-119.26586,34.4618],[-119.26584,34.46182],[-119.26572,34.46186],[-119.26558,34.4619],[-119.26548,34.46191],[-119.26518,34.46193],[-119.26501,34.46193],[-119.26496,34.46193],[-119.26486,34.4619],[-119.26476,34.46186],[-119.26461,34.46182],[-119.26454,34.46181],[-119.26443,34.4618],[-119.26433,34.4618],[-119.26422,34.46181],[-119.26413,34.46184],[-119.26409,34.46186],[-119.26402,34.4619],[-119.264,34.46193],[-119.26397,34.46197],[-119.26396,34.46201],[-119.26395,34.46205],[-119.26397,34.46213],[-119.26398,34.46216],[-119.264,34.46219],[-119.26409,34.46231],[-119.26411,34.46233],[-119.26418,34.4624],[-119.26422,34.46247],[-119.26425,34.46251],[-119.26453,34.46306],[-119.26454,34.4631],[-119.26458,34.46331],[-119.26458,34.46335],[-119.26459,34.46339],[-119.26461,34.46345],[-119.26462,34.46348],[-119.26467,34.46354],[-119.2648,34.46365],[-119.26488,34.46371],[-119.26503,34.46381]]}},{"type":"Feature","properties":{"name":"Farnham Road","t":1},"geometry":{"type":"LineString","coordinates":[[-119.26634,34.46125],[-119.26631,34.46116]]}},{"type":"Feature","properties":{"name":"Camp Ramah Road","t":1},"geometry":{"type":"LineString","coordinates":[[-119.26767,34.45801],[-119.2676,34.45812],[-119.26751,34.45825],[-119.26735,34.45845],[-119.26718,34.45872],[-119.26707,34.45883],[-119.26695,34.45892],[-119.26687,34.459],[-119.26685,34.45903],[-119.26682,34.4591],[-119.2668,34.45922],[-119.26681,34.4594],[-119.26682,34.4595],[-119.26685,34.45955],[-119.26698,34.45978],[-119.26705,34.45994],[-119.26708,34.46001],[-119.26709,34.46011],[-119.2671,34.46021],[-119.26709,34.46027],[-119.26707,34.46032],[-119.26705,34.46036],[-119.26701,34.46041],[-119.26695,34.46048],[-119.26671,34.46065],[-119.2666,34.46077],[-119.26653,34.46086],[-119.26643,34.46101],[-119.26638,34.46111],[-119.26635,34.46114],[-119.26631,34.46116]]}},{"type":"Feature","properties":{"name":"Fairview Road","t":1},"geometry":{"type":"LineString","coordinates":[[-119.26767,34.45801],[-119.26755,34.45801],[-119.26747,34.45801],[-119.26739,34.45803],[-119.26724,34.45808],[-119.26713,34.45813],[-119.26707,34.45816],[-119.26699,34.45822],[-119.26694,34.45827],[-119.26689,34.45833],[-119.26683,34.45841],[-119.26676,34.45849],[-119.26663,34.45858],[-119.26656,34.45862],[-119.26651,34.45863],[-119.26644,34.45864],[-119.26575,34.45863],[-119.26534,34.45862],[-119.26501,34.45862],[-119.26484,34.45861],[-119.26472,34.45859],[-119.26462,34.45856],[-119.26447,34.45851],[-119.26435,34.45844],[-119.2642,34.45836],[-119.26414,34.45831],[-119.2641,34.45826],[-119.26404,34.45818],[-119.26397,34.45803],[-119.26386,34.45775],[-119.26378,34.45754],[-119.26372,34.45746],[-119.26364,34.45739],[-119.2636,34.45735],[-119.26355,34.45733],[-119.26346,34.4573],[-119.26342,34.4573],[-119.26329,34.4573],[-119.2628,34.45732],[-119.2626,34.45734],[-119.26251,34.45736],[-119.26221,34.45746],[-119.26203,34.45752],[-119.26183,34.4576],[-119.26177,34.45762],[-119.26144,34.45774],[-119.26102,34.45788],[-119.26077,34.45795],[-119.26053,34.45803],[-119.26039,34.45807],[-119.2599,34.45821],[-119.25906,34.45844]]}},{"type":"Feature","properties":{"name":"Fairview Road","t":1},"geometry":{"type":"LineString","coordinates":[[-119.25906,34.45844],[-119.25866,34.45855],[-119.25787,34.45875],[-119.25655,34.45914],[-119.25632,34.4592],[-119.25618,34.45923]]}},{"type":"Feature","properties":{"name":"Fairview Court","t":1},"geometry":{"type":"LineString","coordinates":[[-119.25906,34.45844],[-119.25911,34.45856],[-119.25918,34.45869],[-119.25933,34.45898],[-119.25935,34.45905],[-119.25937,34.45913],[-119.25936,34.45922],[-119.25934,34.45933],[-119.25933,34.45936],[-119.25928,34.45944],[-119.25919,34.45955],[-119.25904,34.45965],[-119.25902,34.45966],[-119.25864,34.45976],[-119.25832,34.45985],[-119.25816,34.4599]]}},{"type":"Feature","properties":{"name":"Farnham Road","t":1},"geometry":{"type":"LineString","coordinates":[[-119.25614,34.46338],[-119.25628,34.46339],[-119.25638,34.46338],[-119.25648,34.46335],[-119.25681,34.46318],[-119.25689,34.46317],[-119.25693,34.46318],[-119.25708,34.46321],[-119.25719,34.46323],[-119.25733,34.46323],[-119.25757,34.46323],[-119.2577,34.46324],[-119.25778,34.46327],[-119.25804,34.46344],[-119.25815,34.46352],[-119.25829,34.46365],[-119.25851,34.46386],[-119.25858,34.46391],[-119.25861,34.46396],[-119.25863,34.46401],[-119.25863,34.46405],[-119.25862,34.46411],[-119.2586,34.46414],[-119.25855,34.46419],[-119.25829,34.46437],[-119.25828,34.46438],[-119.25825,34.46441],[-119.25824,34.46445],[-119.25824,34.46447],[-119.25824,34.4645],[-119.25827,34.46455],[-119.2583,34.46458],[-119.25832,34.46459],[-119.25835,34.4646],[-119.25841,34.4646],[-119.25876,34.46457],[-119.25892,34.46457],[-119.259,34.46459],[-119.25904,34.4646],[-119.2591,34.46464],[-119.25914,34.46468],[-119.25918,34.46475],[-119.2592,34.46491],[-119.25922,34.46497],[-119.25923,34.46498],[-119.25925,34.465],[-119.25929,34.46503],[-119.25932,34.46504],[-119.25935,34.46505],[-119.25939,34.46504],[-119.25945,34.46501],[-119.25957,34.46493],[-119.25962,34.46489],[-119.25969,34.46487],[-119.25985,34.46482],[-119.2603,34.46478],[-119.2605,34.46476],[-119.26059,34.46473],[-119.26103,34.46457],[-119.26109,34.46455],[-119.26123,34.4645],[-119.26208,34.46418],[-119.26216,34.46417],[-119.26229,34.46416],[-119.26241,34.46416],[-119.26255,34.46418],[-119.26264,34.46419],[-119.26281,34.46423],[-119.26305,34.46432],[-119.26313,34.46434],[-119.26322,34.46435],[-119.26329,34.46434],[-119.26334,34.46432],[-119.2634,34.46429],[-119.26371,34.46412],[-119.26375,34.46411],[-119.2639,34.46409],[-119.26426,34.4641],[-119.26451,34.46408],[-119.26462,34.46405],[-119.26476,34.464],[-119.26488,34.46394],[-119.26494,34.4639],[-119.26503,34.46381]]}},{"type":"Feature","properties":{"name":"Foothill Road","t":1},"geometry":{"type":"LineString","coordinates":[[-119.25614,34.46338],[-119.25613,34.46369],[-119.25613,34.46411],[-119.25613,34.46442],[-119.25613,34.46453],[-119.25615,34.46459],[-119.2562,34.46472],[-119.25628,34.46499],[-119.25632,34.46518],[-119.25632,34.46523],[-119.25632,34.46528],[-119.2563,34.46539],[-119.25626,34.46548],[-119.2562,34.46559],[-119.25599,34.46597],[-119.25584,34.46629],[-119.25578,34.46647],[-119.25574,34.4666],[-119.25569,34.46686],[-119.25563,34.46699],[-119.25556,34.46711],[-119.25547,34.46723],[-119.25525,34.46753],[-119.25519,34.46758],[-119.25511,34.46763],[-119.25503,34.46766],[-119.2546,34.4678],[-119.2542,34.4679],[-119.25407,34.46794],[-119.25397,34.46797],[-119.25387,34.46801],[-119.25377,34.46806],[-119.25366,34.46817],[-119.25359,34.46826],[-119.25351,34.46836],[-119.25341,34.46852],[-119.25336,34.46859],[-119.2533,34.46867],[-119.25326,34.46874],[-119.25324,34.46877],[-119.25323,34.46882],[-119.25319,34.46891],[-119.25315,34.469],[-119.25309,34.46907],[-119.25304,34.46912],[-119.25297,34.46919],[-119.2529,34.46925],[-119.25281,34.46934]]}},{"type":"Feature","properties":{"name":"Foothill Road","t":1},"geometry":{"type":"LineString","coordinates":[[-119.25618,34.45923],[-119.25616,34.45975],[-119.25616,34.4601],[-119.25616,34.46033],[-119.25616,34.4612],[-119.25615,34.46177],[-119.25615,34.46183],[-119.25613,34.46237],[-119.25614,34.4625],[-119.25614,34.46251],[-119.25614,34.46268],[-119.25613,34.4627],[-119.25611,34.46304],[-119.25614,34.46338]]}},{"type":"Feature","properties":{"name":"Foothill Road","t":1},"geometry":{"type":"LineString","coordinates":[[-119.25616,34.45822],[-119.25614,34.45829],[-119.25614,34.45844],[-119.25615,34.45871],[-119.25615,34.4588],[-119.25615,34.45911],[-119.25618,34.45923]]}},{"type":"Feature","properties":{"name":"Vista Hermosa Drive","t":1},"geometry":{"type":"LineString","coordinates":[[-119.25616,34.45822],[-119.25543,34.45822],[-119.25508,34.45821],[-119.25482,34.45821],[-119.25478,34.45821],[-119.25467,34.45821],[-119.25449,34.4582],[-119.25433,34.45819],[-119.25423,34.45817],[-119.25414,34.45815]]}},{"type":"Feature","properties":{"name":"Del Oro Drive","t":1},"geometry":{"type":"LineString","coordinates":[[-119.25195,34.45763],[-119.25196,34.45772],[-119.25204,34.45894],[-119.25207,34.45903],[-119.2521,34.45912],[-119.25216,34.45921],[-119.25228,34.45937],[-119.25238,34.45944],[-119.25244,34.45948],[-119.25257,34.45953],[-119.25272,34.45957],[-119.25281,34.45958],[-119.253,34.45959],[-119.2531,34.45958],[-119.2532,34.45956],[-119.25334,34.45952],[-119.25346,34.45947],[-119.25351,34.45943],[-119.25362,34.45936],[-119.25367,34.45931],[-119.25377,34.45918],[-119.25384,34.45904],[-119.25394,34.45877],[-119.254,34.45859],[-119.25414,34.45815]]}},{"type":"Feature","properties":{"name":"Spelway Dam","t":0},"geometry":{"type":"LineString","coordinates":[[-119.25091,34.45825],[-119.25077,34.45825],[-119.24998,34.45824]]}},{"type":"Feature","properties":{"name":"Spelway Dam","t":0},"geometry":{"type":"LineString","coordinates":[[-119.2497,34.45826],[-119.24957,34.45825],[-119.24944,34.45826],[-119.24933,34.45827],[-119.24922,34.45829],[-119.24905,34.45834],[-119.2489,34.4584],[-119.24876,34.45846],[-119.24862,34.45854],[-119.24852,34.45862],[-119.24843,34.4587],[-119.24835,34.45877],[-119.2483,34.45883],[-119.24825,34.4589],[-119.24814,34.45909],[-119.24808,34.45923],[-119.24805,34.45939],[-119.24803,34.45959],[-119.24803,34.45985],[-119.24804,34.45988],[-119.24804,34.45993]]}},{"type":"Feature","properties":{"name":"Pratt Trail Head","t":1},"geometry":{"type":"LineString","coordinates":[[-119.24593,34.45971],[-119.24651,34.45972],[-119.24688,34.45974],[-119.24703,34.45979],[-119.2472,34.45981],[-119.24762,34.45988],[-119.24792,34.45993],[-119.24804,34.45993],[-119.24828,34.45993],[-119.24838,34.45994],[-119.24842,34.45997],[-119.24846,34.46],[-119.24856,34.46012],[-119.2486,34.46015],[-119.24864,34.46018],[-119.24869,34.4602],[-119.24876,34.46022],[-119.24895,34.46024],[-119.24901,34.46026],[-119.2491,34.46029],[-119.24921,34.46035],[-119.24926,34.46038]]}},{"type":"Feature","properties":{"name":"North Montgomery Street","t":1},"geometry":{"type":"LineString","coordinates":[[-119.24266,34.4584],[-119.24266,34.45839],[-119.24267,34.4582],[-119.24267,34.45812],[-119.24268,34.45799],[-119.2427,34.45788],[-119.24272,34.45779],[-119.24274,34.45775],[-119.24277,34.45768],[-119.24284,34.45751]]}},{"type":"Feature","properties":{"name":"North Montgomery Street","t":1},"geometry":{"type":"LineString","coordinates":[[-119.24266,34.45881],[-119.24266,34.4584]]}},{"type":"Feature","properties":{"name":"Douglas Street","t":1},"geometry":{"type":"LineString","coordinates":[[-119.24266,34.45881],[-119.24295,34.45905],[-119.24321,34.45933],[-119.24325,34.45936],[-119.24327,34.45937],[-119.24335,34.45938],[-119.24346,34.45938],[-119.24365,34.45939],[-119.24392,34.4594],[-119.24408,34.45939],[-119.24414,34.45937]]}},{"type":"Feature","properties":{"name":"North Signal Street","t":1},"geometry":{"type":"LineString","coordinates":[[-119.24593,34.45971],[-119.24592,34.46014],[-119.24592,34.46022],[-119.24593,34.46068],[-119.24592,34.46102],[-119.2459,34.46122],[-119.24591,34.46123],[-119.24591,34.46167],[-119.24593,34.46173],[-119.24594,34.46178],[-119.24596,34.46186],[-119.24595,34.46196],[-119.24592,34.46204],[-119.24586,34.46221]]}},{"type":"Feature","properties":{"name":"Park Road","t":1},"geometry":{"type":"LineString","coordinates":[[-119.23582,34.46144],[-119.23582,34.46159],[-119.23582,34.4618],[-119.23582,34.46187],[-119.23582,34.46216]]}},{"type":"Feature","properties":{"name":"Patricia Court","t":1},"geometry":{"type":"LineString","coordinates":[[-119.23512,34.46143],[-119.23542,34.46144],[-119.23544,34.46144],[-119.23582,34.46144]]}},{"type":"Feature","properties":{"name":"Park Road","t":1},"geometry":{"type":"LineString","coordinates":[[-119.23582,34.46076],[-119.23582,34.4608],[-119.23582,34.46103],[-119.23582,34.4613],[-119.23582,34.46144]]}},{"type":"Feature","properties":{"name":"Grandview Avenue","t":1},"geometry":{"type":"LineString","coordinates":[[-119.23662,34.4601],[-119.23662,34.46038],[-119.23662,34.46039],[-119.23662,34.46062],[-119.23662,34.46063],[-119.23662,34.46072],[-119.23662,34.46088],[-119.23662,34.46097],[-119.23662,34.46112],[-119.23661,34.4612],[-119.23661,34.46121],[-119.23661,34.46137],[-119.23661,34.46159],[-119.23661,34.4616],[-119.23661,34.46185],[-119.23661,34.46202]]}},{"type":"Feature","properties":{"name":"Sunset Place","t":1},"geometry":{"type":"LineString","coordinates":[[-119.2374,34.4601],[-119.23739,34.46039],[-119.23739,34.46062],[-119.23739,34.46063],[-119.23739,34.46072],[-119.23739,34.46086],[-119.23739,34.46096],[-119.23739,34.46097],[-119.23739,34.46122],[-119.23738,34.46136],[-119.23738,34.4616],[-119.23738,34.46161],[-119.23738,34.46181],[-119.23738,34.46185],[-119.23738,34.46195],[-119.23738,34.46197],[-119.23738,34.46199],[-119.23737,34.462],[-119.23736,34.462],[-119.23735,34.46201],[-119.2373,34.46202],[-119.23725,34.46202],[-119.23715,34.46202],[-119.23706,34.46202],[-119.23695,34.46202],[-119.23685,34.46202],[-119.23661,34.46202]]}},{"type":"Feature","properties":{"name":"Grandview Avenue","t":1},"geometry":{"type":"LineString","coordinates":[[-119.23661,34.46202],[-119.23662,34.4621],[-119.23662,34.46234],[-119.23661,34.46243]]}},{"type":"Feature","properties":{"name":"Meadowbrook Road","t":1},"geometry":{"type":"LineString","coordinates":[[-119.23814,34.4601],[-119.23815,34.46035],[-119.23815,34.46047],[-119.23816,34.46074],[-119.23816,34.46095],[-119.23816,34.46097],[-119.23817,34.46133],[-119.23817,34.46144],[-119.23817,34.46168],[-119.23817,34.46169],[-119.23818,34.46174],[-119.2382,34.46176],[-119.23821,34.46177],[-119.23823,34.46179],[-119.23829,34.4618],[-119.23835,34.4618],[-119.23842,34.46179],[-119.23867,34.46177],[-119.23891,34.46176],[-119.23895,34.46175]]}},{"type":"Feature","properties":{"name":"Drown Avenue","t":1},"geometry":{"type":"LineString","coordinates":[[-119.23895,34.46048],[-119.23895,34.46072],[-119.23895,34.46081],[-119.23895,34.46101],[-119.23895,34.46125],[-119.23895,34.46128],[-119.23895,34.46148],[-119.23895,34.46151],[-119.23895,34.46175]]}},{"type":"Feature","properties":{"name":"Daly Road","t":1},"geometry":{"type":"LineString","coordinates":[[-119.24138,34.46343],[-119.24138,34.46341],[-119.24136,34.46297],[-119.24136,34.46291],[-119.24136,34.46282],[-119.24135,34.46266],[-119.24135,34.46223],[-119.24136,34.46219],[-119.24137,34.46212],[-119.24138,34.46209],[-119.24139,34.46205],[-119.24142,34.46196],[-119.24143,34.46191],[-119.24143,34.46184],[-119.2414,34.46176],[-119.2414,34.46175],[-119.2414,34.46166]]}},{"type":"Feature","properties":{"name":"Red Hill Road","t":1},"geometry":{"type":"LineString","coordinates":[[-119.23895,34.46175],[-119.23917,34.46174],[-119.23941,34.46173],[-119.23966,34.46172],[-119.23967,34.46172],[-119.23973,34.46171],[-119.23976,34.4617]]}},{"type":"Feature","properties":{"name":"White Oak Circle","t":1},"geometry":{"type":"LineString","coordinates":[[-119.23895,34.46048],[-119.23925,34.46047],[-119.23953,34.46047],[-119.23965,34.46047],[-119.23972,34.46049],[-119.23975,34.46051],[-119.23977,34.46052],[-119.23978,34.46054],[-119.23978,34.46057],[-119.23978,34.46073],[-119.23978,34.46082],[-119.23978,34.46091],[-119.23978,34.461],[-119.23978,34.46103],[-119.23979,34.46115],[-119.2398,34.46147],[-119.2398,34.46148],[-119.23981,34.46162],[-119.2398,34.46167],[-119.23978,34.46169],[-119.23976,34.4617]]}},{"type":"Feature","properties":{"name":"Pleasant Avenue","t":1},"geometry":{"type":"LineString","coordinates":[[-119.23895,34.45977],[-119.239,34.45977]]}},{"type":"Feature","properties":{"name":"Pleasant Avenue","t":1},"geometry":{"type":"LineString","coordinates":[[-119.239,34.45977],[-119.23927,34.45977],[-119.23931,34.45977],[-119.23945,34.45977],[-119.23952,34.45977],[-119.23956,34.45977],[-119.23965,34.45977],[-119.23988,34.45976],[-119.24146,34.45975]]}},{"type":"Feature","properties":{"name":"Daly Road","t":1},"geometry":{"type":"LineString","coordinates":[[-119.24146,34.45975],[-119.24144,34.46003],[-119.24141,34.46015],[-119.24138,34.4602],[-119.24136,34.46024],[-119.24132,34.4603],[-119.2413,34.46033],[-119.24113,34.46058],[-119.24074,34.46116],[-119.24071,34.46124],[-119.24071,34.4613],[-119.24072,34.46134],[-119.24073,34.46136],[-119.24075,34.46141],[-119.24079,34.46146],[-119.24084,34.46152],[-119.24087,34.46154],[-119.24091,34.46157],[-119.24099,34.46161],[-119.24101,34.46162],[-119.24104,34.46163],[-119.24111,34.46164],[-119.24117,34.46165],[-119.24119,34.46165],[-119.24129,34.46166],[-119.2414,34.46166]]}},{"type":"Feature","properties":{"name":"North Montgomery Street","t":1},"geometry":{"type":"LineString","coordinates":[[-119.2414,34.46166],[-119.24167,34.46166],[-119.24227,34.46166],[-119.24232,34.46166],[-119.24241,34.46166],[-119.24246,34.46166],[-119.24251,34.46163],[-119.24254,34.4616],[-119.24256,34.46156],[-119.24262,34.46136],[-119.24265,34.46128],[-119.24268,34.46113],[-119.24269,34.46106],[-119.24269,34.46102],[-119.24269,34.461],[-119.2427,34.46087],[-119.2427,34.46079],[-119.24268,34.46068],[-119.24267,34.46063],[-119.24258,34.46048],[-119.24254,34.46037],[-119.24252,34.46012],[-119.24254,34.45992],[-119.2426,34.45951],[-119.24264,34.4592],[-119.24266,34.45881]]}},{"type":"Feature","properties":{"name":"Daly Road","t":1},"geometry":{"type":"LineString","coordinates":[[-119.24148,34.45838],[-119.24146,34.45975]]}},{"type":"Feature","properties":{"name":"Andrew Drive","t":1},"geometry":{"type":"LineString","coordinates":[[-119.24266,34.4584],[-119.24148,34.45838]]}},{"type":"Feature","properties":{"name":"Andrew Drive","t":1},"geometry":{"type":"LineString","coordinates":[[-119.24148,34.45838],[-119.24125,34.45837],[-119.2411,34.45838],[-119.24096,34.45836],[-119.24084,34.45833],[-119.24077,34.45831],[-119.2407,34.45827],[-119.24059,34.45819],[-119.24052,34.45813]]}},{"type":"Feature","properties":{"name":"Rains Court","t":1},"geometry":{"type":"LineString","coordinates":[[-119.24019,34.45825],[-119.24028,34.45824],[-119.24036,34.45821],[-119.24052,34.45813]]}},{"type":"Feature","properties":{"name":"Andrew Drive","t":1},"geometry":{"type":"LineString","coordinates":[[-119.24052,34.45813],[-119.24049,34.45809],[-119.24046,34.45805]]}},{"type":"Feature","properties":{"name":"Rains Court","t":1},"geometry":{"type":"LineString","coordinates":[[-119.24046,34.45805],[-119.24033,34.45812],[-119.24023,34.45818],[-119.24021,34.45822],[-119.24019,34.45825]]}},{"type":"Feature","properties":{"name":"Rains Court","t":1},"geometry":{"type":"LineString","coordinates":[[-119.24019,34.45825],[-119.24015,34.45827],[-119.2401,34.45833],[-119.24009,34.45841],[-119.24009,34.45881],[-119.2401,34.45888],[-119.24013,34.45895],[-119.24016,34.45899]]}},{"type":"Feature","properties":{"name":"Sunset Place","t":1},"geometry":{"type":"LineString","coordinates":[[-119.23742,34.45749],[-119.23742,34.45778],[-119.23742,34.45786],[-119.23742,34.4581],[-119.23742,34.45811],[-119.23743,34.45848],[-119.23743,34.45849],[-119.23743,34.45859],[-119.23743,34.45873],[-119.23743,34.4588],[-119.23743,34.45882],[-119.23742,34.45898],[-119.23742,34.45921],[-119.23742,34.45922],[-119.23742,34.4593],[-119.23741,34.45945],[-119.23741,34.45971],[-119.2374,34.45978],[-119.2374,34.45979],[-119.2374,34.4601]]}},{"type":"Feature","properties":{"name":"Pleasant Avenue","t":1},"geometry":{"type":"LineString","coordinates":[[-119.23814,34.4601],[-119.23814,34.45998],[-119.23815,34.45989],[-119.23817,34.45983],[-119.23819,34.45981],[-119.23823,34.45979],[-119.23826,34.45978],[-119.2383,34.45977],[-119.23895,34.45977]]}},{"type":"Feature","properties":{"name":"Drown Avenue","t":1},"geometry":{"type":"LineString","coordinates":[[-119.23895,34.45977],[-119.23895,34.46048]]}},{"type":"Feature","properties":{"name":"Pleasant Avenue","t":1},"geometry":{"type":"LineString","coordinates":[[-119.2374,34.4601],[-119.23768,34.4601],[-119.23814,34.4601]]}},{"type":"Feature","properties":{"name":"Pleasant Avenue","t":1},"geometry":{"type":"LineString","coordinates":[[-119.23662,34.4601],[-119.23671,34.4601],[-119.23705,34.4601],[-119.2374,34.4601]]}},{"type":"Feature","properties":{"name":"Park Road","t":1},"geometry":{"type":"LineString","coordinates":[[-119.23581,34.46009],[-119.23581,34.46032],[-119.23581,34.46034],[-119.23582,34.46057],[-119.23582,34.46076]]}},{"type":"Feature","properties":{"name":"Topaz Court","t":1},"geometry":{"type":"LineString","coordinates":[[-119.23582,34.46076],[-119.23554,34.46076],[-119.23547,34.46076],[-119.23519,34.46075],[-119.23514,34.46075]]}},{"type":"Feature","properties":{"name":"Pleasant Avenue","t":1},"geometry":{"type":"LineString","coordinates":[[-119.23581,34.46009],[-119.23655,34.4601],[-119.23662,34.4601]]}},{"type":"Feature","properties":{"name":"Grandview Avenue","t":1},"geometry":{"type":"LineString","coordinates":[[-119.23665,34.45749],[-119.23665,34.45768],[-119.23665,34.45778],[-119.23665,34.45785],[-119.23665,34.45786],[-119.23665,34.4581],[-119.23665,34.45823],[-119.23665,34.45828],[-119.23665,34.45834],[-119.23665,34.45849],[-119.23665,34.45859],[-119.23665,34.45872],[-119.23664,34.45883],[-119.23664,34.45897],[-119.23664,34.45907],[-119.23664,34.45921],[-119.23664,34.45931],[-119.23663,34.45969],[-119.23663,34.4597],[-119.23663,34.45979],[-119.23663,34.46],[-119.23662,34.4601]]}},{"type":"Feature","properties":{"name":"Ayers Avenue","t":1},"geometry":{"type":"LineString","coordinates":[[-119.23439,34.45744],[-119.23438,34.45771],[-119.23438,34.45779],[-119.23438,34.45781],[-119.23437,34.45805],[-119.23437,34.45818],[-119.23437,34.45828],[-119.23437,34.45843],[-119.23437,34.45852],[-119.23437,34.45853],[-119.23436,34.45878],[-119.23436,34.45893],[-119.23435,34.45915],[-119.23435,34.45916],[-119.23435,34.45925],[-119.23435,34.4594],[-119.23435,34.4595],[-119.23434,34.45974],[-119.23434,34.45996],[-119.23433,34.46004]]}},{"type":"Feature","properties":{"name":"Mercer Avenue","t":1},"geometry":{"type":"LineString","coordinates":[[-119.23349,34.45743],[-119.23349,34.45775],[-119.23348,34.45796],[-119.23348,34.45808],[-119.23348,34.45828],[-119.23348,34.45829],[-119.23348,34.45837],[-119.23347,34.45849],[-119.23347,34.45856],[-119.23347,34.45869],[-119.23347,34.45891],[-119.23346,34.45895],[-119.23346,34.45915],[-119.23346,34.45916],[-119.23346,34.4594],[-119.23346,34.45943],[-119.23345,34.45964],[-119.23345,34.45968],[-119.23345,34.46001]]}},{"type":"Feature","properties":{"name":"Pleasant Avenue","t":1},"geometry":{"type":"LineString","coordinates":[[-119.23304,34.46001],[-119.23345,34.46001]]}},{"type":"Feature","properties":{"name":"Pleasant Avenue","t":1},"geometry":{"type":"LineString","coordinates":[[-119.23345,34.46001],[-119.2337,34.46002],[-119.23375,34.46002],[-119.23381,34.46002],[-119.2341,34.46003],[-119.23433,34.46004]]}},{"type":"Feature","properties":{"name":"Pleasant Avenue","t":1},"geometry":{"type":"LineString","coordinates":[[-119.23433,34.46004],[-119.23469,34.46005],[-119.23476,34.46006],[-119.23496,34.46006],[-119.23523,34.46007],[-119.23581,34.46009]]}},{"type":"Feature","properties":{"name":"Ayers Avenue","t":1},"geometry":{"type":"LineString","coordinates":[[-119.23433,34.46004],[-119.23431,34.4601],[-119.23431,34.46018],[-119.23431,34.4603],[-119.2343,34.4604],[-119.2343,34.46079],[-119.2343,34.46084],[-119.23429,34.46103],[-119.23429,34.46104],[-119.23429,34.4613],[-119.23429,34.46134],[-119.23429,34.46154],[-119.23429,34.46157],[-119.23428,34.46185],[-119.23428,34.46196],[-119.23428,34.462]]}},{"type":"Feature","properties":{"name":"Olive Street","t":0},"geometry":{"type":"LineString","coordinates":[[-119.2239,34.4598],[-119.22229,34.45979],[-119.22223,34.4598],[-119.2222,34.45983],[-119.22218,34.45987],[-119.22218,34.46048],[-119.22216,34.46155],[-119.22215,34.46162],[-119.22213,34.46169],[-119.22211,34.46172],[-119.22209,34.46173],[-119.22199,34.46174],[-119.22173,34.46174],[-119.22139,34.46173],[-119.22134,34.46173],[-119.2213,34.46175],[-119.22129,34.46178],[-119.22128,34.46182],[-119.22124,34.46252],[-119.2212,34.46314],[-119.2212,34.46331],[-119.22119,34.46343],[-119.22119,34.46373],[-119.22117,34.46409],[-119.22114,34.46414],[-119.22111,34.46419],[-119.22105,34.46426],[-119.22103,34.4643],[-119.22102,34.46435],[-119.221,34.46439],[-119.22095,34.46446],[-119.22089,34.46452],[-119.22085,34.46455],[-119.22083,34.46459],[-119.22082,34.46464],[-119.22084,34.46503],[-119.22082,34.46524],[-119.2208,34.46536],[-119.22078,34.46561],[-119.22076,34.46568],[-119.22073,34.46571],[-119.2207,34.46573],[-119.22068,34.46574],[-119.22057,34.46575],[-119.22046,34.46574],[-119.2204,34.46573],[-119.22035,34.46571],[-119.22029,34.46565],[-119.2201,34.46538]]}},{"type":"Feature","properties":{"name":"Gridley Road","t":1},"geometry":{"type":"LineString","coordinates":[[-119.22824,34.45432],[-119.22822,34.45558],[-119.2282,34.45678],[-119.22819,34.45701],[-119.22813,34.45947],[-119.22812,34.46003],[-119.22811,34.4608],[-119.22811,34.4613],[-119.2281,34.46161],[-119.22809,34.46256],[-119.22808,34.46269],[-119.22808,34.46277],[-119.22807,34.46366],[-119.22806,34.46397],[-119.22803,34.46407],[-119.22798,34.46414],[-119.22793,34.46419],[-119.22783,34.46422],[-119.2276,34.46429],[-119.22746,34.46435],[-119.22733,34.46444],[-119.22725,34.46454],[-119.22719,34.46463],[-119.22715,34.46474],[-119.22708,34.46498],[-119.22707,34.46502],[-119.22702,34.46512],[-119.22698,34.46518],[-119.22692,34.46525],[-119.22683,34.46534],[-119.22677,34.46538],[-119.22668,34.46545],[-119.22602,34.4659],[-119.22576,34.46612],[-119.22568,34.4662],[-119.22562,34.46627],[-119.22556,34.46637],[-119.22554,34.46643],[-119.22552,34.46652],[-119.22548,34.46669],[-119.22544,34.46676],[-119.22537,34.46683],[-119.22519,34.46698],[-119.22507,34.46708],[-119.22497,34.46723],[-119.22494,34.4673],[-119.22491,34.46735],[-119.22485,34.46743],[-119.22468,34.46764],[-119.22458,34.46779],[-119.22455,34.46786],[-119.22452,34.46794],[-119.2245,34.46809],[-119.2245,34.46825],[-119.22446,34.46841],[-119.22444,34.46847],[-119.2244,34.46852],[-119.22434,34.4686],[-119.22426,34.4687],[-119.22415,34.4688],[-119.22408,34.46885],[-119.224,34.4689],[-119.22391,34.46895],[-119.22378,34.46901],[-119.22349,34.46913],[-119.22336,34.46916]]}},{"type":"Feature","properties":{"name":"Gridley Canyon Road","t":0},"geometry":{"type":"LineString","coordinates":[[-119.22426,34.4687],[-119.22432,34.46876],[-119.22446,34.4689],[-119.22467,34.46914],[-119.22471,34.46916],[-119.22488,34.46921],[-119.225,34.46925],[-119.22503,34.46928],[-119.22504,34.46932],[-119.22504,34.46936],[-119.22502,34.4694],[-119.22479,34.46965],[-119.22476,34.46973],[-119.22474,34.46979],[-119.22475,34.46986],[-119.22477,34.46989],[-119.22481,34.46995],[-119.22485,34.47003],[-119.22487,34.47017],[-119.2249,34.47026],[-119.22494,34.47033],[-119.225,34.47039],[-119.22513,34.47051],[-119.22526,34.47062],[-119.22531,34.47067]]}},{"type":"Feature","properties":{"name":"Ladera Road","t":1},"geometry":{"type":"LineString","coordinates":[[-119.20323,34.46657],[-119.20318,34.46665],[-119.20312,34.46675],[-119.20305,34.46683],[-119.20297,34.4669],[-119.20289,34.46698],[-119.20282,34.46703],[-119.20258,34.46718],[-119.20219,34.46742],[-119.20214,34.46745],[-119.2021,34.4675],[-119.20209,34.46753],[-119.20204,34.46759],[-119.20197,34.46769],[-119.20181,34.4679],[-119.20172,34.46801],[-119.20165,34.46811],[-119.20161,34.46816],[-119.20155,34.46829],[-119.20148,34.46851],[-119.20139,34.46892],[-119.20134,34.46908],[-119.20133,34.46919],[-119.20135,34.46936],[-119.20133,34.46948],[-119.20128,34.4696],[-119.20124,34.46966],[-119.20109,34.46984],[-119.20084,34.47007],[-119.20077,34.47014],[-119.20063,34.4703],[-119.2005,34.47045],[-119.20043,34.47055],[-119.20039,34.47063],[-119.20036,34.4707],[-119.20033,34.47086],[-119.20032,34.47091],[-119.2003,34.47098],[-119.20021,34.47114],[-119.20002,34.47137],[-119.1998,34.47169],[-119.19967,34.47187],[-119.19963,34.47196],[-119.1996,34.47202],[-119.19943,34.47229],[-119.19937,34.47239],[-119.19934,34.47249],[-119.19932,34.47256],[-119.19929,34.47274],[-119.1992,34.47301],[-119.19915,34.4731],[-119.19906,34.47321],[-119.19901,34.47332],[-119.19902,34.47346],[-119.19905,34.47353],[-119.19914,34.47361],[-119.19924,34.4737],[-119.19926,34.47372],[-119.19935,34.47381]]}},{"type":"Feature","properties":{"name":"Hermitage Road","t":1},"geometry":{"type":"LineString","coordinates":[[-119.21977,34.47254],[-119.21974,34.47241],[-119.21974,34.47231],[-119.21974,34.47219],[-119.21979,34.4719],[-119.21981,34.47176],[-119.21982,34.47173],[-119.21983,34.47167],[-119.21981,34.47159],[-119.21981,34.47157],[-119.21978,34.47153],[-119.21974,34.4715],[-119.21961,34.47142],[-119.21954,34.47139],[-119.21948,34.47138],[-119.21935,34.47136],[-119.21927,34.47136],[-119.21915,34.47138],[-119.21905,34.47141],[-119.21864,34.47159],[-119.21851,34.47164],[-119.21838,34.47167],[-119.21823,34.47169],[-119.21799,34.47171],[-119.21779,34.47172],[-119.21767,34.47174],[-119.21764,34.47175],[-119.21755,34.4718],[-119.21753,34.47182],[-119.2175,34.47186],[-119.21748,34.47189],[-119.21742,34.47207],[-119.21739,34.47211],[-119.21736,34.47215],[-119.2173,34.47219],[-119.21719,34.4722],[-119.21708,34.47219],[-119.21696,34.47217],[-119.21631,34.47198],[-119.21628,34.47198],[-119.21625,34.47199],[-119.21623,34.47203],[-119.21614,34.47221],[-119.21609,34.47235],[-119.21607,34.47248],[-119.21623,34.47317],[-119.21622,34.47329],[-119.21618,34.47341],[-119.21614,34.47348],[-119.21609,34.47354],[-119.21603,34.4736],[-119.216,34.47362],[-119.21593,34.47365],[-119.21585,34.47367],[-119.21577,34.47367],[-119.21568,34.47365],[-119.21557,34.47357],[-119.2153,34.47342],[-119.21521,34.47335],[-119.21509,34.47326],[-119.21502,34.47325],[-119.21491,34.47327],[-119.21476,34.47335],[-119.21463,34.47336],[-119.21457,34.47337],[-119.21447,34.47337],[-119.21436,34.47338],[-119.21429,34.47336],[-119.21426,34.47334],[-119.21425,34.47334],[-119.21416,34.47328],[-119.2141,34.47325],[-119.21397,34.47316],[-119.2137,34.47296],[-119.21363,34.4729],[-119.21351,34.47279],[-119.2133,34.47263],[-119.21321,34.47257],[-119.21316,34.47255],[-119.21307,34.47254],[-119.21289,34.47251],[-119.21279,34.47248],[-119.21263,34.47241],[-119.21259,34.47239],[-119.21255,34.47236],[-119.21245,34.47227],[-119.21231,34.47211],[-119.21227,34.47207],[-119.21221,34.47203],[-119.21214,34.47199],[-119.21203,34.47193],[-119.21198,34.47189],[-119.21186,34.4718],[-119.21182,34.47176],[-119.21174,34.47166],[-119.21158,34.4714],[-119.21152,34.47133],[-119.21144,34.47127],[-119.21133,34.47122],[-119.21122,34.47119],[-119.21107,34.47117],[-119.21076,34.47117],[-119.21067,34.47118],[-119.21055,34.4712],[-119.21046,34.47123],[-119.21034,34.4713],[-119.21025,34.47134],[-119.21018,34.47136],[-119.21,34.47139],[-119.20996,34.47139],[-119.20978,34.47137],[-119.20955,34.47138],[-119.20943,34.47138],[-119.20933,34.47136],[-119.20908,34.4713],[-119.20891,34.47124],[-119.20864,34.47119],[-119.20842,34.47116],[-119.2082,34.47115],[-119.20818,34.47114],[-119.20812,34.47113],[-119.20794,34.47109],[-119.2077,34.47101],[-119.20751,34.47093],[-119.20708,34.4707],[-119.20679,34.47054],[-119.20667,34.47046],[-119.20649,34.47038],[-119.20636,34.47035],[-119.20628,34.47034],[-119.20618,34.47034],[-119.20602,34.47036],[-119.20584,34.4704],[-119.20558,34.47047],[-119.2054,34.47054],[-119.20537,34.47057],[-119.2053,34.47063],[-119.20525,34.47065],[-119.20522,34.47066],[-119.20517,34.47067],[-119.20514,34.47066],[-119.20503,34.47063],[-119.20495,34.47058],[-119.20491,34.47056],[-119.20487,34.47053],[-119.20483,34.47048],[-119.20473,34.4703],[-119.2047,34.47021],[-119.20468,34.47011],[-119.20467,34.46994],[-119.20466,34.46987],[-119.20464,34.46985],[-119.20462,34.46982],[-119.20452,34.46975],[-119.20442,34.4697],[-119.20377,34.4694],[-119.2037,34.46935],[-119.20366,34.46928],[-119.20366,34.46924],[-119.20366,34.46921],[-119.20367,34.46915],[-119.20375,34.469],[-119.20384,34.46878],[-119.20391,34.46844],[-119.20394,34.46821],[-119.20393,34.46807],[-119.20391,34.46804],[-119.20388,34.46801],[-119.20386,34.46797],[-119.20384,34.46791],[-119.20376,34.4677],[-119.20373,34.46751],[-119.20372,34.4674],[-119.20371,34.4673],[-119.2037,34.46725],[-119.2037,34.46721],[-119.20371,34.4671],[-119.20372,34.46705],[-119.20377,34.46686],[-119.20375,34.46678],[-119.20368,34.46673],[-119.20357,34.4667],[-119.20336,34.46663],[-119.20323,34.46657]]}},{"type":"Feature","properties":{"name":"Hermitage Road","t":0},"geometry":{"type":"LineString","coordinates":[[-119.20601,34.46807],[-119.20604,34.46816],[-119.20607,34.46823],[-119.20609,34.46831],[-119.20608,34.46842],[-119.20608,34.46854],[-119.20607,34.46861],[-119.20609,34.46864],[-119.20616,34.46862],[-119.20632,34.46858],[-119.20642,34.46857]]}},{"type":"Feature","properties":{"name":"Hermitage Road","t":0},"geometry":{"type":"LineString","coordinates":[[-119.20371,34.4671],[-119.20383,34.46724],[-119.20387,34.46728],[-119.20396,34.46737],[-119.20413,34.46751],[-119.2042,34.46758],[-119.20426,34.46763],[-119.20433,34.46766],[-119.20473,34.46784],[-119.20485,34.46785],[-119.20517,34.46789],[-119.20541,34.46793],[-119.2056,34.468],[-119.20574,34.46806],[-119.20585,34.46811],[-119.20598,34.46815],[-119.20604,34.46816],[-119.20619,34.46817],[-119.20659,34.46819],[-119.20677,34.46821],[-119.20715,34.46825],[-119.20734,34.46826],[-119.2075,34.46824],[-119.20794,34.46813],[-119.20816,34.46805],[-119.20827,34.46802],[-119.20839,34.468],[-119.20866,34.46801],[-119.20915,34.468],[-119.20937,34.46801],[-119.20953,34.46799],[-119.20966,34.468],[-119.20994,34.46804],[-119.21014,34.46808],[-119.21019,34.46808],[-119.21058,34.46815],[-119.21072,34.46816],[-119.21085,34.46816],[-119.21088,34.46816],[-119.21103,34.46815],[-119.21132,34.46811],[-119.21159,34.4681],[-119.21183,34.46808],[-119.21212,34.46807],[-119.21224,34.46804],[-119.21231,34.468],[-119.21235,34.46795],[-119.21236,34.4679],[-119.21235,34.46785],[-119.21231,34.46779],[-119.21222,34.46773],[-119.21202,34.46765],[-119.21185,34.46762],[-119.21154,34.46759],[-119.21136,34.4676],[-119.21124,34.46761],[-119.21112,34.4676],[-119.21097,34.46755],[-119.21081,34.4675],[-119.21068,34.4675],[-119.21056,34.46752],[-119.21047,34.46756],[-119.21032,34.4676],[-119.21019,34.46759],[-119.21004,34.46763],[-119.20985,34.46768],[-119.20965,34.46769],[-119.2094,34.46765],[-119.20926,34.46761],[-119.20905,34.46762],[-119.20884,34.46758],[-119.20852,34.46755],[-119.20805,34.4675],[-119.20773,34.46746],[-119.20762,34.46747],[-119.20731,34.4675],[-119.20697,34.46751],[-119.20642,34.46749],[-119.20614,34.46748],[-119.20576,34.46751],[-119.20548,34.4675],[-119.20529,34.46747],[-119.20522,34.46748],[-119.20521,34.46751],[-119.20525,34.46754],[-119.20545,34.46768],[-119.20565,34.46779],[-119.20593,34.46799],[-119.20601,34.46807]]}},{"type":"Feature","properties":{"name":"Shippee Lane","t":1},"geometry":{"type":"LineString","coordinates":[[-119.20015,34.46014],[-119.2012,34.46016],[-119.20174,34.46017],[-119.20175,34.46078],[-119.20176,34.46111],[-119.20176,34.46116],[-119.20175,34.46165],[-119.20173,34.46294]]}},{"type":"Feature","properties":{"name":"","t":1},"geometry":{"type":"LineString","coordinates":[[-119.19928,34.46114],[-119.19925,34.46113],[-119.19923,34.46114],[-119.1992,34.46115],[-119.19919,34.46116],[-119.19918,34.46118]]}},{"type":"Feature","properties":{"name":"","t":1},"geometry":{"type":"LineString","coordinates":[[-119.19918,34.46118],[-119.19918,34.4612],[-119.19918,34.46122],[-119.1992,34.46124],[-119.19922,34.46125],[-119.19924,34.46126],[-119.19927,34.46126],[-119.19929,34.46125],[-119.19931,34.46124],[-119.19933,34.46122],[-119.19933,34.4612],[-119.19933,34.46118],[-119.19932,34.46116],[-119.1993,34.46115],[-119.19928,34.46114]]}},{"type":"Feature","properties":{"name":"Thacher Road","t":1},"geometry":{"type":"LineString","coordinates":[[-119.20034,34.46294],[-119.20014,34.46294],[-119.1995,34.46293],[-119.19892,34.46292],[-119.19885,34.46292],[-119.19837,34.46292],[-119.19827,34.46292]]}},{"type":"Feature","properties":{"name":"Happy Lane","t":1},"geometry":{"type":"LineString","coordinates":[[-119.20034,34.46294],[-119.20035,34.46331],[-119.20034,34.46401],[-119.20034,34.46408],[-119.20033,34.46427],[-119.20031,34.46437],[-119.20029,34.46449]]}},{"type":"Feature","properties":{"name":"Thacher Road","t":1},"geometry":{"type":"LineString","coordinates":[[-119.20173,34.46294],[-119.20163,34.46294],[-119.20034,34.46294]]}},{"type":"Feature","properties":{"name":"Thacher Road","t":1},"geometry":{"type":"LineString","coordinates":[[-119.20436,34.46299],[-119.20243,34.46295],[-119.20173,34.46294]]}},{"type":"Feature","properties":{"name":"Carne Road","t":1},"geometry":{"type":"LineString","coordinates":[[-119.20613,34.45926],[-119.20613,34.45958],[-119.20613,34.45978],[-119.20613,34.45979],[-119.20612,34.46021],[-119.20611,34.46102],[-119.20611,34.46123],[-119.20609,34.46184],[-119.20607,34.46224],[-119.20607,34.4626],[-119.20605,34.46272],[-119.20602,34.46279],[-119.206,34.46283],[-119.20597,34.46286],[-119.20591,34.46292],[-119.20583,34.46295],[-119.2057,34.46298],[-119.20557,34.463],[-119.20544,34.463],[-119.20503,34.463],[-119.20459,34.46299],[-119.20436,34.46299]]}},{"type":"Feature","properties":{"name":"Ladera Road","t":1},"geometry":{"type":"LineString","coordinates":[[-119.20436,34.46299],[-119.20424,34.46309],[-119.20417,34.46316],[-119.20407,34.46328],[-119.20399,34.4634],[-119.20393,34.46351],[-119.20391,34.4636],[-119.2039,34.46368],[-119.20392,34.4642],[-119.2039,34.46439],[-119.20388,34.46455],[-119.20383,34.46473],[-119.20379,34.46484],[-119.20373,34.46495],[-119.20369,34.46502],[-119.20354,34.4652],[-119.20347,34.4653],[-119.20337,34.4655],[-119.20334,34.4656],[-119.20331,34.46575],[-119.20328,34.46604],[-119.20327,34.46635],[-119.20326,34.46641],[-119.20325,34.46647],[-119.20324,34.46652],[-119.20323,34.46657]]}},{"type":"Feature","properties":{"name":"Shippee Lane","t":0},"geometry":{"type":"LineString","coordinates":[[-119.20163,34.46294],[-119.20161,34.4642],[-119.20162,34.46436],[-119.20163,34.46449],[-119.20163,34.46461],[-119.20163,34.46466],[-119.20161,34.4647],[-119.20157,34.46471],[-119.20154,34.46471],[-119.20149,34.4647],[-119.20147,34.46468],[-119.20146,34.46464],[-119.20147,34.46461],[-119.20156,34.46447]]}},{"type":"Feature","properties":{"name":"Garst Lane","t":0},"geometry":{"type":"LineString","coordinates":[[-119.19885,34.46488],[-119.19885,34.46442],[-119.19887,34.46428],[-119.19889,34.46418],[-119.19891,34.46373],[-119.19892,34.46334],[-119.19892,34.46292]]}},{"type":"Feature","properties":{"name":"Garst Lane","t":1},"geometry":{"type":"LineString","coordinates":[[-119.19824,34.46472],[-119.19829,34.46354],[-119.19829,34.46337],[-119.19827,34.46292]]}},{"type":"Feature","properties":{"name":"Chaparral Road","t":1},"geometry":{"type":"LineString","coordinates":[[-119.19727,34.46417],[-119.19698,34.46418],[-119.19691,34.46418],[-119.19679,34.46418],[-119.19611,34.46425],[-119.196,34.46427]]}},{"type":"Feature","properties":{"name":"McNell Road","t":1},"geometry":{"type":"LineString","coordinates":[[-119.19727,34.46417],[-119.19726,34.46436],[-119.19726,34.46465],[-119.19725,34.46486],[-119.19724,34.46513],[-119.19724,34.46518],[-119.19724,34.46527],[-119.19724,34.46555],[-119.19724,34.46558],[-119.19723,34.46584],[-119.19722,34.46629],[-119.19722,34.46644]]}},{"type":"Feature","properties":{"name":"McNell Road","t":1},"geometry":{"type":"LineString","coordinates":[[-119.19727,34.4629],[-119.19728,34.46335],[-119.19728,34.46337],[-119.19727,34.46345],[-119.19726,34.46354],[-119.19725,34.46369],[-119.19727,34.46417]]}},{"type":"Feature","properties":{"name":"Thacher Road","t":1},"geometry":{"type":"LineString","coordinates":[[-119.19827,34.46292],[-119.19794,34.46291],[-119.19785,34.46291],[-119.19727,34.4629]]}},{"type":"Feature","properties":{"name":"McNell Road","t":1},"geometry":{"type":"LineString","coordinates":[[-119.1973,34.46111],[-119.19729,34.46178],[-119.19728,34.46241],[-119.19728,34.46268],[-119.19727,34.4629]]}},{"type":"Feature","properties":{"name":"","t":1},"geometry":{"type":"LineString","coordinates":[[-119.1973,34.46111],[-119.19829,34.46114],[-119.19872,34.46113],[-119.19889,34.46114],[-119.19918,34.46118]]}},{"type":"Feature","properties":{"name":"McNell Road","t":1},"geometry":{"type":"LineString","coordinates":[[-119.19733,34.45923],[-119.19731,34.46011],[-119.19731,34.46023],[-119.1973,34.46099],[-119.1973,34.46111]]}},{"type":"Feature","properties":{"name":"Calle Moreno","t":0},"geometry":{"type":"LineString","coordinates":[[-119.19731,34.46011],[-119.1974,34.46011],[-119.19799,34.46011],[-119.19891,34.46011],[-119.19901,34.46003],[-119.19901,34.45996],[-119.19897,34.45983]]}},{"type":"Feature","properties":{"name":"Hendrickson Road","t":1},"geometry":{"type":"LineString","coordinates":[[-119.188,34.45911],[-119.18834,34.45911],[-119.18844,34.45911],[-119.18942,34.45912],[-119.19044,34.45913],[-119.19081,34.45914],[-119.19111,34.45914],[-119.19158,34.45915],[-119.19178,34.45916],[-119.19243,34.45917],[-119.19281,34.45917],[-119.1931,34.45917],[-119.19321,34.45918],[-119.1933,34.45918],[-119.19413,34.4592],[-119.19415,34.45921],[-119.19492,34.45921],[-119.1958,34.45922],[-119.19733,34.45923]]}},{"type":"Feature","properties":{"name":"Grand Avenue","t":1},"geometry":{"type":"LineString","coordinates":[[-119.18605,34.45547],[-119.18718,34.45547],[-119.18738,34.45548],[-119.18786,34.45549],[-119.18792,34.45549],[-119.18853,34.4555],[-119.18857,34.4555],[-119.18883,34.45549],[-119.18937,34.45549],[-119.18964,34.4555],[-119.18981,34.4555],[-119.18999,34.4555],[-119.19016,34.45551],[-119.19057,34.45552],[-119.19059,34.45552],[-119.1913,34.45552],[-119.19151,34.45552],[-119.1918,34.45552],[-119.19242,34.45553],[-119.19293,34.45553],[-119.19309,34.45553],[-119.19328,34.45553],[-119.19428,34.45554],[-119.19512,34.45555],[-119.19519,34.45555],[-119.19549,34.45555],[-119.19593,34.45555],[-119.19724,34.45555],[-119.19735,34.45555]]}},{"type":"Feature","properties":{"name":"McNell Road","t":1},"geometry":{"type":"LineString","coordinates":[[-119.19735,34.45555],[-119.19735,34.45564],[-119.19734,34.45617],[-119.19733,34.4563],[-119.19733,34.45646],[-119.19733,34.45656],[-119.19732,34.45677],[-119.19732,34.45679],[-119.19732,34.45685],[-119.19732,34.45734],[-119.19732,34.45743],[-119.19733,34.45831],[-119.19733,34.45867],[-119.19734,34.45892],[-119.19733,34.45923]]}},{"type":"Feature","properties":{"name":"Grand Avenue","t":1},"geometry":{"type":"LineString","coordinates":[[-119.19735,34.45555],[-119.19747,34.45555],[-119.19832,34.45557],[-119.19938,34.45559],[-119.19943,34.45559],[-119.20015,34.45559],[-119.20139,34.45559],[-119.20169,34.45559],[-119.20337,34.45561],[-119.20505,34.45563],[-119.20513,34.45563],[-119.20527,34.45563],[-119.20592,34.45563],[-119.20624,34.45563]]}},{"type":"Feature","properties":{"name":"Reeves Road","t":1},"geometry":{"type":"LineString","coordinates":[[-119.19745,34.44739],[-119.19772,34.44729],[-119.1982,34.44713],[-119.19842,34.44707],[-119.19868,34.44705],[-119.19884,34.44704],[-119.19936,34.44705],[-119.19986,34.44704],[-119.20005,34.44705],[-119.2004,34.44713],[-119.20066,34.44718],[-119.20088,34.44718],[-119.20101,34.44718],[-119.20107,34.44717],[-119.20116,34.44716],[-119.20134,34.44712],[-119.2016,34.44704],[-119.20204,34.44691],[-119.20263,34.44675],[-119.20298,34.44664],[-119.20312,34.44659],[-119.20327,34.44654],[-119.20334,34.44651],[-119.20362,34.44642],[-119.20386,34.44633],[-119.20412,34.44624],[-119.20451,34.44608]]}},{"type":"Feature","properties":{"name":"McNell Road","t":1},"geometry":{"type":"LineString","coordinates":[[-119.19745,34.44739],[-119.19744,34.4476],[-119.19745,34.44768],[-119.19745,34.44788],[-119.19744,34.44796],[-119.19744,34.44846],[-119.19743,34.44897],[-119.19743,34.44899],[-119.19743,34.44936],[-119.19741,34.44991],[-119.1974,34.45022],[-119.19738,34.45066],[-119.19737,34.45094],[-119.19737,34.45099],[-119.19736,34.45114],[-119.19734,34.45227],[-119.19734,34.45322],[-119.19734,34.45328],[-119.19733,34.45389],[-119.19733,34.45401],[-119.19733,34.45434],[-119.19734,34.45547],[-119.19735,34.45555]]}},{"type":"Feature","properties":{"name":"Ojai Santa Paula Road","t":3},"geometry":{"type":"LineString","coordinates":[[-119.2015,34.43475],[-119.20153,34.43498],[-119.20157,34.43514],[-119.20167,34.43543],[-119.20172,34.43562],[-119.20173,34.43571],[-119.20174,34.43585],[-119.20173,34.43594],[-119.2017,34.43628],[-119.20169,34.43635],[-119.20168,34.43644],[-119.20166,34.43662],[-119.20165,34.43686],[-119.20165,34.43694],[-119.20161,34.43732],[-119.20161,34.4374],[-119.20163,34.43749],[-119.20167,34.43758],[-119.20171,34.43764],[-119.20176,34.4377],[-119.20181,34.43778],[-119.2023,34.43832],[-119.20243,34.43845],[-119.20262,34.43861],[-119.20268,34.43867],[-119.20273,34.43874],[-119.20279,34.43885],[-119.20281,34.43889],[-119.20282,34.43897],[-119.20282,34.43899],[-119.20282,34.43902],[-119.2028,34.4391],[-119.20275,34.43918],[-119.20269,34.43925],[-119.20262,34.4393],[-119.20253,34.43936],[-119.20235,34.43947],[-119.20226,34.43954],[-119.20209,34.43972],[-119.20202,34.43976],[-119.20194,34.43979],[-119.20186,34.43979],[-119.20178,34.43978],[-119.20174,34.43977],[-119.20144,34.43968],[-119.20139,34.43966],[-119.2013,34.43966],[-119.20125,34.43966],[-119.201,34.43968],[-119.20096,34.43968],[-119.20086,34.43967],[-119.2008,34.43965],[-119.20069,34.4396],[-119.20059,34.43954],[-119.20052,34.43949],[-119.20045,34.43944],[-119.20021,34.43931],[-119.20014,34.43925],[-119.20002,34.43914],[-119.19997,34.43909],[-119.1999,34.43903],[-119.19984,34.43899],[-119.19976,34.43896],[-119.19972,34.43896],[-119.19967,34.43896],[-119.19963,34.43897],[-119.19957,34.43899],[-119.19949,34.43905],[-119.19939,34.43917],[-119.19929,34.43931],[-119.19921,34.4394],[-119.19912,34.43948],[-119.19897,34.43957],[-119.19884,34.43966],[-119.1988,34.43969],[-119.19875,34.43975],[-119.19873,34.43979],[-119.1987,34.43986],[-119.1987,34.43992],[-119.19875,34.44032],[-119.19874,34.44039],[-119.19873,34.44043],[-119.19871,34.44047],[-119.19868,34.4405],[-119.19861,34.44055],[-119.19855,34.44058],[-119.1985,34.44059],[-119.19795,34.44069],[-119.19789,34.44071],[-119.19782,34.44074],[-119.19775,34.44078],[-119.19772,34.44081],[-119.19769,34.44083],[-119.19767,34.44087],[-119.19765,34.44091],[-119.19764,34.44095],[-119.19765,34.44104],[-119.19766,34.44108],[-119.19772,34.44123],[-119.19773,34.44127],[-119.19773,34.44131],[-119.19772,34.44134],[-119.1977,34.44139],[-119.19761,34.44151],[-119.19748,34.44164],[-119.19745,34.44171],[-119.19744,34.44176],[-119.19744,34.44185],[-119.19746,34.4419],[-119.19747,34.44194],[-119.1975,34.44196],[-119.19757,34.44202],[-119.19765,34.44205],[-119.19773,34.44208],[-119.19777,34.44208],[-119.19782,34.44208],[-119.19793,34.44206],[-119.19833,34.442],[-119.19845,34.44198],[-119.19858,34.44197],[-119.19879,34.44197],[-119.19905,34.44195],[-119.19916,34.44195],[-119.1992,34.44196],[-119.19926,34.44198],[-119.1993,34.44202],[-119.19934,34.44208],[-119.19935,34.44211],[-119.1994,34.44235],[-119.19943,34.44245],[-119.19945,34.44249],[-119.1995,34.44256],[-119.19954,34.44259],[-119.19957,34.44262],[-119.19968,34.44266],[-119.19981,34.44268],[-119.20021,34.44271],[-119.20047,34.44272],[-119.20058,34.44275],[-119.20065,34.44278],[-119.20068,34.44281],[-119.20071,34.44284],[-119.20073,34.44288],[-119.20079,34.44303],[-119.20083,34.4431],[-119.20086,34.44312],[-119.20093,34.44317],[-119.20097,34.44318],[-119.20105,34.44319],[-119.20109,34.44319],[-119.20131,34.44315],[-119.20136,34.44315],[-119.2015,34.44315],[-119.20157,34.44317],[-119.20162,34.4432],[-119.20173,34.44328],[-119.20178,34.44335],[-119.2018,34.44341],[-119.2018,34.44345],[-119.2018,34.44349],[-119.20179,34.44352],[-119.20175,34.4436],[-119.20172,34.44363],[-119.20168,34.44367],[-119.20157,34.44375],[-119.20145,34.44382],[-119.2013,34.44388],[-119.20121,34.44391],[-119.20103,34.44396],[-119.20094,34.44401],[-119.20086,34.44406],[-119.20083,34.44408],[-119.20078,34.44415],[-119.20075,34.44421],[-119.20071,34.44435],[-119.2007,34.44438],[-119.20065,34.44444],[-119.20061,34.44447],[-119.20052,34.44453],[-119.20041,34.44457],[-119.20002,34.44468],[-119.19998,34.4447],[-119.19993,34.44473],[-119.19985,34.44479],[-119.19982,34.44482],[-119.1998,34.44485],[-119.1998,34.44488],[-119.19979,34.44491],[-119.1998,34.44494],[-119.1998,34.44495],[-119.19981,34.44498],[-119.19983,34.44502],[-119.19988,34.44507],[-119.19995,34.44511],[-119.20008,34.44512],[-119.20019,34.44512],[-119.20039,34.4451],[-119.2005,34.44508],[-119.20089,34.445],[-119.201,34.44499],[-119.20104,34.44499],[-119.20113,34.44499],[-119.20122,34.445],[-119.20132,34.44502],[-119.20146,34.44509],[-119.20152,34.44512],[-119.20183,34.44532],[-119.20192,34.44536],[-119.20201,34.4454],[-119.2021,34.44542],[-119.20217,34.44544],[-119.20226,34.44544],[-119.20236,34.44543],[-119.2029,34.44535],[-119.20306,34.44534],[-119.20322,34.44535],[-119.20338,34.44538],[-119.20348,34.4454],[-119.20359,34.44545],[-119.20368,34.44551],[-119.20412,34.44585]]}},{"type":"Feature","properties":{"name":"","t":1},"geometry":{"type":"LineString","coordinates":[[-119.20196,34.43688],[-119.20165,34.43686]]}},{"type":"Feature","properties":{"name":"Tower Drive","t":1},"geometry":{"type":"LineString","coordinates":[[-119.20886,34.44276],[-119.20872,34.44278],[-119.20854,34.44283],[-119.20839,34.44288],[-119.20827,34.4429],[-119.20797,34.44295],[-119.20765,34.44298],[-119.20739,34.44298],[-119.20734,34.44297],[-119.20729,34.44297],[-119.2072,34.44298],[-119.20705,34.44303],[-119.20694,34.44308],[-119.20663,34.4432],[-119.20655,34.44322],[-119.20595,34.44338],[-119.20589,34.44339],[-119.20572,34.44342],[-119.2056,34.44342],[-119.20534,34.4434],[-119.20524,34.44339],[-119.20517,34.44338],[-119.20487,34.44339],[-119.20477,34.44338],[-119.20456,34.44335],[-119.20438,34.44334],[-119.20425,34.44335],[-119.20401,34.44343],[-119.20385,34.44349],[-119.20367,34.44356],[-119.20347,34.44365],[-119.20336,34.44371],[-119.20328,34.44376],[-119.20326,34.44378],[-119.20325,34.44381],[-119.20325,34.44384],[-119.20326,34.44388],[-119.20329,34.44391],[-119.20338,34.44398],[-119.20351,34.44409],[-119.20365,34.44419],[-119.20393,34.44439],[-119.20402,34.44446],[-119.20409,34.44453],[-119.20413,34.44458],[-119.20416,34.44463],[-119.20419,34.44468],[-119.20428,34.44492],[-119.2043,34.44499],[-119.20432,34.4451],[-119.20431,34.44519],[-119.20427,34.44537],[-119.20422,34.44553],[-119.20419,34.44567],[-119.20412,34.44585]]}},{"type":"Feature","properties":{"name":"Ojai Santa Paula Road","t":3},"geometry":{"type":"LineString","coordinates":[[-119.20412,34.44585],[-119.2043,34.44598],[-119.20435,34.44601],[-119.20446,34.44606],[-119.20451,34.44608]]}},{"type":"Feature","properties":{"name":"East Ojai Avenue","t":3},"geometry":{"type":"LineString","coordinates":[[-119.20451,34.44608],[-119.20463,34.4461],[-119.20472,34.44611],[-119.20644,34.44618]]}},{"type":"Feature","properties":{"name":"Tower Drive","t":0},"geometry":{"type":"LineString","coordinates":[[-119.21133,34.44661],[-119.21135,34.44647],[-119.21133,34.44643],[-119.2117,34.4461],[-119.21184,34.44582],[-119.21186,34.44578],[-119.21187,34.44575],[-119.21187,34.44572],[-119.21184,34.44557],[-119.21163,34.44494],[-119.21134,34.44395],[-119.21107,34.443]]}},{"type":"Feature","properties":{"name":"Strawberry Lane","t":0},"geometry":{"type":"LineString","coordinates":[[-119.20734,34.44297],[-119.20739,34.4429],[-119.20739,34.44286],[-119.20738,34.44281],[-119.20733,34.44268],[-119.2073,34.44261],[-119.20725,34.44255],[-119.20722,34.44252],[-119.20718,34.44249],[-119.20713,34.44249],[-119.20698,34.44249],[-119.20675,34.44247],[-119.20667,34.44245],[-119.20657,34.44242],[-119.2065,34.4424],[-119.20637,34.44237],[-119.20622,34.44236],[-119.20608,34.44236],[-119.20598,34.44235],[-119.2059,34.44232],[-119.20578,34.44228]]}},{"type":"Feature","properties":{"name":"Avenida del Recreo","t":1},"geometry":{"type":"LineString","coordinates":[[-119.21891,34.44104],[-119.21896,34.44116],[-119.21902,34.44118],[-119.21921,34.44115],[-119.21933,34.44118],[-119.21941,34.44124],[-119.21942,34.44128],[-119.21943,34.44132],[-119.21951,34.44216]]}},{"type":"Feature","properties":{"name":"Camino del Arroyo","t":1},"geometry":{"type":"LineString","coordinates":[[-119.21964,34.4447],[-119.21865,34.44474]]}},{"type":"Feature","properties":{"name":"Avenida de la Vereda","t":1},"geometry":{"type":"LineString","coordinates":[[-119.21951,34.44216],[-119.21834,34.44222],[-119.21838,34.44277],[-119.21841,34.44315],[-119.21847,34.4435],[-119.21858,34.444],[-119.21865,34.44474]]}},{"type":"Feature","properties":{"name":"Avenida del Recreo","t":1},"geometry":{"type":"LineString","coordinates":[[-119.21951,34.44216],[-119.21952,34.44239],[-119.21954,34.4427],[-119.21955,34.44284],[-119.21956,34.44294],[-119.2196,34.44315],[-119.21961,34.44322],[-119.21958,34.44379],[-119.21957,34.44394],[-119.21958,34.44408],[-119.21964,34.4447]]}},{"type":"Feature","properties":{"name":"Avenida de la Vereda","t":1},"geometry":{"type":"LineString","coordinates":[[-119.21865,34.44474],[-119.21867,34.44507],[-119.21868,34.44516],[-119.21876,34.44596],[-119.21875,34.44603],[-119.21872,34.44625],[-119.21871,34.44638],[-119.21873,34.44689],[-119.21874,34.44693],[-119.21878,34.44701],[-119.21885,34.4471],[-119.21892,34.44717],[-119.21901,34.44723],[-119.21916,34.44732],[-119.21921,34.44735],[-119.21926,34.4474],[-119.2194,34.44754]]}},{"type":"Feature","properties":{"name":"Avenida del Recreo","t":1},"geometry":{"type":"LineString","coordinates":[[-119.21964,34.4447],[-119.21967,34.44504],[-119.21968,34.44511],[-119.21971,34.4455],[-119.21972,34.44555],[-119.21973,34.44563],[-119.21974,34.44577],[-119.21977,34.44593],[-119.21983,34.44612],[-119.21988,34.44629],[-119.21991,34.44654],[-119.21992,34.44666],[-119.21991,34.44676],[-119.2199,34.44682],[-119.21987,34.44689],[-119.21976,34.44705],[-119.21951,34.44736],[-119.21947,34.44741],[-119.2194,34.44754]]}},{"type":"Feature","properties":{"name":"Avenida de la Entrada","t":1},"geometry":{"type":"LineString","coordinates":[[-119.2194,34.44754],[-119.21943,34.44829]]}},{"type":"Feature","properties":{"name":"East Ojai Avenue","t":3},"geometry":{"type":"LineString","coordinates":[[-119.21943,34.44829],[-119.21971,34.44835],[-119.2202,34.44844]]}},{"type":"Feature","properties":{"name":"Gorham Road","t":1},"geometry":{"type":"LineString","coordinates":[[-119.2202,34.44844],[-119.22014,34.4485],[-119.21989,34.4488],[-119.21975,34.44896],[-119.21955,34.44921],[-119.21943,34.44935],[-119.21925,34.44959],[-119.21925,34.4496],[-119.21888,34.45003],[-119.21846,34.45053],[-119.21783,34.45128],[-119.21734,34.45186],[-119.21729,34.45191],[-119.21669,34.45266],[-119.21551,34.45407],[-119.2142,34.45568]]}},{"type":"Feature","properties":{"name":"East Ojai Avenue","t":3},"geometry":{"type":"LineString","coordinates":[[-119.20644,34.44618],[-119.20868,34.44628],[-119.20958,34.44633],[-119.2096,34.44633],[-119.20992,34.44635],[-119.21024,34.44639],[-119.21047,34.44643],[-119.21108,34.44656],[-119.21133,34.44661],[-119.21217,34.44678],[-119.21293,34.44694],[-119.21361,34.44709],[-119.21493,34.44736],[-119.21535,34.44744],[-119.21602,34.44758],[-119.21631,34.44765],[-119.21637,34.44766],[-119.21674,34.44774],[-119.21696,34.44778],[-119.2171,34.4478],[-119.2184,34.44808],[-119.21886,34.44818],[-119.21916,34.44824],[-119.21943,34.44829]]}},{"type":"Feature","properties":{"name":"Carne Road","t":1},"geometry":{"type":"LineString","coordinates":[[-119.20644,34.44618],[-119.20643,34.44625],[-119.20641,34.44657],[-119.2064,34.44681],[-119.2064,34.4469],[-119.20638,34.44774],[-119.20637,34.44809],[-119.20637,34.44825],[-119.20633,34.45024],[-119.20632,34.45056],[-119.20629,34.45197],[-119.20628,34.45243],[-119.20623,34.45451],[-119.20622,34.4548],[-119.20622,34.4551],[-119.20622,34.45514],[-119.20621,34.45556],[-119.20624,34.45563]]}},{"type":"Feature","properties":{"name":"Carne Road","t":1},"geometry":{"type":"LineString","coordinates":[[-119.20624,34.45563],[-119.20624,34.45567],[-119.2062,34.45652],[-119.20619,34.45681],[-119.20619,34.45703],[-119.20618,34.45737],[-119.20617,34.45809],[-119.20615,34.45842],[-119.20614,34.45898],[-119.20613,34.45926]]}},{"type":"Feature","properties":{"name":"Fordyce Road","t":1},"geometry":{"type":"LineString","coordinates":[[-119.20613,34.45926],[-119.20645,34.45925],[-119.20786,34.45926],[-119.20837,34.45926],[-119.20923,34.45926],[-119.20991,34.45926],[-119.21043,34.45926],[-119.21292,34.45926],[-119.21482,34.45927],[-119.21489,34.45927],[-119.21493,34.45924],[-119.21497,34.4592],[-119.21498,34.45912],[-119.21499,34.45872],[-119.21502,34.45742],[-119.21505,34.45623],[-119.21505,34.45554]]}},{"type":"Feature","properties":{"name":"Grand Avenue","t":1},"geometry":{"type":"LineString","coordinates":[[-119.20624,34.45563],[-119.20634,34.45563],[-119.20681,34.45564],[-119.20721,34.45564],[-119.20845,34.45566],[-119.20873,34.45566],[-119.20925,34.45566],[-119.20955,34.45566],[-119.21031,34.45567],[-119.21062,34.45567],[-119.21079,34.45567],[-119.21157,34.45568],[-119.21174,34.45568],[-119.21183,34.45568],[-119.21205,34.45568],[-119.21363,34.4557],[-119.21397,34.45569],[-119.2141,34.45569],[-119.2142,34.45568]]}},{"type":"Feature","properties":{"name":"Grand Avenue","t":1},"geometry":{"type":"LineString","coordinates":[[-119.2142,34.45568],[-119.2144,34.45566],[-119.21472,34.45561],[-119.21505,34.45554]]}},{"type":"Feature","properties":{"name":"Grand Avenue","t":1},"geometry":{"type":"LineString","coordinates":[[-119.21505,34.45554],[-119.21815,34.45495],[-119.21857,34.45487],[-119.219,34.45479],[-119.21931,34.45473],[-119.21951,34.45469],[-119.21968,34.45465],[-119.21974,34.45464],[-119.22048,34.45449],[-119.22073,34.45444],[-119.22078,34.45443],[-119.22099,34.45439],[-119.22116,34.45436],[-119.22136,34.45433],[-119.2215,34.45432],[-119.22158,34.45431],[-119.22202,34.45427],[-119.22217,34.45426],[-119.22232,34.45426],[-119.22245,34.45426],[-119.22397,34.45427]]}},{"type":"Feature","properties":{"name":"Orange Road","t":1},"geometry":{"type":"LineString","coordinates":[[-119.22397,34.45427],[-119.22397,34.45433],[-119.224,34.45469],[-119.22399,34.4554],[-119.22398,34.45619],[-119.22398,34.45643],[-119.22399,34.45678],[-119.22398,34.45704],[-119.22397,34.45711],[-119.22396,34.45734],[-119.22393,34.45772],[-119.22392,34.45831],[-119.2239,34.4598]]}},{"type":"Feature","properties":{"name":"Grand Avenue","t":1},"geometry":{"type":"LineString","coordinates":[[-119.22397,34.45427],[-119.22516,34.45429],[-119.22606,34.45429],[-119.22755,34.45431],[-119.22761,34.45431],[-119.22824,34.45432]]}},{"type":"Feature","properties":{"name":"San Gabriel Street","t":1},"geometry":{"type":"LineString","coordinates":[[-119.22515,34.4525],[-119.22525,34.45248],[-119.22535,34.45247],[-119.22555,34.45243],[-119.22574,34.45243],[-119.22588,34.45246],[-119.22617,34.45255],[-119.22627,34.45258],[-119.22639,34.4526],[-119.2265,34.45261],[-119.22663,34.45261],[-119.22673,34.4526],[-119.22678,34.45259],[-119.2268,34.45259],[-119.22685,34.45257],[-119.22694,34.45256],[-119.22696,34.45256],[-119.22709,34.45255],[-119.22738,34.45254],[-119.2274,34.45254],[-119.22779,34.45254],[-119.22797,34.45253],[-119.228,34.45253],[-119.22825,34.45251]]}},{"type":"Feature","properties":{"name":"East Ojai Avenue","t":3},"geometry":{"type":"LineString","coordinates":[[-119.2202,34.44844],[-119.22026,34.44845],[-119.22049,34.4485],[-119.22054,34.44851],[-119.22087,34.44858],[-119.22133,34.44867],[-119.22176,34.44876],[-119.22187,34.44878],[-119.22221,34.44885],[-119.22248,34.44891],[-119.22341,34.4491],[-119.22352,34.44911]]}},{"type":"Feature","properties":{"name":"Boardman Road","t":1},"geometry":{"type":"LineString","coordinates":[[-119.22266,34.44419],[-119.22277,34.44473],[-119.22279,34.44486],[-119.22287,34.4453],[-119.22304,34.44621],[-119.22306,34.44636],[-119.22313,34.44674],[-119.22325,34.44746],[-119.22325,34.44749],[-119.22328,34.44766],[-119.22338,34.44821],[-119.22345,34.44865],[-119.22352,34.44904],[-119.22352,34.44911]]}},{"type":"Feature","properties":{"name":"East Ojai Avenue","t":3},"geometry":{"type":"LineString","coordinates":[[-119.22352,34.44911],[-119.22367,34.44913],[-119.22388,34.44913],[-119.22457,34.4491],[-119.22529,34.44904],[-119.22672,34.44897],[-119.22688,34.44896],[-119.22712,34.44894],[-119.22754,34.44891],[-119.2277,34.4489],[-119.22834,34.44888]]}},{"type":"Feature","properties":{"name":"San Rafael Street","t":1},"geometry":{"type":"LineString","coordinates":[[-119.22829,34.45134],[-119.22746,34.45133],[-119.22724,34.45133],[-119.2272,34.45133],[-119.22678,34.45133]]}},{"type":"Feature","properties":{"name":"Gridley Road","t":1},"geometry":{"type":"LineString","coordinates":[[-119.22829,34.45134],[-119.22825,34.45251]]}},{"type":"Feature","properties":{"name":"Lark Ellen Avenue","t":1},"geometry":{"type":"LineString","coordinates":[[-119.22979,34.4515],[-119.22979,34.45133],[-119.22979,34.45111],[-119.22979,34.45096],[-119.22979,34.45089],[-119.2298,34.45069],[-119.2298,34.45067],[-119.2298,34.45045],[-119.2298,34.45023],[-119.2298,34.45019]]}},{"type":"Feature","properties":{"name":"Lark Ellen Avenue","t":1},"geometry":{"type":"LineString","coordinates":[[-119.22977,34.45217],[-119.22977,34.4521],[-119.22977,34.45205],[-119.22977,34.45194],[-119.22978,34.45174],[-119.22979,34.45151],[-119.22979,34.4515]]}},{"type":"Feature","properties":{"name":"Golden West Avenue","t":1},"geometry":{"type":"LineString","coordinates":[[-119.23158,34.45112],[-119.23158,34.45115],[-119.23158,34.4512],[-119.23158,34.45126],[-119.23158,34.45137],[-119.23158,34.45142],[-119.23157,34.45149]]}},{"type":"Feature","properties":{"name":"Golden West Avenue","t":1},"geometry":{"type":"LineString","coordinates":[[-119.23158,34.45074],[-119.23158,34.45097],[-119.23158,34.45112]]}},{"type":"Feature","properties":{"name":"Anita Avenue","t":1},"geometry":{"type":"LineString","coordinates":[[-119.22979,34.4515],[-119.23025,34.45151],[-119.23029,34.45151],[-119.23042,34.45151],[-119.23055,34.45151],[-119.23059,34.45151],[-119.23061,34.4515],[-119.23064,34.45149],[-119.23065,34.45149],[-119.23066,34.45148],[-119.23067,34.45146],[-119.23068,34.45145],[-119.23069,34.45143],[-119.23069,34.45138],[-119.23069,34.45134],[-119.23069,34.45131],[-119.23068,34.45117],[-119.23068,34.45112],[-119.23067,34.4509],[-119.23067,34.45085],[-119.23068,34.45082],[-119.2307,34.45079],[-119.23071,34.45078],[-119.23073,34.45076],[-119.23077,34.45075],[-119.2308,34.45074],[-119.23085,34.45074],[-119.23097,34.45074],[-119.23126,34.45074],[-119.23158,34.45074]]}},{"type":"Feature","properties":{"name":"Gregory Street","t":1},"geometry":{"type":"LineString","coordinates":[[-119.23118,34.44988],[-119.23111,34.44993],[-119.23103,34.44997],[-119.23096,34.44999],[-119.23094,34.44999],[-119.2309,34.45],[-119.23084,34.45001],[-119.23083,34.45001],[-119.23075,34.45002],[-119.23067,34.45002],[-119.23061,34.45002],[-119.23055,34.45001],[-119.23041,34.45001],[-119.23024,34.45001],[-119.22997,34.45],[-119.22981,34.45]]}},{"type":"Feature","properties":{"name":"Golden West Avenue","t":1},"geometry":{"type":"LineString","coordinates":[[-119.23118,34.44988],[-119.23124,34.44996],[-119.23128,34.45001],[-119.23138,34.45016],[-119.23139,34.45018],[-119.2314,34.45019],[-119.23141,34.45021],[-119.23145,34.45027],[-119.23151,34.45035],[-119.23156,34.45044],[-119.23158,34.45051],[-119.23161,34.45068],[-119.23158,34.45074]]}},{"type":"Feature","properties":{"name":"Golden West Avenue","t":1},"geometry":{"type":"LineString","coordinates":[[-119.23114,34.44978],[-119.23118,34.44988]]}},{"type":"Feature","properties":{"name":"Golden West Avenue","t":1},"geometry":{"type":"LineString","coordinates":[[-119.23114,34.44978],[-119.23119,34.44971],[-119.23118,34.44953],[-119.23118,34.44943],[-119.23118,34.44927],[-119.23118,34.44917],[-119.23117,34.44905],[-119.23118,34.44871]]}},{"type":"Feature","properties":{"name":"Golden West Avenue","t":1},"geometry":{"type":"LineString","coordinates":[[-119.23107,34.44871],[-119.23107,34.44883],[-119.23107,34.44909],[-119.23106,34.44943],[-119.23106,34.44957],[-119.23107,34.4497],[-119.23114,34.44978]]}},{"type":"Feature","properties":{"name":"Gregory Street","t":1},"geometry":{"type":"LineString","coordinates":[[-119.22981,34.45],[-119.22974,34.44998],[-119.22952,34.44998],[-119.22941,34.44998],[-119.22932,34.44998],[-119.2293,34.44999],[-119.2293,34.45],[-119.22929,34.45001],[-119.22928,34.45008],[-119.22929,34.45011],[-119.22929,34.45014],[-119.2293,34.45017],[-119.22932,34.45018],[-119.22933,34.45018],[-119.22935,34.45019],[-119.22938,34.45019],[-119.22951,34.45019],[-119.2298,34.45019]]}},{"type":"Feature","properties":{"name":"Lark Ellen Avenue","t":1},"geometry":{"type":"LineString","coordinates":[[-119.2298,34.45019],[-119.22981,34.45]]}},{"type":"Feature","properties":{"name":"Gridley Road","t":1},"geometry":{"type":"LineString","coordinates":[[-119.22834,34.44888],[-119.22832,34.44971],[-119.22832,34.44988],[-119.22831,34.45006],[-119.22831,34.45007],[-119.22831,34.45034],[-119.2283,34.45068],[-119.2283,34.45078],[-119.2283,34.45081],[-119.22829,34.451],[-119.22829,34.45134]]}},{"type":"Feature","properties":{"name":"East Ojai Avenue","t":3},"geometry":{"type":"LineString","coordinates":[[-119.22834,34.44888],[-119.22898,34.44885],[-119.22949,34.44881],[-119.22959,34.4488],[-119.22981,34.44879],[-119.23,34.44878]]}},{"type":"Feature","properties":{"name":"Oak Glen Avenue","t":1},"geometry":{"type":"LineString","coordinates":[[-119.22822,34.44723],[-119.22822,34.44725],[-119.22822,34.44729],[-119.22822,34.44738],[-119.22823,34.44746],[-119.22823,34.44757],[-119.22824,34.44767],[-119.22825,34.44781],[-119.22826,34.44799],[-119.22826,34.448],[-119.22826,34.44802],[-119.22828,34.44819],[-119.22829,34.44823],[-119.22831,34.44856],[-119.22831,34.44864],[-119.22834,34.44888]]}},{"type":"Feature","properties":{"name":"Fairway Lane","t":1},"geometry":{"type":"LineString","coordinates":[[-119.22974,34.44598],[-119.22977,34.44615],[-119.2298,34.44638],[-119.22982,34.44658],[-119.22984,34.44669],[-119.22987,34.44696],[-119.22987,34.44702],[-119.2299,34.44737],[-119.22991,34.44747],[-119.22991,34.4475],[-119.22992,34.44771],[-119.22993,34.44776],[-119.22994,34.44788],[-119.22994,34.44793],[-119.22996,34.44813],[-119.22996,34.44817],[-119.22996,34.44824],[-119.22997,34.44841],[-119.23,34.44878]]}},{"type":"Feature","properties":{"name":"East Ojai Avenue","t":3},"geometry":{"type":"LineString","coordinates":[[-119.23,34.44878],[-119.23018,34.44877],[-119.23041,34.44875],[-119.23042,34.44875],[-119.23101,34.44872],[-119.23107,34.44871]]}},{"type":"Feature","properties":{"name":"East Ojai Avenue","t":3},"geometry":{"type":"LineString","coordinates":[[-119.23107,34.44871],[-119.23118,34.44871]]}},{"type":"Feature","properties":{"name":"East Ojai Avenue","t":3},"geometry":{"type":"LineString","coordinates":[[-119.23118,34.44871],[-119.2312,34.4487],[-119.23123,34.4487],[-119.23125,34.4487],[-119.23197,34.44865],[-119.23205,34.44865],[-119.23225,34.44863],[-119.23242,34.44862],[-119.23282,34.4486],[-119.23294,34.44859],[-119.23336,34.44857],[-119.23396,34.44855],[-119.2343,34.44854],[-119.23444,34.44853],[-119.23477,34.44852]]}},{"type":"Feature","properties":{"name":"East Ojai Avenue","t":3},"geometry":{"type":"LineString","coordinates":[[-119.23477,34.44852],[-119.23484,34.44852],[-119.23491,34.44851],[-119.23518,34.4485],[-119.23536,34.44849],[-119.23544,34.44849],[-119.23553,34.44849]]}},{"type":"Feature","properties":{"name":"","t":1},"geometry":{"type":"LineString","coordinates":[[-119.23197,34.44932],[-119.23225,34.44932]]}},{"type":"Feature","properties":{"name":"Sunnyglenn Avenue","t":1},"geometry":{"type":"LineString","coordinates":[[-119.23215,34.45006],[-119.23224,34.45005],[-119.23233,34.45004],[-119.23242,34.45003],[-119.23251,34.45003],[-119.23271,34.45002]]}},{"type":"Feature","properties":{"name":"Martindale Avenue","t":1},"geometry":{"type":"LineString","coordinates":[[-119.23267,34.4508],[-119.23268,34.45064],[-119.23268,34.45052],[-119.23269,34.45028],[-119.23271,34.45002]]}},{"type":"Feature","properties":{"name":"Sunnyglenn Avenue","t":1},"geometry":{"type":"LineString","coordinates":[[-119.23271,34.45002],[-119.23305,34.45],[-119.23318,34.45],[-119.23344,34.44999],[-119.23349,34.44999],[-119.2335,34.44999],[-119.23354,34.45],[-119.23357,34.45001],[-119.23359,34.45003],[-119.23361,34.45005]]}},{"type":"Feature","properties":{"name":"Martindale Avenue","t":1},"geometry":{"type":"LineString","coordinates":[[-119.23262,34.45127],[-119.23267,34.45121],[-119.23269,34.45116],[-119.23268,34.45113],[-119.23268,34.45102],[-119.23267,34.4508]]}},{"type":"Feature","properties":{"name":"Anita Avenue","t":1},"geometry":{"type":"LineString","coordinates":[[-119.23158,34.45074],[-119.23188,34.45076],[-119.23212,34.45078],[-119.23223,34.45078],[-119.23227,34.45078],[-119.23238,34.45079],[-119.23239,34.45079],[-119.23267,34.4508]]}},{"type":"Feature","properties":{"name":"Robin Court","t":1},"geometry":{"type":"LineString","coordinates":[[-119.23158,34.45112],[-119.23169,34.45112],[-119.23195,34.45113]]}},{"type":"Feature","properties":{"name":"","t":1},"geometry":{"type":"LineString","coordinates":[[-119.232,34.45149],[-119.23157,34.45149]]}},{"type":"Feature","properties":{"name":"Golden West Avenue","t":1},"geometry":{"type":"LineString","coordinates":[[-119.23157,34.45149],[-119.23157,34.45155],[-119.23157,34.45157],[-119.23161,34.45172],[-119.23163,34.4518],[-119.23164,34.45187],[-119.23164,34.45195],[-119.23164,34.45205],[-119.23164,34.45207],[-119.23165,34.45213],[-119.23165,34.45219],[-119.23165,34.45234],[-119.23165,34.45242],[-119.23165,34.45247],[-119.23166,34.4525],[-119.2317,34.45254],[-119.23173,34.45255],[-119.23177,34.45256],[-119.23179,34.45256],[-119.23194,34.45256],[-119.23219,34.45256],[-119.23222,34.45256],[-119.23228,34.45257],[-119.23254,34.45257],[-119.23267,34.45257],[-119.233,34.45257]]}},{"type":"Feature","properties":{"name":"Del Nido Court","t":1},"geometry":{"type":"LineString","coordinates":[[-119.23361,34.45188],[-119.23311,34.45188],[-119.2331,34.45188],[-119.23293,34.45188],[-119.23276,34.45188],[-119.23275,34.45188],[-119.2327,34.45188],[-119.23266,34.45188],[-119.23255,34.45188],[-119.23251,34.45188]]}},{"type":"Feature","properties":{"name":"Oriole Street","t":1},"geometry":{"type":"LineString","coordinates":[[-119.23361,34.45188],[-119.23361,34.4517],[-119.23361,34.4516],[-119.23361,34.45149],[-119.23362,34.45135],[-119.23362,34.45124],[-119.23362,34.45112],[-119.23362,34.45098],[-119.23362,34.45085],[-119.23363,34.45073],[-119.23363,34.45061],[-119.23363,34.45051],[-119.23363,34.45035],[-119.23363,34.45025],[-119.23364,34.45011],[-119.23361,34.45006],[-119.23361,34.45005]]}},{"type":"Feature","properties":{"name":"Shady Lane","t":1},"geometry":{"type":"LineString","coordinates":[[-119.2347,34.45431],[-119.23475,34.45403],[-119.23474,34.45393],[-119.23474,34.45377],[-119.23474,34.45376],[-119.23474,34.45369],[-119.23474,34.4536],[-119.23474,34.45353],[-119.23473,34.45344],[-119.23474,34.45327],[-119.23474,34.45311],[-119.23475,34.45305],[-119.23475,34.45294],[-119.23475,34.45288],[-119.23475,34.45287],[-119.23474,34.45271],[-119.23475,34.45261],[-119.23475,34.45245],[-119.23475,34.45238],[-119.23475,34.45229],[-119.23476,34.45222],[-119.23475,34.4522],[-119.23476,34.45206],[-119.23476,34.45189],[-119.23477,34.45178],[-119.23476,34.45172],[-119.23476,34.45161],[-119.23476,34.45153],[-119.23476,34.45145],[-119.23476,34.45139],[-119.23477,34.45129],[-119.23477,34.45113],[-119.23477,34.45111],[-119.23477,34.45106],[-119.23477,34.45097],[-119.23478,34.4509],[-119.23478,34.45088],[-119.23477,34.45072],[-119.23478,34.45046],[-119.23478,34.45038],[-119.23478,34.45024],[-119.23479,34.44981],[-119.23479,34.44974],[-119.2348,34.44963],[-119.2348,34.44958],[-119.2348,34.4494],[-119.2348,34.44932],[-119.2348,34.44924],[-119.23481,34.44915],[-119.23481,34.44909],[-119.23481,34.449],[-119.23481,34.44887],[-119.23481,34.4488],[-119.23481,34.44864],[-119.23481,34.4486],[-119.23477,34.44852]]}},{"type":"Feature","properties":{"name":"Grand Avenue","t":1},"geometry":{"type":"LineString","coordinates":[[-119.23353,34.45438],[-119.23362,34.45438],[-119.23404,34.45437],[-119.2341,34.45437],[-119.23413,34.45437],[-119.23427,34.45435],[-119.2347,34.45431]]}},{"type":"Feature","properties":{"name":"Golden West Avenue","t":1},"geometry":{"type":"LineString","coordinates":[[-119.23298,34.45393],[-119.23299,34.45381],[-119.23299,34.45357],[-119.23299,34.45352],[-119.23299,34.45344],[-119.23299,34.45335],[-119.23299,34.45325]]}},{"type":"Feature","properties":{"name":"Golden West Avenue","t":1},"geometry":{"type":"LineString","coordinates":[[-119.23298,34.45437],[-119.23298,34.45414],[-119.23298,34.454],[-119.23298,34.45393]]}},{"type":"Feature","properties":{"name":"Grand Avenue","t":1},"geometry":{"type":"LineString","coordinates":[[-119.23298,34.45437],[-119.23317,34.45437],[-119.23353,34.45438]]}},{"type":"Feature","properties":{"name":"Del Prado Court","t":1},"geometry":{"type":"LineString","coordinates":[[-119.23298,34.45393],[-119.23261,34.45393],[-119.23259,34.45393],[-119.23245,34.45393],[-119.23244,34.45393],[-119.23211,34.45393],[-119.23194,34.45393],[-119.23179,34.45393],[-119.23159,34.45393]]}},{"type":"Feature","properties":{"name":"Paseo del Robles Court","t":1},"geometry":{"type":"LineString","coordinates":[[-119.23299,34.45325],[-119.23278,34.45326],[-119.23266,34.45325],[-119.2325,34.45325],[-119.23216,34.45325],[-119.23195,34.45325],[-119.23189,34.45325],[-119.23178,34.45325],[-119.2316,34.45325],[-119.23158,34.45325]]}},{"type":"Feature","properties":{"name":"Golden West Avenue","t":1},"geometry":{"type":"LineString","coordinates":[[-119.23299,34.45325],[-119.233,34.45314],[-119.233,34.45288],[-119.233,34.45276],[-119.233,34.45267],[-119.233,34.45257]]}},{"type":"Feature","properties":{"name":"Oriole Street","t":1},"geometry":{"type":"LineString","coordinates":[[-119.233,34.45257],[-119.23308,34.45257],[-119.23344,34.45257],[-119.23347,34.45257],[-119.23352,34.45256],[-119.23355,34.45255],[-119.23357,34.45253],[-119.23359,34.4525],[-119.2336,34.45247],[-119.2336,34.45245],[-119.2336,34.45236],[-119.2336,34.45222],[-119.23361,34.45205],[-119.23361,34.45197],[-119.23361,34.45188]]}},{"type":"Feature","properties":{"name":"Los Alamos Drive","t":1},"geometry":{"type":"LineString","coordinates":[[-119.22981,34.45432],[-119.22982,34.45405],[-119.22982,34.4539],[-119.22983,34.45344],[-119.22984,34.45292],[-119.22984,34.45286],[-119.22984,34.45262],[-119.22984,34.4526],[-119.22984,34.45251],[-119.22985,34.45243],[-119.22985,34.45235],[-119.22985,34.45233],[-119.22987,34.4523],[-119.22989,34.45228],[-119.22993,34.45227],[-119.22995,34.45226],[-119.23001,34.45225],[-119.23004,34.45225],[-119.23013,34.45225],[-119.23039,34.45224],[-119.23043,34.45224],[-119.23052,34.45224],[-119.23063,34.45225],[-119.23065,34.45226],[-119.23066,34.45226],[-119.23068,34.45227],[-119.2307,34.45229],[-119.23073,34.45233],[-119.23074,34.45234],[-119.23074,34.45235],[-119.23075,34.45242],[-119.23075,34.45243],[-119.23074,34.45254],[-119.23074,34.45262],[-119.23074,34.45276],[-119.23073,34.45296]]}},{"type":"Feature","properties":{"name":"Gridley Road","t":1},"geometry":{"type":"LineString","coordinates":[[-119.22825,34.45251],[-119.22825,34.45288],[-119.22825,34.45309],[-119.22825,34.45313],[-119.22825,34.45336],[-119.22824,34.45432]]}},{"type":"Feature","properties":{"name":"Grand Avenue","t":1},"geometry":{"type":"LineString","coordinates":[[-119.22824,34.45432],[-119.2287,34.45432],[-119.22933,34.45432],[-119.22958,34.45432],[-119.22981,34.45432]]}},{"type":"Feature","properties":{"name":"Grand Avenue","t":1},"geometry":{"type":"LineString","coordinates":[[-119.22981,34.45432],[-119.23228,34.45436],[-119.23265,34.45436],[-119.23298,34.45437]]}},{"type":"Feature","properties":{"name":"Mountain View Avenue","t":1},"geometry":{"type":"LineString","coordinates":[[-119.23304,34.45742],[-119.23311,34.45742],[-119.23312,34.45742],[-119.23314,34.45742],[-119.23322,34.45742],[-119.23349,34.45743]]}},{"type":"Feature","properties":{"name":"Mercer Avenue","t":1},"geometry":{"type":"LineString","coordinates":[[-119.23353,34.45438],[-119.23354,34.45468],[-119.23354,34.45488],[-119.23354,34.45489],[-119.23353,34.45507],[-119.23353,34.45519],[-119.23353,34.45529],[-119.23352,34.45539],[-119.23352,34.45548],[-119.23352,34.45565],[-119.23351,34.45584],[-119.23351,34.45586],[-119.23351,34.45597],[-119.23351,34.45603],[-119.23351,34.45606],[-119.23351,34.45623],[-119.23351,34.45641],[-119.23351,34.45642],[-119.2335,34.45675],[-119.23349,34.4568],[-119.23349,34.45686],[-119.23349,34.45699],[-119.23349,34.45701],[-119.23349,34.45743]]}},{"type":"Feature","properties":{"name":"South Ayers Court","t":1},"geometry":{"type":"LineString","coordinates":[[-119.23461,34.45659],[-119.23444,34.45644],[-119.23441,34.45639],[-119.23438,34.45634],[-119.23437,34.4563]]}},{"type":"Feature","properties":{"name":"Ayers Avenue","t":1},"geometry":{"type":"LineString","coordinates":[[-119.23555,34.45611],[-119.23546,34.45619],[-119.23533,34.45626],[-119.23518,34.45631],[-119.23509,34.45634],[-119.23492,34.45639]]}},{"type":"Feature","properties":{"name":"North Ayers Court","t":1},"geometry":{"type":"LineString","coordinates":[[-119.23492,34.45639],[-119.23501,34.45657],[-119.23504,34.45667],[-119.23505,34.45672],[-119.23504,34.45676]]}},{"type":"Feature","properties":{"name":"Ayers Avenue","t":1},"geometry":{"type":"LineString","coordinates":[[-119.23461,34.45659],[-119.23456,34.45663],[-119.2345,34.45671],[-119.23446,34.45677],[-119.23444,34.45684],[-119.23441,34.45698],[-119.23439,34.45717],[-119.23439,34.45744]]}},{"type":"Feature","properties":{"name":"Ayers Avenue","t":1},"geometry":{"type":"LineString","coordinates":[[-119.23492,34.45639],[-119.23486,34.45641],[-119.23479,34.45644],[-119.23466,34.45654],[-119.23461,34.45659]]}},{"type":"Feature","properties":{"name":"Mountain View Avenue","t":1},"geometry":{"type":"LineString","coordinates":[[-119.23349,34.45743],[-119.23378,34.45743],[-119.23384,34.45743],[-119.23385,34.45743],[-119.23399,34.45743],[-119.23409,34.45744],[-119.23427,34.45744],[-119.23439,34.45744]]}},{"type":"Feature","properties":{"name":"Mountain View Avenue","t":1},"geometry":{"type":"LineString","coordinates":[[-119.23439,34.45744],[-119.23473,34.45745],[-119.23482,34.45746],[-119.23541,34.45748],[-119.23582,34.45748],[-119.23588,34.45748]]}},{"type":"Feature","properties":{"name":"Park Road","t":1},"geometry":{"type":"LineString","coordinates":[[-119.23555,34.45611],[-119.23573,34.45632],[-119.23577,34.45637],[-119.23582,34.45645],[-119.23584,34.45653],[-119.23586,34.45657],[-119.23587,34.45665],[-119.23587,34.45666],[-119.23588,34.45687],[-119.23588,34.45691],[-119.23588,34.45748]]}},{"type":"Feature","properties":{"name":"Mountain View Avenue","t":1},"geometry":{"type":"LineString","coordinates":[[-119.23665,34.45749],[-119.23708,34.4575],[-119.23742,34.45749]]}},{"type":"Feature","properties":{"name":"Mountain View Avenue","t":1},"geometry":{"type":"LineString","coordinates":[[-119.23588,34.45748],[-119.23595,34.45748],[-119.23665,34.45749]]}},{"type":"Feature","properties":{"name":"Mountain View Avenue","t":1},"geometry":{"type":"LineString","coordinates":[[-119.23742,34.45749],[-119.23778,34.4575]]}},{"type":"Feature","properties":{"name":"Walnut Lane","t":1},"geometry":{"type":"LineString","coordinates":[[-119.238,34.4555],[-119.23811,34.4555],[-119.23903,34.4554]]}},{"type":"Feature","properties":{"name":"Sunset Place","t":1},"geometry":{"type":"LineString","coordinates":[[-119.23667,34.45501],[-119.23698,34.45501],[-119.23721,34.45501],[-119.23737,34.45501],[-119.23739,34.45501],[-119.23741,34.45504],[-119.23741,34.45505],[-119.23741,34.45513],[-119.23742,34.45528],[-119.23742,34.45535],[-119.23743,34.45552],[-119.23744,34.45559],[-119.23744,34.45562],[-119.23743,34.45597],[-119.23743,34.4562],[-119.23743,34.45628],[-119.23743,34.45644],[-119.23743,34.45668],[-119.23742,34.45697],[-119.23742,34.45713],[-119.23742,34.4572],[-119.23742,34.45749]]}},{"type":"Feature","properties":{"name":"Grandview Avenue","t":1},"geometry":{"type":"LineString","coordinates":[[-119.23667,34.45501],[-119.23667,34.45528],[-119.23667,34.45529],[-119.23667,34.45535],[-119.23666,34.45553],[-119.23666,34.45574],[-119.23666,34.45575],[-119.23666,34.45581],[-119.23666,34.45582],[-119.23666,34.4562],[-119.23666,34.45621],[-119.23666,34.45627],[-119.23666,34.45651],[-119.23666,34.45666],[-119.23666,34.45674],[-119.23666,34.45713],[-119.23666,34.4572],[-119.23665,34.45749]]}},{"type":"Feature","properties":{"name":"Park Road","t":1},"geometry":{"type":"LineString","coordinates":[[-119.23597,34.45421],[-119.23594,34.45427],[-119.23589,34.45442],[-119.23585,34.45457],[-119.23585,34.45472],[-119.23585,34.45517],[-119.23585,34.45558],[-119.23582,34.4557],[-119.23577,34.45584],[-119.23571,34.45595],[-119.23565,34.45603],[-119.23555,34.45611]]}},{"type":"Feature","properties":{"name":"Grandview Avenue","t":1},"geometry":{"type":"LineString","coordinates":[[-119.23673,34.45416],[-119.23673,34.45422],[-119.23672,34.45444],[-119.23672,34.4545],[-119.23672,34.4546],[-119.23672,34.45462],[-119.23672,34.45463],[-119.23671,34.45469],[-119.2367,34.45481],[-119.2367,34.45482],[-119.23667,34.45501]]}},{"type":"Feature","properties":{"name":"Grand Avenue","t":1},"geometry":{"type":"LineString","coordinates":[[-119.23597,34.45421],[-119.23607,34.4542],[-119.23631,34.45419],[-119.23673,34.45416]]}},{"type":"Feature","properties":{"name":"Grand Avenue","t":1},"geometry":{"type":"LineString","coordinates":[[-119.2347,34.45431],[-119.23498,34.45429],[-119.23508,34.45428],[-119.23523,34.45427],[-119.23578,34.45423],[-119.23585,34.45422],[-119.23597,34.45421]]}},{"type":"Feature","properties":{"name":"Park Road","t":1},"geometry":{"type":"LineString","coordinates":[[-119.23715,34.45019],[-119.23715,34.4502],[-119.23714,34.45036],[-119.23714,34.4504],[-119.23714,34.45047],[-119.23714,34.45054],[-119.23713,34.45069],[-119.23713,34.45091],[-119.23712,34.45097],[-119.23712,34.45105],[-119.23712,34.45117],[-119.23712,34.45135],[-119.23711,34.45156],[-119.23712,34.45165],[-119.23711,34.45186],[-119.23711,34.45196],[-119.2371,34.45207],[-119.2371,34.45214],[-119.23708,34.45225],[-119.23707,34.45233],[-119.23704,34.45242],[-119.23698,34.45252],[-119.23694,34.45258],[-119.23689,34.45263],[-119.23681,34.4527],[-119.23667,34.4528],[-119.23658,34.45286],[-119.23644,34.45296],[-119.23638,34.453],[-119.23627,34.45309],[-119.23621,34.45314],[-119.23615,34.4532],[-119.2361,34.45329],[-119.23606,34.45338],[-119.23603,34.45346],[-119.23602,34.45351],[-119.236,34.45359],[-119.236,34.45377],[-119.236,34.45393],[-119.23599,34.4541],[-119.23599,34.45413],[-119.23597,34.45421]]}},{"type":"Feature","properties":{"name":"Williams Place","t":1},"geometry":{"type":"LineString","coordinates":[[-119.23828,34.45311],[-119.23763,34.45314],[-119.23731,34.45318],[-119.23722,34.45319]]}},{"type":"Feature","properties":{"name":"North Fulton Street","t":1},"geometry":{"type":"LineString","coordinates":[[-119.23831,34.45119],[-119.23831,34.45124],[-119.2383,34.45139],[-119.2383,34.4514],[-119.2383,34.45149],[-119.2383,34.45164],[-119.23829,34.45179],[-119.23829,34.45182],[-119.23829,34.45185],[-119.23829,34.4519],[-119.23829,34.45198],[-119.23829,34.45205],[-119.23829,34.4521],[-119.23829,34.4522],[-119.23829,34.4523],[-119.23828,34.45247],[-119.23828,34.45251],[-119.23828,34.45263],[-119.23828,34.45269],[-119.23828,34.45287],[-119.23828,34.4529],[-119.23828,34.45302],[-119.23828,34.45311]]}},{"type":"Feature","properties":{"name":"Grand Avenue","t":1},"geometry":{"type":"LineString","coordinates":[[-119.23826,34.454],[-119.2383,34.454],[-119.23834,34.45399],[-119.23855,34.45397],[-119.23859,34.45396],[-119.23885,34.45393],[-119.23905,34.45389]]}},{"type":"Feature","properties":{"name":"North Fulton Street","t":1},"geometry":{"type":"LineString","coordinates":[[-119.23828,34.45311],[-119.23828,34.45315],[-119.23828,34.45319],[-119.23828,34.45332],[-119.23828,34.45333],[-119.23828,34.45343],[-119.23827,34.4536],[-119.23826,34.454]]}},{"type":"Feature","properties":{"name":"Grand Avenue","t":1},"geometry":{"type":"LineString","coordinates":[[-119.23673,34.45416],[-119.23676,34.45416],[-119.23701,34.45413],[-119.2372,34.45412],[-119.23723,34.45411],[-119.23744,34.45409],[-119.2376,34.45408],[-119.23792,34.45404],[-119.23802,34.45403],[-119.23826,34.454]]}},{"type":"Feature","properties":{"name":"Drown Avenue","t":1},"geometry":{"type":"LineString","coordinates":[[-119.23905,34.45389],[-119.23904,34.45427],[-119.23904,34.45439],[-119.23904,34.4546],[-119.23904,34.45462],[-119.23904,34.45488],[-119.23904,34.45494],[-119.23904,34.45515],[-119.23904,34.45525],[-119.23903,34.45535],[-119.23903,34.4554]]}},{"type":"Feature","properties":{"name":"Grand Avenue","t":1},"geometry":{"type":"LineString","coordinates":[[-119.23934,34.45385],[-119.2397,34.45382],[-119.23987,34.4538],[-119.23994,34.45379],[-119.24013,34.45377],[-119.2403,34.45375],[-119.24032,34.45375],[-119.24062,34.45372],[-119.24156,34.45362]]}},{"type":"Feature","properties":{"name":"Grand Avenue","t":1},"geometry":{"type":"LineString","coordinates":[[-119.23905,34.45389],[-119.23934,34.45385]]}},{"type":"Feature","properties":{"name":"Drown Avenue","t":1},"geometry":{"type":"LineString","coordinates":[[-119.23941,34.45111],[-119.23941,34.45143],[-119.23941,34.45151],[-119.23941,34.45153],[-119.2394,34.45166],[-119.2394,34.45202],[-119.2394,34.45227],[-119.2394,34.45229],[-119.2394,34.45234],[-119.2394,34.45236],[-119.2394,34.45254],[-119.2394,34.45257],[-119.2394,34.45261],[-119.23939,34.45285],[-119.23938,34.45289],[-119.23938,34.45298],[-119.23938,34.45302],[-119.23937,34.45314],[-119.23937,34.45317],[-119.23936,34.4534],[-119.23935,34.45351],[-119.23934,34.4538],[-119.23934,34.45385]]}},{"type":"Feature","properties":{"name":"Grand Avenue","t":1},"geometry":{"type":"LineString","coordinates":[[-119.24156,34.45362],[-119.24286,34.45347],[-119.24294,34.45346]]}},{"type":"Feature","properties":{"name":"Daly Road","t":1},"geometry":{"type":"LineString","coordinates":[[-119.24156,34.45362],[-119.24154,34.4547]]}},{"type":"Feature","properties":{"name":"Buena Vista Drive","t":1},"geometry":{"type":"LineString","coordinates":[[-119.24292,34.45472],[-119.24154,34.4547]]}},{"type":"Feature","properties":{"name":"Drown Avenue","t":1},"geometry":{"type":"LineString","coordinates":[[-119.23903,34.4554],[-119.23903,34.45565],[-119.23903,34.45578],[-119.23903,34.45583],[-119.23903,34.45589],[-119.23903,34.45604],[-119.23903,34.45605],[-119.23903,34.4563],[-119.23903,34.45639],[-119.23902,34.45667],[-119.23902,34.45691],[-119.23902,34.45707],[-119.23902,34.45721],[-119.23902,34.45728],[-119.23902,34.45742],[-119.23902,34.45761],[-119.23902,34.45765],[-119.23902,34.45775],[-119.23901,34.45784],[-119.23901,34.45793],[-119.23901,34.45807],[-119.23901,34.45825],[-119.23901,34.45853],[-119.23901,34.45858],[-119.23901,34.45863],[-119.23901,34.45886],[-119.239,34.45903],[-119.239,34.45924],[-119.239,34.45977]]}},{"type":"Feature","properties":{"name":"Andrew Drive","t":1},"geometry":{"type":"LineString","coordinates":[[-119.24046,34.45805],[-119.24045,34.45804],[-119.24042,34.45799],[-119.24039,34.45791],[-119.24035,34.4578]]}},{"type":"Feature","properties":{"name":"Daly Road","t":1},"geometry":{"type":"LineString","coordinates":[[-119.24154,34.4547],[-119.24153,34.455],[-119.24151,34.45618],[-119.24151,34.4564],[-119.24151,34.45663],[-119.2415,34.45675],[-119.2415,34.45699],[-119.24149,34.45731],[-119.24148,34.45838]]}},{"type":"Feature","properties":{"name":"North Signal Street","t":1},"geometry":{"type":"LineString","coordinates":[[-119.24599,34.45428],[-119.24605,34.45467],[-119.24604,34.45523],[-119.24601,34.45579]]}},{"type":"Feature","properties":{"name":"France Circle","t":1},"geometry":{"type":"LineString","coordinates":[[-119.24601,34.45579],[-119.24525,34.4558]]}},{"type":"Feature","properties":{"name":"North Signal Street","t":1},"geometry":{"type":"LineString","coordinates":[[-119.24601,34.45579],[-119.246,34.45618],[-119.24597,34.45697],[-119.24596,34.4573],[-119.24596,34.45734],[-119.24596,34.45758],[-119.24593,34.45917],[-119.24593,34.45951],[-119.24593,34.45971]]}},{"type":"Feature","properties":{"name":"Pauline Street","t":1},"geometry":{"type":"LineString","coordinates":[[-119.24875,34.45242],[-119.2488,34.45279],[-119.24883,34.45332],[-119.2478,34.45339],[-119.24774,34.45338],[-119.2477,34.45337],[-119.24764,34.45331]]}},{"type":"Feature","properties":{"name":"Raymond Street","t":1},"geometry":{"type":"LineString","coordinates":[[-119.24951,34.45348],[-119.25019,34.45346]]}},{"type":"Feature","properties":{"name":"Canada Street","t":1},"geometry":{"type":"LineString","coordinates":[[-119.24957,34.45236],[-119.24952,34.45333],[-119.24951,34.45348]]}},{"type":"Feature","properties":{"name":"West Summer Street","t":1},"geometry":{"type":"LineString","coordinates":[[-119.25022,34.45232],[-119.24957,34.45236]]}},{"type":"Feature","properties":{"name":"West Summer Street","t":1},"geometry":{"type":"LineString","coordinates":[[-119.24957,34.45236],[-119.24875,34.45242]]}},{"type":"Feature","properties":{"name":"West Summer Street","t":1},"geometry":{"type":"LineString","coordinates":[[-119.24875,34.45242],[-119.24799,34.45247],[-119.24757,34.4525]]}},{"type":"Feature","properties":{"name":"North Ventura Street","t":1},"geometry":{"type":"LineString","coordinates":[[-119.24757,34.4525],[-119.2476,34.45283],[-119.24761,34.45297],[-119.24749,34.45306],[-119.24747,34.45309],[-119.24747,34.45311],[-119.24761,34.45328],[-119.24764,34.45331]]}},{"type":"Feature","properties":{"name":"Summer Street","t":1},"geometry":{"type":"LineString","coordinates":[[-119.24757,34.4525],[-119.24635,34.45258]]}},{"type":"Feature","properties":{"name":"East Summer Street","t":1},"geometry":{"type":"LineString","coordinates":[[-119.24635,34.45258],[-119.24581,34.45262],[-119.24573,34.45263],[-119.24531,34.45266],[-119.24515,34.45267],[-119.24511,34.45267],[-119.24432,34.45273]]}},{"type":"Feature","properties":{"name":"Grand Avenue","t":1},"geometry":{"type":"LineString","coordinates":[[-119.24429,34.45331],[-119.24477,34.45326]]}},{"type":"Feature","properties":{"name":"Grand Avenue","t":1},"geometry":{"type":"LineString","coordinates":[[-119.24477,34.45326],[-119.24506,34.45323],[-119.24514,34.45322],[-119.24601,34.45313]]}},{"type":"Feature","properties":{"name":"North Signal Street","t":1},"geometry":{"type":"LineString","coordinates":[[-119.24635,34.45258],[-119.24631,34.45267],[-119.24628,34.45278],[-119.24624,34.45299],[-119.2462,34.45305],[-119.24615,34.45309],[-119.24609,34.45311],[-119.24601,34.45313]]}},{"type":"Feature","properties":{"name":"North Signal Street","t":1},"geometry":{"type":"LineString","coordinates":[[-119.24601,34.45313],[-119.24601,34.4532],[-119.24601,34.45351],[-119.246,34.45394],[-119.24599,34.45428]]}},{"type":"Feature","properties":{"name":"Park Avenue","t":1},"geometry":{"type":"LineString","coordinates":[[-119.24599,34.45428],[-119.24524,34.45427],[-119.24495,34.45426],[-119.24477,34.45426]]}},{"type":"Feature","properties":{"name":"Olive Street","t":1},"geometry":{"type":"LineString","coordinates":[[-119.24477,34.45326],[-119.24477,34.45333],[-119.24477,34.45359],[-119.24477,34.45426]]}},{"type":"Feature","properties":{"name":"North Montgomery Street","t":1},"geometry":{"type":"LineString","coordinates":[[-119.24292,34.45472],[-119.24292,34.45476],[-119.24292,34.455],[-119.24292,34.45525]]}},{"type":"Feature","properties":{"name":"North Montgomery Street","t":1},"geometry":{"type":"LineString","coordinates":[[-119.24294,34.45346],[-119.24294,34.45354],[-119.24293,34.45419],[-119.24292,34.45472]]}},{"type":"Feature","properties":{"name":"Grand Avenue","t":1},"geometry":{"type":"LineString","coordinates":[[-119.24294,34.45346],[-119.24304,34.45345],[-119.24352,34.4534],[-119.24386,34.45336],[-119.24429,34.45331]]}},{"type":"Feature","properties":{"name":"Lion Street","t":1},"geometry":{"type":"LineString","coordinates":[[-119.2443,34.45295],[-119.2443,34.45297],[-119.24429,34.45326],[-119.24429,34.45331]]}},{"type":"Feature","properties":{"name":"Lion Street","t":1},"geometry":{"type":"LineString","coordinates":[[-119.2443,34.45295],[-119.24433,34.4529],[-119.24431,34.45284]]}},{"type":"Feature","properties":{"name":"Lion Street","t":1},"geometry":{"type":"LineString","coordinates":[[-119.24431,34.45284],[-119.24427,34.4529],[-119.2443,34.45295]]}},{"type":"Feature","properties":{"name":"Lion Street","t":1},"geometry":{"type":"LineString","coordinates":[[-119.24432,34.45273],[-119.24431,34.45284]]}},{"type":"Feature","properties":{"name":"Lion Street","t":1},"geometry":{"type":"LineString","coordinates":[[-119.24434,34.45173],[-119.24433,34.45187],[-119.24433,34.45193],[-119.24433,34.45225],[-119.24432,34.45229],[-119.24432,34.45273]]}},{"type":"Feature","properties":{"name":"North Montgomery Street","t":1},"geometry":{"type":"LineString","coordinates":[[-119.24297,34.45182],[-119.24296,34.45219],[-119.24296,34.45243],[-119.24296,34.45262],[-119.24296,34.45267],[-119.24296,34.45275],[-119.24295,34.4534],[-119.24294,34.45346]]}},{"type":"Feature","properties":{"name":"North Montgomery Street","t":1},"geometry":{"type":"LineString","coordinates":[[-119.24299,34.45098],[-119.24298,34.45113],[-119.24298,34.45145],[-119.24297,34.45182]]}},{"type":"Feature","properties":{"name":"Lion Street","t":1},"geometry":{"type":"LineString","coordinates":[[-119.24436,34.45077],[-119.24436,34.45105],[-119.24435,34.45111],[-119.24435,34.45135],[-119.24434,34.45173]]}},{"type":"Feature","properties":{"name":"North Montgomery Street","t":1},"geometry":{"type":"LineString","coordinates":[[-119.243,34.44993],[-119.243,34.45],[-119.243,34.45028],[-119.243,34.4505],[-119.243,34.45054],[-119.243,34.45066],[-119.243,34.4507],[-119.243,34.45083],[-119.24299,34.45098]]}},{"type":"Feature","properties":{"name":"North Montgomery Street","t":1},"geometry":{"type":"LineString","coordinates":[[-119.243,34.44886],[-119.243,34.44893],[-119.243,34.449],[-119.243,34.4492],[-119.243,34.44937],[-119.243,34.4495],[-119.243,34.4496],[-119.243,34.44985],[-119.243,34.44993]]}},{"type":"Feature","properties":{"name":"East Aliso Street","t":1},"geometry":{"type":"LineString","coordinates":[[-119.24437,34.44982],[-119.24427,34.44983],[-119.24422,34.44984],[-119.24393,34.44986],[-119.24381,34.44987],[-119.24307,34.44993],[-119.243,34.44993]]}},{"type":"Feature","properties":{"name":"Lion Street","t":1},"geometry":{"type":"LineString","coordinates":[[-119.24437,34.44982],[-119.24437,34.4504],[-119.24436,34.45054],[-119.24436,34.45077]]}},{"type":"Feature","properties":{"name":"East Aliso Street","t":1},"geometry":{"type":"LineString","coordinates":[[-119.24614,34.44971],[-119.24606,34.44971],[-119.24561,34.44974],[-119.24537,34.44976],[-119.24525,34.44977],[-119.24486,34.44979],[-119.24459,34.44981],[-119.24442,34.44982],[-119.24437,34.44982]]}},{"type":"Feature","properties":{"name":"North Signal Street","t":1},"geometry":{"type":"LineString","coordinates":[[-119.24603,34.44874],[-119.24606,34.44898],[-119.24607,34.44911],[-119.24608,34.44919],[-119.24609,34.44927],[-119.24609,34.44929],[-119.24614,34.44971]]}},{"type":"Feature","properties":{"name":"North Signal Street","t":1},"geometry":{"type":"LineString","coordinates":[[-119.24614,34.44971],[-119.24616,34.44999],[-119.24617,34.4501],[-119.24619,34.45021],[-119.24621,34.45051],[-119.24623,34.45065]]}},{"type":"Feature","properties":{"name":"North Signal Street","t":1},"geometry":{"type":"LineString","coordinates":[[-119.24623,34.45065],[-119.24627,34.45111],[-119.2463,34.4514],[-119.24632,34.45161]]}},{"type":"Feature","properties":{"name":"East Oak Street","t":1},"geometry":{"type":"LineString","coordinates":[[-119.24623,34.45065],[-119.24586,34.45067],[-119.24565,34.45069],[-119.24559,34.45069],[-119.24541,34.4507],[-119.24522,34.45072],[-119.24513,34.45072],[-119.24486,34.45074],[-119.24436,34.45077]]}},{"type":"Feature","properties":{"name":"East Eucalyptus Street","t":1},"geometry":{"type":"LineString","coordinates":[[-119.24632,34.45161],[-119.24574,34.45165],[-119.24572,34.45165],[-119.24552,34.45167],[-119.24546,34.45167],[-119.24525,34.45169],[-119.24511,34.4517],[-119.24487,34.45172],[-119.24474,34.45172],[-119.24434,34.45173]]}},{"type":"Feature","properties":{"name":"North Signal Street","t":1},"geometry":{"type":"LineString","coordinates":[[-119.24632,34.45161],[-119.24637,34.45207],[-119.24637,34.45211],[-119.24638,34.45225],[-119.2464,34.45246],[-119.24635,34.45258]]}},{"type":"Feature","properties":{"name":"East Eucalyptus Street","t":1},"geometry":{"type":"LineString","coordinates":[[-119.24749,34.45154],[-119.24713,34.45156],[-119.24695,34.45157],[-119.24632,34.45161]]}},{"type":"Feature","properties":{"name":"North Ventura Street","t":1},"geometry":{"type":"LineString","coordinates":[[-119.24739,34.45057],[-119.24749,34.45154]]}},{"type":"Feature","properties":{"name":"West Eucalyptus Street","t":1},"geometry":{"type":"LineString","coordinates":[[-119.24865,34.45145],[-119.24839,34.45147],[-119.24749,34.45154]]}},{"type":"Feature","properties":{"name":"North Ventura Street","t":1},"geometry":{"type":"LineString","coordinates":[[-119.24749,34.45154],[-119.24754,34.45206],[-119.24757,34.4525]]}},{"type":"Feature","properties":{"name":"North Blanche Street","t":1},"geometry":{"type":"LineString","coordinates":[[-119.24865,34.45145],[-119.2487,34.45198],[-119.24874,34.45233],[-119.24875,34.45242]]}},{"type":"Feature","properties":{"name":"Canada Street","t":1},"geometry":{"type":"LineString","coordinates":[[-119.2496,34.45139],[-119.24957,34.45236]]}},{"type":"Feature","properties":{"name":"West Eucalyptus Street","t":1},"geometry":{"type":"LineString","coordinates":[[-119.2496,34.45139],[-119.24898,34.45142],[-119.24865,34.45145]]}},{"type":"Feature","properties":{"name":"Canada Street","t":1},"geometry":{"type":"LineString","coordinates":[[-119.24961,34.45041],[-119.2496,34.45078],[-119.2496,34.45139]]}},{"type":"Feature","properties":{"name":"North Blanche Street","t":1},"geometry":{"type":"LineString","coordinates":[[-119.24855,34.45048],[-119.24859,34.45088],[-119.2486,34.45095],[-119.24861,34.45106],[-119.24862,34.45121],[-119.24865,34.45145]]}},{"type":"Feature","properties":{"name":"North Blanche Street","t":1},"geometry":{"type":"LineString","coordinates":[[-119.24843,34.44953],[-119.2485,34.45005],[-119.2485,34.4501],[-119.24855,34.45048]]}},{"type":"Feature","properties":{"name":"West Oak Street","t":1},"geometry":{"type":"LineString","coordinates":[[-119.24961,34.45041],[-119.24953,34.45043],[-119.24921,34.45043],[-119.24902,34.45044],[-119.24855,34.45048]]}},{"type":"Feature","properties":{"name":"Canada Street","t":1},"geometry":{"type":"LineString","coordinates":[[-119.24962,34.44946],[-119.24963,34.44962],[-119.24962,34.44986],[-119.24962,34.44993],[-119.24962,34.44997],[-119.24961,34.45041]]}},{"type":"Feature","properties":{"name":"West Aliso Street","t":1},"geometry":{"type":"LineString","coordinates":[[-119.24962,34.44946],[-119.24887,34.4495],[-119.24843,34.44953]]}},{"type":"Feature","properties":{"name":"West Aliso Street","t":1},"geometry":{"type":"LineString","coordinates":[[-119.24843,34.44953],[-119.24729,34.44962]]}},{"type":"Feature","properties":{"name":"West Oak Street","t":1},"geometry":{"type":"LineString","coordinates":[[-119.24855,34.45048],[-119.24739,34.45057]]}},{"type":"Feature","properties":{"name":"North Ventura Street","t":1},"geometry":{"type":"LineString","coordinates":[[-119.24729,34.44962],[-119.24732,34.44993],[-119.24734,34.45012],[-119.24739,34.45057]]}},{"type":"Feature","properties":{"name":"East Oak Street","t":1},"geometry":{"type":"LineString","coordinates":[[-119.24739,34.45057],[-119.24716,34.45058],[-119.24698,34.45059],[-119.24678,34.45061],[-119.24668,34.45062],[-119.2465,34.45063],[-119.24646,34.45063],[-119.24623,34.45065]]}},{"type":"Feature","properties":{"name":"East Aliso Street","t":1},"geometry":{"type":"LineString","coordinates":[[-119.24729,34.44962],[-119.24693,34.44965],[-119.24685,34.44965],[-119.24665,34.44967],[-119.24651,34.44968],[-119.24614,34.44971]]}},{"type":"Feature","properties":{"name":"Matilija Street","t":1},"geometry":{"type":"LineString","coordinates":[[-119.24718,34.44865],[-119.2465,34.4487],[-119.2464,34.44871],[-119.24621,34.44873],[-119.24603,34.44874]]}},{"type":"Feature","properties":{"name":"East Ojai Avenue","t":3},"geometry":{"type":"LineString","coordinates":[[-119.24594,34.44777],[-119.24604,34.44776],[-119.2463,34.44774],[-119.24701,34.44769],[-119.24709,34.44769]]}},{"type":"Feature","properties":{"name":"North Ventura Street","t":1},"geometry":{"type":"LineString","coordinates":[[-119.24709,34.44769],[-119.24711,34.44786],[-119.24713,34.4481],[-119.24717,34.44851],[-119.24718,34.44865]]}},{"type":"Feature","properties":{"name":"West Matilija Street","t":1},"geometry":{"type":"LineString","coordinates":[[-119.24834,34.44857],[-119.24803,34.44859],[-119.24794,34.44859],[-119.24771,34.44861],[-119.24718,34.44865]]}},{"type":"Feature","properties":{"name":"North Ventura Street","t":1},"geometry":{"type":"LineString","coordinates":[[-119.24718,34.44865],[-119.24722,34.44898],[-119.24722,34.449],[-119.24724,34.44918],[-119.24729,34.44962]]}},{"type":"Feature","properties":{"name":"North Blanche Street","t":1},"geometry":{"type":"LineString","coordinates":[[-119.24834,34.44857],[-119.24839,34.4491],[-119.24843,34.44953]]}},{"type":"Feature","properties":{"name":"West Matilija Street","t":1},"geometry":{"type":"LineString","coordinates":[[-119.2495,34.44849],[-119.249,34.44852],[-119.24879,34.44854],[-119.24877,34.44854],[-119.24834,34.44857]]}},{"type":"Feature","properties":{"name":"Canada Street","t":1},"geometry":{"type":"LineString","coordinates":[[-119.2495,34.44849],[-119.24962,34.44946]]}},{"type":"Feature","properties":{"name":"Canada Street","t":1},"geometry":{"type":"LineString","coordinates":[[-119.24941,34.44749],[-119.24941,34.44761],[-119.24945,34.44794],[-119.24947,34.44819],[-119.24948,34.44828],[-119.2495,34.44849]]}},{"type":"Feature","properties":{"name":"North Blanche Street","t":1},"geometry":{"type":"LineString","coordinates":[[-119.24826,34.4476],[-119.24827,34.44768],[-119.24828,34.44776],[-119.24831,34.44815],[-119.24832,34.44829],[-119.24834,34.44857]]}},{"type":"Feature","properties":{"name":"South Blanche Street","t":1},"geometry":{"type":"LineString","coordinates":[[-119.24816,34.44665],[-119.24818,34.44682],[-119.24819,34.44697],[-119.24823,34.44726],[-119.24823,34.44732],[-119.24824,34.44741],[-119.24825,34.44744],[-119.24826,34.4476]]}},{"type":"Feature","properties":{"name":"West Ojai Avenue","t":3},"geometry":{"type":"LineString","coordinates":[[-119.24941,34.44749],[-119.24934,34.4475],[-119.24928,34.44751],[-119.24918,34.44753],[-119.24872,34.44757],[-119.24826,34.4476]]}},{"type":"Feature","properties":{"name":"West Ojai Avenue","t":3},"geometry":{"type":"LineString","coordinates":[[-119.24986,34.44716],[-119.24964,34.44734],[-119.2495,34.44744],[-119.24941,34.44749]]}},{"type":"Feature","properties":{"name":"South Blanche Street","t":1},"geometry":{"type":"LineString","coordinates":[[-119.24808,34.44597],[-119.24812,34.44636],[-119.24816,34.44665]]}},{"type":"Feature","properties":{"name":"West Topa Topa Street","t":1},"geometry":{"type":"LineString","coordinates":[[-119.24816,34.44665],[-119.24747,34.4467],[-119.24725,34.44671],[-119.24701,34.44673]]}},{"type":"Feature","properties":{"name":"West Ojai Avenue","t":3},"geometry":{"type":"LineString","coordinates":[[-119.24826,34.4476],[-119.24816,34.44761],[-119.24777,34.44764],[-119.2476,34.44765],[-119.24709,34.44769]]}},{"type":"Feature","properties":{"name":"South Ventura Street","t":1},"geometry":{"type":"LineString","coordinates":[[-119.24701,34.44673],[-119.24703,34.44695],[-119.24705,34.44719],[-119.24705,34.44727],[-119.24709,34.44769]]}},{"type":"Feature","properties":{"name":"East Topa Topa Street","t":1},"geometry":{"type":"LineString","coordinates":[[-119.24701,34.44673],[-119.24653,34.44676],[-119.24596,34.4468]]}},{"type":"Feature","properties":{"name":"South Signal Street","t":1},"geometry":{"type":"LineString","coordinates":[[-119.24594,34.44777],[-119.24594,34.44768],[-119.24593,34.44757],[-119.24594,34.44707],[-119.24594,34.44701],[-119.24596,34.4468]]}},{"type":"Feature","properties":{"name":"North Signal Street","t":1},"geometry":{"type":"LineString","coordinates":[[-119.24594,34.44777],[-119.24595,34.44785],[-119.24599,34.44826],[-119.246,34.44843],[-119.24601,34.44847],[-119.24602,34.44861],[-119.24603,34.44874]]}},{"type":"Feature","properties":{"name":"East Matilija Street","t":1},"geometry":{"type":"LineString","coordinates":[[-119.24603,34.44874],[-119.24596,34.44875],[-119.24554,34.44877],[-119.24546,34.44878],[-119.24502,34.44881],[-119.24499,34.44881],[-119.2448,34.44882],[-119.24455,34.44884],[-119.24447,34.44885],[-119.24441,34.44885],[-119.24435,34.44885],[-119.24422,34.44884],[-119.24418,34.44883],[-119.24406,34.44882],[-119.24395,34.44882],[-119.24384,34.44882],[-119.24343,34.44884],[-119.24308,34.44886],[-119.243,34.44886]]}},{"type":"Feature","properties":{"name":"East Ojai Avenue","t":3},"geometry":{"type":"LineString","coordinates":[[-119.24346,34.44794],[-119.24364,34.44793],[-119.24375,34.44792],[-119.24394,34.44791],[-119.24465,34.44786],[-119.24487,34.44784],[-119.24585,34.44778],[-119.24594,34.44777]]}},{"type":"Feature","properties":{"name":"North Montgomery Street","t":1},"geometry":{"type":"LineString","coordinates":[[-119.24302,34.44797],[-119.24302,34.44807],[-119.24302,34.44823],[-119.24301,34.44846],[-119.243,34.44886]]}},{"type":"Feature","properties":{"name":"East Ojai Avenue","t":3},"geometry":{"type":"LineString","coordinates":[[-119.24302,34.44797],[-119.24325,34.44796],[-119.24346,34.44794]]}},{"type":"Feature","properties":{"name":"","t":1},"geometry":{"type":"LineString","coordinates":[[-119.24296,34.44775],[-119.24295,34.44747]]}},{"type":"Feature","properties":{"name":"South Montgomery Street","t":2},"geometry":{"type":"LineString","coordinates":[[-119.24349,34.44606],[-119.24348,34.44632],[-119.24348,34.44636],[-119.24347,34.44666],[-119.24346,34.44687],[-119.24346,34.44717],[-119.24346,34.44724],[-119.24346,34.44737],[-119.24346,34.44742],[-119.24345,34.44774],[-119.24345,34.44781],[-119.24345,34.44784],[-119.24346,34.44794]]}},{"type":"Feature","properties":{"name":"East Topa Topa Street","t":1},"geometry":{"type":"LineString","coordinates":[[-119.24159,34.4471],[-119.24196,34.44708],[-119.24217,34.44707],[-119.24221,34.44707],[-119.24238,34.44706],[-119.2426,34.44703]]}},{"type":"Feature","properties":{"name":"Fox Street","t":1},"geometry":{"type":"LineString","coordinates":[[-119.24159,34.4471],[-119.2416,34.44718],[-119.24162,34.44745],[-119.24164,34.44765],[-119.24168,34.44797],[-119.2417,34.44807]]}},{"type":"Feature","properties":{"name":"Fox Street","t":1},"geometry":{"type":"LineString","coordinates":[[-119.24149,34.44613],[-119.24152,34.44643],[-119.24154,34.44659],[-119.24155,34.44674],[-119.24155,34.44676],[-119.24156,34.44684],[-119.24157,34.44689],[-119.24158,34.44698],[-119.24158,34.44705],[-119.24159,34.4471]]}},{"type":"Feature","properties":{"name":"Bald Street","t":1},"geometry":{"type":"LineString","coordinates":[[-119.2406,34.44815],[-119.24059,34.44805],[-119.24059,34.44804],[-119.24057,34.4478],[-119.24055,34.44761],[-119.24053,34.44737],[-119.24052,34.44723],[-119.24052,34.4472],[-119.24051,34.44706],[-119.2405,34.44697],[-119.24049,34.44686],[-119.24049,34.44684],[-119.24047,34.44669],[-119.24047,34.44665],[-119.24046,34.44655],[-119.24046,34.44654],[-119.24046,34.4465],[-119.24045,34.44637],[-119.24044,34.44633],[-119.24043,34.44623],[-119.24043,34.44617],[-119.24042,34.4461],[-119.24042,34.44603],[-119.24041,34.4459],[-119.2404,34.44588],[-119.24038,34.44585],[-119.24036,34.44584],[-119.24034,34.44583],[-119.24029,34.44582],[-119.24025,34.44581],[-119.24024,34.44581],[-119.23988,34.44584],[-119.23971,34.44585],[-119.23966,34.44586],[-119.23944,34.44587]]}},{"type":"Feature","properties":{"name":"Olive Mill Lane","t":1},"geometry":{"type":"LineString","coordinates":[[-119.23902,34.44733],[-119.23926,34.44732],[-119.23935,34.44732],[-119.23951,34.44731],[-119.23955,34.44729],[-119.23957,34.44725],[-119.23957,34.4472],[-119.23957,34.44711],[-119.23955,34.44703],[-119.23955,34.44699],[-119.23954,34.44691],[-119.23953,34.44682],[-119.23953,34.44675],[-119.23952,34.4467],[-119.23951,34.44661],[-119.2395,34.44653],[-119.23949,34.44645],[-119.23949,34.44641],[-119.23947,34.44633],[-119.23947,34.44623],[-119.23944,34.44587]]}},{"type":"Feature","properties":{"name":"East Ojai Avenue","t":3},"geometry":{"type":"LineString","coordinates":[[-119.23946,34.44824],[-119.23951,34.44823],[-119.23963,34.44822],[-119.23986,34.44821],[-119.23998,34.4482],[-119.24019,34.44818],[-119.2406,34.44815]]}},{"type":"Feature","properties":{"name":"South Fulton Street","t":1},"geometry":{"type":"LineString","coordinates":[[-119.23902,34.44733],[-119.23903,34.44739],[-119.23903,34.44745],[-119.23906,34.44772],[-119.23908,34.44788],[-119.2391,34.44813],[-119.23911,34.44816],[-119.23912,34.44826]]}},{"type":"Feature","properties":{"name":"East Ojai Avenue","t":3},"geometry":{"type":"LineString","coordinates":[[-119.23912,34.44826],[-119.23946,34.44824]]}},{"type":"Feature","properties":{"name":"","t":1},"geometry":{"type":"LineString","coordinates":[[-119.24,34.44844],[-119.24,34.44845],[-119.23998,34.44846],[-119.23996,34.44846],[-119.23974,34.44847],[-119.23971,34.44846],[-119.2397,34.44846]]}},{"type":"Feature","properties":{"name":"Drown Avenue","t":1},"geometry":{"type":"LineString","coordinates":[[-119.23946,34.44824],[-119.23946,34.44848],[-119.23945,34.44869]]}},{"type":"Feature","properties":{"name":"East Ojai Avenue","t":3},"geometry":{"type":"LineString","coordinates":[[-119.2406,34.44815],[-119.24104,34.44812],[-119.24113,34.44812],[-119.24131,34.4481],[-119.24159,34.44808],[-119.2417,34.44807]]}},{"type":"Feature","properties":{"name":"East Ojai Avenue","t":3},"geometry":{"type":"LineString","coordinates":[[-119.2417,34.44807],[-119.24184,34.44806],[-119.24265,34.448],[-119.2429,34.44798],[-119.24295,34.44798],[-119.24302,34.44797]]}},{"type":"Feature","properties":{"name":"East Aliso Street","t":1},"geometry":{"type":"LineString","coordinates":[[-119.243,34.44993],[-119.2429,34.44994],[-119.24272,34.44996],[-119.24241,34.44998],[-119.24215,34.45],[-119.24164,34.45004],[-119.24159,34.45004],[-119.24122,34.45007],[-119.24117,34.45007],[-119.24115,34.45007],[-119.24109,34.45008],[-119.24092,34.45009],[-119.2408,34.4501],[-119.24072,34.45011],[-119.24063,34.45012],[-119.24059,34.45012],[-119.24055,34.45013],[-119.2403,34.45016],[-119.24024,34.45016],[-119.24022,34.45016],[-119.24019,34.45016],[-119.24016,34.45016]]}},{"type":"Feature","properties":{"name":"Franklin Drive","t":1},"geometry":{"type":"LineString","coordinates":[[-119.24297,34.45182],[-119.24268,34.45187],[-119.24255,34.45188],[-119.24247,34.45189],[-119.24242,34.45189],[-119.24235,34.4519],[-119.24233,34.4519],[-119.2423,34.4519],[-119.24224,34.45191],[-119.24211,34.45192],[-119.24206,34.45193],[-119.24204,34.45193],[-119.24192,34.45194],[-119.24187,34.45194],[-119.24186,34.45194],[-119.24173,34.45196],[-119.2417,34.45196],[-119.24165,34.45197]]}},{"type":"Feature","properties":{"name":"East Oak Street","t":1},"geometry":{"type":"LineString","coordinates":[[-119.24299,34.45098],[-119.24258,34.45102],[-119.24242,34.45104],[-119.24227,34.45106],[-119.24211,34.45108],[-119.24198,34.4511],[-119.2419,34.45111],[-119.24187,34.45111],[-119.2418,34.45112],[-119.24174,34.45113],[-119.24166,34.45113],[-119.24162,34.45113],[-119.2416,34.45113],[-119.24152,34.45113],[-119.24143,34.45112],[-119.2414,34.45112],[-119.24139,34.45112],[-119.24123,34.45111],[-119.24121,34.4511],[-119.24112,34.45109],[-119.24108,34.45109],[-119.24107,34.45109],[-119.24098,34.45108],[-119.24096,34.45108],[-119.2409,34.45107],[-119.24074,34.45106],[-119.24065,34.45106],[-119.24053,34.45105],[-119.24049,34.45105],[-119.2402,34.45106],[-119.24016,34.45106],[-119.24012,34.45107],[-119.24009,34.45107],[-119.24007,34.45107],[-119.23998,34.45108],[-119.2397,34.45109],[-119.23941,34.45111]]}},{"type":"Feature","properties":{"name":"Waite Street","t":1},"geometry":{"type":"LineString","coordinates":[[-119.23945,34.44869],[-119.23971,34.44869],[-119.23989,34.4487],[-119.23995,34.44871],[-119.24,34.44875],[-119.24003,34.44879],[-119.24004,34.44883],[-119.24004,34.4489],[-119.24004,34.44897],[-119.24004,34.44905],[-119.24004,34.44912],[-119.24004,34.44948],[-119.24004,34.44956],[-119.24003,34.44986],[-119.24004,34.44999],[-119.24006,34.45006],[-119.24007,34.45008],[-119.24008,34.4501],[-119.24011,34.45012],[-119.24012,34.45014],[-119.24016,34.45016]]}},{"type":"Feature","properties":{"name":"Drown Avenue","t":1},"geometry":{"type":"LineString","coordinates":[[-119.23945,34.44869],[-119.23945,34.44875],[-119.23945,34.44888],[-119.23945,34.44902],[-119.23945,34.44903],[-119.23945,34.44916],[-119.23945,34.44917],[-119.23945,34.44921],[-119.23945,34.4493],[-119.23944,34.44938],[-119.23944,34.44943],[-119.23944,34.44958],[-119.23944,34.44971],[-119.23944,34.44985],[-119.23944,34.44994],[-119.23944,34.45012],[-119.23944,34.45026],[-119.23944,34.45033],[-119.23944,34.4504],[-119.23943,34.45054],[-119.23943,34.45067],[-119.23942,34.45081],[-119.23941,34.45111]]}},{"type":"Feature","properties":{"name":"North Fulton Street","t":1},"geometry":{"type":"LineString","coordinates":[[-119.23833,34.44831],[-119.23834,34.44887],[-119.23833,34.44932],[-119.23833,34.44963],[-119.23833,34.44973],[-119.23833,34.44979],[-119.23833,34.4499],[-119.23833,34.44993],[-119.23833,34.45002],[-119.23832,34.45017],[-119.23832,34.45018],[-119.23832,34.4503],[-119.23832,34.45035],[-119.23832,34.45045],[-119.23832,34.45052],[-119.23832,34.45058],[-119.23831,34.45079],[-119.23831,34.45081],[-119.23831,34.45082],[-119.23831,34.45088],[-119.23831,34.45103],[-119.23831,34.45119]]}},{"type":"Feature","properties":{"name":"Park Road","t":1},"geometry":{"type":"LineString","coordinates":[[-119.23716,34.44936],[-119.23716,34.44953],[-119.23716,34.44958],[-119.23716,34.44976],[-119.23716,34.44981],[-119.23716,34.44982],[-119.23715,34.44998],[-119.23715,34.45014],[-119.23715,34.45019]]}},{"type":"Feature","properties":{"name":"East Oak Street","t":1},"geometry":{"type":"LineString","coordinates":[[-119.23941,34.45111],[-119.23906,34.45114],[-119.2388,34.45116],[-119.23831,34.45119]]}},{"type":"Feature","properties":{"name":"East Aliso Street","t":1},"geometry":{"type":"LineString","coordinates":[[-119.23715,34.45019],[-119.23704,34.45019],[-119.23656,34.45022],[-119.23639,34.45023],[-119.23631,34.45023],[-119.23622,34.45024],[-119.23617,34.45024],[-119.23592,34.45025],[-119.23585,34.45026],[-119.23572,34.45026],[-119.23566,34.45027],[-119.23547,34.45028]]}},{"type":"Feature","properties":{"name":"East Matilija Street","t":1},"geometry":{"type":"LineString","coordinates":[[-119.23716,34.44936],[-119.23684,34.44938],[-119.23649,34.4494],[-119.23648,34.4494],[-119.23632,34.4494],[-119.23626,34.44941],[-119.2361,34.44942],[-119.23591,34.44943],[-119.23546,34.44945]]}},{"type":"Feature","properties":{"name":"East Ojai Avenue","t":3},"geometry":{"type":"LineString","coordinates":[[-119.23553,34.44849],[-119.23582,34.44847],[-119.23587,34.44847],[-119.23593,34.44846],[-119.23647,34.44843]]}},{"type":"Feature","properties":{"name":"East Ojai Avenue","t":3},"geometry":{"type":"LineString","coordinates":[[-119.23647,34.44843],[-119.23701,34.4484],[-119.23714,34.44839]]}},{"type":"Feature","properties":{"name":"Park Road","t":1},"geometry":{"type":"LineString","coordinates":[[-119.23714,34.44839],[-119.23715,34.44848],[-119.23717,34.44891],[-119.23717,34.44895],[-119.23716,34.4493],[-119.23716,34.44936]]}},{"type":"Feature","properties":{"name":"East Ojai Avenue","t":3},"geometry":{"type":"LineString","coordinates":[[-119.23833,34.44831],[-119.23873,34.44828],[-119.23912,34.44826]]}},{"type":"Feature","properties":{"name":"East Ojai Avenue","t":3},"geometry":{"type":"LineString","coordinates":[[-119.23714,34.44839],[-119.23723,34.44838],[-119.23726,34.44838],[-119.23736,34.44838],[-119.23753,34.44837],[-119.23784,34.44834],[-119.23833,34.44831]]}},{"type":"Feature","properties":{"name":"South Fulton Street","t":1},"geometry":{"type":"LineString","coordinates":[[-119.23887,34.4459],[-119.23889,34.44605],[-119.2389,34.44619],[-119.23892,34.44638],[-119.23893,34.44649],[-119.23894,34.44658],[-119.23895,34.44666],[-119.23897,34.44689],[-119.23899,34.44699],[-119.239,34.44711],[-119.23902,34.44733]]}},{"type":"Feature","properties":{"name":"Bryant Street","t":1},"geometry":{"type":"LineString","coordinates":[[-119.23702,34.44697],[-119.23696,34.44712],[-119.23693,34.44721],[-119.23689,34.4473],[-119.23681,34.44752],[-119.23675,34.44767],[-119.2367,34.44781],[-119.23668,34.44786],[-119.23663,34.44799],[-119.23651,34.44832],[-119.2365,34.44834],[-119.23647,34.44843]]}},{"type":"Feature","properties":{"name":"Bryant Place","t":1},"geometry":{"type":"LineString","coordinates":[[-119.23702,34.44697],[-119.23683,34.44697],[-119.23636,34.44699],[-119.23579,34.44701]]}},{"type":"Feature","properties":{"name":"","t":1},"geometry":{"type":"LineString","coordinates":[[-119.23553,34.44849],[-119.23552,34.4484],[-119.23549,34.44798],[-119.23542,34.44708],[-119.23534,34.44625],[-119.23529,34.44594],[-119.23527,34.4459],[-119.23525,34.44584]]}},{"type":"Feature","properties":{"name":"Bryant Street","t":1},"geometry":{"type":"LineString","coordinates":[[-119.23796,34.44453],[-119.23782,34.4449],[-119.23778,34.445],[-119.23774,34.4451],[-119.23767,34.44529],[-119.2376,34.44545],[-119.2375,34.44572],[-119.23718,34.44653],[-119.23702,34.44697]]}},{"type":"Feature","properties":{"name":"South Fulton Street","t":1},"geometry":{"type":"LineString","coordinates":[[-119.23887,34.4459],[-119.23887,34.44588],[-119.23883,34.44551],[-119.23883,34.44547],[-119.23883,34.44545],[-119.23883,34.44539],[-119.23884,34.44533],[-119.23885,34.44528],[-119.23896,34.44496],[-119.23898,34.4449],[-119.23899,34.44486],[-119.23899,34.44482],[-119.23892,34.44422]]}},{"type":"Feature","properties":{"name":"Bryant Circle","t":1},"geometry":{"type":"LineString","coordinates":[[-119.23892,34.44422],[-119.23854,34.44438],[-119.23815,34.44453],[-119.23804,34.44454],[-119.23796,34.44453]]}},{"type":"Feature","properties":{"name":"Bryant Circle","t":1},"geometry":{"type":"LineString","coordinates":[[-119.23796,34.44453],[-119.238,34.44441],[-119.23803,34.44431],[-119.23803,34.44423],[-119.23803,34.44416],[-119.23802,34.44412],[-119.238,34.44403],[-119.23797,34.44391],[-119.23796,34.44382],[-119.23796,34.44373],[-119.23797,34.44364],[-119.238,34.44356],[-119.238,34.44355],[-119.23804,34.44346],[-119.23808,34.4434],[-119.23809,34.44339],[-119.23812,34.44335],[-119.23818,34.44329],[-119.23842,34.44306],[-119.23846,34.44302],[-119.23849,34.443],[-119.23867,34.44284],[-119.23871,34.4428],[-119.23885,34.44266],[-119.23889,34.44264],[-119.23891,34.44263],[-119.23894,34.44261],[-119.239,34.44261],[-119.23907,34.44262],[-119.2391,34.44263],[-119.23915,34.44266],[-119.23917,34.44268],[-119.23929,34.44286],[-119.23941,34.44303],[-119.23951,34.44317],[-119.23952,34.44319],[-119.2396,34.44332],[-119.23975,34.44356],[-119.23976,34.44357],[-119.23985,34.44371],[-119.23986,34.44376],[-119.23986,34.44378]]}},{"type":"Feature","properties":{"name":"Saddle Lane","t":1},"geometry":{"type":"LineString","coordinates":[[-119.24076,34.44097],[-119.24064,34.44098],[-119.24021,34.44107],[-119.24013,34.44109],[-119.23996,34.44113],[-119.23986,34.44116],[-119.23978,34.44119],[-119.23961,34.44124],[-119.23957,34.44126],[-119.23942,34.44132],[-119.23939,34.44133],[-119.23934,34.44135],[-119.23911,34.44145],[-119.23904,34.44148],[-119.23868,34.44165],[-119.23858,34.4417],[-119.23846,34.44177],[-119.23838,34.44182],[-119.23816,34.44197],[-119.23804,34.44206],[-119.23772,34.44233],[-119.23759,34.44244],[-119.2372,34.44278],[-119.23712,34.44284],[-119.23709,34.44286],[-119.23698,34.44287],[-119.23696,34.44288]]}},{"type":"Feature","properties":{"name":"Buckboard Lane","t":1},"geometry":{"type":"LineString","coordinates":[[-119.2435,34.44242],[-119.24346,34.44241],[-119.2433,34.44239],[-119.24328,34.44238],[-119.243,34.4423],[-119.24287,34.44225],[-119.24283,34.44223],[-119.24277,34.4422],[-119.24251,34.44204],[-119.24246,34.44202],[-119.24238,34.44198],[-119.24222,34.44193],[-119.24211,34.4419],[-119.24189,34.44188],[-119.24179,34.44187],[-119.24171,34.44185],[-119.24169,34.44185],[-119.24159,34.44182],[-119.24144,34.44176],[-119.24141,34.44174],[-119.24136,34.44171],[-119.24127,34.44166],[-119.24115,34.44156],[-119.24103,34.44145],[-119.24096,34.44138],[-119.24089,34.44126],[-119.24086,34.44122],[-119.2408,34.4411],[-119.24078,34.44104],[-119.24076,34.44097]]}},{"type":"Feature","properties":{"name":"Pope Lane","t":1},"geometry":{"type":"LineString","coordinates":[[-119.23986,34.44378],[-119.23999,34.44378],[-119.2401,34.44377],[-119.24018,34.44375],[-119.2402,34.44373],[-119.24079,34.44348],[-119.24086,34.44345],[-119.24096,34.44343],[-119.24104,34.44343],[-119.24152,34.44343],[-119.24184,34.44342],[-119.24202,34.44341]]}},{"type":"Feature","properties":{"name":"Bryant Circle","t":1},"geometry":{"type":"LineString","coordinates":[[-119.23986,34.44378],[-119.23985,34.44382],[-119.23982,34.44385],[-119.23978,34.44388],[-119.23931,34.44406],[-119.23927,34.44408],[-119.23892,34.44422]]}},{"type":"Feature","properties":{"name":"Pearl Street","t":1},"geometry":{"type":"LineString","coordinates":[[-119.23944,34.44587],[-119.23897,34.4459],[-119.23887,34.4459]]}},{"type":"Feature","properties":{"name":"Fox Street","t":1},"geometry":{"type":"LineString","coordinates":[[-119.24132,34.44463],[-119.24134,34.44465],[-119.24135,34.44467],[-119.24135,34.44474],[-119.24136,34.4448],[-119.2414,34.44519],[-119.24142,34.44543],[-119.24143,34.44549],[-119.24143,34.44551],[-119.24144,34.44563],[-119.24145,34.44576],[-119.24146,34.44578],[-119.24148,34.44599],[-119.24149,34.44613]]}},{"type":"Feature","properties":{"name":"Willow Street","t":1},"geometry":{"type":"LineString","coordinates":[[-119.24149,34.44613],[-119.24212,34.44609],[-119.24248,34.44606],[-119.24262,34.44606],[-119.24275,34.44605],[-119.24349,34.44606]]}},{"type":"Feature","properties":{"name":"South Montgomery Street","t":2},"geometry":{"type":"LineString","coordinates":[[-119.24576,34.44249],[-119.24552,34.44291],[-119.24536,34.44315],[-119.24522,34.44335],[-119.24515,34.44342],[-119.24508,34.44348],[-119.24499,34.44353],[-119.24488,34.44358],[-119.24472,34.44363],[-119.24466,34.44365],[-119.24452,34.4437],[-119.24424,34.4438],[-119.24414,34.44383],[-119.24404,34.44387],[-119.2439,34.44394],[-119.24382,34.44399],[-119.24374,34.44405],[-119.24369,34.44412],[-119.24364,34.44418],[-119.2436,34.44426],[-119.24358,34.44433],[-119.24356,34.44441],[-119.24354,34.44451],[-119.24353,34.44461],[-119.24352,34.44468],[-119.24352,34.44491],[-119.24351,34.44504],[-119.24351,34.44515],[-119.2435,34.44537],[-119.2435,34.44553],[-119.24349,34.44579],[-119.24349,34.44606]]}},{"type":"Feature","properties":{"name":"South Signal Street","t":1},"geometry":{"type":"LineString","coordinates":[[-119.24599,34.44486],[-119.24599,34.44466],[-119.24598,34.44439],[-119.2459,34.44428]]}},{"type":"Feature","properties":{"name":"South Signal Street","t":1},"geometry":{"type":"LineString","coordinates":[[-119.24596,34.4468],[-119.24596,34.44675],[-119.24597,34.44641],[-119.24598,34.44609],[-119.24598,34.44603],[-119.24599,34.44566],[-119.24599,34.44548],[-119.24599,34.44543],[-119.246,34.44528],[-119.246,34.44522],[-119.246,34.44511],[-119.24599,34.44486]]}},{"type":"Feature","properties":{"name":"South Ventura Street","t":1},"geometry":{"type":"LineString","coordinates":[[-119.2468,34.4448],[-119.24684,34.44516],[-119.24684,34.44522],[-119.2469,34.44575],[-119.24693,34.44596],[-119.24694,34.44612],[-119.24701,34.44673]]}},{"type":"Feature","properties":{"name":"Santa Ana Street","t":1},"geometry":{"type":"LineString","coordinates":[[-119.2468,34.4448],[-119.24643,34.44483],[-119.24623,34.44484],[-119.24599,34.44486]]}},{"type":"Feature","properties":{"name":"South Blanche Street","t":1},"geometry":{"type":"LineString","coordinates":[[-119.24792,34.44475],[-119.24795,34.44479],[-119.24798,34.44511],[-119.24801,34.44532],[-119.24801,34.44537],[-119.24803,34.44551],[-119.24805,34.44569],[-119.24807,34.44581]]}},{"type":"Feature","properties":{"name":"South Blanche Street","t":1},"geometry":{"type":"LineString","coordinates":[[-119.24808,34.44597],[-119.24811,34.44588],[-119.24807,34.44581]]}},{"type":"Feature","properties":{"name":"South Blanche Street","t":1},"geometry":{"type":"LineString","coordinates":[[-119.24807,34.44581],[-119.24805,34.44589],[-119.24808,34.44597]]}},{"type":"Feature","properties":{"name":"Crestview Drive","t":1},"geometry":{"type":"LineString","coordinates":[[-119.24978,34.44283],[-119.24971,34.44287],[-119.24965,34.44292],[-119.2496,34.44297],[-119.24957,34.44301],[-119.24954,34.44306],[-119.24953,34.4431],[-119.24953,34.44314],[-119.24953,34.44319],[-119.24955,34.44322],[-119.24958,34.44328],[-119.24965,34.44335],[-119.24976,34.44344],[-119.24979,34.44348],[-119.2498,34.44352],[-119.2498,34.44359],[-119.24979,34.44436],[-119.2498,34.44442],[-119.24981,34.44447],[-119.24982,34.44448],[-119.24984,34.44451],[-119.24986,34.44452]]}},{"type":"Feature","properties":{"name":"Santa Ana Street","t":1},"geometry":{"type":"LineString","coordinates":[[-119.24792,34.44475],[-119.24788,34.44474],[-119.24782,34.44474],[-119.24776,34.44474],[-119.2468,34.4448]]}},{"type":"Feature","properties":{"name":"South Ventura Street","t":1},"geometry":{"type":"LineString","coordinates":[[-119.24668,34.44192],[-119.24667,34.44198],[-119.24666,34.44203],[-119.24663,34.44216],[-119.24662,34.4423],[-119.24662,34.44244],[-119.24662,34.44251],[-119.24663,34.44274],[-119.24663,34.4428],[-119.24673,34.44401],[-119.24673,34.44402],[-119.24675,34.44427],[-119.24677,34.44444],[-119.2468,34.4448]]}},{"type":"Feature","properties":{"name":"Oak Creek Lane","t":1},"geometry":{"type":"LineString","coordinates":[[-119.24891,34.44239],[-119.2492,34.44243],[-119.24926,34.44244],[-119.24932,34.44246],[-119.24951,34.44255],[-119.24962,34.44264],[-119.24968,34.44269],[-119.24974,34.44277],[-119.24978,34.44283]]}},{"type":"Feature","properties":{"name":"South Montgomery Street","t":2},"geometry":{"type":"LineString","coordinates":[[-119.24576,34.44249],[-119.24581,34.44243],[-119.24585,34.44237],[-119.24589,34.44232],[-119.24595,34.44224],[-119.24601,34.44218],[-119.24608,34.44212],[-119.24616,34.44208],[-119.24628,34.44201],[-119.24646,34.44195],[-119.24659,34.44194],[-119.24668,34.44192]]}},{"type":"Feature","properties":{"name":"Buckboard Lane","t":1},"geometry":{"type":"LineString","coordinates":[[-119.24465,34.44227],[-119.24445,34.44232],[-119.24425,34.44237]]}},{"type":"Feature","properties":{"name":"Buckboard Lane","t":1},"geometry":{"type":"LineString","coordinates":[[-119.24576,34.44249],[-119.24547,34.4424],[-119.24517,34.44232],[-119.245,34.44228],[-119.24486,34.44226],[-119.24479,34.44226],[-119.24465,34.44227]]}},{"type":"Feature","properties":{"name":"Buckboard Lane","t":1},"geometry":{"type":"LineString","coordinates":[[-119.24425,34.44237],[-119.24406,34.44236],[-119.24389,34.44234],[-119.24374,34.44238],[-119.2435,34.44242]]}},{"type":"Feature","properties":{"name":"Buckboard Lane","t":1},"geometry":{"type":"LineString","coordinates":[[-119.24425,34.44237],[-119.24409,34.44243],[-119.24402,34.44246],[-119.2439,34.44249],[-119.24373,34.44247],[-119.24372,34.44247],[-119.2435,34.44242]]}},{"type":"Feature","properties":{"name":"Saddle Lane","t":1},"geometry":{"type":"LineString","coordinates":[[-119.24569,34.43831],[-119.2449,34.43874],[-119.24477,34.4388],[-119.24466,34.43885],[-119.24448,34.43893],[-119.24432,34.439],[-119.2441,34.43911],[-119.24376,34.43925],[-119.24366,34.4393],[-119.24344,34.43941],[-119.24324,34.43949],[-119.24302,34.43959],[-119.24288,34.43963],[-119.2428,34.43965],[-119.24265,34.43968],[-119.24256,34.43969],[-119.24221,34.43972],[-119.24219,34.43972],[-119.24207,34.43972],[-119.24184,34.43974],[-119.24182,34.43974],[-119.24168,34.43977],[-119.24153,34.43983],[-119.24137,34.43992],[-119.24126,34.44001],[-119.24116,34.4401],[-119.24111,34.44015],[-119.24095,34.44031],[-119.2409,34.44036],[-119.24084,34.44044],[-119.24081,34.44049],[-119.24079,34.44053],[-119.24078,34.44056],[-119.24077,34.4406],[-119.24076,34.44075],[-119.24075,34.4408],[-119.24076,34.4409],[-119.24076,34.44097]]}},{"type":"Feature","properties":{"name":"Longhorn Lane","t":1},"geometry":{"type":"LineString","coordinates":[[-119.24646,34.43683],[-119.24639,34.43685],[-119.24624,34.43686],[-119.24611,34.43688],[-119.24604,34.4369],[-119.24599,34.43692],[-119.24596,34.43693],[-119.24585,34.43698],[-119.24573,34.43706],[-119.24568,34.43711],[-119.24563,34.43716],[-119.24553,34.43728],[-119.24545,34.4374],[-119.24544,34.43743],[-119.24542,34.43747],[-119.2454,34.43757],[-119.24539,34.43762],[-119.24539,34.43768],[-119.24541,34.43782],[-119.24543,34.4379],[-119.24547,34.438],[-119.24551,34.43806],[-119.24556,34.43813],[-119.24565,34.43825],[-119.24568,34.43829],[-119.24569,34.43831]]}},{"type":"Feature","properties":{"name":"Longhorn Lane","t":1},"geometry":{"type":"LineString","coordinates":[[-119.24569,34.43831],[-119.24577,34.4385],[-119.24577,34.43853],[-119.24583,34.43869],[-119.24591,34.43892],[-119.24593,34.43899],[-119.246,34.43912],[-119.24604,34.43919],[-119.24606,34.43921],[-119.2461,34.43928],[-119.24618,34.43942],[-119.2462,34.4395],[-119.24621,34.43951],[-119.24622,34.43962],[-119.24623,34.43974],[-119.24622,34.43988],[-119.24622,34.43989],[-119.24621,34.43998],[-119.24618,34.44008],[-119.24614,34.44016],[-119.24607,34.44029],[-119.24601,34.44036],[-119.24592,34.44046],[-119.24583,34.44053],[-119.24573,34.4406],[-119.24569,34.44063],[-119.2455,34.44075],[-119.2453,34.4409],[-119.2452,34.441],[-119.24514,34.44107],[-119.24508,34.44114],[-119.24499,34.44124],[-119.2449,34.44138],[-119.2448,34.44157],[-119.24476,34.44167],[-119.2447,34.44185],[-119.24466,34.44201],[-119.24466,34.44204],[-119.24465,34.44209],[-119.24465,34.44224],[-119.24465,34.44227]]}},{"type":"Feature","properties":{"name":"South Ventura Street","t":2},"geometry":{"type":"LineString","coordinates":[[-119.24806,34.43768],[-119.24804,34.43777],[-119.24801,34.438],[-119.24798,34.43809],[-119.24792,34.43823],[-119.24788,34.43837],[-119.24776,34.43903],[-119.24775,34.43969],[-119.24777,34.43991],[-119.24775,34.44007],[-119.2477,34.44021],[-119.24764,34.44033],[-119.2475,34.44053],[-119.24741,34.44066],[-119.24732,34.44078],[-119.24728,34.44084],[-119.24712,34.44108],[-119.24695,34.44133],[-119.24687,34.44148],[-119.2468,34.44158],[-119.24676,34.44166],[-119.24672,34.44176],[-119.24669,34.44186],[-119.24668,34.44192]]}},{"type":"Feature","properties":{"name":"Saddle Lane","t":1},"geometry":{"type":"LineString","coordinates":[[-119.24806,34.43768],[-119.24795,34.43769],[-119.24759,34.43769],[-119.24709,34.43772],[-119.24698,34.43774],[-119.24692,34.43775],[-119.24674,34.43782],[-119.24606,34.43814],[-119.24595,34.43819],[-119.24569,34.43831]]}},{"type":"Feature","properties":{"name":"Creek Road","t":2},"geometry":{"type":"LineString","coordinates":[[-119.24772,34.43518],[-119.2477,34.43523],[-119.24771,34.43529],[-119.24774,34.43536],[-119.24839,34.43613],[-119.24844,34.43627],[-119.24844,34.43638],[-119.24841,34.43647],[-119.24835,34.43658],[-119.24821,34.43675],[-119.24818,34.43682],[-119.24815,34.43713],[-119.24811,34.43731],[-119.24808,34.43755],[-119.24806,34.43768]]}},{"type":"Feature","properties":{"name":"Creek Lane","t":1},"geometry":{"type":"LineString","coordinates":[[-119.24847,34.43473],[-119.24853,34.43477],[-119.24866,34.43478],[-119.24922,34.43482],[-119.2494,34.43485],[-119.24958,34.43491],[-119.24998,34.43511],[-119.25034,34.43565],[-119.25038,34.43571],[-119.2504,34.43579],[-119.25041,34.43583],[-119.2504,34.43591],[-119.25039,34.43596],[-119.25024,34.43624],[-119.25023,34.43627],[-119.25024,34.43632]]}},{"type":"Feature","properties":{"name":"Creek Road","t":2},"geometry":{"type":"LineString","coordinates":[[-119.24847,34.43473],[-119.248,34.43498],[-119.24792,34.43503],[-119.24784,34.43508],[-119.24779,34.43511],[-119.24775,34.43514],[-119.24772,34.43518]]}},{"type":"Feature","properties":{"name":"Skunk Ranch Road","t":1},"geometry":{"type":"LineString","coordinates":[[-119.24772,34.43518],[-119.24745,34.43494],[-119.24727,34.4348],[-119.24719,34.43477],[-119.24702,34.43475],[-119.24687,34.43472],[-119.24658,34.43461],[-119.2465,34.43461],[-119.24644,34.43465],[-119.24611,34.43486],[-119.24574,34.43506],[-119.24552,34.43522],[-119.24533,34.43532],[-119.24471,34.43541],[-119.24448,34.43544],[-119.24438,34.43546],[-119.24426,34.43549],[-119.24398,34.43558],[-119.24383,34.43564],[-119.24372,34.43569],[-119.24352,34.43579],[-119.24343,34.43585],[-119.24326,34.43592],[-119.24314,34.43598],[-119.24305,34.43601],[-119.24298,34.43603],[-119.2427,34.4361],[-119.24242,34.43612],[-119.24214,34.43613],[-119.2419,34.43613],[-119.24126,34.43615],[-119.24107,34.43617],[-119.24099,34.43619],[-119.24066,34.43631],[-119.24054,34.43634],[-119.24019,34.43646],[-119.24007,34.4365],[-119.23982,34.43656],[-119.23844,34.43681]]}},{"type":"Feature","properties":{"name":"Black Mountain Fire Road","t":1},"geometry":{"type":"LineString","coordinates":[[-119.23804,34.4351],[-119.23805,34.43524],[-119.23806,34.43541],[-119.23804,34.43568],[-119.23802,34.43582],[-119.238,34.43595],[-119.238,34.43605],[-119.238,34.43608],[-119.238,34.43625],[-119.23803,34.43642],[-119.23805,34.43652],[-119.23807,34.43667],[-119.23809,34.43672],[-119.23813,34.4368],[-119.23816,34.43683],[-119.2382,34.43686],[-119.23824,34.43687],[-119.23829,34.43688],[-119.23844,34.43681]]}},{"type":"Feature","properties":{"name":"","t":1},"geometry":{"type":"LineString","coordinates":[[-119.23548,34.43514],[-119.23556,34.4352],[-119.2356,34.4352],[-119.23569,34.43519],[-119.23578,34.43516],[-119.23585,34.43514],[-119.23597,34.43507],[-119.23601,34.43503],[-119.23612,34.43496],[-119.23617,34.43494],[-119.23622,34.43492],[-119.23645,34.4349],[-119.23657,34.43491],[-119.23681,34.43491],[-119.23689,34.43493],[-119.2371,34.43497],[-119.23721,34.43498],[-119.23754,34.43501],[-119.23786,34.43507],[-119.23794,34.43509],[-119.23804,34.4351]]}},{"type":"Feature","properties":{"name":"","t":1},"geometry":{"type":"LineString","coordinates":[[-119.23423,34.43547],[-119.23434,34.43551],[-119.2344,34.43551],[-119.23484,34.43553],[-119.23497,34.43552],[-119.23503,34.43552],[-119.23513,34.43547],[-119.23518,34.43543],[-119.2353,34.43531],[-119.23539,34.43523],[-119.23548,34.43514]]}},{"type":"Feature","properties":{"name":"Soule Park Drive","t":1},"geometry":{"type":"LineString","coordinates":[[-119.23119,34.43947],[-119.23084,34.43957],[-119.23058,34.43964],[-119.2305,34.43967],[-119.23024,34.43975],[-119.23011,34.4398],[-119.22995,34.43991],[-119.2296,34.44023],[-119.22955,34.44028],[-119.22927,34.44057],[-119.22905,34.4408],[-119.229,34.44087],[-119.22893,34.44098],[-119.22891,34.44103],[-119.2289,34.44108],[-119.22889,34.44115],[-119.22888,34.44122],[-119.22889,34.44124],[-119.22889,34.44146],[-119.22889,34.44191],[-119.2289,34.44213],[-119.2289,34.44221],[-119.22889,34.44229],[-119.22888,34.44235],[-119.22886,34.4424],[-119.22882,34.44246],[-119.22878,34.4425],[-119.22873,34.44254],[-119.22861,34.44261],[-119.22855,34.44263],[-119.22848,34.44265],[-119.22838,34.44265],[-119.22827,34.44265],[-119.22824,34.44265],[-119.22807,34.44265],[-119.22795,34.44265],[-119.22777,34.44266],[-119.22764,34.44267],[-119.22753,34.44267],[-119.22741,34.44269],[-119.22732,34.4427],[-119.2273,34.4427],[-119.22722,34.44272],[-119.22714,34.44274],[-119.22707,34.44277],[-119.227,34.44282],[-119.22697,34.44283],[-119.22678,34.44297],[-119.22651,34.44314],[-119.22644,34.44318],[-119.22637,34.44321],[-119.2263,34.44322],[-119.22621,34.44323],[-119.22589,34.44323],[-119.2257,34.44323],[-119.22549,34.44324],[-119.22543,34.44324],[-119.22536,34.44328],[-119.22496,34.44346],[-119.2241,34.44385],[-119.22397,34.44391],[-119.2237,34.444],[-119.2233,34.44409]]}},{"type":"Feature","properties":{"name":"Soul Park Drive","t":1},"geometry":{"type":"LineString","coordinates":[[-119.2233,34.44409],[-119.2231,34.4441],[-119.2228,34.44416]]}},{"type":"Feature","properties":{"name":"Soule Park Drive","t":1},"geometry":{"type":"LineString","coordinates":[[-119.2228,34.44416],[-119.2231,34.44413],[-119.2233,34.44409]]}},{"type":"Feature","properties":{"name":"Soule Park Drive","t":1},"geometry":{"type":"LineString","coordinates":[[-119.22266,34.44419],[-119.2228,34.44416]]}},{"type":"Feature","properties":{"name":"Boardman Road","t":1},"geometry":{"type":"LineString","coordinates":[[-119.22243,34.44283],[-119.22243,34.44285],[-119.22266,34.44419]]}},{"type":"Feature","properties":{"name":"","t":1},"geometry":{"type":"LineString","coordinates":[[-119.22243,34.44283],[-119.22053,34.44305],[-119.2205,34.44305],[-119.22047,34.44304],[-119.22045,34.44302],[-119.22044,34.443],[-119.2204,34.44283],[-119.22031,34.44237]]}},{"type":"Feature","properties":{"name":"Boardman Road","t":1},"geometry":{"type":"LineString","coordinates":[[-119.2211,34.44083],[-119.22115,34.44083],[-119.22121,34.44082],[-119.22127,34.44079],[-119.22143,34.44071],[-119.22151,34.44068],[-119.22157,34.44068],[-119.22166,34.44067],[-119.22174,34.44067],[-119.22182,34.44069],[-119.2219,34.44072],[-119.22199,34.44077],[-119.22207,34.44084],[-119.22209,34.44087],[-119.22211,34.44091],[-119.22213,34.441],[-119.22243,34.44283]]}},{"type":"Feature","properties":{"name":"Black Mountain Fire Road","t":1},"geometry":{"type":"LineString","coordinates":[[-119.23771,34.42735],[-119.23768,34.42738],[-119.23765,34.42742],[-119.23758,34.42755],[-119.23754,34.4276],[-119.23751,34.42761],[-119.23748,34.42763],[-119.23744,34.42763],[-119.23737,34.42761],[-119.2373,34.42758],[-119.23714,34.4275],[-119.2371,34.42748],[-119.23704,34.42746],[-119.23696,34.42743],[-119.2369,34.42744],[-119.23688,34.42744],[-119.23684,34.42746],[-119.2368,34.42749],[-119.23668,34.42763],[-119.2366,34.4277],[-119.2365,34.42775],[-119.23643,34.42777],[-119.23626,34.4278],[-119.23608,34.42783],[-119.23601,34.42784],[-119.23584,34.42783],[-119.23577,34.42781],[-119.23569,34.4278],[-119.2356,34.42776],[-119.23554,34.42775],[-119.23546,34.42775],[-119.23537,34.42776],[-119.23524,34.42779],[-119.23509,34.4278],[-119.23502,34.4278],[-119.23495,34.42779],[-119.23481,34.42774],[-119.23476,34.42773],[-119.2347,34.42773],[-119.2344,34.42777],[-119.23435,34.42777],[-119.2343,34.42777],[-119.23425,34.42775],[-119.23419,34.42774],[-119.2339,34.42772],[-119.23386,34.42772],[-119.23381,34.42774],[-119.23376,34.42776],[-119.23369,34.42781],[-119.23362,34.42786],[-119.23356,34.42788],[-119.2335,34.4279],[-119.23346,34.42791],[-119.23338,34.42792],[-119.23331,34.42792],[-119.23326,34.42793],[-119.23321,34.42794],[-119.23312,34.42798],[-119.23295,34.42807],[-119.23291,34.42809],[-119.23288,34.4281],[-119.23283,34.4281],[-119.23262,34.42807],[-119.2325,34.42807],[-119.23244,34.42806],[-119.23209,34.42798],[-119.232,34.42797],[-119.23191,34.42799],[-119.23178,34.42805],[-119.23171,34.42808],[-119.23168,34.42809],[-119.23164,34.4281],[-119.23146,34.42809],[-119.23122,34.42813],[-119.23101,34.42816],[-119.23081,34.42819],[-119.23076,34.4282],[-119.23074,34.42822],[-119.23072,34.42824],[-119.2307,34.42828],[-119.2307,34.4283],[-119.2307,34.42832],[-119.23073,34.42836],[-119.23076,34.42838],[-119.23082,34.42841],[-119.23089,34.42845],[-119.23114,34.42853],[-119.23129,34.42858],[-119.2315,34.42867],[-119.23163,34.42873],[-119.23171,34.42879],[-119.23191,34.4289],[-119.23199,34.42893],[-119.23203,34.42893],[-119.23226,34.42895],[-119.23234,34.42899],[-119.2324,34.42903],[-119.23248,34.42913],[-119.2325,34.42916],[-119.23256,34.42921],[-119.2326,34.42924],[-119.23267,34.42927],[-119.2328,34.4293],[-119.23301,34.42935],[-119.2331,34.42938],[-119.23314,34.42941],[-119.23316,34.42943],[-119.2332,34.42947],[-119.23359,34.42974],[-119.23368,34.42983],[-119.23376,34.42988],[-119.2338,34.4299],[-119.2339,34.42994],[-119.23404,34.42997],[-119.23435,34.43005],[-119.23448,34.43009],[-119.23458,34.43014],[-119.23471,34.4302],[-119.2348,34.43025],[-119.23483,34.43028],[-119.23485,34.43031],[-119.23489,34.4304],[-119.2349,34.4305],[-119.23489,34.43056],[-119.23488,34.43062],[-119.23486,34.43067],[-119.23476,34.43086],[-119.23475,34.43092],[-119.23477,34.43118],[-119.23476,34.43121],[-119.23475,34.43125],[-119.23473,34.43128],[-119.23461,34.43139],[-119.23458,34.43142],[-119.23445,34.43161],[-119.23428,34.43178],[-119.2342,34.43184],[-119.23416,34.43186],[-119.23382,34.43198],[-119.23374,34.43203],[-119.23371,34.43205],[-119.23367,34.43212],[-119.23367,34.43215],[-119.23366,34.43222],[-119.23367,34.4323],[-119.23369,34.43233],[-119.23374,34.43238],[-119.23391,34.43251],[-119.23392,34.43253],[-119.23393,34.43256],[-119.23392,34.43258],[-119.23388,34.43258],[-119.23385,34.43258],[-119.23378,34.43255],[-119.23347,34.43243],[-119.23342,34.4324],[-119.23334,34.43234],[-119.2333,34.43232],[-119.23316,34.43229],[-119.23306,34.43226],[-119.23302,34.43224],[-119.23299,34.43221],[-119.23295,34.43218],[-119.23284,34.43205],[-119.23276,34.43194],[-119.23263,34.43172],[-119.23261,34.43168],[-119.23259,34.43162],[-119.2326,34.43156],[-119.23262,34.4315],[-119.23272,34.43137],[-119.23273,34.43134],[-119.23275,34.43125],[-119.23275,34.43121],[-119.23273,34.43115],[-119.23269,34.43108],[-119.23261,34.43098],[-119.23258,34.43095],[-119.23251,34.4309],[-119.23238,34.43086],[-119.23203,34.43081],[-119.23197,34.43079],[-119.23168,34.43079],[-119.23161,34.43078],[-119.23134,34.43071],[-119.2313,34.4307],[-119.23122,34.43068],[-119.23115,34.43068],[-119.23107,34.43069],[-119.23102,34.4307],[-119.23073,34.43087],[-119.23069,34.43088],[-119.23056,34.4309],[-119.23048,34.4309],[-119.23035,34.43089],[-119.23017,34.43083],[-119.23001,34.43079],[-119.22988,34.43077],[-119.22979,34.43077],[-119.22975,34.43078],[-119.22971,34.43079],[-119.22966,34.43082],[-119.22961,34.43085],[-119.22959,34.43087],[-119.22957,34.4309],[-119.22956,34.43095],[-119.22956,34.43099],[-119.22957,34.43102],[-119.22962,34.43115],[-119.22963,34.43125],[-119.22963,34.43131],[-119.2296,34.43141],[-119.22957,34.4315],[-119.2295,34.43164]]}},{"type":"Feature","properties":{"name":"Black Mountain Fire Road","t":1},"geometry":{"type":"LineString","coordinates":[[-119.2295,34.43164],[-119.22956,34.43163],[-119.2296,34.43161],[-119.22972,34.43147],[-119.22978,34.43144],[-119.22987,34.43141],[-119.22993,34.43141],[-119.23,34.43141],[-119.23008,34.43142],[-119.23017,34.43144],[-119.23022,34.43146],[-119.23032,34.43153],[-119.23036,34.43159],[-119.2304,34.43165],[-119.23046,34.43182],[-119.23057,34.43201],[-119.2306,34.43209],[-119.23063,34.43218],[-119.23064,34.43228],[-119.23066,34.43233],[-119.23071,34.43241],[-119.23079,34.43248],[-119.23083,34.43252],[-119.23087,34.43258],[-119.23091,34.43262],[-119.23099,34.43266],[-119.23112,34.43271],[-119.23147,34.43277],[-119.23164,34.4328],[-119.23174,34.43283],[-119.23181,34.43285],[-119.23188,34.43289],[-119.23196,34.43295]]}},{"type":"Feature","properties":{"name":"","t":1},"geometry":{"type":"LineString","coordinates":[[-119.23548,34.43514],[-119.2357,34.43493],[-119.2358,34.43483],[-119.2359,34.43471],[-119.23627,34.43421],[-119.23638,34.43405],[-119.23664,34.43363],[-119.23671,34.43355],[-119.2368,34.43347],[-119.23689,34.43341],[-119.2369,34.4334],[-119.237,34.43336],[-119.23708,34.43335]]}},{"type":"Feature","properties":{"name":"Black Mountain Fire Road","t":1},"geometry":{"type":"LineString","coordinates":[[-119.23708,34.43335],[-119.23715,34.43368],[-119.23722,34.43391],[-119.23727,34.43405],[-119.23737,34.43422],[-119.23742,34.4343],[-119.23748,34.43437],[-119.23751,34.43442],[-119.23755,34.43453],[-119.23765,34.43479],[-119.23769,34.43488],[-119.23772,34.43491],[-119.23776,34.43494],[-119.2378,34.43497],[-119.23793,34.43505],[-119.23804,34.4351]]}},{"type":"Feature","properties":{"name":"Lion Canyon Fire Road","t":1},"geometry":{"type":"LineString","coordinates":[[-119.23932,34.43153],[-119.23897,34.43227],[-119.23887,34.43247],[-119.23849,34.43346],[-119.23834,34.43383],[-119.23823,34.43399],[-119.23815,34.43413],[-119.23812,34.4342],[-119.23804,34.43441],[-119.23803,34.43449],[-119.23802,34.43461],[-119.23803,34.4348],[-119.23804,34.4351]]}},{"type":"Feature","properties":{"name":"Black Mountain Fire Road","t":1},"geometry":{"type":"LineString","coordinates":[[-119.23938,34.42757],[-119.23951,34.4276],[-119.23967,34.42769],[-119.23976,34.42777],[-119.2398,34.42783],[-119.23989,34.42803],[-119.2399,34.42806],[-119.23991,34.42811],[-119.2399,34.42817],[-119.23987,34.42825],[-119.23982,34.42833],[-119.23956,34.42863],[-119.23951,34.42869],[-119.23944,34.42877],[-119.2389,34.42962],[-119.23809,34.43102],[-119.23803,34.43109],[-119.23759,34.43157],[-119.23737,34.43182],[-119.23725,34.43197],[-119.23712,34.43218],[-119.23709,34.43227],[-119.23707,34.43236],[-119.23704,34.43264],[-119.23703,34.4328],[-119.23704,34.43288],[-119.23703,34.433],[-119.23704,34.43314],[-119.23708,34.43335]]}},{"type":"Feature","properties":{"name":"Black Mountain Fire Road","t":1},"geometry":{"type":"LineString","coordinates":[[-119.23938,34.42757],[-119.23962,34.42756],[-119.23971,34.42757],[-119.23985,34.42759],[-119.24012,34.4277],[-119.24019,34.42774],[-119.24022,34.42779],[-119.24036,34.42839],[-119.24039,34.42857],[-119.24037,34.4287],[-119.23932,34.43153]]}},{"type":"Feature","properties":{"name":"Lion Canyon Fire Road","t":1},"geometry":{"type":"LineString","coordinates":[[-119.25056,34.42189],[-119.25047,34.42195],[-119.25037,34.42199],[-119.25028,34.42206],[-119.25024,34.42209],[-119.2502,34.42217],[-119.25015,34.42228],[-119.25011,34.4224],[-119.2501,34.42244],[-119.2501,34.42258],[-119.25012,34.42264],[-119.2502,34.42276],[-119.25026,34.42284],[-119.25034,34.42291],[-119.25041,34.42297],[-119.25055,34.42302],[-119.25065,34.42308],[-119.2507,34.42313],[-119.25073,34.42317],[-119.25075,34.42326],[-119.25075,34.42332],[-119.25077,34.42334],[-119.25079,34.42336],[-119.25082,34.42337],[-119.25088,34.42338],[-119.25111,34.42339],[-119.25121,34.4234],[-119.2513,34.42341],[-119.25146,34.42344],[-119.25153,34.42344],[-119.25174,34.42349],[-119.25195,34.42357],[-119.25202,34.42359],[-119.25207,34.42361],[-119.2521,34.42363],[-119.25213,34.42365],[-119.25216,34.4237],[-119.25216,34.42373],[-119.25216,34.42376],[-119.25216,34.42379],[-119.25213,34.42384],[-119.2521,34.42387],[-119.25201,34.42392],[-119.25183,34.4241],[-119.25166,34.42426],[-119.2515,34.4244],[-119.2513,34.42457],[-119.25114,34.42472],[-119.25093,34.42492],[-119.25079,34.42502],[-119.25068,34.42506],[-119.25057,34.42507],[-119.25031,34.42509],[-119.25013,34.42511],[-119.24987,34.42513],[-119.24959,34.42512],[-119.24946,34.42511],[-119.24938,34.4251],[-119.24922,34.42503],[-119.24909,34.42498],[-119.24894,34.42495],[-119.24859,34.4249],[-119.2483,34.42485],[-119.24811,34.42484],[-119.24796,34.42487],[-119.24787,34.4249],[-119.24773,34.42495],[-119.24758,34.425],[-119.24738,34.42508],[-119.24718,34.42517],[-119.24682,34.42532],[-119.24662,34.4254],[-119.24644,34.42546],[-119.24628,34.4255],[-119.24617,34.42554],[-119.24602,34.4256],[-119.24592,34.42565],[-119.24577,34.42573],[-119.24569,34.42579],[-119.24559,34.42586],[-119.24548,34.42593],[-119.24535,34.42601],[-119.24525,34.42608],[-119.24514,34.42623],[-119.24496,34.42637],[-119.24451,34.42669],[-119.24446,34.42671],[-119.24432,34.4268],[-119.24417,34.42691],[-119.24411,34.42698],[-119.24403,34.42707],[-119.24395,34.42716],[-119.2434,34.42775],[-119.2429,34.42836],[-119.24272,34.42856],[-119.24259,34.42872],[-119.24242,34.42896],[-119.2423,34.42912],[-119.24228,34.42913],[-119.24218,34.42928],[-119.24202,34.42953],[-119.24187,34.42969],[-119.24164,34.42987],[-119.24094,34.43037],[-119.23944,34.43145],[-119.23932,34.43153]]}},{"type":"Feature","properties":{"name":"Black Mountain Fire Road","t":1},"geometry":{"type":"LineString","coordinates":[[-119.23771,34.42735],[-119.23775,34.42733],[-119.23779,34.42732],[-119.23782,34.42732],[-119.23788,34.42733],[-119.23795,34.42737],[-119.23798,34.42739],[-119.23818,34.42749],[-119.23823,34.42751],[-119.23838,34.42755],[-119.23847,34.42756],[-119.23858,34.42757],[-119.239,34.42756],[-119.23938,34.42757]]}},{"type":"Feature","properties":{"name":"Black Mountain Fire Road","t":1},"geometry":{"type":"LineString","coordinates":[[-119.2295,34.43164],[-119.22944,34.43169],[-119.22937,34.43174],[-119.22933,34.43175],[-119.22928,34.43175],[-119.22923,34.43175],[-119.22918,34.43174],[-119.229,34.43166],[-119.22866,34.43149],[-119.22848,34.43139],[-119.22826,34.43124],[-119.22818,34.4312],[-119.22814,34.43119],[-119.22802,34.43116],[-119.22784,34.43113],[-119.22779,34.43113],[-119.22739,34.43114],[-119.2273,34.43114],[-119.22722,34.43112],[-119.22703,34.43105],[-119.22687,34.43099],[-119.22666,34.43092],[-119.22654,34.43089],[-119.22645,34.43088],[-119.22634,34.4309],[-119.22626,34.43093],[-119.22617,34.43097],[-119.22606,34.43102],[-119.22591,34.43111],[-119.22574,34.43118],[-119.22544,34.43129],[-119.22518,34.43142],[-119.22497,34.43151],[-119.22488,34.43155],[-119.22483,34.43156],[-119.22472,34.43156],[-119.22461,34.43156],[-119.22455,34.43155],[-119.22451,34.43153],[-119.22446,34.43151],[-119.22443,34.43148],[-119.22433,34.43134],[-119.22428,34.4313],[-119.22424,34.43127],[-119.22419,34.43125],[-119.22414,34.43124],[-119.22379,34.43125],[-119.22364,34.43125],[-119.22352,34.43125],[-119.22346,34.43127],[-119.22322,34.43135],[-119.22313,34.4314],[-119.22309,34.43143],[-119.22279,34.43162],[-119.22269,34.43167],[-119.2226,34.4317],[-119.22256,34.4317],[-119.22252,34.4317],[-119.22248,34.43169],[-119.22239,34.43166],[-119.22235,34.43165],[-119.22229,34.43165],[-119.22223,34.43165],[-119.22218,34.43165],[-119.22213,34.43167],[-119.22206,34.4317],[-119.22179,34.43182],[-119.2217,34.43184],[-119.22166,34.43185],[-119.22115,34.43186],[-119.221,34.43188],[-119.22074,34.43199],[-119.22069,34.432],[-119.22057,34.43202],[-119.22044,34.43201],[-119.22023,34.43199],[-119.22014,34.43199],[-119.21998,34.43205],[-119.21984,34.4321],[-119.21979,34.43211],[-119.21967,34.43211],[-119.21924,34.43208],[-119.21909,34.43208],[-119.21887,34.4321],[-119.2185,34.43215],[-119.21813,34.4322],[-119.21791,34.43222],[-119.21781,34.43222],[-119.21761,34.43221],[-119.21752,34.43219],[-119.21744,34.43217],[-119.21737,34.43214],[-119.21729,34.4321],[-119.21719,34.43204],[-119.21699,34.43194],[-119.21695,34.43193],[-119.21692,34.43192],[-119.21687,34.43193],[-119.21682,34.43193],[-119.21676,34.43195],[-119.21669,34.43199],[-119.2166,34.43204],[-119.21615,34.43233],[-119.21598,34.43243],[-119.21592,34.43246],[-119.21574,34.43252],[-119.21548,34.43254],[-119.21541,34.43255],[-119.21531,34.43256],[-119.21518,34.43261],[-119.2151,34.43264],[-119.21495,34.43267],[-119.21462,34.43269],[-119.21375,34.43269],[-119.21348,34.4327],[-119.21327,34.4327],[-119.21301,34.43269],[-119.21288,34.4327],[-119.21282,34.43271],[-119.21277,34.43272],[-119.2123,34.43288],[-119.21211,34.43292],[-119.21205,34.43293],[-119.21138,34.43313],[-119.21131,34.43316],[-119.21126,34.43319],[-119.21123,34.43321],[-119.21119,34.43325],[-119.21115,34.43335],[-119.21108,34.43346],[-119.21104,34.4335],[-119.21093,34.43357],[-119.21084,34.43363],[-119.21068,34.43371],[-119.21058,34.43374],[-119.2105,34.43375],[-119.21046,34.43375],[-119.21042,34.43374],[-119.21034,34.4337],[-119.2103,34.43367],[-119.21014,34.43357],[-119.21007,34.43354],[-119.21002,34.43353],[-119.20969,34.43351],[-119.20958,34.43352],[-119.20945,34.43353],[-119.20939,34.43354],[-119.2093,34.43358],[-119.20927,34.4336],[-119.20923,34.43364],[-119.20921,34.43368],[-119.20919,34.43371],[-119.20919,34.43376],[-119.20921,34.43402],[-119.20922,34.43415],[-119.20922,34.43421],[-119.20919,34.4343],[-119.20918,34.43435],[-119.20919,34.43439],[-119.2092,34.43443],[-119.20922,34.43446],[-119.20925,34.4345],[-119.20932,34.43454],[-119.20937,34.43456],[-119.20942,34.43458],[-119.20952,34.43458],[-119.20958,34.43459],[-119.2097,34.43464],[-119.20975,34.43467],[-119.20982,34.43472],[-119.20986,34.43474],[-119.20989,34.43475],[-119.20993,34.43475],[-119.20997,34.43473],[-119.21029,34.4345],[-119.21046,34.43441],[-119.21052,34.4344],[-119.21058,34.43439],[-119.21062,34.4344],[-119.21066,34.43441],[-119.21069,34.43444],[-119.21079,34.43457],[-119.21082,34.4346],[-119.21084,34.43467],[-119.21084,34.43473],[-119.21083,34.43477],[-119.21078,34.43486],[-119.21077,34.43491],[-119.21077,34.43515],[-119.21076,34.4352],[-119.21075,34.43524],[-119.21073,34.43527],[-119.21058,34.43546],[-119.21056,34.43549],[-119.21049,34.43567],[-119.21047,34.43571],[-119.21038,34.43583],[-119.21015,34.43608],[-119.21003,34.4362],[-119.20996,34.43626],[-119.20991,34.43629],[-119.20987,34.4363],[-119.20982,34.43632],[-119.20967,34.43632],[-119.20929,34.43627],[-119.20903,34.43627],[-119.2088,34.43629],[-119.20864,34.43631],[-119.20857,34.43634],[-119.20851,34.43637],[-119.20847,34.43641],[-119.2083,34.43664],[-119.20824,34.43669],[-119.20817,34.43674],[-119.20809,34.43678],[-119.20784,34.43688],[-119.20779,34.4369],[-119.20756,34.43707],[-119.20746,34.43714],[-119.20729,34.43724],[-119.20711,34.43733],[-119.20703,34.43735],[-119.20698,34.43736],[-119.20692,34.43736],[-119.20678,34.43734],[-119.2067,34.43732],[-119.20583,34.437],[-119.20546,34.43683],[-119.20533,34.4368],[-119.20522,34.43676],[-119.20514,34.43672],[-119.20498,34.4366],[-119.20487,34.43649],[-119.20482,34.43641],[-119.20478,34.43634],[-119.20474,34.43628],[-119.20471,34.43623],[-119.20456,34.43604],[-119.20443,34.43591],[-119.20436,34.43586],[-119.20411,34.43561],[-119.20403,34.43553],[-119.20398,34.43546],[-119.20389,34.43534],[-119.20384,34.43525],[-119.20373,34.43503],[-119.20367,34.43495],[-119.20357,34.43485],[-119.20333,34.43469],[-119.20329,34.43465],[-119.20326,34.43462],[-119.20321,34.43454],[-119.20314,34.4344],[-119.20311,34.43425],[-119.20309,34.43412]]}},{"type":"Feature","properties":{"name":"Lion Canyon Fire Road","t":1},"geometry":{"type":"LineString","coordinates":[[-119.19772,34.42987],[-119.19901,34.42925],[-119.20004,34.42876],[-119.20199,34.42789],[-119.2023,34.42776],[-119.20256,34.4276],[-119.20304,34.42724]]}},{"type":"Feature","properties":{"name":"","t":1},"geometry":{"type":"LineString","coordinates":[[-119.20141,34.43189],[-119.20149,34.43197],[-119.2018,34.43229],[-119.20184,34.43233],[-119.20297,34.4338],[-119.20305,34.43391],[-119.2031,34.43404],[-119.20309,34.43412]]}},{"type":"Feature","properties":{"name":"Black Mountain Fire Road","t":1},"geometry":{"type":"LineString","coordinates":[[-119.20309,34.43412],[-119.203,34.43416],[-119.20275,34.43423],[-119.20249,34.43434],[-119.20224,34.43445],[-119.2021,34.4345],[-119.20196,34.43454],[-119.20188,34.43457],[-119.20168,34.43464],[-119.20158,34.4347],[-119.2015,34.43475]]}},{"type":"Feature","properties":{"name":"Ojai Santa Paula Road","t":3},"geometry":{"type":"LineString","coordinates":[[-119.18806,34.43436],[-119.18861,34.43431],[-119.18879,34.43429],[-119.18891,34.43428],[-119.18909,34.43428],[-119.18926,34.43429],[-119.18947,34.43433],[-119.18953,34.43435],[-119.19052,34.4347],[-119.1907,34.43474],[-119.19084,34.43477],[-119.19096,34.43478],[-119.19107,34.43478],[-119.19123,34.43477],[-119.19147,34.43473],[-119.19176,34.43466],[-119.19219,34.43456],[-119.19301,34.43435],[-119.195,34.43378],[-119.19566,34.43359],[-119.19649,34.43338],[-119.19698,34.43323],[-119.19747,34.43308],[-119.19775,34.43301],[-119.19826,34.43286],[-119.1989,34.43269],[-119.19911,34.43265],[-119.19929,34.43263],[-119.19939,34.43262],[-119.19948,34.43262],[-119.19968,34.43265],[-119.19987,34.4327],[-119.19998,34.43275],[-119.20008,34.43279],[-119.20019,34.43285],[-119.20031,34.43294],[-119.20035,34.43297],[-119.20051,34.43312],[-119.20064,34.43326],[-119.20081,34.43344],[-119.20091,34.43355],[-119.20105,34.43371],[-119.20117,34.43388],[-119.2012,34.43393],[-119.20135,34.43417],[-119.20141,34.43428],[-119.20146,34.43445],[-119.20149,34.43465],[-119.2015,34.43475]]}},{"type":"Feature","properties":{"name":"Sulphur Mountain Road","t":1},"geometry":{"type":"MultiLineString","coordinates":[[[-119.19506,34.415],[-119.19503,34.41501],[-119.19495,34.41503],[-119.19484,34.41503],[-119.19479,34.41502],[-119.19474,34.415]],[[-119.19388,34.415],[-119.19343,34.41522],[-119.19337,34.41523],[-119.19334,34.41523],[-119.19329,34.41522],[-119.19323,34.4152],[-119.1932,34.41519],[-119.19312,34.41514],[-119.19294,34.41502],[-119.19292,34.41501],[-119.1929,34.415]]]}},{"type":"Feature","properties":{"name":"Bo-Merritt Road","t":1},"geometry":{"type":"LineString","coordinates":[[-119.16496,34.42924],[-119.16496,34.42954],[-119.16495,34.42974],[-119.16493,34.42983],[-119.1649,34.42989],[-119.16486,34.42995],[-119.16483,34.43],[-119.16478,34.43004],[-119.16473,34.43008],[-119.16463,34.43014],[-119.16461,34.43015],[-119.1646,34.43018],[-119.16459,34.4302],[-119.16461,34.43035],[-119.16465,34.43053],[-119.16482,34.43094],[-119.1649,34.43116],[-119.16491,34.43125],[-119.16492,34.43133],[-119.16492,34.43138],[-119.16489,34.43144],[-119.16486,34.43148],[-119.16482,34.4315],[-119.16477,34.43151],[-119.16471,34.43152],[-119.1646,34.43151],[-119.16448,34.43147],[-119.16427,34.43138],[-119.16418,34.43135],[-119.16413,34.43135],[-119.16409,34.43135],[-119.16405,34.43138],[-119.16403,34.43141],[-119.16401,34.43144],[-119.16399,34.43153],[-119.16399,34.43162],[-119.16403,34.43201],[-119.16403,34.43207],[-119.16403,34.43211],[-119.16404,34.43238],[-119.16402,34.43295],[-119.16402,34.43305],[-119.164,34.43323],[-119.16397,34.434],[-119.16396,34.43417],[-119.16394,34.43512],[-119.16393,34.43535],[-119.16392,34.43568],[-119.16393,34.43602],[-119.16394,34.43614],[-119.16397,34.43622],[-119.16399,34.43626],[-119.16404,34.43635],[-119.16408,34.43642],[-119.16409,34.43648],[-119.1641,34.43653],[-119.16409,34.43659],[-119.16407,34.4367],[-119.16403,34.43694]]}},{"type":"Feature","properties":{"name":"Mountain Lion Road","t":1},"geometry":{"type":"LineString","coordinates":[[-119.17351,34.4362],[-119.17344,34.43603],[-119.1733,34.43529],[-119.17326,34.43512],[-119.1732,34.4348],[-119.17314,34.43451],[-119.17313,34.43435],[-119.17315,34.43361],[-119.17317,34.43324],[-119.17318,34.43317],[-119.17318,34.4331],[-119.17318,34.43307],[-119.17317,34.43295],[-119.17312,34.43266],[-119.17297,34.43191],[-119.17294,34.43183],[-119.1729,34.43175],[-119.17277,34.43154],[-119.1725,34.43121],[-119.17245,34.43116],[-119.17236,34.43109],[-119.17232,34.43106],[-119.17224,34.43099],[-119.17222,34.43095],[-119.17219,34.43089],[-119.17216,34.43084],[-119.17206,34.43073],[-119.17196,34.43064],[-119.1719,34.43057],[-119.17187,34.43053],[-119.17184,34.43048],[-119.17182,34.43043],[-119.17172,34.43028],[-119.17163,34.4301],[-119.17159,34.43],[-119.17157,34.42998],[-119.17149,34.42992],[-119.17143,34.42989],[-119.17137,34.42984],[-119.17133,34.42979],[-119.17129,34.42973],[-119.17128,34.42969],[-119.17127,34.42956],[-119.17127,34.4295],[-119.17128,34.42944],[-119.17132,34.42932],[-119.17144,34.42919],[-119.17151,34.4291],[-119.17155,34.42905],[-119.1716,34.42899],[-119.17163,34.42891],[-119.17164,34.42884],[-119.17163,34.42874],[-119.17162,34.42863],[-119.17161,34.42856],[-119.17161,34.42847],[-119.17168,34.42841],[-119.17177,34.42839],[-119.17187,34.42838],[-119.17202,34.42838],[-119.17219,34.4284]]}},{"type":"Feature","properties":{"name":"Old Walnut Road","t":1},"geometry":{"type":"LineString","coordinates":[[-119.17578,34.43585],[-119.17582,34.43569],[-119.17607,34.43491],[-119.17632,34.43415],[-119.17633,34.43406],[-119.17633,34.43333],[-119.17633,34.43318],[-119.17633,34.43289],[-119.17633,34.43237],[-119.17631,34.43184]]}},{"type":"Feature","properties":{"name":"","t":1},"geometry":{"type":"LineString","coordinates":[[-119.18155,34.43197],[-119.1815,34.43475],[-119.1815,34.43516],[-119.1815,34.43523]]}},{"type":"Feature","properties":{"name":"","t":1},"geometry":{"type":"LineString","coordinates":[[-119.18156,34.43171],[-119.18155,34.43197]]}},{"type":"Feature","properties":{"name":"","t":1},"geometry":{"type":"LineString","coordinates":[[-119.18155,34.43197],[-119.18163,34.43192],[-119.18177,34.43178],[-119.1818,34.43172],[-119.1818,34.43165],[-119.18179,34.43161],[-119.18174,34.43156],[-119.18166,34.43155],[-119.18159,34.43156],[-119.18157,34.4316],[-119.18156,34.43171]]}},{"type":"Feature","properties":{"name":"Ojai Santa Paula Road","t":3},"geometry":{"type":"LineString","coordinates":[[-119.18736,34.43443],[-119.18764,34.4344],[-119.18806,34.43436]]}},{"type":"Feature","properties":{"name":"","t":1},"geometry":{"type":"LineString","coordinates":[[-119.18808,34.43149],[-119.18809,34.43199],[-119.18807,34.43287],[-119.18807,34.434],[-119.18806,34.43436]]}},{"type":"Feature","properties":{"name":"Happy Valley School Road","t":1},"geometry":{"type":"LineString","coordinates":[[-119.18806,34.4385],[-119.18812,34.43836]]}},{"type":"Feature","properties":{"name":"Happy Valley School Road","t":1},"geometry":{"type":"LineString","coordinates":[[-119.18812,34.43836],[-119.18806,34.43838],[-119.18798,34.4384],[-119.18786,34.43842],[-119.18766,34.43848],[-119.18747,34.43854],[-119.18708,34.43867],[-119.18705,34.43869],[-119.18633,34.43897],[-119.18591,34.43915],[-119.18575,34.43923],[-119.18566,34.43928],[-119.1856,34.43932],[-119.18556,34.43937],[-119.18552,34.43941],[-119.18549,34.43946],[-119.18546,34.43951],[-119.18545,34.43956],[-119.18544,34.43967],[-119.18546,34.43989],[-119.18549,34.44009],[-119.18553,34.44023],[-119.18554,34.44025],[-119.18557,34.44032],[-119.18561,34.44037],[-119.1857,34.44045],[-119.18578,34.44051],[-119.18587,34.44056],[-119.18598,34.44061],[-119.18608,34.44065],[-119.1863,34.4407],[-119.18697,34.44077],[-119.1871,34.44078],[-119.18719,34.44077],[-119.18727,34.44076],[-119.18733,34.44074],[-119.18738,34.44072],[-119.18741,34.4407],[-119.18745,34.44067],[-119.1875,34.4406],[-119.18755,34.4405],[-119.18757,34.44042],[-119.18759,34.44038],[-119.18759,34.44031],[-119.18758,34.44014],[-119.18754,34.43973],[-119.18753,34.43951],[-119.18754,34.43943],[-119.18756,34.43933],[-119.18759,34.43923],[-119.18767,34.43908],[-119.18777,34.43891],[-119.18792,34.43871],[-119.188,34.43859],[-119.18806,34.4385]]}},{"type":"Feature","properties":{"name":"Happy Valley School Road","t":1},"geometry":{"type":"LineString","coordinates":[[-119.18736,34.43443],[-119.18742,34.43466],[-119.18747,34.43487],[-119.1875,34.43498],[-119.1876,34.43538],[-119.18766,34.4356],[-119.18775,34.43599],[-119.18802,34.43714],[-119.18811,34.43744],[-119.18817,34.43774],[-119.18824,34.43797],[-119.18826,34.43807],[-119.18826,34.43814],[-119.18825,34.43821],[-119.18823,34.43826],[-119.1882,34.43831],[-119.18817,34.43834],[-119.18812,34.43836]]}},{"type":"Feature","properties":{"name":"Ojai Santa Paula Road","t":3},"geometry":{"type":"LineString","coordinates":[[-119.1815,34.43523],[-119.1816,34.43524],[-119.18167,34.43525],[-119.18179,34.43529],[-119.18198,34.43537],[-119.18213,34.43544],[-119.18252,34.43565],[-119.18261,34.43569],[-119.18281,34.43576],[-119.18291,34.43579],[-119.18308,34.43582],[-119.18332,34.43585],[-119.18347,34.43586],[-119.18359,34.43585],[-119.18368,34.43584],[-119.18387,34.4358],[-119.18403,34.43575],[-119.18411,34.43572],[-119.18422,34.43567],[-119.18434,34.4356],[-119.18449,34.43552],[-119.18478,34.43532],[-119.18513,34.43509],[-119.18523,34.43504],[-119.18547,34.43492],[-119.18565,34.43485],[-119.18615,34.43466],[-119.1863,34.43461],[-119.18654,34.43455],[-119.18673,34.4345],[-119.18681,34.43449],[-119.18702,34.43447],[-119.18736,34.43443]]}},{"type":"Feature","properties":{"name":"Ojai Santa Paula Road","t":3},"geometry":{"type":"LineString","coordinates":[[-119.17578,34.43585],[-119.17613,34.4358],[-119.17638,34.43577],[-119.17666,34.43574],[-119.17722,34.43569],[-119.17742,34.43566],[-119.17801,34.4356],[-119.17815,34.43558],[-119.17853,34.43554],[-119.17944,34.43544],[-119.1806,34.43529],[-119.18114,34.43523],[-119.18141,34.43523],[-119.1815,34.43523]]}},{"type":"Feature","properties":{"name":"Old Highway 150","t":1},"geometry":{"type":"LineString","coordinates":[[-119.17936,34.43611],[-119.17921,34.4362],[-119.17909,34.43625],[-119.179,34.43628],[-119.17882,34.43633],[-119.17876,34.43634],[-119.17862,34.43636],[-119.17854,34.43637],[-119.17844,34.43636],[-119.17807,34.43632],[-119.17791,34.43632],[-119.17766,34.43632],[-119.17678,34.4364],[-119.17665,34.43642],[-119.17655,34.43644],[-119.17646,34.43647]]}},{"type":"Feature","properties":{"name":"Cmwd Tank Road","t":1},"geometry":{"type":"LineString","coordinates":[[-119.17663,34.44337],[-119.17674,34.44342],[-119.17709,34.44362],[-119.17735,34.44378],[-119.17759,34.44395],[-119.17811,34.44436],[-119.17817,34.4444],[-119.17825,34.44443],[-119.17834,34.44445],[-119.17872,34.44453],[-119.17928,34.44466],[-119.1798,34.44479],[-119.18011,34.44485],[-119.18029,34.44487],[-119.18048,34.44486],[-119.18056,34.44486],[-119.18067,34.44483],[-119.18074,34.44481],[-119.1808,34.44476],[-119.18084,34.4447],[-119.18086,34.44466],[-119.18088,34.44459],[-119.18089,34.44456],[-119.18089,34.44451],[-119.1809,34.44446],[-119.18088,34.44437],[-119.18081,34.44426],[-119.18072,34.44418],[-119.18063,34.4441],[-119.18056,34.444],[-119.18052,34.44391],[-119.18049,34.4438],[-119.18045,34.44343],[-119.18039,34.44281],[-119.18037,34.44267],[-119.18031,34.4425],[-119.18026,34.44244],[-119.18017,34.44235],[-119.18011,34.44231],[-119.18002,34.44228],[-119.17991,34.44226],[-119.17892,34.44212],[-119.17808,34.44199],[-119.17796,34.44196],[-119.17784,34.44193],[-119.17776,34.44189],[-119.17772,34.44186],[-119.17768,34.44183],[-119.17767,34.44179],[-119.17765,34.44174],[-119.17751,34.44115],[-119.17717,34.43951],[-119.17703,34.43895],[-119.17696,34.43872],[-119.17688,34.43843],[-119.17655,34.43689],[-119.17647,34.43652],[-119.17646,34.43647]]}},{"type":"Feature","properties":{"name":"Reeves Road","t":1},"geometry":{"type":"LineString","coordinates":[[-119.18505,34.44817],[-119.18523,34.44814],[-119.18541,34.44813],[-119.18571,34.44813],[-119.18626,34.44814],[-119.18659,34.44814],[-119.18705,34.44814],[-119.18808,34.44816],[-119.18812,34.44816],[-119.18998,34.44826],[-119.19085,34.44825],[-119.19116,34.44824],[-119.19132,34.44823],[-119.1914,34.44822],[-119.19154,34.44822],[-119.19183,34.44823],[-119.19274,34.44826],[-119.19299,34.44826],[-119.19314,34.44826],[-119.19329,34.44824],[-119.1935,34.4482],[-119.19376,34.44814],[-119.19399,34.44807],[-119.19409,34.44804],[-119.19418,34.44803],[-119.19432,34.44802],[-119.19443,34.44803],[-119.19453,34.44805],[-119.19478,34.44818],[-119.19487,34.44821],[-119.19495,34.44823],[-119.19501,34.44823],[-119.1951,34.44821],[-119.19521,34.44818],[-119.19534,34.44812],[-119.19582,34.44785],[-119.19593,34.4478],[-119.19607,34.44775],[-119.19625,34.4477],[-119.1967,34.44762],[-119.19683,34.44759],[-119.19728,34.44744],[-119.19745,34.44739]]}},{"type":"Feature","properties":{"name":"McAndrew Road","t":1},"geometry":{"type":"LineString","coordinates":[[-119.18505,34.44817],[-119.18502,34.44838],[-119.18495,34.44864],[-119.18493,34.44878],[-119.1849,34.44897],[-119.18484,34.44929],[-119.18461,34.45039],[-119.18457,34.4505],[-119.18454,34.45059],[-119.18444,34.45076],[-119.18426,34.45102],[-119.18423,34.45109],[-119.18418,34.45122],[-119.18416,34.45136],[-119.18415,34.45181],[-119.18414,34.45236],[-119.18415,34.45312],[-119.18415,34.45332],[-119.18415,34.45364],[-119.18414,34.45397],[-119.18414,34.45528],[-119.18415,34.45547]]}},{"type":"Feature","properties":{"name":"El Jina Lane","t":0},"geometry":{"type":"LineString","coordinates":[[-119.19135,34.45305],[-119.19112,34.45327],[-119.1908,34.45357],[-119.19067,34.4537],[-119.19051,34.45385],[-119.19006,34.45428],[-119.18992,34.45446],[-119.18986,34.45452],[-119.18975,34.45457],[-119.18965,34.4546]]}},{"type":"Feature","properties":{"name":"Ceanothus Lane","t":1},"geometry":{"type":"LineString","coordinates":[[-119.18605,34.45547],[-119.18606,34.45567],[-119.18606,34.45571],[-119.18609,34.4568],[-119.18609,34.45708],[-119.18611,34.45758]]}},{"type":"Feature","properties":{"name":"Grand Avenue","t":1},"geometry":{"type":"LineString","coordinates":[[-119.18415,34.45547],[-119.18461,34.45546],[-119.18605,34.45547]]}},{"type":"Feature","properties":{"name":"McAndrew Road","t":1},"geometry":{"type":"LineString","coordinates":[[-119.18415,34.45547],[-119.18416,34.45569],[-119.18417,34.45578],[-119.18419,34.45628],[-119.1842,34.45674],[-119.1842,34.45773],[-119.1842,34.45834],[-119.18421,34.45841]]}},{"type":"Feature","properties":{"name":"Reeves Road","t":1},"geometry":{"type":"LineString","coordinates":[[-119.16,34.45214],[-119.16007,34.45216],[-119.16013,34.45217],[-119.16054,34.45222],[-119.16091,34.45226],[-119.16109,34.45229],[-119.16165,34.45231],[-119.16174,34.45232],[-119.16181,34.45234],[-119.16186,34.45236],[-119.16197,34.4524],[-119.16209,34.45245],[-119.16225,34.4525],[-119.16229,34.4525],[-119.16234,34.45251],[-119.16257,34.45253],[-119.16272,34.45255],[-119.16318,34.45268],[-119.16337,34.45271],[-119.16347,34.45274],[-119.16352,34.45276],[-119.16381,34.4529],[-119.1639,34.45296],[-119.1642,34.45314],[-119.16447,34.4533],[-119.16453,34.45333],[-119.16462,34.45335],[-119.1647,34.45338],[-119.16478,34.45344],[-119.1649,34.45354],[-119.16498,34.45359],[-119.16511,34.45366],[-119.16524,34.45372],[-119.16539,34.45383],[-119.16546,34.45387],[-119.16557,34.4539],[-119.16562,34.45391],[-119.16577,34.45391],[-119.16582,34.45391],[-119.1659,34.45389],[-119.16608,34.45381],[-119.16615,34.45379],[-119.16628,34.45377],[-119.16639,34.45377],[-119.16659,34.45377],[-119.16685,34.45375],[-119.16711,34.45374],[-119.16726,34.45373],[-119.16742,34.4537],[-119.16752,34.45369],[-119.16771,34.4537],[-119.16788,34.45371],[-119.16805,34.45373],[-119.16883,34.45384],[-119.16935,34.45391],[-119.16989,34.45396],[-119.16994,34.45394],[-119.16995,34.45393],[-119.16999,34.4539],[-119.17002,34.45385],[-119.17011,34.45367],[-119.17017,34.45359],[-119.17021,34.45356],[-119.17025,34.45354],[-119.17027,34.45353],[-119.17062,34.45349],[-119.17066,34.45348],[-119.17071,34.45346],[-119.17075,34.45342],[-119.17078,34.45338],[-119.1708,34.45333],[-119.17094,34.45274],[-119.17111,34.45278],[-119.17133,34.45282],[-119.17145,34.45284],[-119.17164,34.45283],[-119.17184,34.4528],[-119.17194,34.45279],[-119.17204,34.4528],[-119.1721,34.4528],[-119.17263,34.45294],[-119.17275,34.45296],[-119.17295,34.45298],[-119.17304,34.45301],[-119.1732,34.45307],[-119.17361,34.45329],[-119.17417,34.45361],[-119.17433,34.45368],[-119.17447,34.45373],[-119.17454,34.45374],[-119.17458,34.45374],[-119.17462,34.45373],[-119.17464,34.45371],[-119.17471,34.45367],[-119.17481,34.45358],[-119.17491,34.45348],[-119.175,34.45337],[-119.17505,34.45328],[-119.1751,34.45316],[-119.17513,34.45307],[-119.17516,34.45298],[-119.1752,34.45289],[-119.17524,34.45282],[-119.17529,34.45272],[-119.17532,34.45263],[-119.17536,34.45255],[-119.17541,34.45247],[-119.17547,34.45241],[-119.17555,34.45234],[-119.17563,34.45228],[-119.17575,34.45221],[-119.17604,34.45207],[-119.1762,34.45199],[-119.17631,34.45191],[-119.1764,34.45183],[-119.17647,34.45174],[-119.17656,34.45157],[-119.17663,34.45148],[-119.17667,34.45144],[-119.17673,34.45141],[-119.17684,34.45136],[-119.17697,34.45132],[-119.17713,34.45129],[-119.17736,34.45128],[-119.17753,34.45126],[-119.1776,34.45126],[-119.17769,34.45128],[-119.17785,34.45136],[-119.17788,34.45136],[-119.17791,34.45136],[-119.17796,34.45135],[-119.178,34.45132],[-119.17805,34.45128],[-119.17807,34.45125],[-119.17809,34.45122],[-119.17814,34.4511],[-119.1782,34.45102],[-119.17826,34.45094],[-119.17833,34.45088],[-119.17843,34.45081],[-119.17849,34.45077],[-119.1788,34.45063],[-119.1795,34.45034],[-119.17985,34.45018],[-119.18025,34.45],[-119.18043,34.44993],[-119.18048,34.44991],[-119.18066,34.44985],[-119.18075,34.44983],[-119.18133,34.44974],[-119.18153,34.44971],[-119.18174,34.44965],[-119.18205,34.44956],[-119.18208,34.44955],[-119.1822,34.44952],[-119.18233,34.44948],[-119.18265,34.44937],[-119.18292,34.44928],[-119.18304,34.44923],[-119.18313,34.44919],[-119.18351,34.44898],[-119.18373,34.44884],[-119.1841,34.44861],[-119.18435,34.44845],[-119.18447,34.44838],[-119.18456,34.44834],[-119.1847,34.44827],[-119.18486,34.44822],[-119.18505,34.44817]]}},{"type":"Feature","properties":{"name":"Old Highway 150","t":0},"geometry":{"type":"LineString","coordinates":[[-119.17207,34.43735],[-119.17194,34.43744],[-119.17169,34.43758],[-119.1715,34.43767],[-119.17144,34.43769],[-119.17092,34.43775],[-119.17082,34.43777],[-119.17069,34.4378],[-119.17046,34.43787],[-119.17016,34.43797],[-119.17004,34.43803],[-119.16995,34.43807],[-119.1699,34.43809],[-119.16948,34.43822],[-119.16938,34.43826],[-119.16929,34.43831],[-119.1692,34.43836],[-119.16905,34.43847],[-119.16887,34.43861],[-119.16867,34.43878],[-119.16864,34.4388],[-119.16856,34.43883],[-119.16853,34.43883],[-119.16838,34.4388],[-119.16825,34.43877],[-119.16774,34.43866],[-119.16758,34.43864]]}},{"type":"Feature","properties":{"name":"Old Highway 150","t":1},"geometry":{"type":"LineString","coordinates":[[-119.17607,34.43661],[-119.17589,34.4367],[-119.17568,34.43678],[-119.17555,34.43682],[-119.17537,34.43684],[-119.17528,34.43684],[-119.17527,34.43684],[-119.17518,34.43683],[-119.17494,34.4368],[-119.1749,34.4368],[-119.17471,34.43678],[-119.17457,34.43678],[-119.17444,34.43679],[-119.17433,34.4368],[-119.17423,34.43682],[-119.17412,34.43685],[-119.17399,34.43689],[-119.17355,34.43707],[-119.17331,34.43717],[-119.17321,34.43721],[-119.1731,34.43724],[-119.17298,34.43725],[-119.17254,34.43729],[-119.1724,34.4373],[-119.17231,34.43731],[-119.17223,34.43733],[-119.17207,34.43735]]}},{"type":"Feature","properties":{"name":"Old Highway 150","t":1},"geometry":{"type":"LineString","coordinates":[[-119.17646,34.43647],[-119.17633,34.43651],[-119.17621,34.43656],[-119.17607,34.43661]]}},{"type":"Feature","properties":{"name":"Old Walnut Road","t":1},"geometry":{"type":"LineString","coordinates":[[-119.17607,34.43661],[-119.176,34.43649],[-119.17586,34.43613],[-119.17581,34.43598],[-119.17578,34.43585]]}},{"type":"Feature","properties":{"name":"Ojai Santa Paula Road","t":3},"geometry":{"type":"LineString","coordinates":[[-119.17351,34.4362],[-119.17392,34.43611],[-119.17429,34.43604],[-119.17466,34.43598],[-119.17578,34.43585]]}},{"type":"Feature","properties":{"name":"Ojai Santa Paula Road","t":3},"geometry":{"type":"LineString","coordinates":[[-119.16403,34.43694],[-119.16423,34.43697],[-119.16502,34.43709],[-119.16517,34.43711],[-119.16602,34.43722],[-119.16638,34.43725],[-119.1665,34.43726],[-119.16674,34.43728],[-119.16711,34.4373],[-119.16743,34.43731],[-119.16754,34.43732],[-119.16766,34.43734],[-119.16778,34.43736],[-119.16798,34.43742],[-119.16824,34.43751],[-119.16868,34.43769],[-119.1688,34.43773],[-119.16893,34.43777],[-119.16907,34.4378],[-119.16921,34.43781],[-119.16935,34.43782],[-119.16943,34.43781],[-119.16956,34.43779],[-119.16966,34.43777],[-119.16983,34.43772],[-119.17,34.43766],[-119.17019,34.43756],[-119.17064,34.43733],[-119.17107,34.43711],[-119.17133,34.43699],[-119.17163,34.43684],[-119.17197,34.4367],[-119.17255,34.43649],[-119.17294,34.43636],[-119.17337,34.43623],[-119.17351,34.4362]]}},{"type":"Feature","properties":{"name":"Ojai Santa Paula Road","t":3},"geometry":{"type":"LineString","coordinates":[[-119.16128,34.43637],[-119.16168,34.43636],[-119.1623,34.43639],[-119.16247,34.43639],[-119.16259,34.43641],[-119.16277,34.43646],[-119.16288,34.4365],[-119.163,34.43655],[-119.16318,34.43663],[-119.16335,34.43671],[-119.16354,34.4368],[-119.1636,34.43683],[-119.16367,34.43685],[-119.16374,34.43688],[-119.16392,34.43692],[-119.16397,34.43693],[-119.16403,34.43694]]}},{"type":"Feature","properties":{"name":"Ojai Santa Paula Road","t":3},"geometry":{"type":"LineString","coordinates":[[-119.16119,34.43637],[-119.16128,34.43637]]}},{"type":"Feature","properties":{"name":"Ojai Santa Paula Road","t":3},"geometry":{"type":"LineString","coordinates":[[-119.16,34.43647],[-119.16039,34.43644],[-119.16088,34.43639],[-119.16119,34.43637]]}},{"type":"Feature","properties":{"name":"Highwinds Road","t":1},"geometry":{"type":"MultiLineString","coordinates":[[[-119.16029,34.44458],[-119.16016,34.44453],[-119.16006,34.44449],[-119.16,34.44445]],[[-119.16,34.43972],[-119.16002,34.43972],[-119.16026,34.43976],[-119.16054,34.43981],[-119.16115,34.43994],[-119.16119,34.43991],[-119.16123,34.43982],[-119.16126,34.43837],[-119.16128,34.43677],[-119.16128,34.43644],[-119.16128,34.43637]]]}},{"type":"Feature","properties":{"name":"Sulphur Mountain Road","t":1},"geometry":{"type":"LineString","coordinates":[[-119.16,34.42996],[-119.1601,34.42999],[-119.16024,34.43],[-119.16033,34.43001],[-119.16052,34.43001],[-119.1607,34.43001],[-119.16077,34.43003],[-119.16084,34.43006],[-119.16091,34.4301],[-119.16096,34.43014],[-119.16099,34.43017],[-119.16103,34.43023],[-119.16106,34.4303],[-119.1611,34.43041],[-119.16126,34.43096],[-119.16127,34.43101],[-119.16127,34.43118],[-119.16124,34.43242],[-119.16122,34.43349],[-119.16119,34.43632],[-119.16119,34.43637]]}},{"type":"Feature","properties":{"name":"Big Canyon Road","t":0},"geometry":{"type":"LineString","coordinates":[[-119.16,34.43173],[-119.16023,34.43163],[-119.16127,34.43118],[-119.16133,34.43116],[-119.16163,34.43104],[-119.16193,34.43091],[-119.16196,34.43088],[-119.16197,34.43082],[-119.16198,34.43074],[-119.16199,34.43057],[-119.162,34.43042],[-119.162,34.43028],[-119.16199,34.43017],[-119.16197,34.43008],[-119.16189,34.42985],[-119.16183,34.42971],[-119.1618,34.42963],[-119.16178,34.42953],[-119.16178,34.42946],[-119.16183,34.42924],[-119.16186,34.42909],[-119.16191,34.42891],[-119.16194,34.42885],[-119.16194,34.42876],[-119.16195,34.42872],[-119.16197,34.42869],[-119.16208,34.42859],[-119.16214,34.42855],[-119.16222,34.42846],[-119.16228,34.42837],[-119.16232,34.42826],[-119.16233,34.42819],[-119.16233,34.4281],[-119.16232,34.42802],[-119.16231,34.42793],[-119.16224,34.42771],[-119.16219,34.42752],[-119.16217,34.42742],[-119.16217,34.42738],[-119.16216,34.42729],[-119.16217,34.42722],[-119.16219,34.42714],[-119.16224,34.42703],[-119.1623,34.42692],[-119.16239,34.42677],[-119.16252,34.42663],[-119.1626,34.42655],[-119.16266,34.42651],[-119.16275,34.42642],[-119.16279,34.42638],[-119.16284,34.42632],[-119.16291,34.42623],[-119.16306,34.42607],[-119.16316,34.42597],[-119.1632,34.42594],[-119.16326,34.42587],[-119.16328,34.42581],[-119.1633,34.42574],[-119.16334,34.42565],[-119.16343,34.4255],[-119.16367,34.42521],[-119.16381,34.42507],[-119.16399,34.4249],[-119.16417,34.42473],[-119.16432,34.42462],[-119.16437,34.42458],[-119.16443,34.42451],[-119.16461,34.42428],[-119.16473,34.42411],[-119.16476,34.42406],[-119.16479,34.424],[-119.16483,34.42381],[-119.1649,34.4236],[-119.16493,34.42355],[-119.16497,34.42351],[-119.16501,34.42348],[-119.16505,34.42346],[-119.16515,34.42336],[-119.16532,34.42324],[-119.16554,34.42299],[-119.16571,34.42278],[-119.16577,34.42273],[-119.16586,34.42267],[-119.16597,34.42261],[-119.16614,34.42252],[-119.16618,34.42249],[-119.16627,34.42241],[-119.16636,34.42238],[-119.16651,34.42233],[-119.16657,34.42225],[-119.16664,34.42222],[-119.16677,34.42216],[-119.16682,34.42213],[-119.16687,34.4221],[-119.16692,34.42207],[-119.167,34.42201],[-119.16712,34.42194],[-119.16723,34.4219],[-119.16734,34.42188],[-119.16746,34.42186],[-119.16788,34.42182],[-119.16795,34.4218],[-119.168,34.42177],[-119.16814,34.42168],[-119.16821,34.42162],[-119.16826,34.4216],[-119.16832,34.42159],[-119.16842,34.4216],[-119.1685,34.42155],[-119.16854,34.42152],[-119.16856,34.42147],[-119.16856,34.42141],[-119.16854,34.42131],[-119.16854,34.42127],[-119.16851,34.42123],[-119.16841,34.42116],[-119.16835,34.42113],[-119.16833,34.42108],[-119.16832,34.42101],[-119.16834,34.42078],[-119.16838,34.42052],[-119.16841,34.4204],[-119.16846,34.42025],[-119.16847,34.42017],[-119.16853,34.42003],[-119.16853,34.41999],[-119.16851,34.41992],[-119.1685,34.41989],[-119.16848,34.41987],[-119.16845,34.41985],[-119.16833,34.41982],[-119.16827,34.41981],[-119.16821,34.4198],[-119.16804,34.41979],[-119.16775,34.41978]]}},{"type":"Feature","properties":{"name":"Sulphur Mountain Road","t":1},"geometry":{"type":"MultiLineString","coordinates":[[[-119.16464,34.415],[-119.16463,34.415],[-119.16461,34.415]],[[-119.1643,34.415],[-119.16416,34.41504],[-119.16403,34.4151],[-119.1639,34.41519],[-119.16379,34.41529],[-119.1637,34.4154],[-119.16352,34.41564],[-119.16335,34.41582],[-119.16317,34.41599],[-119.16314,34.41605],[-119.16311,34.4161],[-119.16309,34.41616],[-119.16305,34.41634],[-119.16304,34.41648],[-119.16303,34.41658],[-119.16303,34.41675],[-119.16304,34.41691],[-119.16306,34.41717],[-119.16305,34.41737],[-119.16301,34.41756],[-119.16298,34.41763],[-119.16294,34.41771],[-119.16291,34.41774],[-119.16287,34.41777],[-119.16282,34.41779],[-119.16278,34.41781],[-119.16272,34.41782],[-119.16265,34.41781],[-119.16228,34.41779],[-119.1622,34.41779],[-119.16212,34.41779],[-119.16199,34.41782],[-119.16159,34.41799],[-119.1614,34.41806],[-119.16119,34.41812],[-119.16102,34.41816],[-119.1609,34.41819],[-119.16081,34.41824],[-119.16078,34.41827],[-119.16076,34.41831],[-119.16075,34.41834],[-119.16075,34.41838],[-119.16076,34.41842],[-119.16077,34.41847],[-119.16083,34.41853],[-119.16088,34.4186],[-119.16092,34.41867],[-119.16094,34.41875],[-119.16099,34.41906],[-119.16101,34.41922],[-119.16101,34.41935],[-119.16098,34.41941],[-119.16094,34.41945],[-119.1609,34.41948],[-119.1607,34.41961],[-119.16065,34.41969],[-119.16062,34.41976],[-119.16054,34.41988],[-119.16046,34.41995],[-119.16038,34.42001],[-119.16028,34.42008],[-119.16018,34.42015],[-119.16012,34.42019],[-119.16008,34.42024],[-119.16005,34.42029],[-119.16002,34.42035],[-119.16,34.42045]]]}},{"type":"Feature","properties":{"name":"East Sulphur Mountain Road","t":1},"geometry":{"type":"LineString","coordinates":[[-119.16346,34.415],[-119.16318,34.41505],[-119.16314,34.41507],[-119.1631,34.41509],[-119.16307,34.41511],[-119.16305,34.41514],[-119.16295,34.41527],[-119.16284,34.41542],[-119.16281,34.41545],[-119.16279,34.41547],[-119.16277,34.41548],[-119.16273,34.41549],[-119.16248,34.41553],[-119.16228,34.41555],[-119.16208,34.41556],[-119.16189,34.41558],[-119.16182,34.41559],[-119.16176,34.4156],[-119.1617,34.41562],[-119.16165,34.41565],[-119.16154,34.41576],[-119.16148,34.41581],[-119.16143,34.41584],[-119.16138,34.41586],[-119.16126,34.41589],[-119.16117,34.4159],[-119.16072,34.41595],[-119.16063,34.41597],[-119.16048,34.41601],[-119.16041,34.41605],[-119.16028,34.41615],[-119.16017,34.41625],[-119.16004,34.41637],[-119.16,34.4164]]}},{"type":"Feature","properties":{"name":"Horn Canyon Road","t":1},"geometry":{"type":"LineString","coordinates":[[-119.18088,34.4605],[-119.1806,34.46077],[-119.18005,34.46129],[-119.18002,34.46131],[-119.1799,34.46142],[-119.17967,34.46165],[-119.17939,34.4619],[-119.17932,34.46202],[-119.17913,34.46227],[-119.17888,34.46252],[-119.17868,34.46266],[-119.17866,34.46275],[-119.17862,34.46283],[-119.17858,34.4629],[-119.17852,34.46296],[-119.17846,34.46303],[-119.17844,34.46309],[-119.17841,34.46313],[-119.17837,34.46323]]}},{"type":"Feature","properties":{"name":"","t":1},"geometry":{"type":"LineString","coordinates":[[-119.18115,34.46053],[-119.18118,34.46066],[-119.18122,34.46077],[-119.18135,34.46097]]}},{"type":"Feature","properties":{"name":"Horn Canyon Road","t":1},"geometry":{"type":"LineString","coordinates":[[-119.18235,34.46053],[-119.18221,34.46052],[-119.18167,34.46052],[-119.18157,34.46052],[-119.18115,34.46053],[-119.18106,34.46052],[-119.18092,34.4605],[-119.18088,34.4605]]}},{"type":"Feature","properties":{"name":"","t":1},"geometry":{"type":"LineString","coordinates":[[-119.18224,34.45909],[-119.18232,34.459],[-119.18251,34.4588],[-119.18267,34.4586],[-119.18272,34.45853],[-119.18274,34.45849],[-119.18277,34.45845],[-119.1828,34.45842],[-119.18285,34.45841],[-119.18421,34.45841]]}},{"type":"Feature","properties":{"name":"McAndrew Road","t":1},"geometry":{"type":"LineString","coordinates":[[-119.18421,34.45841],[-119.1842,34.45861],[-119.18419,34.45884],[-119.18418,34.45889],[-119.18416,34.45905],[-119.1841,34.4593],[-119.18407,34.4594],[-119.18398,34.45963],[-119.18393,34.45978],[-119.18377,34.46012],[-119.18356,34.46053]]}},{"type":"Feature","properties":{"name":"Horn Canyon Road","t":1},"geometry":{"type":"LineString","coordinates":[[-119.18356,34.46053],[-119.18331,34.46053],[-119.18235,34.46053]]}},{"type":"Feature","properties":{"name":"McAndrew Road","t":1},"geometry":{"type":"LineString","coordinates":[[-119.18356,34.46053],[-119.18343,34.46082],[-119.18338,34.46095],[-119.18336,34.46105],[-119.18335,34.46117],[-119.18339,34.46154],[-119.18339,34.46158],[-119.18339,34.46159],[-119.18339,34.46173],[-119.18337,34.4626],[-119.18337,34.46262],[-119.18338,34.46265],[-119.1834,34.4627]]}},{"type":"Feature","properties":{"name":"Billie Berrie","t":1},"geometry":{"type":"LineString","coordinates":[[-119.18235,34.46053],[-119.18222,34.46073],[-119.18207,34.46096],[-119.18193,34.46116],[-119.18188,34.46128],[-119.18188,34.46142]]}},{"type":"Feature","properties":{"name":"","t":1},"geometry":{"type":"LineString","coordinates":[[-119.18207,34.46096],[-119.18201,34.46097],[-119.18194,34.46098],[-119.18181,34.46099],[-119.18167,34.46097],[-119.18157,34.46096],[-119.18145,34.46097],[-119.1814,34.46097],[-119.18135,34.46097]]}},{"type":"Feature","properties":{"name":"Rugby Road","t":0},"geometry":{"type":"LineString","coordinates":[[-119.18842,34.4622],[-119.18846,34.46242],[-119.18846,34.46271],[-119.18847,34.46281]]}},{"type":"Feature","properties":{"name":"Thacher Road","t":1},"geometry":{"type":"LineString","coordinates":[[-119.19727,34.4629],[-119.19587,34.4629],[-119.1954,34.46289],[-119.19441,34.46286],[-119.19365,34.46285],[-119.19345,34.46285],[-119.19296,34.46286],[-119.1927,34.46286],[-119.1923,34.46286],[-119.19205,34.46285],[-119.19153,34.46285],[-119.19152,34.46285],[-119.19094,34.46284],[-119.19056,34.46284],[-119.18847,34.46281],[-119.18729,34.46279],[-119.18683,34.46279],[-119.18574,34.46277],[-119.1835,34.46275],[-119.18344,34.46273],[-119.1834,34.4627]]}},{"type":"Feature","properties":{"name":"Maricopa Highway","t":3},"geometry":{"type":"LineString","coordinates":[[-119.30628,34.49327],[-119.30604,34.49378],[-119.30598,34.49392],[-119.30581,34.49431],[-119.30573,34.49451],[-119.30559,34.4949],[-119.30552,34.49505],[-119.30548,34.49513],[-119.30539,34.49525],[-119.30525,34.49541],[-119.30512,34.49553],[-119.30496,34.49564],[-119.30484,34.49571],[-119.30464,34.4958],[-119.30443,34.49589],[-119.30425,34.49596],[-119.30407,34.49601],[-119.30365,34.49609],[-119.30344,34.49614],[-119.30327,34.49618],[-119.30261,34.49637],[-119.30232,34.49645],[-119.30202,34.49652],[-119.30185,34.49657],[-119.30169,34.49665],[-119.30158,34.49671],[-119.30137,34.49687],[-119.3012,34.49705],[-119.30115,34.49711],[-119.30111,34.49717],[-119.30109,34.49722],[-119.30107,34.49727],[-119.30107,34.49733],[-119.30107,34.49738],[-119.30108,34.49744],[-119.30109,34.4975],[-119.30112,34.49757],[-119.30129,34.4979],[-119.30139,34.49811],[-119.30143,34.49825],[-119.30145,34.49844],[-119.30146,34.49856],[-119.30145,34.49872],[-119.30142,34.49924],[-119.30141,34.49932],[-119.30139,34.49947],[-119.30133,34.49961],[-119.30125,34.49974],[-119.30112,34.49992],[-119.3009,34.50015],[-119.30077,34.50029],[-119.30065,34.50043],[-119.30054,34.50059],[-119.30027,34.50093],[-119.30018,34.50103],[-119.29998,34.5012],[-119.29988,34.50127],[-119.29974,34.50136],[-119.29931,34.50162],[-119.29918,34.5017],[-119.29901,34.50181],[-119.29876,34.502],[-119.29867,34.50209],[-119.29856,34.5022],[-119.29847,34.50232],[-119.29821,34.50268],[-119.29756,34.50366],[-119.29729,34.50411],[-119.29724,34.50421],[-119.29718,34.50443],[-119.29717,34.50449],[-119.29717,34.50462],[-119.29719,34.50471],[-119.2972,34.50476],[-119.29722,34.5048],[-119.2973,34.50496],[-119.29731,34.505]]}}]}