{"type":"FeatureCollection","features":[{"type":"Feature","properties":{"name":"","c":"track"},"geometry":{"type":"LineString","coordinates":[[-119.3267,34.49287],[-119.32652,34.49317],[-119.32641,34.49343],[-119.32638,34.49364],[-119.32635,34.49394]]}},{"type":"Feature","properties":{"name":"Camino Cielo","c":"track"},"geometry":{"type":"LineString","coordinates":[[-119.31916,34.47029],[-119.31901,34.47047],[-119.31886,34.47058],[-119.31876,34.47065],[-119.31868,34.47069],[-119.31858,34.47071],[-119.31852,34.47072],[-119.31841,34.47071],[-119.31836,34.4707],[-119.31831,34.47068],[-119.31825,34.47064],[-119.31786,34.4703],[-119.3178,34.47026],[-119.31775,34.47024],[-119.3177,34.47022],[-119.3176,34.4702],[-119.31745,34.47017],[-119.31738,34.47015],[-119.31731,34.47012],[-119.31724,34.47008],[-119.31719,34.47004],[-119.31714,34.46998],[-119.3171,34.46992],[-119.31706,34.46981],[-119.31703,34.46977],[-119.31699,34.46973],[-119.31695,34.46971],[-119.3169,34.4697],[-119.31685,34.4697],[-119.31681,34.46972],[-119.31678,34.46974],[-119.31675,34.46978],[-119.31667,34.46989],[-119.31659,34.47],[-119.31652,34.47007],[-119.31645,34.47012],[-119.31639,34.47015],[-119.31634,34.47017],[-119.31623,34.47019],[-119.31611,34.4702],[-119.31598,34.47019],[-119.31585,34.47018],[-119.31533,34.47008],[-119.31506,34.46997],[-119.315,34.46993],[-119.31496,34.46989],[-119.31493,34.46983],[-119.31491,34.46973],[-119.31491,34.46968],[-119.31493,34.46963],[-119.31494,34.46954],[-119.31496,34.4693],[-119.31496,34.46903],[-119.31496,34.46898],[-119.31494,34.46894],[-119.31491,34.4689],[-119.31488,34.46887],[-119.31485,34.46886],[-119.31482,34.46885],[-119.31478,34.46885],[-119.31474,34.46887],[-119.31472,34.46889],[-119.3147,34.46894],[-119.31469,34.46906],[-119.31468,34.46912],[-119.31465,34.46919],[-119.31458,34.46928],[-119.31454,34.46931],[-119.31449,34.46932],[-119.31443,34.46931],[-119.31437,34.4693],[-119.31425,34.46924],[-119.31397,34.46908],[-119.3138,34.46898],[-119.31375,34.46897],[-119.31371,34.46897],[-119.31367,34.46898],[-119.31361,34.469],[-119.31354,34.46904],[-119.31337,34.46912],[-119.31333,34.46916],[-119.31331,34.4692],[-119.3133,34.46923],[-119.3133,34.46927],[-119.31333,34.46936],[-119.31335,34.4694],[-119.31338,34.46944],[-119.31344,34.46951],[-119.31347,34.46955],[-119.31352,34.46963],[-119.31354,34.46968],[-119.31356,34.46972],[-119.31357,34.4698],[-119.31356,34.46989],[-119.31355,34.46994],[-119.31353,34.46998],[-119.31351,34.47002],[-119.31347,34.47007],[-119.31317,34.47026],[-119.3131,34.47029],[-119.31303,34.47032],[-119.31289,34.47035],[-119.31268,34.4704],[-119.3126,34.47043],[-119.3125,34.47048],[-119.31241,34.47055],[-119.31234,34.47059],[-119.31227,34.47061],[-119.31221,34.47061],[-119.31215,34.4706],[-119.31208,34.47057],[-119.3119,34.47047],[-119.31161,34.4703],[-119.31144,34.4702],[-119.31139,34.47019],[-119.31136,34.47018],[-119.31128,34.47019],[-119.31125,34.47019],[-119.31121,34.47017],[-119.31099,34.47005],[-119.31092,34.47003],[-119.31089,34.47003],[-119.31087,34.47005],[-119.31085,34.47007],[-119.31084,34.47011],[-119.31083,34.47015],[-119.31083,34.47028],[-119.31082,34.47038],[-119.31081,34.47043],[-119.3108,34.47048],[-119.31083,34.47061],[-119.31083,34.4707],[-119.31081,34.47074],[-119.31079,34.47077],[-119.31076,34.47079],[-119.31072,34.47081],[-119.31058,34.47084],[-119.31045,34.47089],[-119.31032,34.47091],[-119.31024,34.47091],[-119.3099,34.47089],[-119.30986,34.47088],[-119.30983,34.47086],[-119.30977,34.47078],[-119.30973,34.47077],[-119.30969,34.47076],[-119.30965,34.47077],[-119.3096,34.47079],[-119.30956,34.47086],[-119.30954,34.47088],[-119.30951,34.4709],[-119.30947,34.4709],[-119.30943,34.4709],[-119.30939,34.47089],[-119.30936,34.47088],[-119.30932,34.47083],[-119.30924,34.47071],[-119.3092,34.47066],[-119.30915,34.47062],[-119.3091,34.47059],[-119.30902,34.47057],[-119.30874,34.47058],[-119.3087,34.47058],[-119.30867,34.47057],[-119.3086,34.47054],[-119.30853,34.47051],[-119.30836,34.4704],[-119.3082,34.47026],[-119.30804,34.47018],[-119.30796,34.47013],[-119.3079,34.47008],[-119.30785,34.47003],[-119.30779,34.46999],[-119.30776,34.46998],[-119.30771,34.46997],[-119.30767,34.46998],[-119.30757,34.47004],[-119.30751,34.47012],[-119.3075,34.47014],[-119.30751,34.47018],[-119.30758,34.4703],[-119.30762,34.47039],[-119.30766,34.47051],[-119.30768,34.47061],[-119.30767,34.4707],[-119.30766,34.47077],[-119.30762,34.47088],[-119.30762,34.47091],[-119.30763,34.47094],[-119.30765,34.47096],[-119.3077,34.47102],[-119.30773,34.47105],[-119.30774,34.47109],[-119.30774,34.47112],[-119.30773,34.47116],[-119.30771,34.4712],[-119.30766,34.47127],[-119.30764,34.47134],[-119.30764,34.47145],[-119.30767,34.47162],[-119.30767,34.47167],[-119.30764,34.47173],[-119.30758,34.47178],[-119.30751,34.47181],[-119.30742,34.47185],[-119.30737,34.47186],[-119.30733,34.47185],[-119.30728,34.47184],[-119.30714,34.47174],[-119.30711,34.47173],[-119.30707,34.47172],[-119.30704,34.47172],[-119.30701,34.47174],[-119.30698,34.47179],[-119.30693,34.47183],[-119.3069,34.47183],[-119.30687,34.47184],[-119.30684,34.47183],[-119.30679,34.47181],[-119.30659,34.47167],[-119.30653,34.47164],[-119.3065,34.47164],[-119.30642,34.47165],[-119.30638,34.47167],[-119.3062,34.47181],[-119.30615,34.47184],[-119.30612,34.47184],[-119.30609,34.47185],[-119.30606,34.47184],[-119.30603,34.47182],[-119.30587,34.47168],[-119.30582,34.47166],[-119.30579,34.47166],[-119.30574,34.47167],[-119.30561,34.47172],[-119.3053,34.47183],[-119.30526,34.47184],[-119.30523,34.47184],[-119.30519,34.47184],[-119.30516,34.47182],[-119.30512,34.4718],[-119.30491,34.47162],[-119.30487,34.47157],[-119.30484,34.47151],[-119.30482,34.47147],[-119.30479,34.47139],[-119.30478,34.47136],[-119.30474,34.47134],[-119.30469,34.47131],[-119.30462,34.4713],[-119.30458,34.47129],[-119.30453,34.4713],[-119.30451,34.47131],[-119.3045,34.47135],[-119.3045,34.47138],[-119.30453,34.47144],[-119.30455,34.47152],[-119.30456,34.47163],[-119.30456,34.47172],[-119.30455,34.47183],[-119.30452,34.47191],[-119.30449,34.47197],[-119.30445,34.47203],[-119.3044,34.47208],[-119.30432,34.47214],[-119.3042,34.47221],[-119.30411,34.47225],[-119.30395,34.47232],[-119.30386,34.47234],[-119.30382,34.47233],[-119.30375,34.47231],[-119.30359,34.47221],[-119.30354,34.4722],[-119.30347,34.4722],[-119.30337,34.47221],[-119.30329,34.47222],[-119.303,34.47221],[-119.3029,34.4722],[-119.3028,34.4722],[-119.30275,34.47221],[-119.30262,34.47224],[-119.30255,34.47227],[-119.30248,34.47231],[-119.30245,34.47233],[-119.30229,34.47248],[-119.3022,34.47255],[-119.30211,34.4726],[-119.30205,34.47262],[-119.30198,34.47265],[-119.30181,34.47268],[-119.3017,34.47269],[-119.30151,34.47274],[-119.30147,34.47275],[-119.30144,34.47276],[-119.30143,34.47278],[-119.30142,34.4728],[-119.30142,34.47283],[-119.30143,34.47286],[-119.30144,34.47288],[-119.30147,34.47289],[-119.30159,34.47291],[-119.3019,34.47292],[-119.30204,34.47294],[-119.30209,34.47296],[-119.30215,34.47299],[-119.30217,34.47301],[-119.30218,34.47304],[-119.30219,34.47307],[-119.30219,34.47311],[-119.30218,34.47315],[-119.30215,34.47321],[-119.3021,34.47329],[-119.30206,34.47335],[-119.30201,34.47339],[-119.30196,34.47343],[-119.30185,34.47349],[-119.30182,34.47352],[-119.30173,34.47365],[-119.30161,34.47385],[-119.30156,34.47395],[-119.3015,34.47409],[-119.30148,34.47416],[-119.30147,34.47421],[-119.30146,34.47428],[-119.30146,34.47433],[-119.3015,34.47458],[-119.30151,34.47479],[-119.30152,34.47482],[-119.30154,34.47484],[-119.30158,34.47487],[-119.30193,34.47503],[-119.3021,34.4751],[-119.30214,34.47512],[-119.30217,34.47514],[-119.3022,34.47518],[-119.30221,34.47524],[-119.30221,34.47527],[-119.3022,34.4753],[-119.30217,34.47535],[-119.3021,34.47543],[-119.30206,34.4755],[-119.30205,34.47556],[-119.3021,34.47573],[-119.3021,34.47576],[-119.30209,34.47582],[-119.30207,34.47586],[-119.30207,34.47591],[-119.30208,34.47595],[-119.30211,34.47603],[-119.30212,34.47608],[-119.30212,34.47614],[-119.30211,34.47617],[-119.30208,34.47619],[-119.30202,34.47621],[-119.30198,34.47621],[-119.30194,34.47621],[-119.30192,34.47619],[-119.30184,34.47612],[-119.30173,34.47604],[-119.3016,34.47598],[-119.30145,34.47592],[-119.30121,34.47584],[-119.30112,34.47581],[-119.30105,34.4758],[-119.30098,34.4758],[-119.30091,34.4758],[-119.30073,34.47582],[-119.30064,34.47582],[-119.30058,34.47581],[-119.30052,34.47578],[-119.30035,34.47567],[-119.30027,34.47565],[-119.30018,34.47564],[-119.30009,34.47563],[-119.29997,34.47562],[-119.29985,34.47562],[-119.29976,34.47561],[-119.29964,34.4756],[-119.29956,34.47556],[-119.29948,34.4755],[-119.29939,34.47546],[-119.29932,34.47545],[-119.29929,34.47544],[-119.29923,34.47545],[-119.29917,34.47546],[-119.29912,34.47549],[-119.29909,34.47552],[-119.29906,34.47556],[-119.29902,34.47566],[-119.29901,34.47573],[-119.29903,34.47612],[-119.29904,34.47619],[-119.29906,34.47624],[-119.2991,34.47626],[-119.29919,34.4763],[-119.29926,34.47636],[-119.29946,34.47643],[-119.29953,34.47645],[-119.29957,34.47648],[-119.29958,34.47651],[-119.29958,34.47657],[-119.29958,34.47668],[-119.29955,34.4768],[-119.29954,34.47691],[-119.29954,34.477],[-119.29955,34.47704],[-119.29952,34.47709],[-119.29946,34.47716],[-119.29944,34.47721],[-119.29942,34.47725],[-119.29941,34.47734],[-119.29942,34.47738],[-119.29947,34.47747],[-119.2995,34.47754],[-119.2995,34.47758],[-119.29947,34.47769],[-119.29942,34.47778],[-119.29933,34.47787],[-119.29929,34.47796],[-119.29927,34.47803],[-119.29927,34.47811],[-119.29925,34.47822],[-119.29924,34.47831],[-119.29925,34.47838],[-119.29927,34.47842],[-119.29929,34.47845],[-119.29931,34.47848],[-119.29938,34.47852],[-119.29944,34.47855],[-119.29962,34.47862],[-119.29973,34.47866],[-119.29983,34.47868],[-119.2999,34.47869],[-119.29996,34.4787],[-119.30005,34.47868],[-119.30012,34.47865],[-119.30018,34.47862],[-119.30023,34.4786],[-119.30026,34.47861],[-119.30029,34.47863],[-119.30029,34.47868],[-119.30028,34.47875],[-119.30027,34.47882],[-119.30025,34.47901],[-119.3002,34.47916],[-119.30017,34.4792],[-119.30014,34.47926],[-119.3,34.47942],[-119.29991,34.4795],[-119.29985,34.47955],[-119.29981,34.47959],[-119.2998,34.47964],[-119.29979,34.47969],[-119.2998,34.47973],[-119.29981,34.47977],[-119.29983,34.47981],[-119.29986,34.47986],[-119.29991,34.47991],[-119.29996,34.47995],[-119.30003,34.47995],[-119.30014,34.47999],[-119.30021,34.48004],[-119.30027,34.48008],[-119.30028,34.48013],[-119.30027,34.4802],[-119.30027,34.48029],[-119.30027,34.48046],[-119.3003,34.48054],[-119.30044,34.48084],[-119.30053,34.48112],[-119.30067,34.48149],[-119.30071,34.48162],[-119.30072,34.48172],[-119.3007,34.48191],[-119.30066,34.48207],[-119.30062,34.48218],[-119.30053,34.48246],[-119.30047,34.4826],[-119.30042,34.48276],[-119.3004,34.48291],[-119.30037,34.48301],[-119.30033,34.48307],[-119.30029,34.48311],[-119.30025,34.48314],[-119.3002,34.48318],[-119.30015,34.4832],[-119.30011,34.4832],[-119.30008,34.4832],[-119.30004,34.48318],[-119.30001,34.48316],[-119.29999,34.48313],[-119.29999,34.48309],[-119.30001,34.48303],[-119.30003,34.48299],[-119.30011,34.48286],[-119.30018,34.48276],[-119.30022,34.48264],[-119.30025,34.48255],[-119.30026,34.48249],[-119.30028,34.4824],[-119.30031,34.48226],[-119.30032,34.48216],[-119.30029,34.48209],[-119.30025,34.48204],[-119.3,34.48183],[-119.29983,34.48168],[-119.29977,34.48162],[-119.29971,34.4816],[-119.29961,34.48159],[-119.29947,34.48157],[-119.2994,34.48155],[-119.29934,34.48152],[-119.29927,34.48149],[-119.29921,34.48147],[-119.29915,34.48147],[-119.29905,34.48146],[-119.29888,34.48142],[-119.2988,34.4814]]}},{"type":"Feature","properties":{"name":"Kennedy Ridge Trail","c":"path"},"geometry":{"type":"LineString","coordinates":[[-119.29856,34.46175],[-119.2986,34.46174],[-119.29874,34.46175],[-119.29884,34.46177],[-119.29894,34.4618],[-119.29909,34.46179],[-119.29922,34.46182],[-119.2993,34.46183],[-119.29937,34.46182],[-119.29941,34.46179],[-119.2994,34.46177],[-119.29934,34.46173],[-119.29921,34.46169],[-119.29917,34.46163],[-119.29913,34.46161],[-119.29905,34.46159],[-119.29899,34.46156],[-119.29895,34.4615],[-119.29888,34.46143],[-119.29888,34.46131],[-119.29895,34.4612],[-119.29898,34.46114],[-119.29901,34.46114],[-119.29904,34.46118],[-119.29909,34.46123],[-119.29918,34.46128],[-119.29926,34.4613],[-119.29933,34.46131],[-119.29939,34.46133],[-119.29944,34.46137],[-119.2995,34.46139],[-119.29951,34.46142],[-119.29961,34.46149],[-119.29973,34.46157],[-119.29979,34.4616],[-119.29986,34.46159],[-119.29999,34.46158],[-119.30005,34.46156],[-119.3001,34.46151],[-119.30015,34.4615],[-119.30018,34.46151],[-119.3002,34.46153],[-119.30021,34.46156],[-119.30023,34.4616],[-119.30026,34.46162],[-119.30025,34.46165],[-119.30021,34.46166],[-119.30017,34.4617],[-119.30016,34.46175],[-119.30018,34.46179],[-119.30017,34.46181],[-119.30014,34.46185],[-119.30012,34.46192],[-119.30013,34.46197],[-119.3002,34.46205],[-119.30023,34.46211],[-119.30033,34.46224],[-119.30035,34.4623],[-119.30032,34.46234],[-119.3003,34.46238],[-119.3003,34.46242],[-119.30032,34.46243],[-119.30038,34.46242],[-119.30042,34.46242],[-119.30046,34.46243],[-119.3005,34.46247],[-119.30053,34.46247],[-119.30056,34.46248],[-119.30055,34.46252],[-119.30053,34.46254],[-119.30054,34.46257],[-119.30052,34.46264],[-119.3005,34.46275],[-119.30049,34.46283],[-119.30049,34.46288],[-119.30052,34.46291],[-119.30054,34.46292],[-119.30054,34.46291],[-119.30055,34.46288],[-119.30055,34.46283],[-119.30057,34.46281],[-119.30063,34.46276],[-119.30067,34.46275],[-119.3007,34.46276],[-119.30072,34.46281],[-119.30072,34.46287],[-119.30076,34.4629],[-119.30076,34.46296],[-119.30077,34.463],[-119.30082,34.46316],[-119.30085,34.46325],[-119.30089,34.46334],[-119.3009,34.4634],[-119.30092,34.46346],[-119.30095,34.46347],[-119.30108,34.46351],[-119.30116,34.46354],[-119.30122,34.46355],[-119.30123,34.46356],[-119.30119,34.46358],[-119.30114,34.46362],[-119.30116,34.46365],[-119.30118,34.46364],[-119.30122,34.46363],[-119.30125,34.46365],[-119.30131,34.46366],[-119.30132,34.46367],[-119.3013,34.46368],[-119.30126,34.46369],[-119.30123,34.46372],[-119.30121,34.46376],[-119.30121,34.46379],[-119.30123,34.4638],[-119.30125,34.46379],[-119.30126,34.46378],[-119.30128,34.46376],[-119.3013,34.46375],[-119.30132,34.46377],[-119.30131,34.46379],[-119.30129,34.46382],[-119.30129,34.46388],[-119.30131,34.46391],[-119.3013,34.46408],[-119.3013,34.46413],[-119.30132,34.46415],[-119.30134,34.46413],[-119.30137,34.46411],[-119.30141,34.46405],[-119.30144,34.46404],[-119.30148,34.46403],[-119.30151,34.46405],[-119.3015,34.46409],[-119.3015,34.46413],[-119.30146,34.46415],[-119.30142,34.46419],[-119.30142,34.46424],[-119.30139,34.46432],[-119.30135,34.46437],[-119.30135,34.4644],[-119.30135,34.46442],[-119.30141,34.46439],[-119.30149,34.46434],[-119.30153,34.46428],[-119.3016,34.46427],[-119.30166,34.46431],[-119.30177,34.46433],[-119.30185,34.46442],[-119.30199,34.46448],[-119.30201,34.4645],[-119.30202,34.46457],[-119.30202,34.46459],[-119.30199,34.46458],[-119.30196,34.46455],[-119.30195,34.46455],[-119.30194,34.46458],[-119.30195,34.4646],[-119.30195,34.46462],[-119.30192,34.46462],[-119.3019,34.46458],[-119.30188,34.46456],[-119.3018,34.46455],[-119.30173,34.46455],[-119.3017,34.46457],[-119.30167,34.46463],[-119.30166,34.46469],[-119.30166,34.46476],[-119.3017,34.46482],[-119.3017,34.46487],[-119.30168,34.46489],[-119.30164,34.46491],[-119.30163,34.46494],[-119.30169,34.46494],[-119.30175,34.46492],[-119.30182,34.46492],[-119.30187,34.4649],[-119.30193,34.4649],[-119.30198,34.46491],[-119.302,34.46492],[-119.30201,34.46494],[-119.302,34.46496],[-119.30197,34.46498],[-119.30197,34.46501],[-119.30194,34.46507],[-119.30192,34.46512],[-119.3019,34.46512],[-119.30185,34.46511],[-119.30181,34.46511],[-119.30178,34.4651],[-119.30168,34.46514],[-119.30158,34.46518],[-119.30154,34.46522],[-119.30151,34.46525],[-119.30139,34.46531],[-119.30137,34.46534],[-119.30138,34.46537],[-119.30141,34.46539],[-119.30145,34.46539],[-119.3015,34.46536],[-119.3016,34.46534],[-119.30166,34.46532],[-119.30168,34.46533],[-119.3017,34.46535],[-119.30171,34.46539],[-119.3017,34.46542],[-119.30168,34.46547],[-119.30165,34.46551],[-119.30165,34.46553],[-119.30161,34.46558],[-119.30159,34.46562],[-119.30154,34.46572],[-119.30152,34.46577],[-119.30155,34.46577],[-119.30157,34.46576],[-119.30166,34.46571],[-119.30174,34.46569],[-119.30183,34.46567],[-119.30191,34.46568],[-119.30197,34.46568],[-119.30202,34.4657],[-119.30213,34.46573],[-119.30219,34.46575],[-119.30221,34.46577],[-119.3022,34.46579],[-119.30201,34.46582],[-119.30194,34.46583],[-119.30191,34.46589],[-119.30193,34.46591],[-119.302,34.46593],[-119.30208,34.46597],[-119.30218,34.46598],[-119.30231,34.46606],[-119.30236,34.46605],[-119.3025,34.46599],[-119.30264,34.46594],[-119.30271,34.46592],[-119.30281,34.46589],[-119.30289,34.46589],[-119.30297,34.4659],[-119.30304,34.46591],[-119.30309,34.46593],[-119.30315,34.46598],[-119.30318,34.466],[-119.30324,34.46601],[-119.30331,34.466],[-119.3034,34.46602],[-119.3035,34.466],[-119.30369,34.46597],[-119.30381,34.46596],[-119.30395,34.46589],[-119.30412,34.46583],[-119.30425,34.46581],[-119.30436,34.4658],[-119.30444,34.4658],[-119.30452,34.46577],[-119.30467,34.46572],[-119.30475,34.46571],[-119.30491,34.46569],[-119.30499,34.46566],[-119.3051,34.46564],[-119.30515,34.46559],[-119.30524,34.46557],[-119.30532,34.46553],[-119.30542,34.46551],[-119.30549,34.4655],[-119.30556,34.46548],[-119.30559,34.46549],[-119.30562,34.46551],[-119.30571,34.46549],[-119.30581,34.46549],[-119.30588,34.46548],[-119.30593,34.46548],[-119.30595,34.4655],[-119.30597,34.46553],[-119.30604,34.46554],[-119.30614,34.46553],[-119.30625,34.46554],[-119.30633,34.46555],[-119.30642,34.46555],[-119.30654,34.46558],[-119.30665,34.46558],[-119.30672,34.46559],[-119.30678,34.46562],[-119.30683,34.46563],[-119.30687,34.46564],[-119.30693,34.46568],[-119.30699,34.4657],[-119.30706,34.4657],[-119.30711,34.46572],[-119.30717,34.46571],[-119.30723,34.4657],[-119.30732,34.46569],[-119.30739,34.46569],[-119.3074,34.46568],[-119.30745,34.46565],[-119.30753,34.46564],[-119.30758,34.46561],[-119.30766,34.46556],[-119.30777,34.46555],[-119.30782,34.46556],[-119.3079,34.46559],[-119.30794,34.46558],[-119.30798,34.46559],[-119.30804,34.46558],[-119.30812,34.46556],[-119.30819,34.46552],[-119.30825,34.4655],[-119.30832,34.46549],[-119.30841,34.46548],[-119.30854,34.46544],[-119.30859,34.46541],[-119.30865,34.46539],[-119.30871,34.46536],[-119.30876,34.46535],[-119.30881,34.46537],[-119.30887,34.46537],[-119.30895,34.46536],[-119.30904,34.46535],[-119.30912,34.46533],[-119.30915,34.46531],[-119.30925,34.46527],[-119.30934,34.46521],[-119.3094,34.46516],[-119.30945,34.46513],[-119.30952,34.4651],[-119.30956,34.4651],[-119.3096,34.46509],[-119.30966,34.46504],[-119.30974,34.465],[-119.30986,34.46495],[-119.3099,34.46493],[-119.30994,34.46492],[-119.31014,34.46484],[-119.31023,34.4648],[-119.31029,34.46478],[-119.31032,34.46474],[-119.31036,34.46471],[-119.3104,34.46471],[-119.31046,34.46472],[-119.31057,34.46473],[-119.31067,34.46472],[-119.31077,34.46472],[-119.31085,34.46475],[-119.31093,34.46477],[-119.31111,34.46478],[-119.31123,34.46479],[-119.31129,34.46479],[-119.31134,34.4648],[-119.31137,34.4648],[-119.31142,34.46477],[-119.31148,34.46476],[-119.31159,34.46474],[-119.31165,34.46472],[-119.3117,34.46472],[-119.31175,34.46476],[-119.31179,34.46481],[-119.31182,34.46482],[-119.3119,34.46481],[-119.31199,34.46483],[-119.31204,34.46485],[-119.31209,34.46484],[-119.31216,34.46485],[-119.31224,34.46482],[-119.31227,34.4648],[-119.3123,34.46476],[-119.31234,34.46476],[-119.3124,34.46474],[-119.31246,34.46476],[-119.31251,34.46476],[-119.31256,34.46476],[-119.31262,34.46476],[-119.31269,34.46474],[-119.31273,34.46471],[-119.31279,34.4647],[-119.3129,34.46471],[-119.31303,34.46474],[-119.31314,34.46477],[-119.31324,34.46477],[-119.31336,34.46476],[-119.31346,34.46474],[-119.31353,34.46473],[-119.31363,34.46472],[-119.3137,34.4647],[-119.31382,34.46468],[-119.31393,34.46469],[-119.31405,34.46468],[-119.31414,34.46469],[-119.31423,34.4647],[-119.3143,34.46471],[-119.31439,34.46474],[-119.3145,34.46476],[-119.31458,34.46474],[-119.31465,34.46475],[-119.31471,34.46473],[-119.31478,34.46473],[-119.31488,34.46469],[-119.31493,34.46469],[-119.31504,34.46466],[-119.3151,34.46466],[-119.31521,34.46463],[-119.31526,34.46464],[-119.31539,34.46464],[-119.31548,34.46464],[-119.31556,34.46465],[-119.31567,34.46465],[-119.3157,34.46463],[-119.31573,34.4646],[-119.31576,34.46458],[-119.31584,34.46458],[-119.31593,34.4646],[-119.31595,34.4646],[-119.31602,34.46457],[-119.31607,34.46458],[-119.31611,34.46456],[-119.31613,34.46456],[-119.3162,34.46453],[-119.31623,34.46453],[-119.31627,34.46452],[-119.31636,34.46449],[-119.31645,34.46448],[-119.31654,34.46448],[-119.31657,34.46446],[-119.3166,34.46442],[-119.31663,34.46442],[-119.3167,34.46443],[-119.3168,34.46443],[-119.31683,34.46444],[-119.3169,34.46445],[-119.31696,34.46444],[-119.31701,34.46444],[-119.31707,34.46443],[-119.31713,34.46444],[-119.3172,34.46443],[-119.31724,34.46443],[-119.31731,34.46442],[-119.31741,34.46444],[-119.31748,34.46443],[-119.31753,34.46444],[-119.31762,34.46443],[-119.31768,34.4644],[-119.31773,34.46441],[-119.31782,34.4644],[-119.31786,34.46439],[-119.31792,34.46437],[-119.31796,34.46435],[-119.31799,34.46433],[-119.31804,34.46433],[-119.31807,34.46435],[-119.31808,34.46438],[-119.31813,34.4644],[-119.31815,34.46441],[-119.31825,34.46442],[-119.31829,34.46444],[-119.31832,34.46446],[-119.31849,34.46449],[-119.31858,34.46449],[-119.31867,34.4645],[-119.31877,34.46451],[-119.31881,34.46453],[-119.31887,34.46457],[-119.3189,34.46462],[-119.31895,34.46464],[-119.31896,34.46467],[-119.31896,34.4647],[-119.31898,34.46473],[-119.319,34.46476],[-119.31898,34.46478],[-119.31898,34.46482],[-119.31898,34.46486],[-119.31896,34.46488],[-119.31892,34.46489],[-119.31886,34.4649],[-119.31876,34.46494],[-119.31866,34.46494],[-119.31851,34.46501],[-119.3184,34.46503],[-119.31832,34.46511],[-119.31829,34.46517],[-119.31834,34.46524],[-119.31828,34.46529],[-119.31819,34.4653],[-119.31812,34.46529],[-119.31802,34.46535],[-119.31791,34.46548],[-119.31791,34.46552],[-119.31788,34.46555],[-119.31771,34.46563],[-119.31767,34.46568],[-119.31762,34.46569],[-119.31756,34.46572],[-119.3175,34.46579],[-119.3175,34.46583],[-119.31749,34.46585],[-119.31746,34.46586],[-119.31743,34.46588],[-119.31736,34.46591],[-119.31729,34.46594],[-119.31722,34.46595],[-119.31715,34.46599],[-119.31708,34.46604],[-119.31703,34.46611],[-119.31693,34.46616],[-119.31688,34.4662],[-119.31685,34.46622],[-119.31675,34.46624],[-119.31673,34.46628],[-119.31674,34.46633],[-119.31675,34.46642],[-119.31676,34.46647],[-119.3168,34.46653],[-119.31689,34.46661],[-119.3169,34.46666],[-119.31696,34.46669],[-119.31695,34.46674],[-119.31696,34.46677],[-119.31698,34.4668],[-119.31704,34.4668],[-119.31705,34.46682],[-119.31708,34.46689],[-119.31704,34.46693],[-119.31698,34.46695],[-119.31697,34.467],[-119.31698,34.4671],[-119.31701,34.46717],[-119.31702,34.46725],[-119.31702,34.46734],[-119.31704,34.46736],[-119.31709,34.46735],[-119.31712,34.46731],[-119.31718,34.46729],[-119.31729,34.4673],[-119.31738,34.4673],[-119.31743,34.4673],[-119.31747,34.46731],[-119.31753,34.46731],[-119.31757,34.46726],[-119.31762,34.46728],[-119.31766,34.46733],[-119.31775,34.46737],[-119.31785,34.46742],[-119.31796,34.46742],[-119.31802,34.46743],[-119.31808,34.46748],[-119.31817,34.46752],[-119.31827,34.4676],[-119.31831,34.46762],[-119.31833,34.46765],[-119.31839,34.46768],[-119.31845,34.4677],[-119.31846,34.46772],[-119.3185,34.46775],[-119.31857,34.46781],[-119.31864,34.46784],[-119.31868,34.46786],[-119.31871,34.4679],[-119.31871,34.46793],[-119.31869,34.46796],[-119.31864,34.46799],[-119.31859,34.468],[-119.31854,34.46799],[-119.31851,34.46798],[-119.31847,34.46797],[-119.31846,34.46799],[-119.31844,34.46802],[-119.31844,34.46806],[-119.31847,34.46814],[-119.31846,34.46818],[-119.31845,34.46821],[-119.31847,34.4683],[-119.31848,34.46834],[-119.31849,34.46834],[-119.31851,34.46835],[-119.3185,34.4684],[-119.3185,34.46847],[-119.3185,34.46854],[-119.31848,34.46857],[-119.31849,34.46859],[-119.31849,34.4686],[-119.31847,34.46865],[-119.31848,34.46867],[-119.3185,34.46868],[-119.31859,34.46862],[-119.31864,34.4686],[-119.31867,34.46857],[-119.31875,34.46853],[-119.31883,34.4685],[-119.31888,34.46851],[-119.31889,34.46852],[-119.31888,34.46855],[-119.31885,34.46857],[-119.31885,34.4686],[-119.31883,34.46862],[-119.3188,34.46866],[-119.31878,34.4687],[-119.31878,34.46875],[-119.31874,34.46882],[-119.31875,34.46886],[-119.31877,34.46892],[-119.3188,34.46896],[-119.31885,34.46905],[-119.3189,34.46911],[-119.3189,34.46915],[-119.31889,34.4692],[-119.31887,34.46922],[-119.31885,34.46927],[-119.31883,34.4693],[-119.31881,34.46932],[-119.31883,34.46933],[-119.31891,34.46933],[-119.31895,34.46933],[-119.31899,34.46934],[-119.31902,34.46935],[-119.31906,34.46935],[-119.31911,34.46932],[-119.31914,34.46929],[-119.31917,34.46929],[-119.3192,34.46927],[-119.31924,34.46927],[-119.31925,34.46929],[-119.31927,34.46932],[-119.31937,34.46939],[-119.31939,34.46943],[-119.31935,34.46947],[-119.31934,34.4695],[-119.31933,34.46951],[-119.31926,34.46955],[-119.31908,34.46967],[-119.31905,34.46969],[-119.31901,34.46973],[-119.31897,34.46977],[-119.31898,34.46978],[-119.31908,34.46977],[-119.31917,34.46975],[-119.3192,34.46976],[-119.31934,34.46977],[-119.31936,34.4698],[-119.31934,34.46982],[-119.3193,34.46983],[-119.31926,34.46985],[-119.31923,34.46986],[-119.31922,34.46988],[-119.31924,34.46992],[-119.3192,34.46994],[-119.31916,34.46998],[-119.31914,34.47004],[-119.31914,34.4701],[-119.31917,34.47006],[-119.3192,34.47003],[-119.31926,34.47005],[-119.3193,34.47007],[-119.31935,34.47007],[-119.31936,34.47009],[-119.31932,34.47011],[-119.31926,34.47013],[-119.31919,34.47025],[-119.31916,34.47026],[-119.31916,34.47029]]}},{"type":"Feature","properties":{"name":"Camino Cielo","c":"path"},"geometry":{"type":"LineString","coordinates":[[-119.34,34.47651],[-119.33988,34.47651],[-119.33967,34.47651],[-119.3394,34.47653],[-119.33921,34.47657],[-119.33903,34.47661],[-119.3389,34.47666],[-119.33883,34.47669],[-119.33883,34.47673],[-119.3388,34.47675],[-119.33875,34.47684],[-119.33865,34.47689],[-119.33857,34.47694],[-119.33847,34.47695],[-119.33837,34.47695],[-119.33825,34.47701],[-119.33811,34.47708],[-119.33805,34.47713],[-119.33798,34.47716],[-119.33789,34.47721],[-119.33787,34.47723],[-119.33784,34.47725],[-119.33784,34.47732],[-119.33783,34.47738],[-119.33779,34.47745],[-119.33773,34.47749],[-119.33769,34.47751],[-119.33763,34.47752],[-119.33759,34.47754],[-119.33754,34.47754],[-119.33747,34.47757],[-119.33739,34.47757],[-119.33729,34.47758],[-119.33721,34.47757],[-119.33714,34.47756],[-119.33707,34.47752],[-119.33699,34.47751],[-119.33693,34.47751],[-119.33682,34.47749],[-119.33668,34.47751],[-119.33664,34.47749],[-119.33657,34.4775],[-119.33648,34.4775],[-119.33638,34.47746],[-119.33628,34.47744],[-119.33619,34.47743],[-119.33609,34.47743],[-119.33598,34.47747],[-119.33586,34.47746],[-119.33575,34.47745],[-119.33572,34.47743],[-119.33567,34.47744],[-119.33561,34.47741],[-119.33544,34.47742],[-119.33533,34.47744],[-119.33528,34.47744],[-119.33515,34.47746],[-119.33506,34.47747],[-119.33499,34.47747],[-119.33491,34.47746],[-119.33485,34.47742],[-119.33479,34.47737],[-119.33473,34.47734],[-119.33467,34.47733],[-119.33461,34.47732],[-119.3345,34.47734],[-119.33437,34.4774],[-119.33432,34.47742],[-119.33431,34.47744],[-119.33418,34.47748],[-119.33409,34.47749],[-119.33397,34.47749],[-119.33388,34.47749],[-119.33379,34.47749],[-119.33371,34.47751],[-119.33363,34.47755],[-119.33358,34.47757],[-119.33351,34.47756],[-119.33341,34.47755],[-119.33329,34.47753],[-119.33321,34.4775],[-119.33313,34.47748],[-119.33307,34.47744],[-119.333,34.47743],[-119.33293,34.47743],[-119.33283,34.47742],[-119.33276,34.47742],[-119.33267,34.47738],[-119.33258,34.47734],[-119.33239,34.47732],[-119.33225,34.4773],[-119.33215,34.47728],[-119.33206,34.47724],[-119.33197,34.47718],[-119.3319,34.47714],[-119.33179,34.4771],[-119.33158,34.47702],[-119.33151,34.47698],[-119.33133,34.47698],[-119.33118,34.47697],[-119.331,34.47693],[-119.33075,34.47686],[-119.3305,34.47682],[-119.33038,34.47681],[-119.33027,34.47676],[-119.33022,34.47671],[-119.33015,34.47665],[-119.33006,34.47664],[-119.32997,34.47666],[-119.32986,34.47667],[-119.32976,34.47667],[-119.32968,34.47665],[-119.32965,34.47666],[-119.3295,34.47663],[-119.32938,34.47659],[-119.32931,34.47658],[-119.32921,34.47654],[-119.32912,34.47646],[-119.32909,34.47641],[-119.3291,34.47634],[-119.32911,34.47626],[-119.32909,34.47614],[-119.32903,34.47605],[-119.32898,34.47601],[-119.32889,34.47595],[-119.3288,34.47589],[-119.32865,34.47586],[-119.32844,34.47582],[-119.32828,34.47575],[-119.32822,34.47573],[-119.32814,34.47571],[-119.32808,34.47564],[-119.32802,34.47551],[-119.32798,34.47548],[-119.32791,34.47538],[-119.32791,34.47531],[-119.32796,34.47522],[-119.328,34.47514],[-119.32805,34.47496],[-119.32809,34.47478],[-119.32809,34.47461],[-119.3281,34.47443],[-119.32814,34.47432],[-119.32819,34.47423],[-119.32825,34.4741],[-119.32827,34.47403],[-119.3283,34.47396],[-119.32833,34.47388],[-119.32831,34.47382],[-119.32826,34.47377],[-119.32821,34.47372],[-119.32815,34.47365],[-119.32812,34.47361],[-119.32807,34.4736],[-119.32804,34.47351],[-119.32796,34.47346],[-119.32789,34.47344],[-119.32783,34.47346],[-119.32776,34.47349],[-119.32772,34.47352],[-119.32763,34.47359],[-119.32757,34.47364],[-119.32752,34.47372],[-119.32746,34.47379],[-119.32741,34.47383],[-119.32736,34.47389],[-119.32734,34.47394],[-119.32736,34.47399],[-119.32744,34.47409],[-119.32751,34.47422],[-119.3276,34.47433],[-119.32763,34.47442],[-119.32763,34.47449],[-119.32765,34.47457],[-119.32767,34.47468],[-119.32767,34.47473],[-119.3276,34.47476],[-119.32756,34.47478],[-119.32747,34.47479],[-119.32732,34.4748],[-119.32725,34.4748],[-119.32719,34.47482],[-119.32714,34.47486],[-119.32711,34.47491],[-119.32709,34.47497],[-119.32706,34.47506],[-119.32704,34.47516],[-119.32699,34.47523],[-119.32694,34.47527],[-119.32689,34.47534],[-119.32685,34.4754],[-119.32682,34.47546],[-119.32676,34.47553],[-119.32669,34.47561],[-119.32663,34.47569],[-119.32659,34.47576],[-119.32659,34.47582],[-119.32661,34.47593],[-119.3267,34.47603],[-119.32675,34.47609],[-119.32683,34.47616],[-119.32703,34.47624],[-119.32712,34.47626],[-119.32724,34.4763],[-119.32729,34.47635],[-119.32733,34.47642],[-119.32733,34.47647],[-119.32727,34.47655],[-119.3272,34.4766],[-119.32714,34.47665],[-119.32709,34.47665],[-119.32696,34.47671],[-119.32692,34.47673],[-119.32686,34.47673],[-119.3268,34.47675],[-119.32671,34.47677],[-119.32656,34.47678],[-119.32645,34.47677],[-119.32635,34.47674],[-119.32619,34.47677],[-119.3261,34.47677],[-119.32604,34.47679],[-119.32601,34.47685],[-119.32593,34.47686],[-119.32583,34.47686],[-119.32568,34.47685],[-119.32554,34.47685],[-119.32542,34.4768],[-119.32516,34.47674],[-119.32497,34.47666],[-119.32485,34.47662],[-119.32467,34.47656],[-119.32452,34.47649],[-119.32442,34.47647],[-119.32427,34.47639],[-119.32413,34.47637],[-119.32404,34.47632],[-119.32377,34.47626],[-119.32344,34.47617],[-119.32316,34.4761],[-119.32305,34.47608],[-119.32301,34.47606],[-119.32296,34.47609],[-119.32291,34.47609],[-119.32281,34.47611],[-119.32279,34.47607],[-119.32278,34.47601],[-119.32271,34.47599],[-119.32243,34.47592],[-119.32235,34.47593],[-119.32219,34.47586],[-119.32195,34.47578],[-119.32192,34.47574],[-119.32191,34.47571],[-119.32188,34.47569],[-119.32182,34.47569],[-119.32174,34.47571],[-119.32171,34.47571],[-119.32161,34.47569],[-119.32151,34.47569],[-119.32136,34.47567],[-119.32114,34.47563],[-119.32094,34.47558],[-119.3207,34.47554],[-119.32056,34.47551],[-119.32044,34.47546],[-119.32029,34.47543],[-119.32019,34.47542],[-119.32013,34.47538],[-119.32008,34.47532],[-119.32007,34.47525],[-119.32005,34.47516],[-119.32009,34.47513],[-119.32011,34.4751],[-119.32013,34.47508],[-119.32013,34.47505],[-119.32018,34.47501],[-119.32028,34.47498],[-119.32041,34.47497],[-119.32052,34.47496],[-119.32064,34.47494],[-119.32072,34.4749],[-119.32084,34.47487],[-119.32096,34.47482],[-119.32103,34.47476],[-119.32118,34.47462],[-119.32136,34.4745],[-119.3215,34.47441],[-119.32156,34.47436],[-119.32163,34.47431],[-119.32171,34.47428],[-119.32187,34.47427],[-119.322,34.4743],[-119.32208,34.47434],[-119.32216,34.47436],[-119.32222,34.47436],[-119.32228,34.47434],[-119.32235,34.4743],[-119.32243,34.47428],[-119.32251,34.47428],[-119.32259,34.47433],[-119.32263,34.47436],[-119.32263,34.47439],[-119.32275,34.47445],[-119.32284,34.47452],[-119.32294,34.47461],[-119.32302,34.47469],[-119.32308,34.47478],[-119.3231,34.47489],[-119.32309,34.47497],[-119.3231,34.47502],[-119.32312,34.47506],[-119.32319,34.47511],[-119.32325,34.47515],[-119.32331,34.47517],[-119.32341,34.47519],[-119.32343,34.47517],[-119.32344,34.47514],[-119.32347,34.47514],[-119.32346,34.47518],[-119.32349,34.47516],[-119.32354,34.47513],[-119.32367,34.47505],[-119.3238,34.47498],[-119.32383,34.4749],[-119.32396,34.47482],[-119.32408,34.47477],[-119.32418,34.47476],[-119.32424,34.47475],[-119.32429,34.47478],[-119.32435,34.47485],[-119.32441,34.47492],[-119.32444,34.47497],[-119.32446,34.47499],[-119.32452,34.47499],[-119.32459,34.47499],[-119.32466,34.47496],[-119.32472,34.47494],[-119.32478,34.47488],[-119.32486,34.47485],[-119.32488,34.4748],[-119.32494,34.47476],[-119.325,34.47473],[-119.32512,34.47476],[-119.32524,34.4748],[-119.32534,34.47485],[-119.32542,34.47488],[-119.32545,34.47489],[-119.32549,34.47487],[-119.32552,34.47483],[-119.32551,34.47476],[-119.32549,34.4747],[-119.32545,34.47462],[-119.32543,34.47453],[-119.32539,34.47441],[-119.32532,34.47435],[-119.32527,34.4743],[-119.32525,34.47422],[-119.32512,34.4741],[-119.32502,34.47402],[-119.32495,34.47394],[-119.32496,34.47383],[-119.32502,34.47373],[-119.32506,34.47364],[-119.32511,34.47359],[-119.32511,34.47354],[-119.32514,34.47348],[-119.32515,34.47343],[-119.32515,34.47339],[-119.32513,34.47336],[-119.32511,34.47332],[-119.32505,34.47331],[-119.32495,34.47338],[-119.32481,34.47346],[-119.32476,34.47349],[-119.32465,34.47351],[-119.32453,34.47357],[-119.32448,34.47358],[-119.3244,34.47356],[-119.32433,34.47354],[-119.32424,34.47351],[-119.32416,34.47339],[-119.32403,34.47328],[-119.32391,34.47322],[-119.32386,34.47317],[-119.32384,34.47312],[-119.32385,34.47306],[-119.32389,34.473],[-119.32398,34.47292],[-119.32402,34.47286],[-119.32402,34.47282],[-119.32401,34.47276],[-119.32398,34.47271],[-119.3239,34.47263],[-119.32388,34.47254],[-119.32383,34.47248],[-119.32377,34.47245],[-119.32373,34.47243],[-119.32363,34.47239],[-119.32354,34.47236],[-119.32345,34.47232],[-119.32338,34.47228],[-119.32337,34.47224],[-119.32337,34.47221],[-119.32338,34.47217],[-119.32342,34.47214],[-119.32346,34.47207],[-119.32349,34.47204],[-119.32352,34.47199],[-119.32354,34.47195],[-119.32355,34.4719],[-119.32353,34.47186],[-119.3235,34.47182],[-119.32344,34.4718],[-119.32336,34.47179],[-119.32327,34.47178],[-119.32319,34.47179],[-119.3231,34.47178],[-119.32304,34.47177],[-119.32298,34.47174],[-119.32297,34.47171],[-119.32298,34.47166],[-119.32303,34.47159],[-119.32308,34.47157],[-119.3231,34.47156],[-119.32316,34.47149],[-119.32323,34.47144],[-119.32329,34.47139],[-119.32331,34.47135],[-119.32337,34.47135],[-119.32341,34.47134],[-119.32349,34.47137],[-119.32359,34.47133],[-119.32367,34.47127],[-119.32371,34.4712],[-119.32379,34.47113],[-119.32382,34.47107],[-119.32386,34.47104],[-119.32391,34.47101],[-119.32395,34.471],[-119.32398,34.47094],[-119.32402,34.47093],[-119.32404,34.47085],[-119.32409,34.47075],[-119.32415,34.47068],[-119.32427,34.47063],[-119.3243,34.4706],[-119.3244,34.47049],[-119.32445,34.47048],[-119.3245,34.47044],[-119.32455,34.47039],[-119.32461,34.47035],[-119.3247,34.47032],[-119.32477,34.47032],[-119.32489,34.4703],[-119.32497,34.47031],[-119.32504,34.47031],[-119.32513,34.47033],[-119.3252,34.47032],[-119.32526,34.47029],[-119.32531,34.47026],[-119.32534,34.47021],[-119.32538,34.4701],[-119.32539,34.47002],[-119.3254,34.46991],[-119.32543,34.46985],[-119.32548,34.46975],[-119.32552,34.46969],[-119.32557,34.46965],[-119.32564,34.46951],[-119.32571,34.46939],[-119.32574,34.46932],[-119.32585,34.46924],[-119.3259,34.4692],[-119.32594,34.46917],[-119.32598,34.46912],[-119.32597,34.46908],[-119.32592,34.46905],[-119.32588,34.46905],[-119.32585,34.46907],[-119.32583,34.46912],[-119.32578,34.46916],[-119.32571,34.46922],[-119.32562,34.46931],[-119.32555,34.46941],[-119.32547,34.46949],[-119.32537,34.46953],[-119.32529,34.46956],[-119.32522,34.46958],[-119.32517,34.46964],[-119.32514,34.46971],[-119.32513,34.4698],[-119.32511,34.46989],[-119.32508,34.46993],[-119.32501,34.46996],[-119.32492,34.46998],[-119.32481,34.46997],[-119.3246,34.46994],[-119.32451,34.46994],[-119.32442,34.46991],[-119.32433,34.46993],[-119.32425,34.46997],[-119.32419,34.47003],[-119.32407,34.4701],[-119.324,34.47013],[-119.32392,34.47012],[-119.32386,34.47007],[-119.32376,34.47002],[-119.32369,34.47002],[-119.32357,34.47009],[-119.32338,34.47021],[-119.32327,34.47028],[-119.32324,34.47032],[-119.32325,34.47036],[-119.32327,34.47042],[-119.32325,34.47051],[-119.32323,34.47054],[-119.32321,34.47058],[-119.32315,34.47062],[-119.3231,34.47066],[-119.32304,34.47068],[-119.32298,34.47069],[-119.32276,34.47078],[-119.32269,34.4708],[-119.32259,34.4708],[-119.32249,34.47081],[-119.3224,34.47084],[-119.32232,34.47087],[-119.32224,34.47092],[-119.32217,34.47095],[-119.32211,34.47098],[-119.32207,34.47104],[-119.32202,34.47109],[-119.322,34.47112],[-119.32195,34.47118],[-119.32188,34.47122],[-119.32177,34.47125],[-119.32164,34.47124],[-119.32162,34.4712],[-119.32156,34.47118],[-119.3215,34.47118],[-119.32144,34.4712],[-119.32128,34.47118],[-119.32123,34.47116],[-119.3211,34.47104],[-119.32105,34.471],[-119.32103,34.47097],[-119.32093,34.47094],[-119.32085,34.47088],[-119.32074,34.47086],[-119.32069,34.47083],[-119.32064,34.47073],[-119.32057,34.47066],[-119.32052,34.4706],[-119.32045,34.47052],[-119.32038,34.47049],[-119.32028,34.47048],[-119.32022,34.47047],[-119.32017,34.47046],[-119.3201,34.47045],[-119.32002,34.47043],[-119.31995,34.47047],[-119.31987,34.47054],[-119.31984,34.47056],[-119.31978,34.47054],[-119.3197,34.4705],[-119.31966,34.47045],[-119.31958,34.47035],[-119.3195,34.47028],[-119.31943,34.47026],[-119.31933,34.47026],[-119.31925,34.47028],[-119.31916,34.47029]]}},{"type":"Feature","properties":{"name":"","c":"track"},"geometry":{"type":"LineString","coordinates":[[-119.33936,34.45326],[-119.33932,34.45331],[-119.33927,34.45333],[-119.33917,34.45336],[-119.33908,34.45341],[-119.33903,34.45343],[-119.33899,34.45345],[-119.33897,34.45348],[-119.33893,34.45355],[-119.33892,34.45369],[-119.33891,34.45406],[-119.33891,34.45418],[-119.33894,34.45425],[-119.33899,34.45431],[-119.33907,34.45436],[-119.3391,34.45443],[-119.33913,34.45456],[-119.33914,34.45466],[-119.33913,34.4548],[-119.33911,34.45489],[-119.33908,34.45496],[-119.33902,34.45502],[-119.33895,34.45508],[-119.33879,34.45529],[-119.33863,34.45554],[-119.33853,34.45572]]}},{"type":"Feature","properties":{"name":"","c":"track"},"geometry":{"type":"LineString","coordinates":[[-119.32549,34.43696],[-119.3256,34.43694],[-119.32563,34.4369],[-119.32586,34.43671],[-119.32597,34.43659],[-119.32603,34.4365],[-119.32607,34.43644],[-119.3261,34.43637],[-119.32614,34.43632],[-119.32622,34.43625],[-119.32646,34.4361],[-119.32651,34.43608],[-119.32659,34.43604],[-119.32666,34.43598],[-119.32672,34.4359],[-119.32679,34.43575],[-119.32682,34.43557],[-119.32684,34.43547],[-119.3269,34.4354],[-119.32699,34.43529],[-119.32706,34.43521],[-119.32714,34.43519],[-119.32723,34.43517],[-119.32739,34.43518],[-119.32756,34.43521],[-119.32797,34.4353],[-119.32822,34.43534],[-119.32868,34.43536],[-119.32918,34.43533],[-119.32937,34.43531],[-119.3295,34.43531],[-119.32957,34.43536],[-119.32961,34.43544],[-119.32963,34.43555],[-119.32959,34.43567],[-119.32952,34.43581],[-119.3295,34.43588],[-119.3295,34.43593],[-119.32955,34.43595],[-119.3296,34.43593],[-119.32971,34.43583],[-119.32989,34.43574],[-119.33,34.4357],[-119.33007,34.43569],[-119.33012,34.43569],[-119.33018,34.43574]]}},{"type":"Feature","properties":{"name":"","c":"track"},"geometry":{"type":"LineString","coordinates":[[-119.3306,34.43558],[-119.33046,34.43562],[-119.33033,34.43566],[-119.33018,34.43574],[-119.32994,34.4359],[-119.32966,34.43617],[-119.32953,34.43635],[-119.32941,34.43656],[-119.32926,34.43679],[-119.3292,34.4369],[-119.32901,34.43709],[-119.32895,34.43713],[-119.32885,34.43717],[-119.32875,34.43721],[-119.32857,34.43728],[-119.32849,34.43734],[-119.32837,34.43744],[-119.32832,34.43753],[-119.32814,34.43774],[-119.32805,34.43781],[-119.32797,34.43786],[-119.32791,34.43789],[-119.3278,34.43792],[-119.32756,34.43804],[-119.32752,34.43806],[-119.32745,34.43813],[-119.32736,34.4383],[-119.32732,34.43835],[-119.32725,34.43841],[-119.32718,34.43846],[-119.32712,34.4385],[-119.32706,34.43852],[-119.32701,34.43853],[-119.32689,34.43857],[-119.32671,34.43865],[-119.32666,34.43868],[-119.3265,34.43883],[-119.32644,34.43891],[-119.32641,34.439],[-119.32638,34.43905],[-119.32633,34.43909],[-119.32624,34.43913],[-119.32612,34.43921],[-119.32606,34.43927],[-119.32603,34.43932],[-119.3259,34.43964],[-119.32583,34.4398],[-119.3258,34.43986],[-119.32577,34.43991],[-119.32573,34.43994],[-119.32567,34.43997],[-119.32561,34.43999],[-119.32551,34.44],[-119.32503,34.44011],[-119.32482,34.44012],[-119.32452,34.44011],[-119.32416,34.44004],[-119.32392,34.43997],[-119.32349,34.43976],[-119.3233,34.43968],[-119.32305,34.43959],[-119.3229,34.43941],[-119.32282,34.43929],[-119.32262,34.43889],[-119.32245,34.43867],[-119.32225,34.43841],[-119.32215,34.4382],[-119.32206,34.43809],[-119.32204,34.43796],[-119.32209,34.4378],[-119.32214,34.43771]]}},{"type":"Feature","properties":{"name":"","c":"track"},"geometry":{"type":"LineString","coordinates":[[-119.32603,34.43932],[-119.32617,34.43932],[-119.32636,34.43934],[-119.32644,34.43934],[-119.32654,34.43933],[-119.32664,34.43931],[-119.32693,34.43925],[-119.3273,34.43912],[-119.32738,34.43908],[-119.32769,34.43898],[-119.32777,34.43894],[-119.32783,34.43891],[-119.32789,34.43888],[-119.32796,34.43883],[-119.32808,34.43878],[-119.32818,34.43874],[-119.32835,34.43871],[-119.32843,34.4387],[-119.32881,34.43865],[-119.32895,34.43865],[-119.32902,34.43866],[-119.32937,34.43883],[-119.32947,34.4389],[-119.3295,34.43892],[-119.3295,34.43897],[-119.32951,34.43902],[-119.32949,34.43911],[-119.3295,34.43918],[-119.32958,34.43936],[-119.32969,34.43969],[-119.32973,34.43979],[-119.32975,34.43984],[-119.32976,34.43998],[-119.32975,34.4401],[-119.32974,34.44027],[-119.32972,34.44064],[-119.32973,34.44074],[-119.32974,34.44084],[-119.32973,34.44095],[-119.32972,34.44099],[-119.32965,34.44108],[-119.32953,34.4412],[-119.32943,34.44135],[-119.32938,34.44146],[-119.32931,34.44155],[-119.32925,34.44161],[-119.32922,34.44164],[-119.32887,34.44181],[-119.32883,34.44185],[-119.32881,34.44189],[-119.32881,34.44193],[-119.32882,34.44197],[-119.32883,34.44201],[-119.32889,34.44212],[-119.32889,34.44221],[-119.32888,34.44228],[-119.32889,34.44245],[-119.32888,34.44249],[-119.32879,34.44264],[-119.32875,34.44272],[-119.32874,34.44276],[-119.32874,34.44282],[-119.32876,34.44289],[-119.32882,34.44298],[-119.32883,34.44302],[-119.32883,34.44306],[-119.32881,34.44314],[-119.32881,34.44323],[-119.32882,34.44335],[-119.32881,34.44341],[-119.3288,34.44344],[-119.32878,34.44347],[-119.32873,34.44353],[-119.32871,34.44355],[-119.3287,34.44357],[-119.3287,34.44363],[-119.32872,34.44367],[-119.32874,34.44371],[-119.32877,34.44373],[-119.32894,34.44383],[-119.32914,34.44396],[-119.32924,34.44402],[-119.32931,34.44408],[-119.32935,34.44411],[-119.32936,34.44414],[-119.32935,34.44418],[-119.32934,34.4442],[-119.3293,34.44422],[-119.32889,34.4444],[-119.32884,34.44446],[-119.32869,34.4445],[-119.32861,34.44456],[-119.32842,34.44477],[-119.32837,34.44486],[-119.32833,34.44494],[-119.32833,34.44501],[-119.32835,34.44525],[-119.32836,34.44555],[-119.32836,34.44561],[-119.32835,34.44566],[-119.32828,34.44576],[-119.32792,34.44603],[-119.32749,34.44629],[-119.32708,34.44657],[-119.32702,34.4466],[-119.32695,34.44663],[-119.32681,34.44664],[-119.32673,34.44665],[-119.32667,34.44666],[-119.32629,34.4468],[-119.3261,34.44683],[-119.32598,34.44684],[-119.32573,34.44684],[-119.32545,34.4468],[-119.32533,34.4468],[-119.32524,34.44682],[-119.32518,34.44684],[-119.32511,34.44689],[-119.32497,34.44697],[-119.32488,34.447],[-119.32465,34.44701],[-119.32437,34.44702],[-119.32427,34.44703],[-119.32417,34.44706],[-119.32405,34.4471],[-119.3239,34.44717],[-119.3236,34.44733],[-119.32305,34.44762],[-119.32295,34.44769],[-119.32284,34.44782],[-119.32281,34.44793],[-119.3228,34.44798],[-119.32277,34.44803],[-119.32271,34.44813],[-119.32267,34.44818],[-119.32261,34.44826],[-119.32256,34.44831],[-119.32245,34.44844],[-119.32217,34.44867],[-119.32213,34.44869],[-119.32208,34.44871],[-119.32201,34.44875],[-119.32199,34.44877],[-119.32198,34.44881],[-119.322,34.44885],[-119.32202,34.44886],[-119.32209,34.44887],[-119.32212,34.44887],[-119.32217,34.44884],[-119.3222,34.44882],[-119.32225,34.44879],[-119.32229,34.44877],[-119.32234,34.44875],[-119.32238,34.44874],[-119.32242,34.44874],[-119.32252,34.44876],[-119.32258,34.44879],[-119.32265,34.44882],[-119.32269,34.44884],[-119.32277,34.44883],[-119.32291,34.44879],[-119.32296,34.44878],[-119.32304,34.44875],[-119.32315,34.44874],[-119.32318,34.44875],[-119.32324,34.44877],[-119.32328,34.4488],[-119.32332,34.44882],[-119.32337,34.44882],[-119.3234,34.44882],[-119.32345,34.44884],[-119.32348,34.44885],[-119.32352,34.44888],[-119.32354,34.4489],[-119.32355,34.44892],[-119.32355,34.44894],[-119.32354,34.44895],[-119.32351,34.44897],[-119.32346,34.44899],[-119.32324,34.44895],[-119.32315,34.44895],[-119.32307,34.44897],[-119.32299,34.44901],[-119.32282,34.44908],[-119.32272,34.44911],[-119.32265,34.44914],[-119.32257,34.44917],[-119.32244,34.44924],[-119.32235,34.44927],[-119.32225,34.44929],[-119.32211,34.4493],[-119.32206,34.44932],[-119.32203,34.44934],[-119.32199,34.44942],[-119.32183,34.44961],[-119.32183,34.44964],[-119.32186,34.4497],[-119.32186,34.44974]]}},{"type":"Feature","properties":{"name":"","c":"track"},"geometry":{"type":"LineString","coordinates":[[-119.33701,34.44141],[-119.337,34.44155],[-119.33696,34.44179],[-119.33697,34.44182],[-119.33698,34.44185],[-119.337,34.44189],[-119.33704,34.44193],[-119.33708,34.44196],[-119.33712,34.44198],[-119.33724,34.44206],[-119.33737,34.44219]]}},{"type":"Feature","properties":{"name":"","c":"path"},"geometry":{"type":"LineString","coordinates":[[-119.32884,34.44446],[-119.32887,34.44449],[-119.32891,34.44458],[-119.32895,34.44484],[-119.329,34.44499],[-119.32908,34.44505],[-119.32929,34.44509],[-119.32964,34.44503],[-119.33022,34.44487],[-119.33054,34.44469],[-119.3308,34.44455],[-119.33109,34.44439],[-119.33131,34.44413],[-119.33134,34.44404],[-119.33134,34.44392],[-119.33142,34.44383],[-119.33161,34.44369],[-119.3317,34.44363],[-119.33191,34.44358],[-119.33206,34.44356],[-119.3322,34.44358],[-119.33229,34.44361],[-119.33236,34.44367],[-119.33244,34.44374],[-119.33247,34.44382],[-119.33249,34.44387],[-119.3325,34.44396],[-119.33252,34.444],[-119.33257,34.44407],[-119.33273,34.44423],[-119.33282,34.44437],[-119.33286,34.44446],[-119.33297,34.44462],[-119.33301,34.44466],[-119.33306,34.44469],[-119.33311,34.44471],[-119.33315,34.44473],[-119.33318,34.44477],[-119.33322,34.44484],[-119.33328,34.445],[-119.33331,34.44504],[-119.33341,34.44511],[-119.33348,34.44514],[-119.33353,34.44517],[-119.33359,34.44521],[-119.33365,34.44528],[-119.33382,34.44547],[-119.33389,34.44557],[-119.33395,34.44567],[-119.33397,34.44571],[-119.334,34.44575],[-119.334,34.44581],[-119.334,34.44587],[-119.33397,34.44591],[-119.33395,34.446],[-119.33393,34.44607],[-119.33393,34.44617],[-119.33392,34.44628],[-119.33391,34.44635],[-119.3339,34.4464],[-119.33388,34.44644],[-119.33385,34.4465],[-119.33382,34.44654],[-119.33381,34.44659],[-119.33382,34.44663],[-119.33384,34.44668],[-119.33391,34.44675],[-119.33401,34.44693],[-119.33408,34.44701],[-119.3341,34.44706],[-119.33409,34.44715],[-119.33406,34.44722],[-119.33399,34.44735],[-119.3339,34.44749],[-119.33389,34.44758],[-119.33391,34.44763],[-119.33394,34.44767],[-119.33397,34.44775],[-119.33401,34.44783],[-119.33406,34.44798],[-119.3341,34.44806],[-119.33414,34.44812],[-119.33416,34.44816],[-119.33419,34.44821],[-119.3342,34.44826],[-119.33422,34.44841],[-119.33422,34.44848],[-119.33421,34.44853],[-119.33419,34.44857],[-119.33419,34.4486],[-119.33419,34.44864],[-119.33421,34.44869],[-119.33427,34.44876],[-119.33433,34.44883],[-119.33447,34.44897],[-119.33451,34.44901],[-119.3347,34.44932],[-119.33472,34.44939],[-119.33473,34.44945],[-119.33472,34.4495],[-119.33461,34.44959],[-119.3345,34.44967],[-119.33445,34.44969],[-119.3344,34.44971],[-119.33436,34.44973],[-119.33433,34.44974],[-119.3343,34.44976],[-119.33428,34.44981],[-119.33428,34.44987],[-119.33426,34.44993],[-119.33426,34.45009],[-119.33427,34.45017],[-119.33428,34.45023],[-119.3343,34.45029],[-119.33431,34.45034],[-119.33431,34.45042],[-119.33431,34.4505],[-119.3343,34.45057],[-119.3343,34.45061],[-119.33435,34.45077],[-119.33438,34.45083],[-119.33441,34.45092],[-119.33443,34.45096],[-119.33444,34.45102],[-119.33444,34.45111],[-119.33441,34.4512],[-119.33437,34.45125],[-119.33433,34.45131],[-119.3342,34.45144],[-119.33396,34.45161],[-119.33393,34.45164],[-119.3339,34.45168],[-119.33388,34.45175],[-119.33385,34.45183],[-119.3338,34.45194],[-119.33377,34.45199],[-119.33367,34.45206],[-119.3336,34.4521],[-119.33334,34.4522],[-119.33328,34.45224],[-119.33317,34.45228],[-119.33312,34.45231],[-119.33299,34.45239],[-119.33295,34.45245],[-119.33293,34.45249],[-119.33289,34.45253],[-119.33279,34.45261],[-119.33275,34.45262],[-119.33264,34.45263],[-119.33253,34.45267],[-119.33245,34.45268],[-119.3324,34.45268],[-119.33236,34.45267],[-119.33224,34.45258],[-119.33222,34.45258],[-119.3322,34.45258],[-119.33218,34.45259],[-119.33216,34.45262],[-119.33214,34.4527],[-119.3321,34.45275],[-119.33209,34.45279],[-119.33211,34.45284],[-119.33214,34.45288],[-119.33223,34.45294],[-119.33233,34.45299],[-119.33235,34.45301],[-119.33236,34.45304],[-119.33234,34.45306],[-119.33228,34.4531],[-119.33213,34.45317],[-119.33202,34.45322],[-119.33187,34.45332],[-119.33164,34.45343],[-119.33152,34.45349],[-119.33135,34.4536],[-119.33125,34.45367],[-119.33115,34.45372],[-119.33104,34.45374],[-119.33096,34.45374],[-119.33086,34.45374],[-119.33082,34.45375],[-119.33079,34.45376],[-119.33078,34.45379],[-119.33077,34.45382],[-119.33078,34.45385],[-119.33081,34.45389],[-119.33086,34.45399],[-119.33089,34.45404],[-119.3309,34.4541],[-119.33092,34.45426],[-119.33094,34.45443],[-119.33095,34.45449],[-119.33094,34.45453],[-119.33091,34.45457],[-119.33089,34.45459],[-119.33087,34.45464],[-119.33084,34.45468],[-119.33078,34.45479],[-119.33073,34.45484],[-119.33062,34.45495],[-119.33057,34.45498],[-119.33051,34.45501],[-119.33044,34.45503]]}},{"type":"Feature","properties":{"name":"","c":"path"},"geometry":{"type":"LineString","coordinates":[[-119.33073,34.45526],[-119.33104,34.45518],[-119.33112,34.45515],[-119.33119,34.4551],[-119.33122,34.45508],[-119.33131,34.45496],[-119.33137,34.45492],[-119.33139,34.45492],[-119.33149,34.45493],[-119.33154,34.45493],[-119.33162,34.45492],[-119.33168,34.45489],[-119.33174,34.45486],[-119.33178,34.45482],[-119.33182,34.45477],[-119.33183,34.45474],[-119.33183,34.45454],[-119.33184,34.45451],[-119.33186,34.45449],[-119.33188,34.45447],[-119.33192,34.45445],[-119.33211,34.45441],[-119.33225,34.45436],[-119.33231,34.45433],[-119.33234,34.4543],[-119.33244,34.45419],[-119.33248,34.45415],[-119.33252,34.45412],[-119.33256,34.4541],[-119.33258,34.45409],[-119.33261,34.45408],[-119.33264,34.45407],[-119.33266,34.45406],[-119.33269,34.45405],[-119.33273,34.45406],[-119.33278,34.45408],[-119.33285,34.45414],[-119.3329,34.4542],[-119.33301,34.45436],[-119.33307,34.45444],[-119.3331,34.45449],[-119.33319,34.45461],[-119.33333,34.45472],[-119.33338,34.45476],[-119.33353,34.45481]]}},{"type":"Feature","properties":{"name":"Rice Wills","c":"track"},"geometry":{"type":"MultiLineString","coordinates":[[[-119.33839,34.44903],[-119.33834,34.44906],[-119.33832,34.4491],[-119.33832,34.44915],[-119.33837,34.44919],[-119.33844,34.44922],[-119.33851,34.44927],[-119.33854,34.44931],[-119.33864,34.44939],[-119.33875,34.44946],[-119.33878,34.44948],[-119.33879,34.44951],[-119.3388,34.44957],[-119.3388,34.44971],[-119.33883,34.44976],[-119.33887,34.4498],[-119.33893,34.44988],[-119.33901,34.44994],[-119.33908,34.45001],[-119.33915,34.45005],[-119.33922,34.45011],[-119.3393,34.45012],[-119.33942,34.45013],[-119.3395,34.45013],[-119.33959,34.45017],[-119.33962,34.45025],[-119.33962,34.4503],[-119.33964,34.45035],[-119.33976,34.45042],[-119.33981,34.45055],[-119.3398,34.45063],[-119.33975,34.45085],[-119.33974,34.45094],[-119.33976,34.45102],[-119.33977,34.45113],[-119.33988,34.45128],[-119.33992,34.45137],[-119.33991,34.45142],[-119.33992,34.45144],[-119.33991,34.45152],[-119.33994,34.45163],[-119.33999,34.4517],[-119.34,34.4517]],[[-119.34,34.45262],[-119.33974,34.45307],[-119.33968,34.45315],[-119.33966,34.45318],[-119.33962,34.4532],[-119.33957,34.45322],[-119.33946,34.45321],[-119.33941,34.45323],[-119.33936,34.45326],[-119.33929,34.45326],[-119.33918,34.45324],[-119.33899,34.4532],[-119.33896,34.45319],[-119.33887,34.45318],[-119.33877,34.45317],[-119.33872,34.45318],[-119.33865,34.45319],[-119.33861,34.45321],[-119.33857,34.45324],[-119.33848,34.45332],[-119.33837,34.45346],[-119.33824,34.45358],[-119.33814,34.45373],[-119.33803,34.45394],[-119.338,34.454],[-119.33788,34.45417],[-119.33774,34.45431],[-119.33768,34.45437],[-119.33753,34.45452],[-119.33748,34.45458],[-119.3374,34.45466],[-119.33734,34.45471],[-119.33725,34.45478],[-119.33717,34.45483],[-119.33709,34.45485],[-119.3369,34.45485],[-119.33684,34.45485],[-119.3368,34.45484],[-119.33676,34.45481],[-119.33673,34.45476],[-119.33668,34.45465],[-119.33665,34.45461],[-119.33661,34.45459],[-119.33652,34.45455],[-119.33644,34.45454],[-119.33636,34.45452],[-119.33627,34.45449],[-119.33617,34.45447],[-119.33612,34.45447],[-119.33603,34.45449],[-119.33589,34.45456],[-119.33584,34.45461],[-119.33578,34.45474],[-119.33573,34.45478],[-119.33569,34.45481],[-119.33555,34.45488],[-119.33545,34.45491],[-119.33532,34.45493],[-119.33514,34.45492],[-119.33504,34.45491],[-119.3347,34.45491],[-119.33464,34.45491],[-119.3344,34.45497],[-119.33416,34.45498],[-119.33405,34.45497],[-119.33391,34.45496],[-119.33369,34.45485],[-119.33363,34.45484],[-119.33353,34.45481],[-119.33344,34.45483],[-119.33336,34.45485],[-119.33329,34.45488],[-119.33313,34.45498],[-119.33304,34.45507],[-119.33286,34.45529],[-119.33277,34.45544],[-119.33272,34.45553],[-119.33266,34.45562],[-119.33262,34.45567],[-119.33258,34.45569],[-119.33254,34.4557],[-119.3325,34.45569],[-119.33248,34.45567],[-119.33248,34.45564],[-119.33248,34.45554],[-119.33248,34.45548],[-119.33244,34.45539],[-119.33242,34.45536],[-119.33239,34.45534],[-119.33235,34.45533],[-119.33231,34.45532],[-119.33225,34.45532],[-119.33219,34.45534],[-119.33186,34.45545],[-119.33178,34.45546],[-119.33172,34.45546],[-119.33164,34.45547],[-119.33159,34.45548],[-119.33154,34.45552],[-119.33151,34.45555],[-119.33148,34.45558],[-119.33144,34.45564],[-119.33134,34.45585],[-119.33126,34.45597],[-119.33122,34.45602],[-119.33118,34.45606],[-119.33114,34.45607],[-119.3311,34.45608],[-119.33101,34.45608],[-119.33093,34.45607],[-119.33089,34.45605],[-119.33087,34.45601],[-119.33085,34.45596],[-119.33082,34.45588],[-119.33085,34.45559],[-119.33084,34.45554],[-119.33083,34.45548],[-119.33073,34.45526],[-119.3307,34.45526],[-119.3306,34.45526],[-119.33051,34.45523],[-119.33046,34.4552],[-119.33041,34.45516],[-119.33039,34.45512],[-119.3304,34.45509],[-119.33044,34.45503],[-119.33052,34.45499],[-119.3306,34.45491],[-119.33062,34.45484],[-119.33061,34.45472],[-119.33058,34.45467],[-119.33052,34.45466],[-119.33048,34.45467],[-119.33043,34.45473],[-119.33033,34.45488],[-119.33017,34.455],[-119.33012,34.45507],[-119.3301,34.45514],[-119.33012,34.45525],[-119.33019,34.45545],[-119.33018,34.45559],[-119.33015,34.45566],[-119.33009,34.45571],[-119.32999,34.45573],[-119.32991,34.45571],[-119.32952,34.45546],[-119.32937,34.45542],[-119.32926,34.45543],[-119.32904,34.45555],[-119.32895,34.45559],[-119.32854,34.4556],[-119.32832,34.45556],[-119.32818,34.4555],[-119.32805,34.4554],[-119.32779,34.4553],[-119.32762,34.4552],[-119.32743,34.45506],[-119.32692,34.45484],[-119.32684,34.45483],[-119.32674,34.45485],[-119.32659,34.45493],[-119.32644,34.45497],[-119.32627,34.45495],[-119.32578,34.45479],[-119.32555,34.45478],[-119.32511,34.45473],[-119.3246,34.45474],[-119.32432,34.4547],[-119.32419,34.45466],[-119.32406,34.45458],[-119.32389,34.45446],[-119.32376,34.45438],[-119.32335,34.45422],[-119.32324,34.45419],[-119.32269,34.45411],[-119.32227,34.45402],[-119.32217,34.45401],[-119.32203,34.45403],[-119.3215,34.45419],[-119.32075,34.45427],[-119.32056,34.45433],[-119.32041,34.45436],[-119.32028,34.45436],[-119.31988,34.4543],[-119.31969,34.45426],[-119.3193,34.4541],[-119.31872,34.454],[-119.31844,34.45393],[-119.31825,34.45393],[-119.31777,34.45404],[-119.31764,34.45405]]]}},{"type":"Feature","properties":{"name":"","c":"track"},"geometry":{"type":"LineString","coordinates":[[-119.31764,34.45405],[-119.31738,34.45398],[-119.31723,34.45392],[-119.31708,34.45382],[-119.31696,34.45378],[-119.31676,34.45372],[-119.31661,34.45367],[-119.31652,34.4536],[-119.3164,34.45348],[-119.31601,34.45312],[-119.31579,34.45298],[-119.31557,34.45285],[-119.31541,34.45272],[-119.31526,34.45264],[-119.31514,34.45256],[-119.31502,34.45244],[-119.315,34.45234],[-119.315,34.45227],[-119.31501,34.45213]]}},{"type":"Feature","properties":{"name":"","c":"track"},"geometry":{"type":"LineString","coordinates":[[-119.31747,34.45459],[-119.31741,34.45456],[-119.31731,34.45458],[-119.31727,34.45462],[-119.31721,34.45466],[-119.3171,34.45474],[-119.31691,34.45481],[-119.31658,34.4548],[-119.31648,34.45475],[-119.31642,34.4547],[-119.31637,34.45461],[-119.31634,34.4545],[-119.31625,34.4544],[-119.316,34.45422],[-119.31591,34.45412],[-119.31589,34.45407],[-119.31588,34.45399],[-119.31591,34.45381],[-119.31588,34.45372],[-119.3158,34.45351],[-119.31572,34.45339],[-119.31562,34.45329],[-119.31545,34.45315],[-119.3153,34.45306],[-119.31497,34.45294],[-119.31464,34.45286],[-119.31455,34.45281],[-119.31449,34.45272],[-119.31449,34.45264],[-119.31452,34.45255],[-119.31448,34.45243],[-119.31452,34.45226],[-119.31458,34.45213],[-119.31463,34.45205],[-119.31469,34.45201],[-119.31476,34.45198],[-119.31489,34.45197]]}},{"type":"Feature","properties":{"name":"Rice Canyon Trail","c":"track"},"geometry":{"type":"LineString","coordinates":[[-119.30209,34.45823],[-119.30235,34.4582],[-119.30255,34.45825],[-119.30273,34.45826],[-119.30302,34.45833],[-119.30338,34.45835],[-119.30345,34.45837],[-119.30351,34.45842],[-119.30354,34.45849],[-119.30353,34.45856],[-119.30352,34.45862],[-119.30357,34.45867],[-119.30365,34.45869],[-119.30375,34.45868],[-119.30415,34.45865],[-119.30446,34.45868],[-119.30459,34.45864],[-119.30481,34.45849],[-119.30525,34.45826],[-119.30552,34.45808],[-119.30566,34.45804],[-119.30579,34.45807],[-119.30596,34.4582],[-119.30603,34.45823],[-119.30611,34.45824],[-119.30621,34.45822],[-119.30653,34.458],[-119.30697,34.45785],[-119.30705,34.45784],[-119.30741,34.45789],[-119.3075,34.45788],[-119.30757,34.45786],[-119.30765,34.45781],[-119.30773,34.45772],[-119.30787,34.4575],[-119.30797,34.45742],[-119.30806,34.45739],[-119.30864,34.45733],[-119.30886,34.4572],[-119.30919,34.45708],[-119.30929,34.45703],[-119.30949,34.45687],[-119.3096,34.45686],[-119.30969,34.45691],[-119.30973,34.45699],[-119.30975,34.45713],[-119.3098,34.45723],[-119.31006,34.45739],[-119.31024,34.45757],[-119.31037,34.45767],[-119.31053,34.45774],[-119.31116,34.45783],[-119.31158,34.45792],[-119.3117,34.45794],[-119.31202,34.45798],[-119.31239,34.45799],[-119.31281,34.45806],[-119.31335,34.45825],[-119.31363,34.45832],[-119.3139,34.45834],[-119.31424,34.45831],[-119.31447,34.45826],[-119.31463,34.45827],[-119.31477,34.45832],[-119.31498,34.45846],[-119.31512,34.45853],[-119.31523,34.45855],[-119.31538,34.45855],[-119.31547,34.45853],[-119.31558,34.45849],[-119.31577,34.45852],[-119.31586,34.45855],[-119.316,34.45866],[-119.31611,34.45873],[-119.31619,34.45874],[-119.31629,34.45874],[-119.31643,34.4587],[-119.31673,34.45847],[-119.31685,34.45844],[-119.31694,34.45847],[-119.31709,34.45854],[-119.31722,34.45858],[-119.31735,34.4586],[-119.31743,34.45858],[-119.3175,34.45853],[-119.31757,34.45847],[-119.31761,34.45839],[-119.31768,34.45816],[-119.31771,34.45797],[-119.31778,34.45779],[-119.31787,34.45766],[-119.31797,34.45747],[-119.31808,34.45722],[-119.3181,34.45712],[-119.31811,34.45703],[-119.31811,34.45686],[-119.31811,34.4568],[-119.31815,34.45673],[-119.31832,34.45644],[-119.31857,34.4561],[-119.31859,34.45604],[-119.31858,34.45595],[-119.31851,34.4558],[-119.31843,34.45567],[-119.31802,34.45522],[-119.31767,34.45488],[-119.31752,34.4547],[-119.31747,34.45459],[-119.31747,34.45453],[-119.31752,34.45437],[-119.3176,34.45426],[-119.31761,34.45425],[-119.31766,34.45414],[-119.31764,34.45405]]}},{"type":"Feature","properties":{"name":"Friends Trail","c":"path"},"geometry":{"type":"LineString","coordinates":[[-119.30759,34.45608],[-119.30798,34.45605],[-119.30836,34.45609],[-119.30851,34.4561],[-119.30869,34.45609],[-119.30886,34.45603],[-119.30901,34.45603],[-119.30908,34.45604],[-119.30917,34.45604],[-119.3092,34.45605],[-119.30928,34.45607],[-119.30933,34.45608],[-119.30935,34.45611],[-119.30938,34.45612],[-119.30943,34.45611],[-119.30944,34.45607],[-119.30958,34.45597],[-119.30962,34.45595],[-119.30974,34.45593],[-119.30978,34.45594],[-119.30985,34.45598],[-119.30986,34.456],[-119.30988,34.45601],[-119.30992,34.45603],[-119.30998,34.45603],[-119.31016,34.456],[-119.31021,34.45598],[-119.31026,34.45599],[-119.31034,34.456],[-119.31039,34.45604],[-119.31053,34.4561],[-119.31058,34.45614],[-119.31061,34.45617],[-119.3107,34.45633],[-119.31081,34.45645],[-119.31087,34.45654],[-119.31092,34.45658],[-119.31098,34.45661],[-119.31112,34.45667],[-119.31124,34.4567],[-119.3113,34.45672],[-119.31139,34.45673],[-119.31158,34.45675],[-119.31189,34.45674],[-119.31198,34.45674],[-119.31207,34.45676],[-119.31213,34.45679],[-119.3122,34.45683],[-119.31226,34.45686],[-119.31234,34.45688],[-119.31242,34.45688],[-119.3125,34.4569],[-119.31263,34.45695],[-119.31277,34.457],[-119.31287,34.45701],[-119.31297,34.45701],[-119.31305,34.45698],[-119.31331,34.45683],[-119.31337,34.45677],[-119.31342,34.45674],[-119.31349,34.4567],[-119.31359,34.45668],[-119.31369,34.45667],[-119.31378,34.45665],[-119.31387,34.45662],[-119.31396,34.4566],[-119.31403,34.45664],[-119.31412,34.45669],[-119.31419,34.45681],[-119.31427,34.45688],[-119.31447,34.45711],[-119.31452,34.45716],[-119.3146,34.45721],[-119.31473,34.45729],[-119.31481,34.45736],[-119.31487,34.45745],[-119.31489,34.45754],[-119.31491,34.45776],[-119.31494,34.45785],[-119.31498,34.45791],[-119.31526,34.45811],[-119.31531,34.45817],[-119.31536,34.45825],[-119.31538,34.45829],[-119.31542,34.45835],[-119.31548,34.4584],[-119.31551,34.45842],[-119.31558,34.45849]]}},{"type":"Feature","properties":{"name":"Fern Grotto Trail","c":"path"},"geometry":{"type":"LineString","coordinates":[[-119.31022,34.45261],[-119.31024,34.45266],[-119.31034,34.45273]]}},{"type":"Feature","properties":{"name":"Wills Canyon Trail","c":"track"},"geometry":{"type":"LineString","coordinates":[[-119.29515,34.45116],[-119.29524,34.45109],[-119.2956,34.45096],[-119.29584,34.45089],[-119.29625,34.45075],[-119.29646,34.4507],[-119.2967,34.45071],[-119.29682,34.45066],[-119.29686,34.45065],[-119.297,34.45061],[-119.29708,34.45061],[-119.29719,34.45062],[-119.29728,34.45065],[-119.29734,34.45069],[-119.29744,34.45077],[-119.29759,34.45087],[-119.2977,34.45091],[-119.29781,34.45093],[-119.29817,34.45099],[-119.29819,34.45099],[-119.29831,34.45103],[-119.29865,34.45116],[-119.29895,34.45131],[-119.29928,34.45146],[-119.29937,34.45149],[-119.29946,34.45155],[-119.29954,34.45161],[-119.29961,34.45166],[-119.29963,34.4517],[-119.29966,34.45173],[-119.29969,34.45179],[-119.29968,34.45182],[-119.29964,34.45182],[-119.29962,34.45184],[-119.29962,34.45186],[-119.29965,34.4519],[-119.29969,34.45191],[-119.29974,34.45192],[-119.29976,34.45195],[-119.29983,34.45194],[-119.29991,34.45193],[-119.3001,34.45193],[-119.30023,34.45192],[-119.30053,34.4519],[-119.30068,34.45192],[-119.30079,34.45196],[-119.30102,34.45213],[-119.30109,34.45223],[-119.30114,34.45237],[-119.30123,34.45242],[-119.30131,34.45243],[-119.30136,34.4524],[-119.30136,34.45234],[-119.30133,34.45225],[-119.30131,34.45218],[-119.30131,34.45213],[-119.30133,34.45209],[-119.30138,34.45208],[-119.30143,34.4521],[-119.30147,34.45214],[-119.30153,34.45217],[-119.3016,34.4522],[-119.30165,34.45225],[-119.30184,34.45233],[-119.30216,34.45251],[-119.30235,34.45257],[-119.30263,34.45266],[-119.30271,34.45272],[-119.30279,34.45283],[-119.30296,34.45288],[-119.30304,34.45289],[-119.30316,34.45294],[-119.30333,34.45289],[-119.30343,34.45288],[-119.30361,34.45291],[-119.3038,34.45292],[-119.30414,34.4531],[-119.30437,34.45323],[-119.30453,34.45329],[-119.30467,34.45331],[-119.30485,34.45338],[-119.30509,34.4534],[-119.30521,34.45347],[-119.30542,34.45354],[-119.30561,34.4536],[-119.3059,34.45363],[-119.30626,34.45364],[-119.30645,34.45362],[-119.30662,34.45369],[-119.30676,34.45374],[-119.30693,34.45376],[-119.30705,34.45378],[-119.30732,34.45376],[-119.30743,34.45375],[-119.30804,34.45358],[-119.30824,34.45352],[-119.30836,34.45342],[-119.30853,34.45336],[-119.30866,34.45328],[-119.30923,34.4529],[-119.30935,34.45283],[-119.30951,34.45278],[-119.30984,34.4527],[-119.31013,34.45271],[-119.31023,34.45271],[-119.31034,34.45273],[-119.31046,34.45274],[-119.31064,34.4527],[-119.31079,34.45266],[-119.31087,34.4526],[-119.31105,34.45244],[-119.31117,34.45232],[-119.31144,34.452],[-119.31152,34.45193],[-119.31165,34.45187],[-119.31205,34.45173],[-119.31218,34.45162],[-119.31243,34.45148],[-119.31275,34.45137],[-119.31297,34.45135],[-119.31318,34.45138],[-119.31348,34.45144],[-119.31365,34.45141],[-119.31386,34.45134],[-119.31399,34.45132],[-119.31426,34.45135],[-119.3145,34.45145],[-119.31462,34.45146],[-119.31475,34.45143],[-119.31482,34.45147],[-119.31488,34.45154],[-119.31505,34.45172],[-119.31506,34.45179],[-119.315,34.45186],[-119.31495,34.45192],[-119.31489,34.45197],[-119.3149,34.45203],[-119.31494,34.4521],[-119.31501,34.45213],[-119.31517,34.4522],[-119.31536,34.45225],[-119.31555,34.45228],[-119.31587,34.45224],[-119.31594,34.45224],[-119.31602,34.45228],[-119.31619,34.45247],[-119.31624,34.45249],[-119.31652,34.45253],[-119.31672,34.45257],[-119.31679,34.45257],[-119.31692,34.45253],[-119.31703,34.45253],[-119.31729,34.4526],[-119.31803,34.45273],[-119.3184,34.45284],[-119.31873,34.45296],[-119.31886,34.45299],[-119.31922,34.45297],[-119.31948,34.45297],[-119.31958,34.45296],[-119.31968,34.45295],[-119.31997,34.45288],[-119.32004,34.45288],[-119.32009,34.45289],[-119.32018,34.45293],[-119.32035,34.45301],[-119.32054,34.45305],[-119.32071,34.45307],[-119.32082,34.45307],[-119.32088,34.45305],[-119.32092,34.45303],[-119.32104,34.45291],[-119.32108,34.45288],[-119.32111,34.45287],[-119.32131,34.45288],[-119.32142,34.45288],[-119.32149,34.45287],[-119.32154,34.45285],[-119.32171,34.45277],[-119.32175,34.45275],[-119.32176,34.45273],[-119.32176,34.45271],[-119.32174,34.4526],[-119.32173,34.45251],[-119.32173,34.45247],[-119.32175,34.45244],[-119.32177,34.45242],[-119.32181,34.45239],[-119.32184,34.45238],[-119.32196,34.45236],[-119.32204,34.45235],[-119.3221,34.45234],[-119.32214,34.45232],[-119.32218,34.4523],[-119.32224,34.45222],[-119.32232,34.45214],[-119.3224,34.45201],[-119.32244,34.45196],[-119.32246,34.45193],[-119.32247,34.45189],[-119.32247,34.45176],[-119.32239,34.45148],[-119.32226,34.45089],[-119.32224,34.45086],[-119.32221,34.45081],[-119.32216,34.45078],[-119.32196,34.45075],[-119.32189,34.45075],[-119.32169,34.45076],[-119.32153,34.45075],[-119.32142,34.45073],[-119.32133,34.45071],[-119.32127,34.45068],[-119.32123,34.45064],[-119.32116,34.45055],[-119.32112,34.45049],[-119.32111,34.45044],[-119.32107,34.45028],[-119.32107,34.45023],[-119.32108,34.4502],[-119.3211,34.45018],[-119.32113,34.45016],[-119.32118,34.45014],[-119.32127,34.45013],[-119.32136,34.45011],[-119.32141,34.45009],[-119.3216,34.44995],[-119.32167,34.44991],[-119.32174,34.44988],[-119.32178,34.44987],[-119.32181,34.44986],[-119.32183,34.44985],[-119.32185,34.44979],[-119.32186,34.44974],[-119.3218,34.44973],[-119.32175,34.44973],[-119.32171,34.44975],[-119.32161,34.44979],[-119.32148,34.44984],[-119.32138,34.44987],[-119.32118,34.44987],[-119.32108,34.44986],[-119.32102,34.44988],[-119.32092,34.44992],[-119.32083,34.44998],[-119.32075,34.45002],[-119.32071,34.45004],[-119.32066,34.45004],[-119.3206,34.45002],[-119.32057,34.44999],[-119.32053,34.44995],[-119.32052,34.44983],[-119.32046,34.44969],[-119.32043,34.44965],[-119.32036,34.4496],[-119.32024,34.44955],[-119.3201,34.44951],[-119.31999,34.44944],[-119.31991,34.44941],[-119.31982,34.44938],[-119.31976,34.44938],[-119.31964,34.4494],[-119.31956,34.44944],[-119.31946,34.44947],[-119.3194,34.44947],[-119.31923,34.44947],[-119.31899,34.44948],[-119.31882,34.44949]]}},{"type":"Feature","properties":{"name":"Chaparral Crest Trail","c":"path"},"geometry":{"type":"LineString","coordinates":[[-119.3041,34.45075],[-119.30416,34.45079],[-119.30422,34.45082],[-119.3045,34.45092],[-119.30471,34.45097],[-119.30478,34.45098],[-119.30495,34.451],[-119.30504,34.451],[-119.30533,34.45096],[-119.30538,34.45095],[-119.30544,34.45094],[-119.3055,34.45092],[-119.30554,34.45089],[-119.30561,34.45087],[-119.30569,34.45086],[-119.30572,34.45087],[-119.3058,34.45089],[-119.30583,34.45091],[-119.30588,34.45095],[-119.30593,34.45097],[-119.30598,34.45101],[-119.30613,34.45117],[-119.30621,34.45123],[-119.30636,34.45133],[-119.30658,34.4515],[-119.30668,34.45156],[-119.30672,34.45158],[-119.30678,34.45159],[-119.30688,34.45159],[-119.30729,34.45159],[-119.30749,34.45163],[-119.30758,34.45165],[-119.30763,34.45165],[-119.30767,34.45164],[-119.30771,34.45163],[-119.30775,34.45161],[-119.30777,34.45159],[-119.30788,34.45143],[-119.30792,34.45138],[-119.30807,34.45124],[-119.30812,34.4512],[-119.30822,34.45114],[-119.30836,34.45108],[-119.3085,34.45105],[-119.30856,34.45104],[-119.30862,34.45104],[-119.30868,34.45104],[-119.30879,34.45104],[-119.30909,34.45106],[-119.30913,34.45106],[-119.30921,34.45102],[-119.30927,34.45099],[-119.30937,34.45094],[-119.30948,34.45089],[-119.30954,34.45085],[-119.30959,34.45083],[-119.30969,34.45079],[-119.30973,34.45077],[-119.30976,34.45074],[-119.30979,34.45071],[-119.30981,34.45068],[-119.30982,34.45065],[-119.30982,34.4506],[-119.30979,34.45041],[-119.30979,34.45033],[-119.3098,34.45032],[-119.30982,34.45029],[-119.3099,34.45022],[-119.31007,34.45013],[-119.31031,34.45006],[-119.3104,34.45002],[-119.31065,34.44996],[-119.31067,34.44994],[-119.31069,34.44992],[-119.31069,34.4499],[-119.3107,34.44987],[-119.31069,34.44983],[-119.31068,34.4498],[-119.3106,34.44969],[-119.3105,34.44952],[-119.31035,34.44926],[-119.31036,34.44922],[-119.31044,34.4492],[-119.3106,34.44925],[-119.31105,34.44939],[-119.31109,34.4494],[-119.31116,34.44944],[-119.31133,34.44949],[-119.31136,34.44951],[-119.31145,34.44959],[-119.31147,34.44962],[-119.31152,34.44966],[-119.3116,34.4497],[-119.31166,34.44972],[-119.31171,34.44972],[-119.31196,34.44969],[-119.31206,34.44969],[-119.31219,34.44972],[-119.31233,34.44975],[-119.31244,34.44977],[-119.31249,34.44977],[-119.31256,34.44979],[-119.3127,34.44985],[-119.31277,34.44987],[-119.3129,34.4499],[-119.313,34.44993],[-119.31308,34.44997],[-119.31313,34.44998],[-119.3132,34.44998],[-119.31331,34.44999],[-119.31356,34.44998],[-119.31367,34.44999],[-119.3139,34.45002],[-119.31408,34.45006],[-119.31414,34.45008],[-119.31426,34.45009],[-119.31443,34.4501],[-119.31451,34.45009],[-119.31458,34.45009],[-119.31464,34.45008],[-119.31478,34.44999],[-119.31475,34.44971],[-119.31465,34.44947],[-119.31474,34.44948],[-119.31507,34.4497],[-119.31538,34.44982],[-119.31528,34.44961],[-119.31535,34.44944],[-119.31551,34.4494],[-119.31564,34.44946],[-119.31568,34.44944],[-119.3157,34.44944],[-119.3158,34.44942],[-119.31601,34.44942],[-119.3161,34.44942],[-119.31625,34.44944],[-119.31659,34.44953],[-119.31692,34.4497],[-119.31701,34.44973],[-119.31717,34.44976],[-119.31724,34.44976],[-119.31729,34.44974],[-119.31744,34.44969],[-119.31751,34.44966],[-119.31758,34.44963],[-119.31779,34.44961],[-119.31809,34.44957],[-119.31824,34.44954],[-119.31838,34.44953],[-119.31849,34.44952],[-119.31882,34.44949]]}},{"type":"Feature","properties":{"name":"","c":"path"},"geometry":{"type":"LineString","coordinates":[[-119.30911,34.4456],[-119.30915,34.44562],[-119.30918,34.44563],[-119.3092,34.44564],[-119.3092,34.44565]]}},{"type":"Feature","properties":{"name":"Oso Ridge Trail","c":"path"},"geometry":{"type":"LineString","coordinates":[[-119.31882,34.44949],[-119.31886,34.44946],[-119.31894,34.44939],[-119.31896,34.44932],[-119.31892,34.44922],[-119.31887,34.44912],[-119.31884,34.44902],[-119.31879,34.44897],[-119.31882,34.44894],[-119.31886,34.44896],[-119.31893,34.44902],[-119.31903,34.44907],[-119.31912,34.44907],[-119.31919,34.44907],[-119.31929,34.44907],[-119.3194,34.44905],[-119.31941,34.44902],[-119.31933,34.44899],[-119.3193,34.44895],[-119.31926,34.44891],[-119.31929,34.44887],[-119.31935,34.44888],[-119.31943,34.44886],[-119.31945,34.44883],[-119.31948,34.44877],[-119.31952,34.44867],[-119.31955,34.44857],[-119.31955,34.44848],[-119.31954,34.44842],[-119.31951,34.44833],[-119.31947,34.44826],[-119.31926,34.44797],[-119.31925,34.44794],[-119.31926,34.44786],[-119.31927,34.44783],[-119.31927,34.44778],[-119.31926,34.44773],[-119.31923,34.44767],[-119.31919,34.44763],[-119.31914,34.4476],[-119.31901,34.44757],[-119.31896,34.44752],[-119.31888,34.44749],[-119.31883,34.44751],[-119.31877,34.44755],[-119.31871,34.44764],[-119.31864,34.44767],[-119.31857,34.44767],[-119.31856,34.44765],[-119.31857,34.44761],[-119.31863,34.44756],[-119.31861,34.44747],[-119.31862,34.44742],[-119.31864,34.44738],[-119.31868,34.44734],[-119.31875,34.44731],[-119.31877,34.44729],[-119.31873,34.44727],[-119.31861,34.44726],[-119.31848,34.44727],[-119.31843,34.44732],[-119.31839,34.4474],[-119.31834,34.44746],[-119.31825,34.44747],[-119.31812,34.44747],[-119.31808,34.44746],[-119.3181,34.44744],[-119.31817,34.44744],[-119.31825,34.44742],[-119.31827,34.4474],[-119.31822,34.44734],[-119.31819,34.44729],[-119.31819,34.44724],[-119.31814,34.44718],[-119.3181,34.44712],[-119.31813,34.44708],[-119.3182,34.44705],[-119.31832,34.447],[-119.31844,34.44701],[-119.31849,34.447],[-119.31865,34.44697],[-119.31877,34.44699],[-119.31885,34.44698],[-119.31898,34.44696],[-119.31902,34.44693],[-119.3191,34.4469],[-119.31915,34.44692],[-119.31923,34.44688],[-119.31921,34.44685],[-119.31914,34.44686],[-119.31901,34.44686],[-119.31891,34.44683],[-119.31883,34.44679],[-119.31877,34.44675],[-119.31862,34.4467],[-119.31851,34.44671],[-119.31842,34.44669],[-119.31828,34.44671],[-119.31804,34.44674],[-119.31792,34.44675],[-119.31777,34.4468],[-119.31766,34.44679],[-119.31741,34.44682],[-119.31731,34.44677],[-119.31726,34.44675],[-119.31715,34.44672],[-119.31709,34.44672],[-119.31702,34.44671],[-119.31691,34.44669],[-119.31669,34.44663],[-119.31655,34.44658],[-119.31642,34.44655],[-119.31633,34.44652],[-119.31624,34.4465],[-119.31606,34.44643],[-119.316,34.44641],[-119.31578,34.44635],[-119.31567,34.44632],[-119.31552,34.44625],[-119.31542,34.44619],[-119.31539,34.44616],[-119.3153,34.44607],[-119.31526,34.44602],[-119.31523,34.44595],[-119.31519,34.44584],[-119.31514,34.44576],[-119.3151,34.44572],[-119.31504,34.44568],[-119.31489,34.44563],[-119.31482,34.44561],[-119.31462,34.44556],[-119.31453,34.44556],[-119.31445,34.44555],[-119.31429,34.44557],[-119.31422,34.44557],[-119.31413,34.44556],[-119.31374,34.44548],[-119.31364,34.44546],[-119.31334,34.4454],[-119.31326,34.44537],[-119.31318,34.44534],[-119.31307,34.4453],[-119.31291,34.44525],[-119.31278,34.44524],[-119.31262,34.44525],[-119.31223,34.44525],[-119.31214,34.44524],[-119.3121,34.44523],[-119.31199,34.44522],[-119.31196,34.44523],[-119.3118,34.44528],[-119.31172,34.44529],[-119.31166,34.44529],[-119.31161,34.44527],[-119.31142,34.4452],[-119.31138,34.4452],[-119.31119,34.44516],[-119.31107,34.44516],[-119.31097,34.44514],[-119.31087,34.4451],[-119.31082,34.44506],[-119.31074,34.44499],[-119.31071,34.44495],[-119.31069,34.44492],[-119.31059,34.44474],[-119.31058,34.44469],[-119.31054,34.44464],[-119.31048,34.44459],[-119.31041,34.44456],[-119.31028,34.44451],[-119.31005,34.44444],[-119.30997,34.44442],[-119.30975,34.44441],[-119.3095,34.44442],[-119.30941,34.44443],[-119.30935,34.44445],[-119.30927,34.44446],[-119.30918,34.44447],[-119.30912,34.44446],[-119.30907,34.44445],[-119.30898,34.4444],[-119.30891,34.44434],[-119.30889,34.4443],[-119.30888,34.44426],[-119.30887,34.44415],[-119.30887,34.44413],[-119.30886,34.4441],[-119.30883,34.44407],[-119.3088,34.44403],[-119.30874,34.44398],[-119.30868,34.44397],[-119.30857,34.44394],[-119.30838,34.44395],[-119.30826,34.44394],[-119.30822,34.44394],[-119.30814,34.44393],[-119.30802,34.44391],[-119.30786,34.44389],[-119.30771,34.44387],[-119.30764,34.44385],[-119.30751,34.4438],[-119.30733,34.44378],[-119.30693,34.44378],[-119.30671,34.44377],[-119.30619,34.4438],[-119.30614,34.44379],[-119.30596,34.4437],[-119.30589,34.44366],[-119.30586,34.44364],[-119.30576,34.4436],[-119.30556,34.44361],[-119.30545,34.44364],[-119.30536,34.44364],[-119.30527,34.4436],[-119.30523,34.44359],[-119.30505,34.44358],[-119.30495,34.44359],[-119.30483,34.44358],[-119.30477,34.44357],[-119.30473,34.44355],[-119.30465,34.4435],[-119.30449,34.44333],[-119.30427,34.443],[-119.30385,34.44301],[-119.30342,34.44301],[-119.30332,34.44301],[-119.30324,34.44297],[-119.30311,34.44293],[-119.30307,34.44292],[-119.30299,34.44289],[-119.30294,34.44288],[-119.30283,34.44285],[-119.30261,34.44277],[-119.30256,34.44275],[-119.30248,34.44269],[-119.30241,34.44265],[-119.30234,34.44262],[-119.30224,34.44257],[-119.30204,34.44248],[-119.3018,34.44244],[-119.30171,34.44243],[-119.30152,34.44242],[-119.30138,34.44242],[-119.30122,34.44239],[-119.3011,34.44237],[-119.30099,34.44231],[-119.30089,34.44227],[-119.30079,34.44222],[-119.30065,34.4421],[-119.30057,34.44205],[-119.30049,34.44205]]}},{"type":"Feature","properties":{"name":"","c":"track"},"geometry":{"type":"LineString","coordinates":[[-119.31956,34.44137],[-119.31951,34.44123],[-119.31946,34.44101],[-119.31949,34.44074],[-119.31939,34.4404]]}},{"type":"Feature","properties":{"name":"","c":"track"},"geometry":{"type":"LineString","coordinates":[[-119.31608,34.43943],[-119.31601,34.43941],[-119.31596,34.43936],[-119.31592,34.4391],[-119.31585,34.43881],[-119.31585,34.43871],[-119.31573,34.43854],[-119.31563,34.43837],[-119.31558,34.43826],[-119.31555,34.43821],[-119.31555,34.43819],[-119.31559,34.43816],[-119.31585,34.43803],[-119.31716,34.4374],[-119.31738,34.43727],[-119.31754,34.43717],[-119.31762,34.43708],[-119.31765,34.43698],[-119.31769,34.43674],[-119.3177,34.43661],[-119.31773,34.43648],[-119.31781,34.43638],[-119.31792,34.4363],[-119.31827,34.43615],[-119.31845,34.43606],[-119.3185,34.43602],[-119.31853,34.43598]]}},{"type":"Feature","properties":{"name":"","c":"track"},"geometry":{"type":"LineString","coordinates":[[-119.32134,34.43777],[-119.32129,34.43799],[-119.32127,34.43816],[-119.32133,34.43839],[-119.32147,34.43863],[-119.32149,34.43881],[-119.32155,34.43888],[-119.32178,34.43894],[-119.3219,34.439],[-119.32192,34.43911],[-119.32187,34.43918],[-119.32174,34.43918],[-119.32161,34.43914],[-119.32149,34.43911],[-119.3214,34.43916],[-119.32133,34.4393],[-119.32133,34.43952],[-119.32135,34.43968],[-119.32127,34.43977],[-119.32102,34.43984],[-119.32076,34.43991],[-119.32061,34.4401],[-119.32002,34.44115],[-119.31995,34.44119],[-119.31956,34.44137],[-119.31732,34.44242],[-119.31718,34.44244],[-119.31682,34.44247],[-119.31646,34.44252],[-119.31621,34.44246],[-119.31592,34.44235],[-119.31569,34.44229],[-119.31565,34.44221]]}},{"type":"Feature","properties":{"name":"","c":"track"},"geometry":{"type":"LineString","coordinates":[[-119.31921,34.43749],[-119.31889,34.43696],[-119.3188,34.43684],[-119.31869,34.43673],[-119.31862,34.43664],[-119.31857,34.43656],[-119.31855,34.43649],[-119.31856,34.43642],[-119.31857,34.43634],[-119.31858,34.43625],[-119.31859,34.43616],[-119.31859,34.43611],[-119.31857,34.43603],[-119.31853,34.43598],[-119.31852,34.43596],[-119.31845,34.43589],[-119.31841,34.43581],[-119.31836,34.4357],[-119.31834,34.43562],[-119.31835,34.43554],[-119.31838,34.43543],[-119.31839,34.43533],[-119.31838,34.43521],[-119.31835,34.43508],[-119.31831,34.43494],[-119.31825,34.4348],[-119.31818,34.43468],[-119.31806,34.43454],[-119.31794,34.4344],[-119.3178,34.43424],[-119.31762,34.43406],[-119.31747,34.43393],[-119.31738,34.43386],[-119.31733,34.4338],[-119.3173,34.43374],[-119.31728,34.43367],[-119.31726,34.43355],[-119.31723,34.43346],[-119.31717,34.43338],[-119.3171,34.4333],[-119.31704,34.43321],[-119.31691,34.43305],[-119.31678,34.43291],[-119.31668,34.43283],[-119.31662,34.43279],[-119.31658,34.43275],[-119.31648,34.43272],[-119.31636,34.43269],[-119.3162,34.43268],[-119.31602,34.43271],[-119.3118,34.43342],[-119.31145,34.43349],[-119.31116,34.43352],[-119.31096,34.43351],[-119.31081,34.4335],[-119.31066,34.43354],[-119.31054,34.4336],[-119.31045,34.43367],[-119.31038,34.43377],[-119.31031,34.43387],[-119.31022,34.43394],[-119.31009,34.434],[-119.3082,34.43495],[-119.30788,34.43508],[-119.30747,34.43523],[-119.30709,34.43535],[-119.30675,34.43544],[-119.3066,34.43551]]}},{"type":"Feature","properties":{"name":"","c":"track"},"geometry":{"type":"LineString","coordinates":[[-119.31926,34.43683],[-119.31939,34.43687],[-119.31945,34.4369],[-119.3195,34.43693],[-119.31955,34.43698],[-119.31961,34.43705],[-119.31962,34.43713],[-119.31962,34.43721],[-119.31959,34.43731],[-119.31956,34.43735],[-119.31954,34.43737],[-119.31951,34.43739],[-119.31945,34.43742],[-119.31933,34.43745],[-119.31921,34.43749],[-119.31883,34.4376],[-119.31869,34.43767],[-119.31842,34.43789],[-119.31835,34.43794],[-119.31822,34.43801],[-119.31814,34.43803],[-119.31804,34.43806],[-119.31801,34.43811],[-119.31805,34.43835],[-119.31784,34.4386],[-119.31776,34.43867],[-119.317,34.43906],[-119.3169,34.43909],[-119.31671,34.43912],[-119.31608,34.43943],[-119.31596,34.43954],[-119.31587,34.43961],[-119.31581,34.43963],[-119.31575,34.43965],[-119.31564,34.43964],[-119.31432,34.44029],[-119.31423,34.44032],[-119.31412,34.44035],[-119.31407,34.44035],[-119.31402,34.44035],[-119.31397,34.44033],[-119.31378,34.44025],[-119.31362,34.44019],[-119.31349,34.44016],[-119.31333,34.44014],[-119.3132,34.44015],[-119.313,34.44018],[-119.31286,34.44023],[-119.31271,34.44032],[-119.31247,34.44051],[-119.31241,34.44053],[-119.31234,34.44056],[-119.3117,34.44063],[-119.31073,34.4406],[-119.31042,34.44058],[-119.30971,34.44047],[-119.30958,34.44044],[-119.3095,34.44043],[-119.30942,34.44043],[-119.30924,34.44048],[-119.30917,34.4405],[-119.30909,34.44055],[-119.30897,34.44061],[-119.30892,34.44064],[-119.30864,34.44081],[-119.30854,34.44086],[-119.30843,34.44091],[-119.30828,34.44095],[-119.3082,34.44096],[-119.30815,34.44096],[-119.30803,34.44094],[-119.30792,34.44091],[-119.3077,34.44083],[-119.30757,34.4408],[-119.3075,34.44079],[-119.30742,34.44077],[-119.30712,34.44071],[-119.30691,34.44069],[-119.30658,34.44073],[-119.30653,34.44073],[-119.30649,34.44072],[-119.30646,34.4407],[-119.30644,34.44068],[-119.30644,34.44065],[-119.30643,34.44059],[-119.30641,34.43909],[-119.30638,34.43598],[-119.30637,34.43588],[-119.30638,34.43583],[-119.30641,34.43576],[-119.30651,34.4356],[-119.30651,34.43554],[-119.30649,34.43547],[-119.30645,34.43544],[-119.30641,34.43542],[-119.30633,34.43539],[-119.30622,34.43537],[-119.30479,34.43548]]}},{"type":"Feature","properties":{"name":"","c":"track"},"geometry":{"type":"LineString","coordinates":[[-119.30716,34.43095],[-119.30721,34.43101],[-119.30724,34.43101],[-119.30732,34.43101],[-119.30762,34.43106],[-119.3079,34.43115],[-119.30817,34.43129],[-119.3085,34.43157],[-119.30892,34.43197],[-119.30929,34.43237],[-119.30945,34.43249],[-119.30959,34.43261],[-119.30975,34.43279],[-119.31007,34.43308],[-119.31012,34.43313],[-119.31016,34.43318],[-119.31018,34.43324],[-119.31021,34.43329],[-119.31021,34.43333],[-119.31021,34.43337],[-119.3101,34.43362],[-119.31007,34.43366],[-119.31004,34.43369],[-119.30821,34.43459],[-119.30814,34.43464]]}},{"type":"Feature","properties":{"name":"","c":"track"},"geometry":{"type":"LineString","coordinates":[[-119.31233,34.4304],[-119.31218,34.43079],[-119.31196,34.43126],[-119.31197,34.43132],[-119.31201,34.43137],[-119.31231,34.43145],[-119.31253,34.43154],[-119.31263,34.43156],[-119.31271,34.43154],[-119.31274,34.43148]]}},{"type":"Feature","properties":{"name":"","c":"track"},"geometry":{"type":"LineString","coordinates":[[-119.31658,34.43275],[-119.31661,34.43272],[-119.31666,34.43267],[-119.31673,34.43251],[-119.31675,34.43242]]}},{"type":"Feature","properties":{"name":"Ranch Road","c":"track"},"geometry":{"type":"LineString","coordinates":[[-119.3206,34.43723],[-119.32054,34.4372],[-119.32044,34.43711],[-119.32034,34.43705],[-119.32026,34.43701],[-119.32015,34.43697],[-119.32001,34.43694],[-119.31984,34.43692],[-119.3197,34.43689],[-119.31945,34.43681],[-119.31932,34.43674],[-119.31923,34.43668],[-119.31915,34.43662],[-119.3191,34.43656],[-119.31905,34.4365],[-119.31897,34.43639],[-119.31894,34.43626],[-119.31892,34.43612],[-119.3189,34.436],[-119.31874,34.43565],[-119.3187,34.43553],[-119.31866,34.4352],[-119.31859,34.43495],[-119.31848,34.43468],[-119.31838,34.43451],[-119.31826,34.43436],[-119.31798,34.43406],[-119.31782,34.43388],[-119.31759,34.43358],[-119.31727,34.43314],[-119.31715,34.43298],[-119.31705,34.43283],[-119.31689,34.43262],[-119.31675,34.43242],[-119.31664,34.43225],[-119.31651,34.43206],[-119.3164,34.43189],[-119.31636,34.43179],[-119.31635,34.43173],[-119.31632,34.43163],[-119.31631,34.43149],[-119.31631,34.43136],[-119.31631,34.43122],[-119.31634,34.43111],[-119.31637,34.43101],[-119.31643,34.43089],[-119.31646,34.4308],[-119.31649,34.43072],[-119.3165,34.43063],[-119.3165,34.43057],[-119.31648,34.43047],[-119.31646,34.4304],[-119.31644,34.43034],[-119.3164,34.43028],[-119.31636,34.43022],[-119.31631,34.43017],[-119.31624,34.43012],[-119.31613,34.43003],[-119.31601,34.42991],[-119.31589,34.42978],[-119.31581,34.42964]]}},{"type":"Feature","properties":{"name":"","c":"track"},"geometry":{"type":"LineString","coordinates":[[-119.31892,34.43612],[-119.31903,34.43608],[-119.31908,34.43606],[-119.32013,34.43535],[-119.32151,34.4344],[-119.32261,34.43367],[-119.32382,34.43286],[-119.32385,34.43283],[-119.32386,34.4328],[-119.32384,34.43275],[-119.32371,34.43268],[-119.32354,34.43258],[-119.32347,34.43251],[-119.3234,34.43242],[-119.32335,34.43229],[-119.32332,34.43204],[-119.32332,34.43161],[-119.32332,34.43141],[-119.32328,34.43131],[-119.32324,34.43124],[-119.32317,34.43123],[-119.32293,34.43128],[-119.32196,34.43171],[-119.32184,34.43174],[-119.32175,34.43174],[-119.32171,34.43169],[-119.32161,34.43147],[-119.32147,34.43128],[-119.32128,34.43097],[-119.32117,34.43078],[-119.32108,34.43066],[-119.3208,34.43044],[-119.32044,34.43018],[-119.32031,34.43003],[-119.31977,34.42924],[-119.31936,34.42871],[-119.31926,34.42864],[-119.31907,34.42855],[-119.31888,34.42847],[-119.31871,34.42847],[-119.3185,34.42849],[-119.31746,34.42875],[-119.31734,34.42878],[-119.31721,34.42879],[-119.317,34.42877],[-119.31597,34.42855]]}},{"type":"Feature","properties":{"name":"","c":"track"},"geometry":{"type":"LineString","coordinates":[[-119.32175,34.43174],[-119.32154,34.43168],[-119.32129,34.43159],[-119.32114,34.43159],[-119.32104,34.43164],[-119.32096,34.43174],[-119.32091,34.43189]]}},{"type":"Feature","properties":{"name":"","c":"track"},"geometry":{"type":"LineString","coordinates":[[-119.32175,34.43174],[-119.32173,34.4318],[-119.32174,34.43193],[-119.32175,34.43208],[-119.32177,34.43222],[-119.32176,34.43238],[-119.32173,34.43251],[-119.32167,34.43269],[-119.32165,34.43276],[-119.32169,34.43283],[-119.32175,34.43288],[-119.32188,34.43296],[-119.32204,34.43303],[-119.32212,34.43313],[-119.32219,34.43323],[-119.32224,34.43335],[-119.32231,34.43347],[-119.32236,34.43354],[-119.32244,34.43358],[-119.32258,34.43365],[-119.32261,34.43367]]}},{"type":"Feature","properties":{"name":"","c":"track"},"geometry":{"type":"LineString","coordinates":[[-119.32044,34.422],[-119.32077,34.42188],[-119.32098,34.42188],[-119.3212,34.42195],[-119.32139,34.42195],[-119.32155,34.42193],[-119.32169,34.42186],[-119.32186,34.42175],[-119.32199,34.4217],[-119.32214,34.42166],[-119.32229,34.42162],[-119.32243,34.42159],[-119.32259,34.42151],[-119.3227,34.42147],[-119.323,34.42142],[-119.32333,34.42132],[-119.32343,34.42128],[-119.32352,34.42131],[-119.32356,34.42126],[-119.32375,34.42106],[-119.32384,34.42098],[-119.32389,34.42093],[-119.32395,34.42088],[-119.32401,34.42084],[-119.32403,34.42081],[-119.32404,34.42078],[-119.32407,34.42074],[-119.32414,34.42067],[-119.32419,34.42063],[-119.32428,34.42054],[-119.32433,34.42047],[-119.3245,34.42011],[-119.32454,34.42002],[-119.32455,34.41993],[-119.32456,34.41983],[-119.32457,34.41978],[-119.32461,34.41972],[-119.32461,34.41967],[-119.32462,34.41966],[-119.32464,34.41964],[-119.32467,34.41966],[-119.32468,34.41969],[-119.32468,34.41976],[-119.32471,34.41982],[-119.32473,34.41992],[-119.32474,34.41995],[-119.32478,34.41999],[-119.32482,34.42002],[-119.32518,34.4202],[-119.32524,34.42025],[-119.32532,34.42029],[-119.32541,34.42032],[-119.32551,34.42032],[-119.32558,34.42031],[-119.32584,34.42029],[-119.32597,34.42028],[-119.3262,34.42029],[-119.32636,34.42031],[-119.32648,34.42034],[-119.32665,34.42037],[-119.32674,34.42038],[-119.32688,34.42039],[-119.32695,34.42038],[-119.32702,34.42036],[-119.32708,34.42036],[-119.32713,34.42036],[-119.32722,34.42041],[-119.32728,34.42047],[-119.3276,34.42118],[-119.3284,34.42258],[-119.32843,34.42262],[-119.3285,34.42267],[-119.3286,34.42272]]}},{"type":"Feature","properties":{"name":"","c":"track"},"geometry":{"type":"LineString","coordinates":[[-119.31114,34.4214],[-119.31114,34.42137],[-119.31114,34.42134],[-119.31118,34.42131],[-119.31124,34.42129],[-119.31128,34.4213],[-119.31131,34.42133],[-119.31132,34.42136],[-119.31138,34.42139],[-119.31147,34.42143],[-119.31153,34.42144],[-119.31159,34.42145],[-119.31161,34.4215],[-119.31165,34.42156],[-119.31174,34.42163],[-119.31213,34.4219],[-119.31247,34.42222],[-119.31264,34.42241],[-119.31272,34.42249],[-119.31283,34.42256],[-119.31308,34.42271],[-119.31336,34.42286],[-119.31359,34.42299],[-119.31378,34.42307],[-119.31393,34.42315],[-119.31404,34.4232],[-119.31419,34.42325],[-119.31435,34.42331],[-119.31444,34.42336],[-119.31453,34.42341],[-119.3146,34.42346],[-119.3147,34.4235],[-119.3149,34.4236],[-119.31503,34.42365],[-119.31515,34.42368],[-119.31525,34.42369],[-119.31538,34.42369],[-119.31549,34.4237],[-119.31558,34.42372],[-119.31592,34.42381],[-119.31612,34.42387],[-119.31622,34.42391],[-119.31637,34.42394],[-119.31655,34.42395],[-119.31681,34.42392],[-119.31713,34.42379],[-119.3173,34.42372],[-119.3174,34.4237],[-119.31746,34.42365],[-119.31754,34.42362],[-119.31767,34.42362],[-119.31785,34.42365],[-119.318,34.42367],[-119.31812,34.42366],[-119.31841,34.42358],[-119.31852,34.42354],[-119.31863,34.42348],[-119.31868,34.42344],[-119.31873,34.4234],[-119.31878,34.42338],[-119.31886,34.42335],[-119.31944,34.42325],[-119.3195,34.42324],[-119.31954,34.42323],[-119.31958,34.42321],[-119.31971,34.42312],[-119.31985,34.42299],[-119.31994,34.42287],[-119.32011,34.42248],[-119.32021,34.42224],[-119.32027,34.42212],[-119.32027,34.42205],[-119.32025,34.42196],[-119.32009,34.42182],[-119.31951,34.42138],[-119.31922,34.42115],[-119.31905,34.42102]]}},{"type":"Feature","properties":{"name":"Ojai - Ventura Bike Path","c":"cycleway"},"geometry":{"type":"LineString","coordinates":[[-119.29026,34.42218],[-119.29031,34.4221],[-119.29055,34.42175],[-119.29089,34.42133],[-119.29121,34.42097],[-119.29152,34.42062],[-119.29189,34.42022],[-119.29223,34.41985],[-119.29253,34.4195],[-119.29283,34.41912],[-119.29297,34.41892],[-119.29304,34.41882],[-119.29314,34.4186],[-119.29323,34.41837],[-119.29345,34.41776],[-119.29346,34.41771],[-119.29347,34.41764],[-119.29389,34.41633],[-119.29391,34.41628],[-119.29422,34.41526],[-119.29431,34.415]]}},{"type":"Feature","properties":{"name":"Lower River Loop Trails","c":"path"},"geometry":{"type":"LineString","coordinates":[[-119.29687,34.43328],[-119.29691,34.43336],[-119.29694,34.4334],[-119.29704,34.43362],[-119.29714,34.43381],[-119.2972,34.43389],[-119.29726,34.43395],[-119.2973,34.43397],[-119.29746,34.43402],[-119.29754,34.43402],[-119.29777,34.4341],[-119.29785,34.43412],[-119.29794,34.43413],[-119.29799,34.43414],[-119.29811,34.4342],[-119.29828,34.43422],[-119.29848,34.43428],[-119.29855,34.43432],[-119.29862,34.43438],[-119.29866,34.43439],[-119.29873,34.43437],[-119.2988,34.43437],[-119.29886,34.43439],[-119.29893,34.43441]]}},{"type":"Feature","properties":{"name":"ADA Accessible Trail","c":"track"},"geometry":{"type":"LineString","coordinates":[[-119.29841,34.42699],[-119.29843,34.42704],[-119.29852,34.42706],[-119.29858,34.42705],[-119.2987,34.42709],[-119.29874,34.42715],[-119.29874,34.42719],[-119.29867,34.42741],[-119.29862,34.42766],[-119.29858,34.42792],[-119.29855,34.42803],[-119.29852,34.42809],[-119.29847,34.42817],[-119.2984,34.42828],[-119.29828,34.42846],[-119.29821,34.42859],[-119.29814,34.42872],[-119.29809,34.42885],[-119.29803,34.42902],[-119.29797,34.42924],[-119.29795,34.42934],[-119.29794,34.42952],[-119.29789,34.42973],[-119.29783,34.42997],[-119.29777,34.43023],[-119.29776,34.43027],[-119.29774,34.43029],[-119.2977,34.43029],[-119.29764,34.43026]]}},{"type":"Feature","properties":{"name":"Old Baldwin Road","c":"track"},"geometry":{"type":"LineString","coordinates":[[-119.29992,34.42578],[-119.29996,34.4258],[-119.3,34.42583],[-119.30005,34.42586],[-119.30007,34.42589],[-119.30008,34.42592],[-119.30012,34.42616],[-119.30013,34.42618],[-119.3002,34.42623],[-119.30033,34.4263],[-119.30039,34.42634],[-119.3004,34.42635],[-119.30042,34.42639],[-119.30045,34.42663],[-119.30044,34.42669],[-119.30043,34.42672],[-119.3004,34.42674],[-119.30037,34.42676]]}},{"type":"Feature","properties":{"name":"Kecyle Yard","c":"track"},"geometry":{"type":"LineString","coordinates":[[-119.2994,34.42588],[-119.29948,34.42596],[-119.2995,34.42599],[-119.29952,34.42602],[-119.29953,34.42608],[-119.2995,34.42626],[-119.29942,34.42656],[-119.29941,34.42662],[-119.29942,34.42665],[-119.29943,34.42669]]}},{"type":"Feature","properties":{"name":"","c":"footway"},"geometry":{"type":"LineString","coordinates":[[-119.29014,34.42235],[-119.29018,34.42235],[-119.29045,34.42246],[-119.29071,34.42257],[-119.29072,34.42259],[-119.29072,34.42261],[-119.29069,34.42266],[-119.29066,34.42273],[-119.29061,34.42282],[-119.29059,34.42291],[-119.29058,34.42301],[-119.29056,34.42316],[-119.29053,34.42339],[-119.2905,34.42365],[-119.29048,34.42379],[-119.29045,34.42407],[-119.29043,34.4244],[-119.29042,34.42455],[-119.29041,34.42457],[-119.2904,34.42459],[-119.29037,34.4246],[-119.29034,34.42461],[-119.29029,34.42461],[-119.29013,34.42459],[-119.2901,34.42458],[-119.29007,34.42457],[-119.29005,34.42456],[-119.28999,34.42455],[-119.28991,34.42456],[-119.28985,34.42458],[-119.28977,34.42463],[-119.28973,34.42467],[-119.28971,34.42472],[-119.2897,34.42476],[-119.2897,34.42481],[-119.28971,34.42485],[-119.28971,34.42489],[-119.28967,34.42522],[-119.28959,34.42586],[-119.28953,34.4263],[-119.28954,34.42635],[-119.28957,34.42639],[-119.28962,34.42641],[-119.28966,34.42642],[-119.28971,34.42641],[-119.28975,34.4264],[-119.28979,34.42637],[-119.28981,34.42633],[-119.28981,34.42629],[-119.2898,34.42625],[-119.28977,34.42622],[-119.28973,34.42619],[-119.2897,34.42617],[-119.28969,34.42615],[-119.28969,34.4261],[-119.28971,34.42603],[-119.28973,34.42599],[-119.28977,34.42598],[-119.28986,34.42598],[-119.29032,34.42602],[-119.29046,34.42604],[-119.2905,34.42606],[-119.29052,34.4261],[-119.29051,34.42618],[-119.2905,34.42631],[-119.29048,34.42634],[-119.29043,34.42639],[-119.29041,34.42644],[-119.29041,34.42649],[-119.29045,34.42654],[-119.29052,34.42657],[-119.29056,34.42657],[-119.29063,34.42655],[-119.29067,34.42651],[-119.29069,34.42646],[-119.29068,34.42641],[-119.29064,34.42637],[-119.29063,34.42633],[-119.29066,34.42612],[-119.29068,34.42609],[-119.29071,34.42607],[-119.29075,34.42607],[-119.29095,34.42608],[-119.29142,34.42613]]}},{"type":"Feature","properties":{"name":"","c":"footway"},"geometry":{"type":"LineString","coordinates":[[-119.28886,34.42565],[-119.28885,34.42567]]}},{"type":"Feature","properties":{"name":"","c":"footway"},"geometry":{"type":"LineString","coordinates":[[-119.28909,34.42568],[-119.28901,34.42567],[-119.28885,34.42567],[-119.28883,34.42579],[-119.28882,34.42589]]}},{"type":"Feature","properties":{"name":"","c":"path"},"geometry":{"type":"LineString","coordinates":[[-119.28908,34.4258],[-119.28909,34.42568]]}},{"type":"Feature","properties":{"name":"","c":"footway"},"geometry":{"type":"LineString","coordinates":[[-119.28873,34.42463],[-119.28867,34.42492],[-119.28865,34.42557]]}},{"type":"Feature","properties":{"name":"","c":"footway"},"geometry":{"type":"LineString","coordinates":[[-119.28885,34.42567],[-119.28883,34.42569],[-119.28879,34.42569],[-119.28876,34.4257],[-119.28872,34.4257],[-119.28812,34.42573],[-119.28808,34.42572],[-119.28805,34.4257],[-119.28803,34.42568],[-119.28804,34.42565],[-119.28805,34.42563],[-119.28808,34.42559],[-119.2883,34.42531],[-119.28837,34.42522],[-119.28863,34.42479],[-119.28873,34.42463],[-119.28882,34.42447],[-119.28895,34.42427],[-119.28897,34.42426],[-119.289,34.42426],[-119.28902,34.42426],[-119.28904,34.42428],[-119.28904,34.4243],[-119.28895,34.4247],[-119.28892,34.42492],[-119.28891,34.42499],[-119.28887,34.4254],[-119.28886,34.42563],[-119.28886,34.42565]]}},{"type":"Feature","properties":{"name":"","c":"footway"},"geometry":{"type":"LineString","coordinates":[[-119.28903,34.42414],[-119.28897,34.42414],[-119.28892,34.42414],[-119.28891,34.42414],[-119.28885,34.42417],[-119.2888,34.42422],[-119.28877,34.42425],[-119.28875,34.42428],[-119.28871,34.42434],[-119.28848,34.42472]]}},{"type":"Feature","properties":{"name":"","c":"path"},"geometry":{"type":"LineString","coordinates":[[-119.28921,34.42581],[-119.28921,34.4257],[-119.28923,34.42547],[-119.28924,34.42522],[-119.28927,34.42518],[-119.28934,34.42518],[-119.28949,34.4252],[-119.28959,34.42521],[-119.28967,34.42522]]}},{"type":"Feature","properties":{"name":"Ojai - Ventura Bike Path","c":"cycleway"},"geometry":{"type":"LineString","coordinates":[[-119.28866,34.4298],[-119.28875,34.42965],[-119.28884,34.42947],[-119.28892,34.42927],[-119.28898,34.42899],[-119.28902,34.42871],[-119.28911,34.42668],[-119.28916,34.42581],[-119.28919,34.42529],[-119.28922,34.42497],[-119.28925,34.42476],[-119.28929,34.42451],[-119.28941,34.42403],[-119.28952,34.42366],[-119.28963,34.42337],[-119.28979,34.42299],[-119.28996,34.42265],[-119.29011,34.4224],[-119.29014,34.42235]]}},{"type":"Feature","properties":{"name":"","c":"footway"},"geometry":{"type":"LineString","coordinates":[[-119.28883,34.42624],[-119.28885,34.42597],[-119.28884,34.42593],[-119.28882,34.42589],[-119.28879,34.42587],[-119.28875,34.42585],[-119.2887,34.42584],[-119.2884,34.42586],[-119.28836,34.42586],[-119.28832,34.42586],[-119.28831,34.42586]]}},{"type":"Feature","properties":{"name":"","c":"footway"},"geometry":{"type":"LineString","coordinates":[[-119.28877,34.42735],[-119.28869,34.42734],[-119.28864,34.42734],[-119.28861,34.42733],[-119.28825,34.42735]]}},{"type":"Feature","properties":{"name":"","c":"footway"},"geometry":{"type":"LineString","coordinates":[[-119.28877,34.42746],[-119.28877,34.42735],[-119.28878,34.42722],[-119.28878,34.42714]]}},{"type":"Feature","properties":{"name":"","c":"footway"},"geometry":{"type":"LineString","coordinates":[[-119.29043,34.42833],[-119.29044,34.42828],[-119.29046,34.42806],[-119.2904,34.42801],[-119.29041,34.42786],[-119.29043,34.42781],[-119.29044,34.42777],[-119.29044,34.4276],[-119.29046,34.42755],[-119.29045,34.4274],[-119.29046,34.42736],[-119.29048,34.42733],[-119.29048,34.42715],[-119.2905,34.42696],[-119.2905,34.42692],[-119.2905,34.42688]]}},{"type":"Feature","properties":{"name":"","c":"footway"},"geometry":{"type":"LineString","coordinates":[[-119.29169,34.42602],[-119.29169,34.42603]]}},{"type":"Feature","properties":{"name":"","c":"footway"},"geometry":{"type":"LineString","coordinates":[[-119.29157,34.42601],[-119.29162,34.42601],[-119.29166,34.42602],[-119.29169,34.42603],[-119.29168,34.42605],[-119.29166,34.42607],[-119.29165,34.4261],[-119.29166,34.42612],[-119.29168,34.42613],[-119.2917,34.42613],[-119.29172,34.42612],[-119.29173,34.42611],[-119.29176,34.42612],[-119.29178,34.42614],[-119.29181,34.42615],[-119.29184,34.42615],[-119.29187,34.42614],[-119.29189,34.42613],[-119.29189,34.42611],[-119.29188,34.42609],[-119.29186,34.42607],[-119.29185,34.42605],[-119.29186,34.42603],[-119.29185,34.42602],[-119.29184,34.42601],[-119.29182,34.42601],[-119.2918,34.42601],[-119.29178,34.42601],[-119.29176,34.426],[-119.29175,34.42599],[-119.29173,34.42599],[-119.29171,34.426],[-119.29169,34.42602]]}},{"type":"Feature","properties":{"name":"","c":"footway"},"geometry":{"type":"LineString","coordinates":[[-119.2903,34.42904],[-119.29022,34.42904]]}},{"type":"Feature","properties":{"name":"","c":"footway"},"geometry":{"type":"LineString","coordinates":[[-119.29032,34.42908],[-119.29033,34.4291],[-119.29031,34.42925],[-119.29029,34.42925],[-119.29022,34.42904],[-119.29019,34.42892],[-119.29018,34.4289],[-119.29028,34.42891]]}},{"type":"Feature","properties":{"name":"","c":"footway"},"geometry":{"type":"LineString","coordinates":[[-119.29031,34.42925],[-119.29033,34.42925],[-119.29044,34.42906],[-119.2905,34.42896],[-119.29048,34.42893],[-119.29043,34.42892]]}},{"type":"Feature","properties":{"name":"","c":"footway"},"geometry":{"type":"LineString","coordinates":[[-119.29044,34.42906],[-119.29037,34.42905]]}},{"type":"Feature","properties":{"name":"","c":"footway"},"geometry":{"type":"LineString","coordinates":[[-119.2903,34.42903],[-119.29031,34.42902],[-119.29032,34.42902],[-119.29034,34.42901],[-119.29035,34.42902],[-119.29036,34.42902],[-119.29037,34.42903],[-119.29037,34.42904],[-119.29037,34.42905],[-119.29037,34.42906],[-119.29036,34.42907],[-119.29035,34.42907],[-119.29034,34.42908],[-119.29032,34.42908],[-119.29031,34.42907],[-119.2903,34.42906],[-119.2903,34.42905],[-119.2903,34.42904],[-119.2903,34.42903]]}},{"type":"Feature","properties":{"name":"","c":"footway"},"geometry":{"type":"LineString","coordinates":[]}},{"type":"Feature","properties":{"name":"","c":"footway"},"geometry":{"type":"LineString","coordinates":[[-119.29034,34.42901],[-119.29035,34.42893]]}},{"type":"Feature","properties":{"name":"Ojai - Ventura Bike Path","c":"cycleway"},"geometry":{"type":"LineString","coordinates":[[-119.28834,34.43022],[-119.28841,34.4301],[-119.28846,34.43003],[-119.28851,34.42995],[-119.28859,34.42984]]}},{"type":"Feature","properties":{"name":"","c":"footway"},"geometry":{"type":"LineString","coordinates":[[-119.28859,34.42984],[-119.28848,34.42977],[-119.28835,34.42971]]}},{"type":"Feature","properties":{"name":"Ojai - Ventura Bike Path","c":"cycleway"},"geometry":{"type":"LineString","coordinates":[[-119.28859,34.42984],[-119.28865,34.42981],[-119.28866,34.4298]]}},{"type":"Feature","properties":{"name":"Ojai - Ventura Bike Path","c":"cycleway"},"geometry":{"type":"LineString","coordinates":[[-119.28003,34.4324],[-119.28009,34.43239],[-119.28015,34.43238],[-119.28021,34.43237],[-119.28301,34.43197],[-119.28375,34.43183],[-119.28483,34.43169],[-119.28485,34.43169],[-119.28491,34.43169],[-119.28497,34.43168],[-119.28498,34.43168],[-119.28556,34.4316],[-119.28621,34.43146],[-119.28659,34.43132],[-119.28698,34.43115],[-119.28756,34.43083],[-119.28802,34.4305],[-119.28834,34.43022]]}},{"type":"Feature","properties":{"name":"","c":"footway"},"geometry":{"type":"LineString","coordinates":[[-119.27969,34.43365],[-119.27966,34.43365],[-119.27941,34.43364]]}},{"type":"Feature","properties":{"name":"","c":"footway"},"geometry":{"type":"LineString","coordinates":[[-119.27967,34.43403],[-119.27968,34.43376],[-119.27969,34.43365],[-119.27969,34.43353]]}},{"type":"Feature","properties":{"name":"","c":"footway"},"geometry":{"type":"LineString","coordinates":[[-119.27992,34.43377],[-119.27983,34.43377],[-119.27973,34.43376],[-119.27968,34.43376],[-119.27966,34.43376],[-119.27953,34.43376]]}},{"type":"Feature","properties":{"name":"","c":"footway"},"geometry":{"type":"LineString","coordinates":[[-119.28012,34.43372],[-119.28012,34.43367],[-119.28012,34.43359],[-119.28004,34.43356],[-119.27999,34.43354],[-119.27994,34.43353],[-119.27981,34.43353],[-119.27971,34.43353],[-119.27969,34.43353],[-119.27953,34.43353]]}},{"type":"Feature","properties":{"name":"","c":"footway"},"geometry":{"type":"LineString","coordinates":[[-119.27983,34.43327],[-119.27972,34.43327],[-119.2796,34.43327],[-119.27945,34.43327],[-119.27943,34.43361]]}},{"type":"Feature","properties":{"name":"","c":"footway"},"geometry":{"type":"LineString","coordinates":[[-119.27971,34.43353],[-119.27972,34.43327]]}},{"type":"Feature","properties":{"name":"","c":"path"},"geometry":{"type":"LineString","coordinates":[[-119.27981,34.4334],[-119.27979,34.43345],[-119.27981,34.43349],[-119.27981,34.43353]]}},{"type":"Feature","properties":{"name":"","c":"footway"},"geometry":{"type":"LineString","coordinates":[[-119.27994,34.43361],[-119.27993,34.43356],[-119.27993,34.43355],[-119.27994,34.43353],[-119.27995,34.43351],[-119.27995,34.43342],[-119.27995,34.43341],[-119.27985,34.43329],[-119.27983,34.43327],[-119.27984,34.43316],[-119.27985,34.43315],[-119.27985,34.43307]]}},{"type":"Feature","properties":{"name":"","c":"path"},"geometry":{"type":"LineString","coordinates":[[-119.27995,34.43342],[-119.27991,34.43341],[-119.27981,34.4334],[-119.27982,34.43336],[-119.27985,34.43329]]}},{"type":"Feature","properties":{"name":"","c":"footway"},"geometry":{"type":"LineString","coordinates":[[-119.27998,34.4333],[-119.27999,34.43291],[-119.27999,34.43286],[-119.27999,34.43281],[-119.28002,34.43271],[-119.28003,34.4324]]}},{"type":"Feature","properties":{"name":"","c":"footway"},"geometry":{"type":"LineString","coordinates":[[-119.29001,34.42211],[-119.28991,34.42226],[-119.28991,34.42227],[-119.28989,34.42228],[-119.28988,34.42229]]}},{"type":"Feature","properties":{"name":"","c":"footway"},"geometry":{"type":"LineString","coordinates":[[-119.28991,34.42226],[-119.29,34.42229],[-119.29014,34.42235]]}},{"type":"Feature","properties":{"name":"Ojai - Ventura Bike Path","c":"cycleway"},"geometry":{"type":"LineString","coordinates":[[-119.29023,34.4222],[-119.29026,34.42218]]}},{"type":"Feature","properties":{"name":"Ojai - Ventura Bike Path","c":"cycleway"},"geometry":{"type":"LineString","coordinates":[[-119.29014,34.42235],[-119.29014,34.4223],[-119.29016,34.42226],[-119.29019,34.42221],[-119.29023,34.4222]]}},{"type":"Feature","properties":{"name":"","c":"track"},"geometry":{"type":"LineString","coordinates":[[-119.25746,34.42048],[-119.25724,34.42056],[-119.25718,34.4206],[-119.25712,34.42064],[-119.25702,34.4207],[-119.25698,34.42071],[-119.25694,34.42071],[-119.25688,34.42068],[-119.25684,34.42067],[-119.25671,34.42068],[-119.25669,34.42069],[-119.25665,34.4207],[-119.25661,34.42069],[-119.25653,34.42069],[-119.25648,34.4207],[-119.25638,34.42074],[-119.25633,34.42076],[-119.25628,34.42081],[-119.25626,34.42087],[-119.25621,34.42091],[-119.25616,34.42094],[-119.25611,34.42096],[-119.25607,34.42098],[-119.25602,34.42104],[-119.256,34.42107],[-119.25599,34.42111],[-119.25597,34.42115],[-119.25594,34.42119],[-119.25591,34.42122],[-119.25588,34.42127],[-119.25585,34.4213],[-119.25581,34.42133],[-119.25576,34.42135],[-119.25571,34.42139],[-119.25565,34.42142],[-119.25561,34.42143],[-119.25555,34.42144],[-119.25538,34.42147],[-119.25507,34.42157],[-119.25502,34.42159],[-119.2549,34.42159],[-119.25483,34.42162],[-119.25463,34.42163],[-119.25446,34.42166],[-119.25435,34.42166],[-119.25424,34.42166],[-119.25411,34.42164],[-119.25398,34.42163],[-119.25392,34.42162],[-119.25365,34.42161],[-119.25347,34.42161],[-119.2533,34.42161],[-119.25326,34.4216],[-119.25315,34.42158],[-119.25305,34.42154],[-119.25297,34.4215],[-119.25287,34.42146],[-119.25278,34.42145],[-119.25272,34.42145],[-119.25253,34.42149],[-119.25241,34.42153],[-119.25227,34.42159],[-119.25201,34.42168],[-119.25158,34.4218],[-119.25149,34.42182],[-119.25141,34.42183],[-119.25116,34.42184],[-119.25105,34.42184],[-119.25096,34.42186],[-119.25072,34.4219],[-119.25064,34.42191],[-119.2506,34.4219],[-119.25056,34.42189]]}},{"type":"Feature","properties":{"name":"","c":"footway"},"geometry":{"type":"LineString","coordinates":[[-119.26411,34.42829],[-119.2642,34.4283],[-119.2643,34.42829],[-119.26438,34.42826],[-119.26446,34.42821],[-119.26452,34.42816],[-119.26456,34.42809],[-119.26458,34.42801],[-119.26458,34.42793],[-119.26456,34.42786],[-119.26452,34.4278],[-119.26447,34.42775],[-119.26441,34.42771],[-119.26431,34.42768],[-119.26315,34.42749],[-119.26306,34.42749],[-119.26297,34.42751],[-119.26288,34.42755],[-119.26281,34.4276],[-119.26276,34.42766],[-119.26273,34.42773],[-119.26272,34.42781],[-119.26274,34.42789],[-119.26277,34.42796],[-119.26282,34.42802],[-119.26288,34.42806],[-119.26298,34.4281],[-119.26303,34.42812],[-119.26395,34.42827]]}},{"type":"Feature","properties":{"name":"","c":"footway"},"geometry":{"type":"LineString","coordinates":[[-119.26386,34.42889],[-119.26387,34.42845],[-119.26388,34.42841],[-119.26391,34.42837],[-119.26395,34.42827]]}},{"type":"Feature","properties":{"name":"","c":"footway"},"geometry":{"type":"LineString","coordinates":[[-119.26395,34.42827],[-119.26411,34.42829]]}},{"type":"Feature","properties":{"name":"","c":"track"},"geometry":{"type":"LineString","coordinates":[[-119.26587,34.42929],[-119.26593,34.42923],[-119.26599,34.42915],[-119.26601,34.42904],[-119.266,34.42893],[-119.26591,34.42882],[-119.2658,34.42868],[-119.26569,34.42848],[-119.26554,34.4282],[-119.26543,34.42802],[-119.26539,34.42786],[-119.26537,34.42762],[-119.26537,34.42749],[-119.26534,34.42741],[-119.26525,34.42732],[-119.26498,34.42716],[-119.26478,34.42703],[-119.26459,34.42688],[-119.26448,34.4268],[-119.26436,34.42677],[-119.26401,34.42674],[-119.26365,34.4267],[-119.26346,34.42672],[-119.26333,34.42671],[-119.2631,34.42666],[-119.26293,34.42663],[-119.26271,34.42666],[-119.26252,34.42665],[-119.26228,34.42664],[-119.26211,34.42668],[-119.26194,34.42673],[-119.26183,34.42681],[-119.26166,34.42692],[-119.26156,34.42696],[-119.26129,34.42702],[-119.26094,34.4271],[-119.26072,34.42716],[-119.26049,34.42728],[-119.26022,34.42742],[-119.26007,34.42748],[-119.26001,34.42755],[-119.26001,34.42763],[-119.26009,34.42768],[-119.26025,34.42769],[-119.26049,34.42774],[-119.26061,34.42775],[-119.26071,34.42772],[-119.26082,34.42763],[-119.26093,34.42752],[-119.26099,34.4275],[-119.26108,34.42752],[-119.26115,34.42759],[-119.26115,34.42766],[-119.26111,34.42781],[-119.26114,34.4279],[-119.26122,34.42797],[-119.2613,34.42804],[-119.26134,34.42813],[-119.26133,34.42821],[-119.26123,34.42831],[-119.26111,34.42834],[-119.26099,34.42831],[-119.26073,34.42818],[-119.26058,34.4281],[-119.2604,34.42806],[-119.26019,34.42809],[-119.26007,34.42816],[-119.26003,34.42825],[-119.25999,34.42875],[-119.26,34.42892],[-119.26008,34.42912],[-119.26015,34.42921],[-119.26029,34.42925],[-119.26047,34.42924],[-119.26059,34.4292],[-119.26079,34.42909],[-119.26104,34.42894],[-119.26124,34.42891],[-119.26153,34.42893],[-119.26186,34.42896],[-119.262,34.429],[-119.26205,34.42906],[-119.26205,34.42918],[-119.26202,34.42927],[-119.26203,34.42937],[-119.26207,34.4294],[-119.26223,34.42939],[-119.26237,34.42933],[-119.26243,34.42926],[-119.26255,34.42921],[-119.2627,34.42924],[-119.26297,34.42926],[-119.26313,34.42927]]}},{"type":"Feature","properties":{"name":"","c":"path"},"geometry":{"type":"LineString","coordinates":[[-119.25967,34.43398],[-119.25965,34.43401],[-119.25961,34.43404],[-119.25953,34.43408],[-119.2595,34.43409],[-119.25943,34.43409],[-119.25937,34.43408],[-119.25932,34.43405],[-119.25926,34.43402],[-119.25918,34.43398],[-119.25914,34.43395],[-119.25907,34.43391],[-119.25899,34.43387],[-119.25892,34.43383],[-119.25887,34.43382],[-119.25882,34.43383],[-119.25873,34.43386],[-119.25866,34.43388],[-119.25858,34.43388],[-119.25848,34.43389],[-119.25834,34.43388],[-119.2583,34.43388],[-119.25825,34.4339],[-119.25806,34.43402],[-119.25799,34.43407],[-119.25796,34.43409],[-119.25792,34.43409],[-119.25788,34.4341],[-119.25781,34.43411],[-119.25778,34.43413],[-119.25774,34.43414],[-119.25769,34.43413],[-119.25761,34.43411],[-119.25709,34.43394],[-119.25699,34.43391],[-119.25685,34.43389],[-119.25667,34.43388],[-119.25655,34.43386],[-119.2565,34.43385],[-119.25641,34.4338],[-119.25629,34.43378],[-119.25617,34.43377],[-119.25591,34.43373],[-119.25582,34.4337],[-119.25579,34.43366],[-119.25575,34.43358],[-119.25572,34.43346],[-119.25569,34.43341],[-119.25566,34.43338],[-119.25563,34.43337],[-119.25562,34.43335],[-119.25564,34.43329]]}},{"type":"Feature","properties":{"name":"","c":"path"},"geometry":{"type":"LineString","coordinates":[[-119.25813,34.43839],[-119.25815,34.43829],[-119.25815,34.43819],[-119.25815,34.43814],[-119.25816,34.43809],[-119.2582,34.43805],[-119.25822,34.43802],[-119.25825,34.438],[-119.25827,34.43792],[-119.25829,34.43784],[-119.25837,34.43767],[-119.25841,34.43756],[-119.25846,34.43744],[-119.25863,34.43707],[-119.25868,34.43695],[-119.25877,34.43678],[-119.25886,34.43657],[-119.25893,34.4364],[-119.25895,34.43636],[-119.25898,34.43627],[-119.25902,34.43616],[-119.25908,34.43608],[-119.25911,34.43603],[-119.25917,34.43589],[-119.25921,34.43578],[-119.25926,34.43564],[-119.25931,34.43558],[-119.25944,34.43547],[-119.25953,34.43541],[-119.2596,34.43536],[-119.25965,34.43531],[-119.25971,34.43525],[-119.25977,34.43521],[-119.25982,34.4352],[-119.25992,34.43519],[-119.26,34.43517],[-119.26007,34.43515],[-119.26015,34.43511],[-119.26019,34.43507],[-119.26023,34.43498],[-119.26026,34.4349],[-119.26028,34.43482],[-119.26025,34.43471],[-119.26019,34.43463],[-119.26018,34.43463],[-119.26014,34.4346],[-119.26008,34.43456],[-119.26004,34.43451],[-119.26001,34.43445],[-119.26001,34.4344],[-119.26001,34.43433],[-119.26001,34.43427],[-119.25998,34.43421],[-119.25995,34.43416],[-119.25985,34.43409],[-119.25967,34.43398],[-119.25967,34.43393],[-119.25965,34.43384],[-119.25964,34.43374],[-119.25963,34.43365],[-119.25963,34.43359],[-119.25962,34.43356],[-119.25953,34.43349],[-119.25947,34.43345],[-119.25938,34.43342],[-119.25926,34.4334],[-119.2592,34.43338],[-119.25914,34.43334],[-119.25905,34.43325],[-119.25883,34.43307],[-119.25871,34.43295],[-119.25865,34.4329],[-119.25858,34.43285],[-119.25854,34.43279],[-119.25852,34.43274],[-119.25852,34.43269],[-119.25863,34.43235],[-119.25864,34.43232],[-119.25866,34.43227],[-119.25866,34.4322],[-119.25863,34.43205],[-119.25858,34.43193],[-119.25856,34.43188],[-119.25856,34.43183],[-119.25858,34.43175],[-119.25867,34.43152],[-119.25871,34.43146],[-119.25878,34.43138],[-119.25883,34.4313],[-119.25887,34.43124],[-119.25892,34.43113],[-119.25901,34.43104],[-119.25908,34.43098],[-119.25915,34.43092],[-119.25918,34.43086],[-119.25917,34.43078],[-119.25919,34.43071],[-119.2592,34.43062],[-119.25922,34.43051],[-119.25922,34.43044],[-119.25921,34.43037],[-119.25919,34.43033],[-119.25917,34.43027],[-119.25919,34.43017],[-119.25917,34.43011],[-119.25914,34.43009]]}},{"type":"Feature","properties":{"name":"","c":"path"},"geometry":{"type":"LineString","coordinates":[[-119.25918,34.43086],[-119.25919,34.43091],[-119.25924,34.43095],[-119.25926,34.43103],[-119.25928,34.43113],[-119.25932,34.43124],[-119.25935,34.43134],[-119.2594,34.43141],[-119.25943,34.43148],[-119.25946,34.43159],[-119.25948,34.43168],[-119.25954,34.43175],[-119.25963,34.43183],[-119.25969,34.4319],[-119.25976,34.43197],[-119.2598,34.43202],[-119.25985,34.43206],[-119.25993,34.43212],[-119.25997,34.43217],[-119.25998,34.43226],[-119.25994,34.43236],[-119.25989,34.43243],[-119.25985,34.43247],[-119.25981,34.43252],[-119.25981,34.43256],[-119.25981,34.43261],[-119.25982,34.43268],[-119.25988,34.43273],[-119.25999,34.43274],[-119.26008,34.43275],[-119.26016,34.4328],[-119.2602,34.43285],[-119.26021,34.43294],[-119.2602,34.43302],[-119.26023,34.43309],[-119.26026,34.43317],[-119.26028,34.43329],[-119.26029,34.43344],[-119.26027,34.43351],[-119.26016,34.43363],[-119.2601,34.43371],[-119.26009,34.4338],[-119.26011,34.43389],[-119.2602,34.43396],[-119.26032,34.43408],[-119.26043,34.43424],[-119.26048,34.43442],[-119.26049,34.43452],[-119.26048,34.43456],[-119.26044,34.43458],[-119.26039,34.43458],[-119.26031,34.43457],[-119.26027,34.43457],[-119.26023,34.43458],[-119.26018,34.43463]]}},{"type":"Feature","properties":{"name":"","c":"path"},"geometry":{"type":"LineString","coordinates":[[-119.25645,34.43144],[-119.25649,34.43149],[-119.25651,34.43153],[-119.25655,34.43155],[-119.25659,34.43156],[-119.25668,34.43156],[-119.25682,34.43157],[-119.25697,34.43159],[-119.25713,34.4316],[-119.25721,34.43162],[-119.2574,34.43169],[-119.25761,34.43177],[-119.25772,34.43181],[-119.25781,34.43185],[-119.25789,34.43189],[-119.25798,34.43192],[-119.25803,34.43193],[-119.2581,34.432],[-119.25815,34.43203],[-119.25823,34.43207],[-119.25827,34.43209],[-119.2583,34.43214],[-119.25833,34.43218],[-119.25837,34.43222],[-119.25843,34.43225],[-119.25855,34.43228],[-119.25862,34.43232],[-119.25863,34.43235]]}},{"type":"Feature","properties":{"name":"","c":"path"},"geometry":{"type":"LineString","coordinates":[[-119.25892,34.43113],[-119.25882,34.43122],[-119.25876,34.43125],[-119.25868,34.43128],[-119.25862,34.43131],[-119.25857,34.43134],[-119.25847,34.43141],[-119.25835,34.43146],[-119.25825,34.43148],[-119.25814,34.43149],[-119.25803,34.4315],[-119.25796,34.43151],[-119.25789,34.43154],[-119.25782,34.43157],[-119.25774,34.43158],[-119.2576,34.43159],[-119.25749,34.43158],[-119.25732,34.43156],[-119.25701,34.4315],[-119.25687,34.43147],[-119.25682,34.43147],[-119.25676,34.43148],[-119.25668,34.4315],[-119.25663,34.4315],[-119.25658,34.43149],[-119.2565,34.43145],[-119.25645,34.43144],[-119.2564,34.43142],[-119.25622,34.43141],[-119.25587,34.43146]]}},{"type":"Feature","properties":{"name":"","c":"footway"},"geometry":{"type":"LineString","coordinates":[[-119.26535,34.42887],[-119.26522,34.42897],[-119.26504,34.4291],[-119.265,34.42913],[-119.26494,34.42917],[-119.2649,34.42913],[-119.26485,34.42907],[-119.26483,34.42904],[-119.26481,34.42899],[-119.26478,34.42897],[-119.26473,34.42894],[-119.26464,34.42892],[-119.26456,34.4289],[-119.26441,34.4289],[-119.26438,34.4289],[-119.26386,34.42889],[-119.26361,34.42888],[-119.26361,34.42906],[-119.26382,34.42933],[-119.26383,34.42934],[-119.26386,34.42935],[-119.26389,34.42935],[-119.26389,34.42939]]}},{"type":"Feature","properties":{"name":"","c":"footway"},"geometry":{"type":"LineString","coordinates":[[-119.26438,34.42883],[-119.26438,34.4289],[-119.26437,34.42959],[-119.26463,34.4296],[-119.26463,34.42988],[-119.26463,34.43022],[-119.26463,34.43052],[-119.26463,34.43085]]}},{"type":"Feature","properties":{"name":"","c":"footway"},"geometry":{"type":"LineString","coordinates":[[-119.26437,34.42959],[-119.26415,34.42959]]}},{"type":"Feature","properties":{"name":"","c":"footway"},"geometry":{"type":"LineString","coordinates":[[-119.26407,34.43021],[-119.26398,34.43021],[-119.26397,34.43013],[-119.26388,34.43012],[-119.26379,34.43012],[-119.26375,34.43009],[-119.26371,34.43008],[-119.26367,34.43006],[-119.26364,34.43004],[-119.26361,34.43001],[-119.2636,34.42998],[-119.26358,34.42981],[-119.26358,34.42978],[-119.2636,34.42978],[-119.2636,34.42984],[-119.26362,34.42984],[-119.26362,34.42978],[-119.26364,34.42977],[-119.26365,34.42976],[-119.26379,34.42976],[-119.2638,34.42962],[-119.26413,34.42962]]}},{"type":"Feature","properties":{"name":"","c":"footway"},"geometry":{"type":"LineString","coordinates":[[-119.26388,34.43012],[-119.26388,34.42993]]}},{"type":"Feature","properties":{"name":"","c":"footway"},"geometry":{"type":"LineString","coordinates":[[-119.26463,34.42988],[-119.26459,34.42988],[-119.26453,34.42988],[-119.26448,34.42989],[-119.26445,34.42989],[-119.26441,34.4299],[-119.26435,34.42993],[-119.2643,34.42996],[-119.26425,34.42998],[-119.2642,34.42999],[-119.26413,34.43001],[-119.26408,34.43002]]}},{"type":"Feature","properties":{"name":"","c":"footway"},"geometry":{"type":"LineString","coordinates":[[-119.26463,34.43052],[-119.26457,34.43052],[-119.2645,34.43053],[-119.26441,34.43054],[-119.26437,34.43054],[-119.26425,34.43051],[-119.26421,34.4305],[-119.26407,34.43046]]}},{"type":"Feature","properties":{"name":"","c":"path"},"geometry":{"type":"LineString","coordinates":[[-119.26127,34.43226],[-119.26125,34.43222],[-119.26122,34.43219],[-119.26117,34.43216],[-119.26115,34.43213],[-119.26115,34.4321],[-119.26114,34.43205],[-119.26112,34.43202],[-119.2611,34.43199],[-119.26108,34.43196],[-119.26099,34.43193],[-119.26095,34.4319],[-119.26091,34.43183]]}},{"type":"Feature","properties":{"name":"","c":"path"},"geometry":{"type":"LineString","coordinates":[[-119.26167,34.4336],[-119.26173,34.4336],[-119.26182,34.43361],[-119.2619,34.43362],[-119.26196,34.43362],[-119.26201,34.4336],[-119.26205,34.43358],[-119.26209,34.43352],[-119.26211,34.43348],[-119.26213,34.43343],[-119.26214,34.43336]]}},{"type":"Feature","properties":{"name":"","c":"path"},"geometry":{"type":"LineString","coordinates":[[-119.26175,34.43565],[-119.2618,34.4356],[-119.26183,34.43555],[-119.26183,34.4355],[-119.26182,34.43543],[-119.26183,34.43539],[-119.26186,34.43535],[-119.2619,34.43531],[-119.26194,34.43524],[-119.26195,34.43517],[-119.26193,34.43511],[-119.26194,34.43505],[-119.26195,34.435],[-119.26197,34.43494],[-119.26196,34.43489],[-119.26191,34.43482],[-119.26186,34.43478],[-119.26183,34.43471],[-119.26181,34.43463],[-119.26181,34.43455],[-119.26183,34.43446],[-119.26184,34.43439],[-119.26182,34.43431],[-119.26178,34.4342],[-119.26176,34.43407],[-119.26175,34.43396],[-119.26173,34.4339],[-119.26169,34.43382],[-119.26165,34.43374],[-119.26165,34.43369],[-119.26166,34.43362],[-119.26167,34.4336],[-119.26163,34.43354],[-119.26158,34.43349],[-119.26154,34.43343],[-119.26152,34.43341],[-119.26147,34.43337],[-119.26135,34.4333],[-119.26127,34.43325],[-119.26124,34.4332],[-119.26123,34.43314],[-119.26125,34.43308],[-119.26128,34.43297],[-119.26126,34.43282],[-119.26123,34.43272],[-119.26123,34.43261],[-119.26121,34.43253],[-119.26115,34.43245],[-119.26115,34.43242],[-119.26116,34.43236],[-119.2612,34.4323],[-119.26124,34.43227],[-119.26127,34.43226],[-119.26132,34.43226],[-119.26136,34.43228],[-119.26142,34.43233],[-119.26155,34.43249],[-119.26168,34.43265],[-119.26176,34.43275],[-119.262,34.43303],[-119.26208,34.43314],[-119.26213,34.43326],[-119.26214,34.43336],[-119.26218,34.43343],[-119.26233,34.43367],[-119.26238,34.43377],[-119.26237,34.43382],[-119.26233,34.43387],[-119.26222,34.43392],[-119.26219,34.43396],[-119.26219,34.43401],[-119.26222,34.43406],[-119.26223,34.43412],[-119.26221,34.43419],[-119.26217,34.43426],[-119.26214,34.43437],[-119.26212,34.43442],[-119.26207,34.43451],[-119.26206,34.43456],[-119.26207,34.43461],[-119.26209,34.43466],[-119.26213,34.43471],[-119.26213,34.43476],[-119.2621,34.43484],[-119.26206,34.43491],[-119.26201,34.43496]]}},{"type":"Feature","properties":{"name":"Warrington Way","c":"track"},"geometry":{"type":"LineString","coordinates":[[-119.26729,34.43474],[-119.26769,34.43443],[-119.26774,34.43435],[-119.26779,34.43429],[-119.26794,34.43418],[-119.26802,34.43412],[-119.26807,34.43404],[-119.2681,34.43397],[-119.26814,34.4339],[-119.26819,34.43382],[-119.26828,34.43376],[-119.26836,34.43372],[-119.26846,34.43367],[-119.26864,34.43363],[-119.26875,34.43362],[-119.269,34.43362],[-119.26916,34.43365],[-119.27014,34.43386],[-119.2703,34.43397],[-119.27083,34.43446],[-119.27103,34.43452],[-119.27146,34.43443],[-119.27178,34.43432],[-119.27202,34.43413],[-119.27218,34.43399],[-119.27234,34.43392]]}},{"type":"Feature","properties":{"name":"","c":"track"},"geometry":{"type":"LineString","coordinates":[[-119.26893,34.42938],[-119.26921,34.4294],[-119.26949,34.42944],[-119.26977,34.42947],[-119.27011,34.42949],[-119.27062,34.42955],[-119.27113,34.4296],[-119.27132,34.42964],[-119.27171,34.42957],[-119.27197,34.4295],[-119.27218,34.42938],[-119.27248,34.42935],[-119.27272,34.42932],[-119.27287,34.42924],[-119.27315,34.4292],[-119.27348,34.42916],[-119.27363,34.42918],[-119.27368,34.42922]]}},{"type":"Feature","properties":{"name":"","c":"track"},"geometry":{"type":"LineString","coordinates":[[-119.26564,34.42918],[-119.26576,34.42912],[-119.26587,34.42929],[-119.26599,34.42943],[-119.26618,34.42956],[-119.26632,34.42961],[-119.26642,34.4296],[-119.26646,34.42957],[-119.26651,34.42951],[-119.26657,34.42941],[-119.26664,34.42934],[-119.26676,34.42925],[-119.26691,34.42916],[-119.26698,34.42906],[-119.26696,34.42894],[-119.26683,34.42875],[-119.26667,34.42853],[-119.26652,34.42828],[-119.26627,34.4279],[-119.26606,34.42765],[-119.26594,34.42747],[-119.26592,34.42736],[-119.26597,34.42729],[-119.26607,34.42725],[-119.26626,34.42728],[-119.26646,34.42736],[-119.26657,34.42744],[-119.26662,34.42751],[-119.26666,34.42765],[-119.26672,34.42781],[-119.26677,34.42789],[-119.26688,34.42803],[-119.26707,34.42821],[-119.26719,34.42829],[-119.26731,34.42836],[-119.2674,34.42847],[-119.26745,34.42861],[-119.26749,34.4287],[-119.26757,34.42876],[-119.26759,34.42882],[-119.26755,34.4289],[-119.2675,34.42899],[-119.26751,34.42905],[-119.26757,34.42909],[-119.26764,34.42912],[-119.26769,34.42918],[-119.26769,34.42924],[-119.26763,34.42931],[-119.26743,34.4294],[-119.26716,34.42951],[-119.26703,34.42959],[-119.26699,34.42967],[-119.26701,34.42974],[-119.26709,34.42981],[-119.26723,34.42984],[-119.26735,34.42985],[-119.26754,34.42981],[-119.26774,34.42978],[-119.268,34.42972],[-119.2682,34.42968],[-119.26845,34.4296],[-119.26856,34.42953],[-119.26873,34.42946],[-119.26879,34.42946],[-119.26885,34.42949],[-119.26891,34.42957],[-119.26896,34.42966],[-119.26896,34.4297],[-119.26889,34.42976],[-119.26872,34.42979],[-119.26841,34.42985],[-119.2681,34.42996],[-119.26795,34.43],[-119.26769,34.43004],[-119.26743,34.43008],[-119.2672,34.43015],[-119.26713,34.43023],[-119.26707,34.43031],[-119.26692,34.43038],[-119.26675,34.43041],[-119.26655,34.43039],[-119.26643,34.43032],[-119.26634,34.43016],[-119.26617,34.42981]]}},{"type":"Feature","properties":{"name":"","c":"footway"},"geometry":{"type":"LineString","coordinates":[[-119.26463,34.43022],[-119.26499,34.43022],[-119.26503,34.43021],[-119.26506,34.4302],[-119.26529,34.4302],[-119.26559,34.43026],[-119.26577,34.43025]]}},{"type":"Feature","properties":{"name":"","c":"track"},"geometry":{"type":"LineString","coordinates":[[-119.26617,34.42981],[-119.26599,34.42943]]}},{"type":"Feature","properties":{"name":"","c":"path"},"geometry":{"type":"LineString","coordinates":[[-119.27654,34.43414],[-119.2764,34.43407],[-119.27615,34.434],[-119.27544,34.43396],[-119.27454,34.43394],[-119.27337,34.43392],[-119.27297,34.43384],[-119.27266,34.43385],[-119.27234,34.43392]]}},{"type":"Feature","properties":{"name":"","c":"path"},"geometry":{"type":"LineString","coordinates":[[-119.27499,34.4345],[-119.27489,34.43433],[-119.27486,34.43418],[-119.27471,34.43403],[-119.27454,34.43394]]}},{"type":"Feature","properties":{"name":"","c":"path"},"geometry":{"type":"LineString","coordinates":[[-119.2771,34.43259],[-119.27708,34.43275],[-119.27708,34.43279],[-119.27707,34.43314],[-119.27705,34.43337],[-119.27704,34.43359],[-119.277,34.4337],[-119.27694,34.4338],[-119.27686,34.43389],[-119.27675,34.43396],[-119.27664,34.43402],[-119.27654,34.43414],[-119.27655,34.43424],[-119.27656,34.43433],[-119.27661,34.43443],[-119.2767,34.43457],[-119.2767,34.43463],[-119.27653,34.43503],[-119.27651,34.4351],[-119.27651,34.43516],[-119.27652,34.4352],[-119.27655,34.43534],[-119.27657,34.43551],[-119.27655,34.43567],[-119.2765,34.43584],[-119.27646,34.43594],[-119.27646,34.43601],[-119.2765,34.43609],[-119.27653,34.43618],[-119.27656,34.43631],[-119.27661,34.43644],[-119.27663,34.4365]]}},{"type":"Feature","properties":{"name":"","c":"path"},"geometry":{"type":"LineString","coordinates":[[-119.27987,34.43649],[-119.27985,34.43653],[-119.27983,34.43654],[-119.27972,34.43654],[-119.27964,34.43656],[-119.27938,34.43666],[-119.27928,34.43673],[-119.27916,34.43683],[-119.27903,34.4369],[-119.27895,34.43692],[-119.27881,34.43692],[-119.27868,34.43691],[-119.27852,34.43691],[-119.2783,34.43694],[-119.2781,34.43693],[-119.2779,34.437],[-119.27772,34.43709],[-119.27762,34.43716],[-119.27751,34.43723],[-119.27737,34.43724],[-119.27727,34.43727],[-119.27721,34.43729],[-119.27713,34.43729],[-119.277,34.43725],[-119.27685,34.43721],[-119.27668,34.4372],[-119.27653,34.43726],[-119.27641,34.43731],[-119.27626,34.43734],[-119.27606,34.43739],[-119.27586,34.43747],[-119.2756,34.43755],[-119.27537,34.4377]]}},{"type":"Feature","properties":{"name":"","c":"path"},"geometry":{"type":"LineString","coordinates":[[-119.2781,34.43693],[-119.27803,34.43689],[-119.27796,34.43686],[-119.27786,34.43678],[-119.27772,34.43672],[-119.27745,34.43666],[-119.27718,34.43665],[-119.27696,34.43663],[-119.27681,34.43659],[-119.27668,34.43655],[-119.27663,34.4365]]}},{"type":"Feature","properties":{"name":"","c":"path"},"geometry":{"type":"LineString","coordinates":[[-119.27663,34.4365],[-119.27655,34.43659],[-119.27645,34.43667],[-119.27633,34.43672],[-119.27624,34.43678],[-119.27614,34.43688],[-119.27601,34.43709],[-119.27587,34.43722],[-119.27576,34.43732],[-119.2757,34.43739],[-119.27564,34.43747],[-119.2756,34.43755]]}},{"type":"Feature","properties":{"name":"","c":"path"},"geometry":{"type":"LineString","coordinates":[[-119.27537,34.4377],[-119.27541,34.43737],[-119.27538,34.43721],[-119.27535,34.43676],[-119.27548,34.43621],[-119.27548,34.43603],[-119.27555,34.43581],[-119.27569,34.43559],[-119.27573,34.43554],[-119.27575,34.43546],[-119.27579,34.43531],[-119.27587,34.43532],[-119.27605,34.43526],[-119.27611,34.43525],[-119.2762,34.43526],[-119.27628,34.43524],[-119.27633,34.4352],[-119.27644,34.43517],[-119.27651,34.43516]]}},{"type":"Feature","properties":{"name":"","c":"path"},"geometry":{"type":"LineString","coordinates":[[-119.27579,34.43531],[-119.27565,34.43526],[-119.27563,34.4352],[-119.27556,34.43514],[-119.27546,34.43497],[-119.27543,34.43489],[-119.27537,34.43481],[-119.27524,34.43474],[-119.27517,34.43469],[-119.27507,34.43464],[-119.27501,34.43457],[-119.27499,34.4345],[-119.27506,34.43442],[-119.27509,34.43433],[-119.27544,34.43396]]}},{"type":"Feature","properties":{"name":"","c":"path"},"geometry":{"type":"LineString","coordinates":[[-119.27537,34.4377],[-119.27532,34.4377],[-119.27524,34.43775],[-119.27518,34.43777]]}},{"type":"Feature","properties":{"name":"","c":"path"},"geometry":{"type":"LineString","coordinates":[[-119.27318,34.4413],[-119.27313,34.44121],[-119.27307,34.44114],[-119.27309,34.4411],[-119.27311,34.44106],[-119.27314,34.44097],[-119.27323,34.44085],[-119.27329,34.44069],[-119.27332,34.44058],[-119.27337,34.44049],[-119.27344,34.4404],[-119.27354,34.44029],[-119.27356,34.44027],[-119.2736,34.44024],[-119.27375,34.44018],[-119.27387,34.44012],[-119.27395,34.44002],[-119.27405,34.43987],[-119.27418,34.4398],[-119.2743,34.43977],[-119.27434,34.43971],[-119.27437,34.43956],[-119.27432,34.43935],[-119.27431,34.43921],[-119.27441,34.43893],[-119.27447,34.43886],[-119.27461,34.43867],[-119.2747,34.43859],[-119.27486,34.43849],[-119.27493,34.43841],[-119.275,34.43823],[-119.2752,34.43805],[-119.27532,34.43783],[-119.27533,34.43781],[-119.27537,34.4377]]}},{"type":"Feature","properties":{"name":"","c":"path"},"geometry":{"type":"LineString","coordinates":[[-119.27356,34.44027],[-119.27361,34.4402],[-119.27365,34.4401],[-119.27384,34.43958],[-119.27385,34.43946],[-119.27383,34.43936],[-119.27376,34.43932],[-119.27375,34.43928],[-119.27379,34.43924],[-119.27385,34.43915],[-119.27386,34.43904],[-119.27389,34.43895],[-119.2739,34.43883],[-119.27397,34.43878],[-119.27399,34.43874],[-119.27398,34.43866],[-119.27403,34.4386],[-119.2741,34.43843],[-119.2742,34.43832],[-119.27426,34.43826],[-119.2743,34.43821],[-119.27434,34.43816],[-119.27436,34.43812],[-119.27447,34.43807],[-119.27452,34.43802],[-119.27458,34.43791],[-119.27456,34.43786],[-119.27454,34.4378],[-119.27458,34.43776],[-119.27466,34.43775],[-119.27482,34.43777],[-119.27496,34.43776],[-119.27508,34.43776],[-119.27518,34.43777],[-119.27522,34.43777],[-119.27533,34.43781],[-119.27545,34.43784],[-119.27558,34.43791],[-119.27566,34.43806],[-119.2757,34.43824],[-119.27564,34.43833],[-119.27552,34.43844],[-119.27552,34.43866],[-119.27548,34.43885],[-119.27542,34.43897],[-119.27538,34.4391],[-119.27525,34.43925],[-119.27521,34.43943],[-119.27518,34.43965],[-119.27508,34.43979],[-119.27501,34.43983],[-119.27495,34.4399],[-119.2749,34.43992]]}},{"type":"Feature","properties":{"name":"","c":"path"},"geometry":{"type":"LineString","coordinates":[[-119.27843,34.43794],[-119.27826,34.43783],[-119.27816,34.4377],[-119.27804,34.43755],[-119.27788,34.43732],[-119.27762,34.43716]]}},{"type":"Feature","properties":{"name":"","c":"path"},"geometry":{"type":"LineString","coordinates":[[-119.27847,34.43921],[-119.27838,34.43907],[-119.27829,34.43904],[-119.27817,34.43895],[-119.278,34.43888],[-119.27786,34.43884],[-119.27802,34.43868],[-119.27816,34.43859],[-119.27824,34.43843],[-119.27843,34.43794],[-119.27857,34.43788],[-119.27867,34.43775],[-119.2789,34.43717],[-119.27887,34.43705],[-119.27881,34.43692]]}},{"type":"Feature","properties":{"name":"","c":"path"},"geometry":{"type":"LineString","coordinates":[[-119.27816,34.43952],[-119.27781,34.43947],[-119.27768,34.43944],[-119.27762,34.43939],[-119.2776,34.4393],[-119.27762,34.4392],[-119.27769,34.43913],[-119.2778,34.43907],[-119.27782,34.43891],[-119.27786,34.43884]]}},{"type":"Feature","properties":{"name":"","c":"path"},"geometry":{"type":"LineString","coordinates":[[-119.27666,34.44153],[-119.27627,34.44134],[-119.27629,34.4412],[-119.27634,34.44083],[-119.27638,34.44071],[-119.27632,34.44053],[-119.27632,34.44035],[-119.27569,34.44019],[-119.27544,34.44005],[-119.27506,34.43998],[-119.27499,34.43994],[-119.2749,34.43992],[-119.27473,34.43988],[-119.27449,34.43977],[-119.27443,34.43969],[-119.27437,34.43956]]}},{"type":"Feature","properties":{"name":"","c":"path"},"geometry":{"type":"LineString","coordinates":[[-119.27619,34.44302],[-119.27611,34.44298],[-119.27584,34.4429],[-119.27554,34.44282],[-119.27521,34.44275],[-119.27505,34.4427],[-119.275,34.44267]]}},{"type":"Feature","properties":{"name":"","c":"path"},"geometry":{"type":"LineString","coordinates":[[-119.27635,34.44302],[-119.27619,34.44302]]}},{"type":"Feature","properties":{"name":"","c":"footway"},"geometry":{"type":"LineString","coordinates":[[-119.2781,34.44209],[-119.27678,34.4418],[-119.27663,34.44181]]}},{"type":"Feature","properties":{"name":"","c":"footway"},"geometry":{"type":"LineString","coordinates":[[-119.27799,34.44401],[-119.27816,34.4435]]}},{"type":"Feature","properties":{"name":"","c":"path"},"geometry":{"type":"LineString","coordinates":[[-119.2769,34.44403],[-119.27683,34.44383],[-119.27682,34.44377],[-119.27682,34.44363],[-119.2768,34.44357],[-119.27665,34.44335],[-119.27661,34.44332],[-119.27654,34.44327],[-119.27648,34.44324],[-119.27642,34.4432],[-119.27627,34.44312],[-119.27623,34.44309],[-119.27619,34.44302]]}},{"type":"Feature","properties":{"name":"","c":"path"},"geometry":{"type":"LineString","coordinates":[[-119.27642,34.4432],[-119.27639,34.44324],[-119.27637,34.44329],[-119.27635,34.44336],[-119.27631,34.44341],[-119.27629,34.44346],[-119.27627,34.4436],[-119.27627,34.44369],[-119.27628,34.44375],[-119.27628,34.44387]]}},{"type":"Feature","properties":{"name":"","c":"path"},"geometry":{"type":"LineString","coordinates":[[-119.27784,34.44421],[-119.27773,34.44418],[-119.27772,34.44418],[-119.27768,34.4442],[-119.27762,34.4442],[-119.27757,34.44419],[-119.2769,34.44403],[-119.27628,34.44387],[-119.27604,34.44381],[-119.27399,34.44332],[-119.27388,34.44329],[-119.27377,34.44325],[-119.27374,34.44323],[-119.27355,34.44315],[-119.27341,34.44308]]}},{"type":"Feature","properties":{"name":"","c":"path"},"geometry":{"type":"LineString","coordinates":[[-119.27322,34.44465],[-119.27311,34.44467],[-119.27299,34.44467],[-119.27237,34.44464],[-119.2723,34.44467]]}},{"type":"Feature","properties":{"name":"","c":"path"},"geometry":{"type":"LineString","coordinates":[[-119.27339,34.44471],[-119.27327,34.44466],[-119.27322,34.44465]]}},{"type":"Feature","properties":{"name":"","c":"path"},"geometry":{"type":"LineString","coordinates":[[-119.27322,34.44465],[-119.2732,34.44463],[-119.27322,34.4446],[-119.27322,34.44455],[-119.27322,34.44448],[-119.2733,34.44427],[-119.27333,34.44422],[-119.27338,34.44403],[-119.27343,34.44391],[-119.27347,34.44377],[-119.27354,34.44363],[-119.27374,34.44323]]}},{"type":"Feature","properties":{"name":"","c":"path"},"geometry":{"type":"LineString","coordinates":[[-119.27209,34.4434],[-119.27209,34.44337],[-119.2721,34.44325],[-119.27212,34.44317],[-119.2723,34.44319],[-119.27241,34.44317],[-119.27259,34.44313],[-119.27275,34.44305],[-119.27288,34.44299],[-119.273,34.44292],[-119.27307,34.44286],[-119.27312,34.44279],[-119.2732,34.44258]]}},{"type":"Feature","properties":{"name":"","c":"path"},"geometry":{"type":"LineString","coordinates":[[-119.27212,34.44317],[-119.27213,34.44311],[-119.27217,34.44303],[-119.2723,34.44269],[-119.27235,34.4426]]}},{"type":"Feature","properties":{"name":"","c":"path"},"geometry":{"type":"LineString","coordinates":[[-119.27242,34.44236],[-119.27231,34.44236],[-119.2723,34.44236],[-119.27225,34.44233],[-119.27221,34.4423],[-119.27221,34.44222],[-119.27221,34.44218],[-119.27218,34.44212]]}},{"type":"Feature","properties":{"name":"","c":"path"},"geometry":{"type":"LineString","coordinates":[[-119.2732,34.44258],[-119.2732,34.4424],[-119.27311,34.44218],[-119.27302,34.4421],[-119.27297,34.44196],[-119.27298,34.44191],[-119.27298,34.44185],[-119.27303,34.44173],[-119.27311,34.44156],[-119.27316,34.44138],[-119.27318,34.4413]]}},{"type":"Feature","properties":{"name":"","c":"path"},"geometry":{"type":"LineString","coordinates":[[-119.2732,34.44258],[-119.27325,34.44256],[-119.27336,34.44246],[-119.27346,34.44236],[-119.27354,34.44219],[-119.27358,34.44197],[-119.27362,34.44174],[-119.27367,34.44152],[-119.27367,34.44145],[-119.27358,34.44142],[-119.27345,34.44139],[-119.27332,34.44136],[-119.27318,34.4413]]}},{"type":"Feature","properties":{"name":"","c":"path"},"geometry":{"type":"LineString","coordinates":[[-119.27341,34.44308],[-119.27334,34.44296],[-119.2733,34.4429],[-119.27325,34.4428],[-119.2732,34.44258]]}},{"type":"Feature","properties":{"name":"","c":"path"},"geometry":{"type":"LineString","coordinates":[[-119.27325,34.4428],[-119.27312,34.44279],[-119.27301,34.4428],[-119.2729,34.4428],[-119.2728,34.44277],[-119.2726,34.44267],[-119.27235,34.4426]]}},{"type":"Feature","properties":{"name":"","c":"path"},"geometry":{"type":"LineString","coordinates":[[-119.27275,34.44305],[-119.2728,34.44277]]}},{"type":"Feature","properties":{"name":"","c":"path"},"geometry":{"type":"LineString","coordinates":[[-119.27341,34.44308],[-119.27317,34.44309],[-119.27306,34.44311],[-119.27297,34.44316],[-119.27277,34.44331],[-119.27266,34.44336],[-119.27253,34.44339],[-119.27245,34.44341],[-119.27238,34.44342],[-119.27226,34.4434],[-119.27216,34.44338],[-119.27209,34.4434]]}},{"type":"Feature","properties":{"name":"","c":"track"},"geometry":{"type":"LineString","coordinates":[[-119.27384,34.44147],[-119.27367,34.44145]]}},{"type":"Feature","properties":{"name":"","c":"path"},"geometry":{"type":"LineString","coordinates":[[-119.27629,34.4412],[-119.27619,34.44124],[-119.27608,34.4412],[-119.27579,34.44132],[-119.27565,34.44125],[-119.27558,34.44119],[-119.27528,34.44113],[-119.27507,34.44106],[-119.27497,34.44092],[-119.2749,34.44086],[-119.27479,34.44089],[-119.27455,34.44081],[-119.27447,34.44083],[-119.27443,34.44078],[-119.27374,34.44055],[-119.27337,34.44049]]}},{"type":"Feature","properties":{"name":"","c":"path"},"geometry":{"type":"LineString","coordinates":[[-119.27235,34.4426],[-119.27237,34.44247],[-119.27242,34.44236],[-119.27254,34.4422],[-119.27256,34.44213],[-119.2726,34.44206],[-119.27262,34.44196],[-119.27265,34.44189],[-119.27272,34.44173],[-119.27275,34.44161],[-119.27274,34.44151],[-119.27274,34.44143],[-119.27277,34.44136],[-119.27277,34.44128],[-119.27281,34.44119],[-119.27286,34.44114],[-119.27297,34.44112]]}},{"type":"Feature","properties":{"name":"","c":"path"},"geometry":{"type":"LineString","coordinates":[[-119.27033,34.44133],[-119.27035,34.44128],[-119.2704,34.44114],[-119.27047,34.44092],[-119.27051,34.44079],[-119.27054,34.44077],[-119.2706,34.44071],[-119.27067,34.44066],[-119.27085,34.44063],[-119.27111,34.44067],[-119.27137,34.44074],[-119.2717,34.44083],[-119.27215,34.44094],[-119.27241,34.44101],[-119.27267,34.44105],[-119.27271,34.44109],[-119.27275,34.44109],[-119.27288,34.44111],[-119.27297,34.44112],[-119.27307,34.44114],[-119.27299,34.44106],[-119.27295,34.44092],[-119.27273,34.44071],[-119.27253,34.44046]]}},{"type":"Feature","properties":{"name":"","c":"path"},"geometry":{"type":"LineString","coordinates":[[-119.27033,34.44133],[-119.27038,34.44136],[-119.27046,34.44138],[-119.27057,34.44142],[-119.27065,34.44146],[-119.27084,34.4415],[-119.27094,34.44157],[-119.271,34.44165],[-119.27106,34.44182],[-119.27122,34.44194],[-119.27142,34.44201],[-119.27169,34.44206],[-119.27198,34.44208],[-119.27214,34.4421],[-119.27218,34.44212]]}},{"type":"Feature","properties":{"name":"","c":"footway"},"geometry":{"type":"LineString","coordinates":[[-119.26997,34.44161],[-119.27006,34.44136]]}},{"type":"Feature","properties":{"name":"","c":"footway"},"geometry":{"type":"LineString","coordinates":[[-119.27044,34.4413],[-119.2704,34.44129],[-119.27035,34.44128]]}},{"type":"Feature","properties":{"name":"","c":"footway"},"geometry":{"type":"LineString","coordinates":[[-119.27004,34.44172],[-119.26997,34.44161],[-119.26968,34.44153]]}},{"type":"Feature","properties":{"name":"","c":"path"},"geometry":{"type":"LineString","coordinates":[[-119.26941,34.44385],[-119.26946,34.44363],[-119.26955,34.44342],[-119.26964,34.44321],[-119.26973,34.443],[-119.26981,34.44278],[-119.26989,34.44256],[-119.26996,34.44235],[-119.27004,34.44216],[-119.27004,34.44206],[-119.27003,34.44184],[-119.27007,34.44176],[-119.27013,34.44173],[-119.27018,34.44168],[-119.27021,34.44162],[-119.27024,34.44156],[-119.27027,34.44154],[-119.2703,34.44149],[-119.27028,34.44143],[-119.2703,34.44138],[-119.27033,34.44133]]}},{"type":"Feature","properties":{"name":"","c":"footway"},"geometry":{"type":"LineString","coordinates":[[-119.26974,34.44224],[-119.26963,34.44225]]}},{"type":"Feature","properties":{"name":"","c":"footway"},"geometry":{"type":"LineString","coordinates":[[-119.26884,34.44185],[-119.26888,34.44199]]}},{"type":"Feature","properties":{"name":"","c":"footway"},"geometry":{"type":"LineString","coordinates":[[-119.269,34.44178],[-119.26911,34.44179],[-119.2692,34.4418],[-119.2693,34.44182],[-119.26939,34.44185],[-119.2695,34.44189],[-119.26958,34.44194],[-119.26965,34.44201],[-119.2697,34.44208],[-119.26973,34.44215],[-119.26974,34.44224],[-119.26973,34.44237],[-119.26972,34.44244],[-119.26971,34.44248],[-119.26944,34.44325],[-119.26937,34.44337],[-119.26935,34.4434],[-119.26898,34.44352],[-119.26891,34.44353],[-119.26883,34.44353],[-119.26876,34.44352],[-119.26869,34.4435],[-119.26864,34.44348],[-119.26856,34.44344],[-119.26845,34.44335],[-119.26836,34.44326],[-119.26833,34.4432],[-119.26829,34.44309],[-119.26829,34.44305],[-119.26829,34.44301],[-119.2683,34.44298],[-119.26847,34.44251],[-119.26868,34.44193]]}},{"type":"Feature","properties":{"name":"","c":"footway"},"geometry":{"type":"LineString","coordinates":[[-119.26813,34.44295],[-119.2682,34.44296],[-119.2683,34.44298],[-119.26835,34.443]]}},{"type":"Feature","properties":{"name":"","c":"path"},"geometry":{"type":"LineString","coordinates":[[-119.27149,34.44447],[-119.27151,34.44444],[-119.27181,34.44397],[-119.27183,34.44392],[-119.27184,34.44387],[-119.27183,34.44378],[-119.27183,34.44373],[-119.27185,34.44367],[-119.272,34.44349],[-119.27209,34.4434]]}},{"type":"Feature","properties":{"name":"","c":"path"},"geometry":{"type":"LineString","coordinates":[[-119.26995,34.44484],[-119.27021,34.44478],[-119.27047,34.44472],[-119.27074,34.44466],[-119.271,34.4446],[-119.27143,34.44449],[-119.27149,34.44447]]}},{"type":"Feature","properties":{"name":"","c":"path"},"geometry":{"type":"LineString","coordinates":[[-119.27184,34.44508],[-119.27173,34.44472],[-119.27158,34.44454],[-119.27149,34.44447]]}},{"type":"Feature","properties":{"name":"","c":"footway"},"geometry":{"type":"LineString","coordinates":[[-119.27145,34.44721],[-119.27105,34.44711],[-119.27102,34.4471],[-119.271,34.44708],[-119.27098,34.44705],[-119.27051,34.44597],[-119.27024,34.44537],[-119.27006,34.44507],[-119.26996,34.44492],[-119.26995,34.44487],[-119.26995,34.44484]]}},{"type":"Feature","properties":{"name":"","c":"path"},"geometry":{"type":"LineString","coordinates":[[-119.26969,34.44452],[-119.26976,34.44448],[-119.26977,34.44443],[-119.26977,34.44438],[-119.26973,34.44432],[-119.26959,34.44417],[-119.26947,34.44403],[-119.2694,34.44395],[-119.26941,34.44385]]}},{"type":"Feature","properties":{"name":"","c":"path"},"geometry":{"type":"LineString","coordinates":[[-119.26926,34.44408],[-119.26941,34.44385]]}},{"type":"Feature","properties":{"name":"","c":"footway"},"geometry":{"type":"LineString","coordinates":[[-119.26995,34.44484],[-119.26974,34.44458],[-119.26969,34.44452],[-119.26967,34.44451],[-119.2693,34.44412],[-119.26926,34.44408],[-119.269,34.44384],[-119.26862,34.44355],[-119.26833,34.44336],[-119.26773,34.44303],[-119.26748,34.44292],[-119.26741,34.44288],[-119.26722,34.44281],[-119.26677,34.44265],[-119.26634,34.44253],[-119.26597,34.44245],[-119.26561,34.44237]]}},{"type":"Feature","properties":{"name":"","c":"footway"},"geometry":{"type":"LineString","coordinates":[[-119.26612,34.44211],[-119.26602,34.44213],[-119.26599,34.44213],[-119.26578,34.44208],[-119.26575,34.44208],[-119.26571,34.44208],[-119.26568,34.4421],[-119.26566,34.44213],[-119.26563,34.44222],[-119.26563,34.44224],[-119.26564,34.44227],[-119.26566,34.44229],[-119.26561,34.44237]]}},{"type":"Feature","properties":{"name":"","c":"footway"},"geometry":{"type":"LineString","coordinates":[[-119.2682,34.44296],[-119.26854,34.44196],[-119.26855,34.44192],[-119.26851,34.44185],[-119.26852,34.44179],[-119.26769,34.44189],[-119.26749,34.44191]]}},{"type":"Feature","properties":{"name":"","c":"footway"},"geometry":{"type":"LineString","coordinates":[[-119.26758,34.4422],[-119.26769,34.44189]]}},{"type":"Feature","properties":{"name":"","c":"footway"},"geometry":{"type":"LineString","coordinates":[[-119.26669,34.44177],[-119.26666,34.44185],[-119.26683,34.44189],[-119.26695,34.44192],[-119.26724,34.442],[-119.26728,34.442],[-119.26732,34.442],[-119.26736,34.44199],[-119.2674,34.44199],[-119.26743,34.44198],[-119.26746,34.44198],[-119.2675,34.44198]]}},{"type":"Feature","properties":{"name":"","c":"footway"},"geometry":{"type":"LineString","coordinates":[[-119.26695,34.44192],[-119.26684,34.44223],[-119.26631,34.4421],[-119.26618,34.44208],[-119.26621,34.44199],[-119.26623,34.44193],[-119.26625,34.44184],[-119.26629,34.44177]]}},{"type":"Feature","properties":{"name":"","c":"footway"},"geometry":{"type":"LineString","coordinates":[[-119.26669,34.44112],[-119.26614,34.44098],[-119.26609,34.44115],[-119.26607,34.4412],[-119.26651,34.44163]]}},{"type":"Feature","properties":{"name":"","c":"footway"},"geometry":{"type":"LineString","coordinates":[[-119.26696,34.44139],[-119.26678,34.44134],[-119.26663,34.44131]]}},{"type":"Feature","properties":{"name":"","c":"footway"},"geometry":{"type":"LineString","coordinates":[[-119.26666,34.44122],[-119.26701,34.44131]]}},{"type":"Feature","properties":{"name":"","c":"footway"},"geometry":{"type":"LineString","coordinates":[[-119.26743,34.44167],[-119.26703,34.44173],[-119.26687,34.44176],[-119.26672,34.44178],[-119.26669,34.44177],[-119.26648,34.44172],[-119.26651,34.44163],[-119.26661,34.44137],[-119.26663,34.44131],[-119.26666,34.44122],[-119.26669,34.44112],[-119.26674,34.441],[-119.26682,34.44076]]}},{"type":"Feature","properties":{"name":"","c":"footway"},"geometry":{"type":"LineString","coordinates":[[-119.26733,34.44126],[-119.26701,34.44131],[-119.26694,34.44132],[-119.26678,34.44134],[-119.26661,34.44137]]}},{"type":"Feature","properties":{"name":"","c":"footway"},"geometry":{"type":"LineString","coordinates":[[-119.26703,34.44173],[-119.26696,34.44139],[-119.26694,34.44132]]}},{"type":"Feature","properties":{"name":"","c":"footway"},"geometry":{"type":"LineString","coordinates":[[-119.26683,34.44189],[-119.26683,34.44186],[-119.26683,34.44184],[-119.26684,34.44183],[-119.26684,34.44181],[-119.26687,34.44176]]}},{"type":"Feature","properties":{"name":"","c":"footway"},"geometry":{"type":"LineString","coordinates":[[-119.26741,34.4416],[-119.26747,34.44159],[-119.26797,34.44152],[-119.268,34.44146],[-119.26822,34.44143],[-119.26819,34.44128]]}},{"type":"Feature","properties":{"name":"","c":"footway"},"geometry":{"type":"LineString","coordinates":[[-119.26674,34.441],[-119.267,34.44096]]}},{"type":"Feature","properties":{"name":"","c":"footway"},"geometry":{"type":"LineString","coordinates":[[-119.2652,34.44105],[-119.26532,34.44107],[-119.2654,34.44109],[-119.26544,34.44102],[-119.26568,34.44107],[-119.26584,34.44109],[-119.26609,34.44115]]}},{"type":"Feature","properties":{"name":"","c":"footway"},"geometry":{"type":"LineString","coordinates":[[-119.26583,34.44164],[-119.26582,34.44168],[-119.26586,34.44174],[-119.26621,34.44199]]}},{"type":"Feature","properties":{"name":"","c":"footway"},"geometry":{"type":"LineString","coordinates":[[-119.26666,34.44185],[-119.26641,34.44181],[-119.26629,34.44177],[-119.26598,34.44167],[-119.26589,34.44165],[-119.26583,34.44164],[-119.26549,34.44158],[-119.26528,34.44153],[-119.26526,34.44156],[-119.26515,34.44154],[-119.26503,34.44151]]}},{"type":"Feature","properties":{"name":"","c":"footway"},"geometry":{"type":"LineString","coordinates":[[-119.26575,34.44208],[-119.26577,34.44202],[-119.26571,34.442],[-119.26573,34.44194],[-119.26582,34.44168]]}},{"type":"Feature","properties":{"name":"","c":"footway"},"geometry":{"type":"LineString","coordinates":[[-119.26492,34.44183],[-119.26504,34.44186],[-119.2651,34.44177],[-119.2652,34.44179],[-119.26523,34.44182],[-119.26573,34.44194]]}},{"type":"Feature","properties":{"name":"","c":"footway"},"geometry":{"type":"LineString","coordinates":[[-119.26526,34.44156],[-119.26525,34.44159],[-119.26522,34.44159],[-119.26518,34.44159],[-119.26514,34.44171],[-119.2652,34.44179]]}},{"type":"Feature","properties":{"name":"","c":"path"},"geometry":{"type":"LineString","coordinates":[[-119.27054,34.44077],[-119.27061,34.44054],[-119.27061,34.4405],[-119.27054,34.44046],[-119.27044,34.44041],[-119.2704,34.44038],[-119.27035,34.44032],[-119.27032,34.44023],[-119.27032,34.44017],[-119.27032,34.44012],[-119.27026,34.44001]]}},{"type":"Feature","properties":{"name":"","c":"footway"},"geometry":{"type":"LineString","coordinates":[[-119.26943,34.43662],[-119.26943,34.43682],[-119.26941,34.43693]]}},{"type":"Feature","properties":{"name":"Ojai - Ventura Bike Path","c":"cycleway"},"geometry":{"type":"LineString","coordinates":[[-119.26161,34.44027],[-119.26193,34.43991],[-119.26215,34.43963],[-119.26275,34.43877],[-119.263,34.4383],[-119.26319,34.43792],[-119.26335,34.43745],[-119.26355,34.43675],[-119.26369,34.4363],[-119.26379,34.43595],[-119.26396,34.43533],[-119.26409,34.43487],[-119.26425,34.43426],[-119.26447,34.43361],[-119.26456,34.43343],[-119.2647,34.43322],[-119.26494,34.43299],[-119.26522,34.43279],[-119.26549,34.43263],[-119.2658,34.4325],[-119.26602,34.43243],[-119.26632,34.43237],[-119.26673,34.4323],[-119.2676,34.4322],[-119.26908,34.43202],[-119.26954,34.43198],[-119.27003,34.43198],[-119.271,34.43208],[-119.27144,34.43211],[-119.27172,34.43213],[-119.27263,34.43222],[-119.27359,34.43231],[-119.27484,34.43244],[-119.27551,34.4325],[-119.27598,34.43253],[-119.27658,34.43255],[-119.27736,34.43254],[-119.27833,34.43251],[-119.27927,34.43246],[-119.27994,34.43241],[-119.28003,34.4324]]}},{"type":"Feature","properties":{"name":"","c":"path"},"geometry":{"type":"LineString","coordinates":[[-119.26201,34.43496],[-119.26194,34.43505]]}},{"type":"Feature","properties":{"name":"Ojai - Ventura Bike Path","c":"cycleway"},"geometry":{"type":"LineString","coordinates":[[-119.26152,34.4405],[-119.26151,34.44048],[-119.26151,34.44045],[-119.26158,34.4403],[-119.26161,34.44027]]}},{"type":"Feature","properties":{"name":"","c":"path"},"geometry":{"type":"LineString","coordinates":[[-119.2607,34.43946],[-119.26072,34.43942],[-119.26074,34.43937],[-119.26074,34.43929],[-119.26072,34.43922],[-119.26066,34.43907],[-119.2605,34.43866],[-119.26047,34.4386],[-119.26042,34.43852],[-119.26031,34.43841],[-119.26027,34.43834],[-119.26023,34.43824],[-119.26024,34.43819],[-119.2603,34.43812],[-119.26034,34.43804],[-119.2604,34.43796],[-119.26044,34.43789],[-119.26047,34.43783],[-119.26043,34.43775],[-119.26044,34.43764],[-119.26046,34.43751],[-119.26046,34.43742],[-119.26042,34.43726],[-119.26037,34.43715],[-119.26038,34.43705],[-119.26043,34.43693],[-119.26044,34.43684],[-119.26043,34.43677],[-119.26044,34.4367],[-119.26049,34.43657],[-119.26051,34.43652],[-119.26063,34.43647],[-119.26076,34.43643],[-119.26085,34.43636],[-119.26091,34.43623],[-119.26105,34.43616],[-119.26112,34.4361],[-119.26112,34.43603],[-119.26111,34.43587],[-119.26111,34.43581],[-119.26117,34.43572],[-119.26131,34.43563],[-119.26142,34.43559],[-119.26152,34.43558],[-119.26168,34.43561],[-119.26175,34.43565],[-119.26179,34.43567],[-119.26181,34.43574],[-119.26183,34.43593],[-119.26183,34.43611],[-119.26184,34.43663],[-119.26185,34.4372]]}},{"type":"Feature","properties":{"name":"","c":"footway"},"geometry":{"type":"LineString","coordinates":[[-119.2607,34.43946],[-119.26073,34.43948],[-119.26075,34.43951],[-119.26076,34.43956],[-119.26074,34.43963],[-119.2607,34.4397]]}},{"type":"Feature","properties":{"name":"","c":"footway"},"geometry":{"type":"LineString","coordinates":[[-119.25941,34.44034],[-119.25939,34.44027],[-119.25935,34.4402],[-119.25932,34.44015],[-119.25925,34.44011],[-119.25923,34.4401]]}},{"type":"Feature","properties":{"name":"","c":"footway"},"geometry":{"type":"LineString","coordinates":[[-119.25925,34.44006],[-119.25926,34.44007]]}},{"type":"Feature","properties":{"name":"","c":"footway"},"geometry":{"type":"LineString","coordinates":[[-119.25926,34.44007],[-119.25925,34.44008],[-119.25925,34.44009],[-119.25923,34.4401],[-119.25922,34.44011],[-119.25921,34.44011],[-119.25919,34.4401],[-119.25918,34.4401],[-119.25917,34.44009],[-119.25917,34.44007],[-119.25917,34.44006],[-119.25917,34.44005],[-119.25918,34.44004],[-119.25919,34.44004],[-119.25921,34.44003],[-119.25922,34.44003],[-119.25923,34.44004],[-119.25925,34.44005],[-119.25925,34.44006]]}},{"type":"Feature","properties":{"name":"","c":"path"},"geometry":{"type":"LineString","coordinates":[[-119.25977,34.44023],[-119.2597,34.44018],[-119.25961,34.44011],[-119.25958,34.44005],[-119.25961,34.43992],[-119.25962,34.43982],[-119.25959,34.43975],[-119.25954,34.43971],[-119.25943,34.43968],[-119.25941,34.43968],[-119.25928,34.43964],[-119.25912,34.43955],[-119.259,34.43947],[-119.25891,34.4394],[-119.25887,34.43936],[-119.25878,34.43925],[-119.25874,34.43915],[-119.25871,34.43906]]}},{"type":"Feature","properties":{"name":"","c":"path"},"geometry":{"type":"LineString","coordinates":[[-119.25954,34.43971],[-119.25957,34.43966],[-119.25952,34.43959],[-119.25947,34.43956],[-119.25942,34.43948]]}},{"type":"Feature","properties":{"name":"","c":"path"},"geometry":{"type":"LineString","coordinates":[[-119.25947,34.43956],[-119.25946,34.43961],[-119.25943,34.43968]]}},{"type":"Feature","properties":{"name":"","c":"footway"},"geometry":{"type":"LineString","coordinates":[[-119.25891,34.4394],[-119.25886,34.43945],[-119.25876,34.43949]]}},{"type":"Feature","properties":{"name":"","c":"footway"},"geometry":{"type":"LineString","coordinates":[[-119.25891,34.43981],[-119.25889,34.43979],[-119.25883,34.43976],[-119.2588,34.43972],[-119.25879,34.43969]]}},{"type":"Feature","properties":{"name":"","c":"footway"},"geometry":{"type":"LineString","coordinates":[[-119.2588,34.43972],[-119.25874,34.43974]]}},{"type":"Feature","properties":{"name":"","c":"path"},"geometry":{"type":"LineString","coordinates":[[-119.25619,34.43812],[-119.25621,34.43819],[-119.25623,34.43824],[-119.25627,34.43829],[-119.25634,34.43837],[-119.25635,34.43845],[-119.25636,34.43854],[-119.25634,34.43862],[-119.2563,34.43872],[-119.25625,34.43878],[-119.25621,34.43885],[-119.25619,34.43891],[-119.25619,34.43898],[-119.25621,34.43905],[-119.25624,34.43917],[-119.25626,34.43925],[-119.25631,34.43935],[-119.25634,34.43943],[-119.25637,34.43955],[-119.25641,34.43966],[-119.25648,34.43976],[-119.25655,34.43987],[-119.2566,34.43997],[-119.25665,34.44008],[-119.2567,34.44023],[-119.25674,34.4403],[-119.25678,34.44036],[-119.25679,34.44044],[-119.25681,34.44048],[-119.25687,34.44055],[-119.25695,34.4406],[-119.25705,34.44068],[-119.25713,34.44073],[-119.25717,34.44074],[-119.25725,34.44076],[-119.25733,34.4408],[-119.25742,34.44086],[-119.25751,34.44094],[-119.25758,34.441],[-119.25765,34.44105],[-119.2577,34.44107],[-119.25772,34.44111],[-119.25774,34.44115],[-119.25782,34.44124],[-119.25787,34.44129],[-119.25796,34.44134],[-119.25806,34.44139],[-119.25811,34.44144],[-119.25814,34.44147],[-119.25823,34.44149],[-119.25832,34.44149],[-119.25839,34.44148],[-119.25841,34.44146],[-119.25846,34.44143],[-119.25855,34.44133],[-119.25857,34.44131],[-119.25858,34.44131],[-119.25864,34.44129],[-119.25872,34.44125],[-119.2588,34.4412],[-119.25888,34.44114],[-119.25893,34.44113],[-119.25899,34.44111],[-119.25914,34.44109],[-119.25942,34.44103],[-119.25966,34.44097],[-119.25986,34.44092],[-119.26001,34.44088],[-119.26014,34.44086],[-119.26025,34.44085],[-119.26038,34.44088],[-119.26049,34.44089],[-119.26056,34.44089],[-119.26062,34.44086],[-119.26067,34.44083],[-119.26079,34.44072],[-119.26091,34.44062],[-119.26096,34.44055],[-119.261,34.44047],[-119.26103,34.44041],[-119.26109,34.44027],[-119.2611,34.44022]]}},{"type":"Feature","properties":{"name":"","c":"footway"},"geometry":{"type":"LineString","coordinates":[[-119.25883,34.43976],[-119.25882,34.43978],[-119.2588,34.43982]]}},{"type":"Feature","properties":{"name":"","c":"footway"},"geometry":{"type":"LineString","coordinates":[[-119.25917,34.44007],[-119.25913,34.44007],[-119.25902,34.44004],[-119.25896,34.44003],[-119.25885,34.44002],[-119.25878,34.44],[-119.25876,34.43997],[-119.25875,34.43993],[-119.25876,34.43988],[-119.25878,34.43983],[-119.2588,34.43982],[-119.25886,34.43982],[-119.25891,34.43981],[-119.25897,34.43981],[-119.25907,34.43978],[-119.25911,34.43977],[-119.25916,34.43976],[-119.25921,34.43977],[-119.25925,34.4398],[-119.25927,34.43983],[-119.25929,34.43986],[-119.25929,34.43991],[-119.25929,34.43994],[-119.25927,34.43997],[-119.25925,34.44],[-119.25923,34.44004]]}},{"type":"Feature","properties":{"name":"","c":"path"},"geometry":{"type":"LineString","coordinates":[[-119.25858,34.44131],[-119.25853,34.44128],[-119.2585,34.44125],[-119.25849,34.44121],[-119.25849,34.44115],[-119.25849,34.4411],[-119.25846,34.44105],[-119.25842,34.44098],[-119.25822,34.44075],[-119.25807,34.44056],[-119.25789,34.44038],[-119.25783,34.4403],[-119.25773,34.44018],[-119.25761,34.44002],[-119.25735,34.43971],[-119.25718,34.4395],[-119.25707,34.43936],[-119.25692,34.43917],[-119.25681,34.43901],[-119.2567,34.43886],[-119.25661,34.43876],[-119.25656,34.43867],[-119.25656,34.43861],[-119.25659,34.43853],[-119.25659,34.43844],[-119.25652,34.43828],[-119.25643,34.43817],[-119.25636,34.43807]]}},{"type":"Feature","properties":{"name":"","c":"footway"},"geometry":{"type":"LineString","coordinates":[[-119.25869,34.43907],[-119.25865,34.43902],[-119.25862,34.43898],[-119.2586,34.43896],[-119.25856,34.43898],[-119.25848,34.43898],[-119.25841,34.43896],[-119.25833,34.43893],[-119.25826,34.43886],[-119.25823,34.43883],[-119.25817,34.43878],[-119.2581,34.43872],[-119.25804,34.43868],[-119.25802,34.43865],[-119.25803,34.4386],[-119.25807,34.43854],[-119.25807,34.43849],[-119.25806,34.4384],[-119.25807,34.43835]]}},{"type":"Feature","properties":{"name":"","c":"path"},"geometry":{"type":"LineString","coordinates":[[-119.25998,34.43609],[-119.25996,34.43616],[-119.25992,34.43625],[-119.25987,34.4363],[-119.25972,34.43639],[-119.25967,34.43643],[-119.25965,34.43648],[-119.25964,34.43654]]}},{"type":"Feature","properties":{"name":"","c":"path"},"geometry":{"type":"LineString","coordinates":[[-119.26004,34.43613],[-119.26005,34.43607],[-119.26006,34.43601],[-119.26004,34.43596],[-119.25999,34.43594]]}},{"type":"Feature","properties":{"name":"","c":"path"},"geometry":{"type":"LineString","coordinates":[[-119.26019,34.43507],[-119.26011,34.43535],[-119.26003,34.43559],[-119.25999,34.43576],[-119.25999,34.43594],[-119.25996,34.43605],[-119.25998,34.43609],[-119.26004,34.43613],[-119.26008,34.43617],[-119.26013,34.43621],[-119.2602,34.43623],[-119.26027,34.43622],[-119.2603,34.43623],[-119.2603,34.43627],[-119.26029,34.43634],[-119.2603,34.43639],[-119.26032,34.43642],[-119.26039,34.43646],[-119.26051,34.43652]]}},{"type":"Feature","properties":{"name":"","c":"path"},"geometry":{"type":"LineString","coordinates":[[-119.25716,34.43518],[-119.25729,34.43517],[-119.25743,34.43515],[-119.25746,34.43514],[-119.25754,34.43508],[-119.25758,34.43503],[-119.25763,34.43499],[-119.25768,34.43496],[-119.25775,34.43493],[-119.2578,34.43489],[-119.25785,34.43484],[-119.25792,34.43481],[-119.25797,34.43481],[-119.25806,34.43482],[-119.25816,34.43486],[-119.25822,34.43488],[-119.25828,34.43486],[-119.25836,34.43483],[-119.25853,34.43478],[-119.25874,34.43473],[-119.25884,34.43471],[-119.25893,34.43469],[-119.25904,34.43469],[-119.25909,34.43468],[-119.2591,34.43466],[-119.25909,34.43464],[-119.25906,34.43462],[-119.25893,34.4346],[-119.25888,34.4346],[-119.2588,34.43461],[-119.25869,34.43463],[-119.25859,34.43462],[-119.25846,34.43461],[-119.25834,34.4346],[-119.25826,34.43458],[-119.25819,34.43455],[-119.25813,34.43452],[-119.25808,34.43449],[-119.25806,34.43448],[-119.25803,34.4345],[-119.25792,34.43464]]}},{"type":"Feature","properties":{"name":"","c":"path"},"geometry":{"type":"LineString","coordinates":[[-119.25792,34.43464],[-119.2579,34.43468],[-119.25788,34.43472],[-119.25787,34.43477],[-119.25786,34.4348],[-119.25785,34.43484]]}},{"type":"Feature","properties":{"name":"","c":"path"},"geometry":{"type":"LineString","coordinates":[[-119.25582,34.4337],[-119.25576,34.43377],[-119.25568,34.43385],[-119.25567,34.43387],[-119.25573,34.43397],[-119.25582,34.43406],[-119.25594,34.43419],[-119.25606,34.43429],[-119.25613,34.43436],[-119.25629,34.43452],[-119.25648,34.43468],[-119.25654,34.43475],[-119.25657,34.43479],[-119.25656,34.43482],[-119.25654,34.43489],[-119.25654,34.43492],[-119.25654,34.43496],[-119.25655,34.435],[-119.25658,34.43502],[-119.25661,34.43504],[-119.25664,34.43505],[-119.25667,34.43506],[-119.2567,34.43507],[-119.25674,34.43507],[-119.25679,34.43508],[-119.25684,34.43509],[-119.25689,34.43511],[-119.25694,34.43512],[-119.25701,34.43515],[-119.25707,34.43517],[-119.25716,34.43518],[-119.25716,34.43521],[-119.25714,34.43525],[-119.25714,34.43531],[-119.25716,34.43537],[-119.25718,34.43546],[-119.25719,34.43555],[-119.25719,34.43559],[-119.25718,34.43563],[-119.25716,34.43569],[-119.25712,34.43575],[-119.25709,34.43579],[-119.25706,34.43581],[-119.25702,34.43585],[-119.257,34.43588],[-119.25699,34.43591],[-119.25698,34.43594],[-119.25698,34.43598],[-119.25697,34.43603],[-119.25695,34.43614],[-119.25691,34.43625],[-119.2569,34.43632],[-119.25688,34.43635],[-119.25678,34.43645],[-119.25674,34.43649],[-119.25671,34.43654],[-119.25665,34.43658],[-119.25661,34.4366],[-119.25653,34.43661],[-119.25641,34.43662],[-119.25629,34.43665],[-119.25618,34.43668],[-119.25613,34.43671],[-119.25609,34.43673]]}},{"type":"Feature","properties":{"name":"","c":"footway"},"geometry":{"type":"LineString","coordinates":[[-119.25639,34.43659],[-119.25647,34.43656],[-119.25653,34.43651],[-119.25656,34.43647],[-119.25655,34.43642],[-119.25653,34.43639],[-119.25649,34.43636],[-119.25646,34.43631],[-119.25647,34.43625],[-119.25627,34.43623]]}},{"type":"Feature","properties":{"name":"","c":"footway"},"geometry":{"type":"LineString","coordinates":[[-119.25635,34.43682],[-119.25633,34.43687],[-119.2563,34.43688],[-119.25622,34.43691],[-119.25619,34.43691],[-119.25615,34.43691]]}},{"type":"Feature","properties":{"name":"","c":"footway"},"geometry":{"type":"LineString","coordinates":[[-119.25571,34.43729],[-119.25558,34.43729],[-119.25551,34.43728],[-119.25542,34.43725],[-119.25528,34.43721],[-119.25521,34.43719],[-119.25513,34.43716],[-119.25512,34.43714]]}},{"type":"Feature","properties":{"name":"","c":"footway"},"geometry":{"type":"LineString","coordinates":[[-119.25602,34.43672],[-119.25603,34.43667],[-119.2561,34.43668],[-119.25617,34.43666],[-119.25639,34.43659],[-119.25636,34.43654],[-119.25632,34.43649],[-119.25628,34.43646],[-119.25624,34.43644],[-119.2562,34.43643],[-119.25613,34.43642],[-119.25607,34.43641],[-119.25597,34.43643],[-119.25595,34.43643],[-119.25587,34.43641],[-119.25577,34.4364],[-119.2557,34.4364],[-119.25566,34.43639],[-119.25559,34.43637],[-119.25555,34.43637],[-119.25537,34.43637],[-119.25525,34.43639],[-119.25526,34.43641],[-119.25538,34.43641],[-119.25543,34.43641],[-119.25547,34.43641]]}},{"type":"Feature","properties":{"name":"","c":"footway"},"geometry":{"type":"LineString","coordinates":[[-119.25563,34.43591],[-119.25568,34.43588],[-119.25574,34.43586],[-119.2563,34.43593],[-119.25635,34.43595],[-119.25644,34.43606],[-119.25649,34.43609],[-119.25654,34.43613],[-119.25656,34.43618],[-119.25657,34.4363],[-119.25665,34.43638],[-119.25678,34.43645]]}},{"type":"Feature","properties":{"name":"","c":"steps"},"geometry":{"type":"LineString","coordinates":[[-119.25543,34.43641],[-119.25537,34.43637]]}},{"type":"Feature","properties":{"name":"","c":"footway"},"geometry":{"type":"LineString","coordinates":[[-119.25534,34.43613],[-119.25554,34.43615]]}},{"type":"Feature","properties":{"name":"","c":"footway"},"geometry":{"type":"LineString","coordinates":[[-119.25532,34.43615],[-119.25534,34.43614],[-119.25534,34.43613],[-119.25535,34.43612],[-119.25534,34.43611],[-119.25532,34.4361],[-119.2553,34.43611],[-119.25529,34.43611],[-119.25529,34.43612],[-119.25529,34.43613],[-119.2553,34.43615],[-119.25531,34.43615]]}},{"type":"Feature","properties":{"name":"","c":"footway"},"geometry":{"type":"LineString","coordinates":[[-119.25531,34.43615],[-119.25532,34.43615]]}},{"type":"Feature","properties":{"name":"","c":"footway"},"geometry":{"type":"LineString","coordinates":[[-119.25525,34.43639],[-119.25524,34.43636],[-119.25525,34.43632],[-119.25528,34.43625],[-119.2553,34.43622],[-119.25531,34.43619],[-119.25531,34.43615]]}},{"type":"Feature","properties":{"name":"","c":"footway"},"geometry":{"type":"LineString","coordinates":[[-119.25529,34.43611],[-119.25525,34.43608],[-119.25522,34.43606],[-119.2552,34.43604],[-119.25515,34.43598],[-119.25512,34.43591]]}},{"type":"Feature","properties":{"name":"","c":"path"},"geometry":{"type":"LineString","coordinates":[[-119.2556,34.43806],[-119.25555,34.4381],[-119.2555,34.43813],[-119.25549,34.43818],[-119.25548,34.43827],[-119.25548,34.43836],[-119.2555,34.43845],[-119.2555,34.43852],[-119.25548,34.43872],[-119.25548,34.4388],[-119.25549,34.4389],[-119.2555,34.43906],[-119.2555,34.43915],[-119.25548,34.43927],[-119.25547,34.43937],[-119.25547,34.43954],[-119.25547,34.43972],[-119.25547,34.44004],[-119.25547,34.44038],[-119.25545,34.44052],[-119.25546,34.44062],[-119.25546,34.44082],[-119.25546,34.44108],[-119.25546,34.44115],[-119.25548,34.44119],[-119.25555,34.44128],[-119.25563,34.44136],[-119.25564,34.44142],[-119.25563,34.44148],[-119.25559,34.44154],[-119.25558,34.44159],[-119.25557,34.44169],[-119.25557,34.44179],[-119.25555,34.44189],[-119.25555,34.44194],[-119.25554,34.442],[-119.25555,34.4421],[-119.25552,34.4422],[-119.2555,34.44228],[-119.25551,34.44232],[-119.25554,34.44235],[-119.25558,34.44237],[-119.25567,34.44238],[-119.25574,34.44236],[-119.25582,34.44232],[-119.25586,34.44228],[-119.2559,34.4422],[-119.25595,34.44208],[-119.25598,34.44198],[-119.25604,34.44186],[-119.25608,34.44176],[-119.25611,34.44169],[-119.25619,34.44162],[-119.25625,34.44157],[-119.25632,34.44154],[-119.25639,34.44154],[-119.25646,34.44154],[-119.25654,34.44157],[-119.25661,34.44161],[-119.25665,34.44162],[-119.2567,34.44162],[-119.25676,34.4416],[-119.25688,34.44156],[-119.25698,34.44153],[-119.2571,34.44152],[-119.25731,34.44153],[-119.25739,34.44153],[-119.25745,34.44153],[-119.2576,34.44151],[-119.2577,34.44151],[-119.25781,34.4415],[-119.258,34.44149],[-119.25814,34.44147]]}},{"type":"Feature","properties":{"name":"","c":"footway"},"geometry":{"type":"LineString","coordinates":[[-119.25678,34.44233],[-119.25694,34.4426],[-119.25707,34.4428],[-119.25711,34.44287],[-119.25702,34.44291],[-119.25705,34.44297],[-119.25695,34.44301]]}},{"type":"Feature","properties":{"name":"","c":"footway"},"geometry":{"type":"LineString","coordinates":[[-119.25688,34.44269],[-119.25684,34.44271]]}},{"type":"Feature","properties":{"name":"","c":"footway"},"geometry":{"type":"LineString","coordinates":[[-119.25685,34.44264],[-119.25688,34.44269],[-119.25693,34.44277],[-119.25692,34.44278],[-119.25688,34.44279]]}},{"type":"Feature","properties":{"name":"","c":"footway"},"geometry":{"type":"LineString","coordinates":[[-119.25713,34.44278],[-119.25707,34.4428],[-119.25698,34.44284]]}},{"type":"Feature","properties":{"name":"","c":"footway"},"geometry":{"type":"LineString","coordinates":[[-119.25694,34.4426],[-119.25685,34.44264],[-119.25654,34.44278],[-119.25663,34.44292],[-119.25664,34.44292],[-119.25667,34.44292],[-119.25669,34.44291],[-119.25671,34.4429],[-119.25672,34.44289],[-119.25673,34.44288],[-119.25678,34.44286],[-119.2568,34.44288],[-119.25682,34.44289],[-119.25684,34.44289],[-119.25686,34.44289],[-119.25694,34.44285]]}},{"type":"Feature","properties":{"name":"","c":"footway"},"geometry":{"type":"LineString","coordinates":[[-119.25133,34.44449],[-119.25131,34.44448],[-119.25131,34.44442],[-119.2513,34.44442],[-119.25131,34.44435],[-119.25131,34.44425],[-119.2513,34.44423],[-119.25128,34.44422],[-119.25126,34.4442],[-119.25123,34.4442],[-119.25116,34.4442],[-119.25107,34.44422],[-119.25099,34.44424],[-119.25083,34.44431],[-119.25058,34.44442],[-119.25046,34.44447],[-119.25034,34.44452],[-119.25023,34.44457],[-119.25008,34.44461],[-119.24994,34.44463],[-119.24986,34.44465],[-119.24982,34.44465],[-119.24977,34.44464],[-119.24973,34.44462],[-119.24971,34.44461],[-119.24968,34.44458],[-119.24966,34.44456],[-119.24966,34.44455],[-119.24966,34.44451],[-119.24968,34.44447],[-119.24971,34.44444],[-119.24974,34.44441],[-119.24975,34.44439],[-119.24977,34.44363],[-119.24977,34.44358],[-119.24975,34.44354],[-119.24974,34.4435],[-119.24971,34.44346],[-119.24967,34.44343],[-119.24961,34.44339],[-119.24958,34.44336],[-119.24955,34.44333],[-119.24952,34.44328],[-119.24951,34.44324],[-119.24949,34.44318],[-119.24949,34.44313],[-119.2495,34.44307],[-119.24952,34.44302],[-119.24955,34.44297],[-119.24959,34.44291],[-119.24964,34.44286],[-119.24968,34.44284],[-119.24969,34.44282],[-119.24969,34.44279],[-119.24968,34.44276],[-119.24964,34.44272],[-119.24955,34.44264],[-119.24947,34.44259],[-119.24938,34.44255],[-119.24929,34.44252],[-119.24919,34.4425],[-119.2491,34.44249],[-119.249,34.44249],[-119.24893,34.4425],[-119.24887,34.44249],[-119.24883,34.44246],[-119.2488,34.44244],[-119.24879,34.4424],[-119.24879,34.44236],[-119.24881,34.44234],[-119.24884,34.44231],[-119.2489,34.44229],[-119.24896,34.44229],[-119.24901,34.44231],[-119.24906,34.44233],[-119.24913,34.44236],[-119.24918,34.44238],[-119.24926,34.4424],[-119.24935,34.44242],[-119.24942,34.44245],[-119.24949,34.44248],[-119.24955,34.44251],[-119.24963,34.44256],[-119.2497,34.44261],[-119.24975,34.44267],[-119.24981,34.44273],[-119.24983,34.44275],[-119.24985,34.44276],[-119.24988,34.44276],[-119.24992,34.44276],[-119.24998,34.44276],[-119.25011,34.44276],[-119.25022,34.44276],[-119.25029,34.44276],[-119.25033,34.44276],[-119.25037,34.44277],[-119.25043,34.44279],[-119.25048,34.44281],[-119.25056,34.44285],[-119.2506,34.44288],[-119.25064,34.44293],[-119.25067,34.44297],[-119.2507,34.44303],[-119.25071,34.44309],[-119.25071,34.44316],[-119.25071,34.44323],[-119.25071,34.4433],[-119.25071,34.44356],[-119.2507,34.44376],[-119.2507,34.44405],[-119.2507,34.4441],[-119.25071,34.44413],[-119.25073,34.44415],[-119.25076,34.44416],[-119.2508,34.44417],[-119.25084,34.44416],[-119.25093,34.44412],[-119.25098,34.44411],[-119.25106,34.44409],[-119.25108,34.44408],[-119.25114,34.44408],[-119.25122,34.44407],[-119.25126,34.44407],[-119.25128,34.44406],[-119.2513,34.44404],[-119.25131,34.44402],[-119.25131,34.44399],[-119.25131,34.44388],[-119.25132,34.44369],[-119.25132,34.44349],[-119.25132,34.44338],[-119.25132,34.44333],[-119.25133,34.44314],[-119.25133,34.44294]]}},{"type":"Feature","properties":{"name":"","c":"footway"},"geometry":{"type":"LineString","coordinates":[[-119.25377,34.44556],[-119.2534,34.44571],[-119.25322,34.44539],[-119.25342,34.44531],[-119.25348,34.44535],[-119.25355,34.44537],[-119.25361,34.44539],[-119.25377,34.44543],[-119.25377,34.44544],[-119.25377,34.44545],[-119.25378,34.44546],[-119.2538,34.44547]]}},{"type":"Feature","properties":{"name":"","c":"footway"},"geometry":{"type":"LineString","coordinates":[[-119.25483,34.44606],[-119.25479,34.44608],[-119.25452,34.44623],[-119.25427,34.44638],[-119.25424,34.4464],[-119.25417,34.44644],[-119.25396,34.44656],[-119.25382,34.44657],[-119.25358,34.44655],[-119.2533,34.44654],[-119.25319,34.44653],[-119.25316,34.44651],[-119.2531,34.44645],[-119.25286,34.4462],[-119.25246,34.44576],[-119.2523,34.44559],[-119.25223,34.44546]]}},{"type":"Feature","properties":{"name":"","c":"footway"},"geometry":{"type":"LineString","coordinates":[[-119.25426,34.44609],[-119.25423,34.44605],[-119.25417,34.44602],[-119.25391,34.4456]]}},{"type":"Feature","properties":{"name":"","c":"footway"},"geometry":{"type":"LineString","coordinates":[[-119.25479,34.44608],[-119.25468,34.4459],[-119.25426,34.44609],[-119.25413,34.44614],[-119.25427,34.44638]]}},{"type":"Feature","properties":{"name":"","c":"footway"},"geometry":{"type":"LineString","coordinates":[[-119.25452,34.44532],[-119.25437,34.44526],[-119.25388,34.44515],[-119.25381,34.44541],[-119.25383,34.44542],[-119.25383,34.44544],[-119.25383,34.44545],[-119.25401,34.44556],[-119.25395,34.4456],[-119.25391,34.4456],[-119.25378,34.4456],[-119.25377,34.44558],[-119.25377,34.44556],[-119.2538,34.44547],[-119.25381,34.44546]]}},{"type":"Feature","properties":{"name":"","c":"footway"},"geometry":{"type":"LineString","coordinates":[[-119.25381,34.44546],[-119.25383,34.44545]]}},{"type":"Feature","properties":{"name":"","c":"footway"},"geometry":{"type":"LineString","coordinates":[[-119.25876,34.44261],[-119.25875,34.44259],[-119.25873,34.44257],[-119.2587,34.44255],[-119.25868,34.44254],[-119.25867,34.44254],[-119.25865,34.44254],[-119.25862,34.44254],[-119.25856,34.44257],[-119.25689,34.44331],[-119.25598,34.4437],[-119.25418,34.44443],[-119.253,34.44492],[-119.25266,34.44506],[-119.25255,34.44513],[-119.25239,34.44524],[-119.25222,34.44538],[-119.25222,34.44542],[-119.25223,34.44546]]}},{"type":"Feature","properties":{"name":"","c":"footway"},"geometry":{"type":"LineString","coordinates":[[-119.25719,34.44527],[-119.2571,34.44529],[-119.2571,34.44531],[-119.25662,34.44541],[-119.25658,34.44529],[-119.25655,34.4453],[-119.25652,34.44529],[-119.25649,34.44529],[-119.25646,34.44528]]}},{"type":"Feature","properties":{"name":"","c":"footway"},"geometry":{"type":"LineString","coordinates":[[-119.25642,34.44536],[-119.25645,34.44531],[-119.25645,34.44529],[-119.25646,34.44528],[-119.25646,34.44527],[-119.2565,34.44526],[-119.25654,34.44525],[-119.25656,34.44524],[-119.25657,34.44522],[-119.25652,34.44509],[-119.25651,34.44507],[-119.2565,34.44504],[-119.25643,34.44482],[-119.25635,34.44483]]}},{"type":"Feature","properties":{"name":"","c":"path"},"geometry":{"type":"LineString","coordinates":[[-119.25586,34.44534],[-119.25582,34.44536],[-119.25579,34.44536],[-119.25578,34.44539],[-119.25573,34.44542],[-119.25567,34.44544]]}},{"type":"Feature","properties":{"name":"","c":"path"},"geometry":{"type":"LineString","coordinates":[[-119.2558,34.44568],[-119.25582,34.44561],[-119.25584,34.44557],[-119.25584,34.44551],[-119.25584,34.44548],[-119.25586,34.44542],[-119.25587,34.44536],[-119.25586,34.44534],[-119.25588,34.44533],[-119.25591,34.44532],[-119.25596,34.4453],[-119.25598,34.44529],[-119.25596,34.44523],[-119.25593,34.44523],[-119.2559,34.44525],[-119.25588,34.44527]]}},{"type":"Feature","properties":{"name":"","c":"path"},"geometry":{"type":"LineString","coordinates":[[-119.25588,34.44527],[-119.25588,34.44533]]}},{"type":"Feature","properties":{"name":"","c":"footway"},"geometry":{"type":"LineString","coordinates":[[-119.25867,34.44254],[-119.25874,34.44251],[-119.25887,34.44245],[-119.25895,34.44241]]}},{"type":"Feature","properties":{"name":"","c":"footway"},"geometry":{"type":"LineString","coordinates":[[-119.26005,34.44166],[-119.26,34.44162],[-119.25996,34.4416],[-119.25995,34.4416],[-119.25992,34.44159],[-119.25988,34.44158],[-119.25983,34.44158],[-119.25979,34.44159],[-119.25975,34.44159],[-119.25973,34.44158],[-119.25971,34.44155],[-119.25968,34.4415]]}},{"type":"Feature","properties":{"name":"","c":"path"},"geometry":{"type":"LineString","coordinates":[[-119.2598,34.44119],[-119.25976,34.44119],[-119.25968,34.4412]]}},{"type":"Feature","properties":{"name":"","c":"path"},"geometry":{"type":"LineString","coordinates":[[-119.26062,34.44086],[-119.26056,34.44091],[-119.26052,34.44097],[-119.26046,34.44101],[-119.26038,34.44106],[-119.26028,34.44109],[-119.26021,34.44109],[-119.26014,34.44108],[-119.26006,34.44107],[-119.25998,34.44109],[-119.2599,34.44111],[-119.25982,34.44116],[-119.2598,34.44119],[-119.25983,34.44123],[-119.25986,34.44126]]}},{"type":"Feature","properties":{"name":"Ojai - Ventura Bike Path","c":"cycleway"},"geometry":{"type":"LineString","coordinates":[[-119.26059,34.44108],[-119.26061,34.44108],[-119.26076,34.44117],[-119.26087,34.44123],[-119.26091,34.44125],[-119.26101,34.4413],[-119.26113,34.44137]]}},{"type":"Feature","properties":{"name":"","c":"footway"},"geometry":{"type":"LineString","coordinates":[[-119.26049,34.44146],[-119.26046,34.44145],[-119.26042,34.44142],[-119.26042,34.44141],[-119.26042,34.44139],[-119.26042,34.44135],[-119.26041,34.44134],[-119.2604,34.44132]]}},{"type":"Feature","properties":{"name":"","c":"footway"},"geometry":{"type":"LineString","coordinates":[[-119.26076,34.44117],[-119.26072,34.44121],[-119.26068,34.44123],[-119.26063,34.44125],[-119.26059,34.44127],[-119.26056,34.4413],[-119.26054,34.44134],[-119.26051,34.44143],[-119.26049,34.44146],[-119.26048,34.44148],[-119.26046,34.4415],[-119.26041,34.44155],[-119.26036,34.44158],[-119.2603,34.4416],[-119.26027,34.4416],[-119.26024,34.44159],[-119.2602,34.44157],[-119.26017,34.44155],[-119.26012,34.44155],[-119.26005,34.44156],[-119.25999,34.44157],[-119.25995,34.4416],[-119.25991,34.44164]]}},{"type":"Feature","properties":{"name":"","c":"footway"},"geometry":{"type":"LineString","coordinates":[[-119.26058,34.44177],[-119.26047,34.44179],[-119.26039,34.4418],[-119.26035,34.4418],[-119.26032,34.44181],[-119.26028,34.44182],[-119.26021,34.44184],[-119.26009,34.4419],[-119.26002,34.44193],[-119.25996,34.44195],[-119.25992,34.44196]]}},{"type":"Feature","properties":{"name":"","c":"footway"},"geometry":{"type":"LineString","coordinates":[[-119.2608,34.44164],[-119.26085,34.44166],[-119.2609,34.44167],[-119.26096,34.44166],[-119.26102,34.44166],[-119.26105,34.44165]]}},{"type":"Feature","properties":{"name":"","c":"footway"},"geometry":{"type":"LineString","coordinates":[[-119.26058,34.44177],[-119.2608,34.44164],[-119.26087,34.4416],[-119.2609,34.44159],[-119.26093,34.44158],[-119.26097,34.44159],[-119.26105,34.44165],[-119.2611,34.44169],[-119.26122,34.44175],[-119.26142,34.44184],[-119.26166,34.44193],[-119.26179,34.44196],[-119.26202,34.44201],[-119.26252,34.44208]]}},{"type":"Feature","properties":{"name":"","c":"footway"},"geometry":{"type":"LineString","coordinates":[[-119.26194,34.44175],[-119.26189,34.44173],[-119.26181,34.44171],[-119.26176,34.44171],[-119.26157,34.44164],[-119.26156,34.44163],[-119.26138,34.44154],[-119.2612,34.44144],[-119.26113,34.44137]]}},{"type":"Feature","properties":{"name":"","c":"footway"},"geometry":{"type":"LineString","coordinates":[[-119.2612,34.44128],[-119.26121,34.44125],[-119.2613,34.44108]]}},{"type":"Feature","properties":{"name":"Ojai - Ventura Bike Path","c":"cycleway"},"geometry":{"type":"LineString","coordinates":[[-119.26113,34.44137],[-119.26114,34.44135],[-119.2612,34.44128],[-119.26126,34.44127],[-119.26129,34.44125],[-119.26131,34.44121],[-119.26132,34.44117],[-119.2613,34.44108],[-119.26131,34.44103],[-119.26132,34.441],[-119.26134,34.44096]]}},{"type":"Feature","properties":{"name":"","c":"footway"},"geometry":{"type":"LineString","coordinates":[[-119.26144,34.44128],[-119.2614,34.4413],[-119.26136,34.44131],[-119.26132,34.44133],[-119.2613,34.44135],[-119.26125,34.44136],[-119.2612,34.44137],[-119.26113,34.44137]]}},{"type":"Feature","properties":{"name":"","c":"footway"},"geometry":{"type":"LineString","coordinates":[[-119.26093,34.44158],[-119.26099,34.44152],[-119.26106,34.44146],[-119.26113,34.44137]]}},{"type":"Feature","properties":{"name":"","c":"footway"},"geometry":{"type":"LineString","coordinates":[[-119.26087,34.44123],[-119.2609,34.44118],[-119.26093,34.44114],[-119.26096,34.44109],[-119.26098,34.44105],[-119.261,34.44101],[-119.26102,34.44094],[-119.26104,34.44087],[-119.26108,34.44074]]}},{"type":"Feature","properties":{"name":"","c":"footway"},"geometry":{"type":"LineString","coordinates":[[-119.2515,34.44732],[-119.25156,34.44729],[-119.25161,34.44725],[-119.25165,34.44722],[-119.2517,34.44716],[-119.25172,34.44713],[-119.25173,34.44711],[-119.25176,34.44703],[-119.25179,34.44694],[-119.25183,34.44687],[-119.25187,34.44681],[-119.25193,34.44675],[-119.25196,34.44672],[-119.25198,34.44671],[-119.25203,34.44668],[-119.25204,34.44667],[-119.25212,34.44664],[-119.25218,34.44663],[-119.25226,34.44662],[-119.2523,34.44661],[-119.25234,34.44661],[-119.25237,34.44661],[-119.25241,34.4466],[-119.2525,34.4466],[-119.25262,34.4466],[-119.25271,34.44659],[-119.25275,34.44658],[-119.25282,34.44658],[-119.25291,34.44657],[-119.25294,34.44656],[-119.25296,34.44655],[-119.25296,34.44652],[-119.25296,34.44649],[-119.25296,34.44645]]}},{"type":"Feature","properties":{"name":"","c":"footway"},"geometry":{"type":"LineString","coordinates":[[-119.25117,34.44735],[-119.25068,34.44738],[-119.25066,34.44737],[-119.25064,34.44735],[-119.25063,34.44733],[-119.25063,34.44727],[-119.25058,34.44682],[-119.25058,34.44674],[-119.25057,34.44671],[-119.25058,34.44669],[-119.25062,34.44666],[-119.25094,34.4464],[-119.25123,34.44617],[-119.25148,34.44597],[-119.25199,34.44557],[-119.25201,34.44556],[-119.25203,34.44555],[-119.25206,34.44555],[-119.25209,34.44556],[-119.25231,34.44578],[-119.25234,34.44582]]}},{"type":"Feature","properties":{"name":"","c":"footway"},"geometry":{"type":"LineString","coordinates":[[-119.25048,34.44739],[-119.25036,34.4473],[-119.25031,34.44725]]}},{"type":"Feature","properties":{"name":"","c":"footway"},"geometry":{"type":"LineString","coordinates":[[-119.25044,34.44691],[-119.25048,34.44739]]}},{"type":"Feature","properties":{"name":"","c":"footway"},"geometry":{"type":"LineString","coordinates":[[-119.25041,34.44687],[-119.25036,34.44698],[-119.25029,34.44713]]}},{"type":"Feature","properties":{"name":"","c":"footway"},"geometry":{"type":"LineString","coordinates":[[-119.25018,34.44733],[-119.25021,34.44734],[-119.25024,34.44735],[-119.25028,34.44734],[-119.25031,34.44733],[-119.25034,34.44732],[-119.25036,34.4473],[-119.25039,34.44727],[-119.2504,34.44723],[-119.25042,34.44719],[-119.25043,34.44717],[-119.25042,34.44712],[-119.25042,34.44708],[-119.25041,34.44704],[-119.25041,34.44701],[-119.2504,34.44699],[-119.25036,34.44698]]}},{"type":"Feature","properties":{"name":"","c":"footway"},"geometry":{"type":"LineString","coordinates":[[-119.25029,34.44713],[-119.25026,34.44713],[-119.25023,34.44713],[-119.2502,34.44714],[-119.25017,34.44715],[-119.25019,34.44717]]}},{"type":"Feature","properties":{"name":"","c":"footway"},"geometry":{"type":"LineString","coordinates":[[-119.25048,34.44739],[-119.25032,34.4474],[-119.24987,34.44742],[-119.24975,34.44743],[-119.24971,34.44743],[-119.24965,34.44744],[-119.24996,34.44719],[-119.25036,34.44688],[-119.25039,34.44687],[-119.25041,34.44687],[-119.25043,34.44689],[-119.25044,34.44691]]}},{"type":"Feature","properties":{"name":"","c":"footway"},"geometry":{"type":"LineString","coordinates":[[-119.25029,34.44713],[-119.25031,34.44714],[-119.25032,34.44715],[-119.25033,34.44717],[-119.25034,34.4472],[-119.25033,34.44722],[-119.25032,34.44724],[-119.25031,34.44725],[-119.25029,34.44726],[-119.25026,34.44727],[-119.25023,34.44727],[-119.25021,34.44727],[-119.25018,34.44731],[-119.25019,34.44732],[-119.25018,34.44733],[-119.25017,34.44733],[-119.25014,34.44733],[-119.25011,34.44733],[-119.25009,34.44732],[-119.25005,34.44729],[-119.25001,34.44733],[-119.24999,34.44736],[-119.24992,34.44738],[-119.24988,34.44739],[-119.24987,34.44742]]}},{"type":"Feature","properties":{"name":"","c":"footway"},"geometry":{"type":"LineString","coordinates":[[-119.2505,34.44753],[-119.25049,34.44746],[-119.25048,34.44743]]}},{"type":"Feature","properties":{"name":"","c":"footway"},"geometry":{"type":"LineString","coordinates":[[-119.25032,34.4474],[-119.25037,34.44745],[-119.25046,34.44744],[-119.25048,34.44744],[-119.25048,34.44743],[-119.25049,34.44743],[-119.25049,34.44742],[-119.25048,34.44739]]}},{"type":"Feature","properties":{"name":"","c":"footway"},"geometry":{"type":"LineString","coordinates":[[-119.24954,34.44801],[-119.24953,34.44794],[-119.24951,34.44765],[-119.24951,34.44763],[-119.24953,34.44761],[-119.24955,34.4476],[-119.24957,34.44759],[-119.24974,34.44758],[-119.25048,34.44753],[-119.2505,34.44753],[-119.25051,34.44754],[-119.25051,34.44755],[-119.25053,34.44778],[-119.25053,34.4478]]}},{"type":"Feature","properties":{"name":"","c":"footway"},"geometry":{"type":"LineString","coordinates":[[-119.25067,34.44937],[-119.25067,34.44952],[-119.25073,34.4496],[-119.25071,34.44987],[-119.25069,34.44992],[-119.2507,34.45001],[-119.2507,34.45007],[-119.25063,34.45015],[-119.25061,34.45028],[-119.2505,34.45037],[-119.25045,34.45039],[-119.25041,34.45036]]}},{"type":"Feature","properties":{"name":"","c":"track"},"geometry":{"type":"LineString","coordinates":[[-119.25297,34.4527],[-119.25311,34.4528],[-119.2533,34.45288],[-119.25354,34.45302],[-119.2536,34.45306],[-119.25363,34.45309],[-119.25365,34.45314],[-119.25366,34.45321],[-119.25366,34.45345],[-119.25366,34.45375],[-119.25367,34.45382],[-119.25371,34.45392],[-119.25374,34.45398],[-119.25378,34.45405],[-119.25381,34.4541],[-119.25384,34.45419],[-119.25387,34.45424]]}},{"type":"Feature","properties":{"name":"","c":"path"},"geometry":{"type":"LineString","coordinates":[[-119.25135,34.45362],[-119.25189,34.45355],[-119.25225,34.45348]]}},{"type":"Feature","properties":{"name":"","c":"footway"},"geometry":{"type":"LineString","coordinates":[[-119.25125,34.45352],[-119.2513,34.45349],[-119.25132,34.45347],[-119.25132,34.45341],[-119.25136,34.45337],[-119.25141,34.45333],[-119.25142,34.4533],[-119.2514,34.45324],[-119.25138,34.45322],[-119.25139,34.45317],[-119.25143,34.45311],[-119.25144,34.45308],[-119.25143,34.45297],[-119.25144,34.45293],[-119.25147,34.45288],[-119.25147,34.45284],[-119.25145,34.45276],[-119.25141,34.45269],[-119.2514,34.45264],[-119.2514,34.45254],[-119.2514,34.45237],[-119.25141,34.45231],[-119.25144,34.45222],[-119.25144,34.45216],[-119.25143,34.45208],[-119.25144,34.45198],[-119.25145,34.45173],[-119.25145,34.4516],[-119.25144,34.45154],[-119.25145,34.45147],[-119.25144,34.4514],[-119.2514,34.45133],[-119.25139,34.45125],[-119.25137,34.45119],[-119.25137,34.45116],[-119.25138,34.45113],[-119.2514,34.45111],[-119.25141,34.45104]]}},{"type":"Feature","properties":{"name":"","c":"track"},"geometry":{"type":"LineString","coordinates":[[-119.26879,34.4571],[-119.26873,34.45714],[-119.26867,34.45716],[-119.26859,34.45717],[-119.26835,34.45716],[-119.26815,34.45715],[-119.26785,34.45713],[-119.26764,34.45714],[-119.26757,34.45716],[-119.26749,34.45718],[-119.2674,34.4572],[-119.26734,34.4572],[-119.26725,34.45724]]}},{"type":"Feature","properties":{"name":"","c":"footway"},"geometry":{"type":"LineString","coordinates":[[-119.27328,34.45089],[-119.27334,34.45088],[-119.27341,34.45087],[-119.27344,34.45087],[-119.27345,34.45085],[-119.2735,34.45082],[-119.27357,34.45064]]}},{"type":"Feature","properties":{"name":"","c":"footway"},"geometry":{"type":"LineString","coordinates":[[-119.27314,34.44764],[-119.27319,34.44766],[-119.2739,34.44783]]}},{"type":"Feature","properties":{"name":"","c":"path"},"geometry":{"type":"LineString","coordinates":[[-119.27353,34.44635],[-119.27307,34.44651],[-119.27267,34.44642]]}},{"type":"Feature","properties":{"name":"","c":"footway"},"geometry":{"type":"LineString","coordinates":[[-119.27353,34.44635],[-119.27471,34.44665],[-119.27473,34.44668],[-119.2746,34.44707],[-119.27456,34.44715],[-119.27443,34.44729],[-119.27442,34.44733],[-119.27442,34.44737],[-119.27443,34.44742],[-119.27446,34.44745],[-119.2745,34.44747],[-119.27455,34.44749],[-119.2746,34.44749],[-119.27464,34.44747],[-119.27468,34.44745],[-119.27472,34.44742],[-119.27473,34.44739],[-119.27473,34.44735],[-119.27473,34.4473],[-119.27472,34.44723],[-119.27472,34.44719],[-119.27474,34.44714],[-119.27475,34.44709],[-119.27488,34.44673],[-119.2749,34.44671],[-119.27493,34.44671],[-119.27566,34.44689],[-119.27569,34.44692],[-119.27554,34.44734],[-119.27552,34.44739],[-119.27547,34.44744],[-119.27542,34.44749],[-119.27539,34.44754],[-119.27537,34.44759],[-119.27538,34.44763],[-119.2754,34.44767],[-119.27543,34.4477],[-119.27547,34.44772],[-119.27552,34.44773],[-119.27557,34.44773],[-119.27562,34.44771],[-119.27566,34.44768],[-119.27569,34.44764],[-119.2757,34.44761],[-119.2757,34.44754],[-119.27568,34.44749],[-119.27568,34.44745],[-119.27569,34.44741],[-119.2757,34.44736],[-119.27584,34.44697],[-119.27588,34.44695],[-119.2767,34.44714],[-119.27641,34.44801]]}},{"type":"Feature","properties":{"name":"","c":"footway"},"geometry":{"type":"LineString","coordinates":[[-119.27816,34.44889],[-119.27737,34.44869],[-119.27728,34.44867],[-119.27723,34.44865],[-119.27683,34.44856],[-119.27646,34.44847],[-119.27645,34.44847],[-119.27643,34.44847],[-119.27642,34.44846],[-119.27642,34.44845],[-119.27702,34.44679],[-119.27703,34.44678],[-119.27705,34.44678],[-119.27712,34.44679]]}},{"type":"Feature","properties":{"name":"","c":"bridleway"},"geometry":{"type":"LineString","coordinates":[[-119.29049,34.45709],[-119.29038,34.45708],[-119.29031,34.45707],[-119.29025,34.45705],[-119.29018,34.457],[-119.29014,34.45698],[-119.29007,34.45694],[-119.29005,34.45691],[-119.29004,34.45688],[-119.29,34.45686],[-119.28993,34.45684],[-119.28989,34.45684],[-119.28987,34.45686],[-119.28984,34.4569],[-119.28983,34.45697],[-119.28981,34.45701],[-119.28979,34.45705],[-119.28975,34.45708],[-119.28968,34.4571],[-119.28953,34.45712],[-119.28946,34.45713],[-119.28922,34.45722],[-119.28914,34.45724]]}},{"type":"Feature","properties":{"name":"","c":"path"},"geometry":{"type":"LineString","coordinates":[[-119.29134,34.45381],[-119.29137,34.45378],[-119.2914,34.45372],[-119.29144,34.45366],[-119.29148,34.45363],[-119.29153,34.45361],[-119.29162,34.45359]]}},{"type":"Feature","properties":{"name":"","c":"path"},"geometry":{"type":"LineString","coordinates":[[-119.2912,34.45332],[-119.29126,34.45335],[-119.29131,34.45335],[-119.29142,34.45335],[-119.29144,34.4534],[-119.29146,34.45346],[-119.29156,34.45353],[-119.29162,34.45359],[-119.29179,34.45363],[-119.29187,34.45362],[-119.29193,34.45353],[-119.29198,34.4535],[-119.29205,34.45351],[-119.29212,34.45354],[-119.29218,34.45353],[-119.29228,34.45345],[-119.29236,34.45345],[-119.29242,34.45348],[-119.29248,34.45348],[-119.29254,34.45353],[-119.29265,34.45356],[-119.29272,34.45355],[-119.29285,34.45359],[-119.29302,34.45357]]}},{"type":"Feature","properties":{"name":"","c":"path"},"geometry":{"type":"LineString","coordinates":[[-119.2938,34.45247],[-119.29374,34.45258],[-119.29373,34.4529],[-119.29359,34.45322],[-119.29353,34.4537],[-119.2937,34.45376],[-119.2939,34.45386]]}},{"type":"Feature","properties":{"name":"Upper River Loop Trails","c":"path"},"geometry":{"type":"LineString","coordinates":[[-119.29072,34.45885],[-119.29073,34.45875],[-119.29075,34.45873],[-119.29074,34.45868],[-119.29076,34.45866],[-119.29077,34.45859],[-119.29078,34.4585],[-119.29076,34.45845],[-119.29072,34.45839],[-119.29072,34.45834],[-119.29076,34.45814],[-119.29075,34.4581],[-119.29077,34.45805],[-119.29068,34.45786],[-119.29068,34.45775],[-119.29073,34.45761],[-119.2908,34.45752],[-119.29083,34.45739],[-119.29084,34.45725],[-119.2909,34.4571],[-119.29093,34.45696],[-119.29092,34.45686],[-119.29097,34.45678],[-119.29097,34.45669],[-119.29093,34.45656],[-119.29097,34.45645],[-119.29101,34.45625],[-119.29106,34.45614],[-119.29108,34.45606],[-119.29106,34.45599],[-119.29094,34.45586],[-119.29093,34.4558],[-119.29092,34.45567],[-119.29085,34.45556],[-119.29086,34.45549],[-119.29092,34.45538],[-119.29093,34.45526],[-119.29103,34.45503],[-119.29111,34.45487],[-119.29113,34.45476],[-119.2911,34.4546],[-119.29111,34.4545],[-119.2913,34.45418],[-119.29129,34.45412],[-119.29133,34.45403],[-119.29129,34.45391],[-119.29134,34.45381],[-119.29131,34.45372],[-119.29125,34.45367],[-119.29116,34.4536],[-119.29114,34.45355],[-119.29119,34.45341],[-119.2912,34.45332],[-119.29118,34.4532],[-119.29121,34.45311],[-119.29123,34.45299],[-119.29122,34.45291],[-119.29128,34.45268],[-119.29134,34.45254],[-119.29138,34.45248],[-119.29143,34.45226],[-119.29145,34.45219],[-119.29156,34.4521],[-119.29162,34.45198],[-119.2917,34.45181],[-119.29168,34.45175],[-119.29158,34.45155],[-119.29149,34.4514],[-119.29147,34.45123],[-119.29144,34.45115],[-119.29146,34.45109],[-119.29166,34.4508],[-119.29167,34.4506],[-119.29186,34.45043],[-119.29186,34.45017],[-119.29193,34.45009],[-119.29192,34.45001],[-119.29194,34.44994],[-119.292,34.4499],[-119.29201,34.44985],[-119.292,34.44979],[-119.29213,34.44976],[-119.29225,34.44972],[-119.29231,34.44965],[-119.29232,34.44959],[-119.29243,34.44951],[-119.29256,34.44947],[-119.29275,34.44939],[-119.29282,34.4493],[-119.29297,34.4491],[-119.293,34.44899],[-119.29307,34.44894],[-119.29312,34.44885],[-119.29317,34.44883],[-119.29325,34.44884],[-119.29337,34.44876],[-119.2934,34.44869],[-119.29341,34.44864],[-119.29349,34.44852],[-119.29349,34.44845],[-119.29338,34.44834],[-119.29336,34.44824],[-119.2934,34.44815],[-119.2934,34.44808],[-119.29344,34.44802],[-119.29341,34.44779],[-119.29341,34.44755],[-119.29343,34.44747],[-119.29335,34.44728],[-119.29337,34.44704],[-119.29336,34.44698],[-119.29344,34.44684],[-119.29348,34.44672],[-119.29357,34.44664],[-119.2936,34.44656],[-119.29359,34.44647]]}},{"type":"Feature","properties":{"name":"","c":"path"},"geometry":{"type":"LineString","coordinates":[[-119.29048,34.45213],[-119.29051,34.45221],[-119.29061,34.45228],[-119.29077,34.45241],[-119.29089,34.4525],[-119.29097,34.45261],[-119.29108,34.4527],[-119.29116,34.45279],[-119.29122,34.45291]]}},{"type":"Feature","properties":{"name":"","c":"bridleway"},"geometry":{"type":"LineString","coordinates":[[-119.28929,34.45615],[-119.28928,34.4561],[-119.28929,34.45603],[-119.2893,34.45593],[-119.28931,34.45587],[-119.28933,34.4558],[-119.28931,34.45576],[-119.28923,34.45567],[-119.2892,34.4556],[-119.28918,34.45553],[-119.28918,34.45545],[-119.28917,34.45534],[-119.28916,34.45524],[-119.28913,34.45513],[-119.2891,34.45505],[-119.28907,34.45498],[-119.28905,34.45488],[-119.28904,34.45484],[-119.28903,34.45478],[-119.28903,34.4547],[-119.28901,34.45464],[-119.28899,34.45456],[-119.28896,34.45449],[-119.28894,34.45441],[-119.28892,34.45434],[-119.28894,34.45421],[-119.28895,34.45412],[-119.28896,34.45409],[-119.28895,34.45403],[-119.28894,34.45398],[-119.28891,34.45389],[-119.28886,34.45373],[-119.28879,34.45362],[-119.28875,34.45356],[-119.28873,34.45351],[-119.2887,34.45347],[-119.28865,34.45339],[-119.2886,34.45334],[-119.28856,34.45331],[-119.28848,34.45328],[-119.28841,34.45325],[-119.28833,34.45323],[-119.2882,34.45322],[-119.2881,34.45321],[-119.28803,34.45321],[-119.288,34.4532],[-119.28797,34.45315],[-119.28791,34.4531],[-119.28779,34.453],[-119.28776,34.45298],[-119.28771,34.45293],[-119.28767,34.4529],[-119.28763,34.45289],[-119.28758,34.45289],[-119.28756,34.45288],[-119.28754,34.45284],[-119.28753,34.45281],[-119.28752,34.4528],[-119.2875,34.45277],[-119.2875,34.45272],[-119.28752,34.4527],[-119.28754,34.45268],[-119.28755,34.45263],[-119.2876,34.45259],[-119.28764,34.45256],[-119.28767,34.4525],[-119.28769,34.45248],[-119.28769,34.45245],[-119.28773,34.45241],[-119.28777,34.45239],[-119.28783,34.45233],[-119.28787,34.45226],[-119.28792,34.45222],[-119.28797,34.45218],[-119.28799,34.45215],[-119.28803,34.45207],[-119.28808,34.45198],[-119.28817,34.45179],[-119.2882,34.4517],[-119.28823,34.45163],[-119.28826,34.45148],[-119.28829,34.45138],[-119.28831,34.45128],[-119.28837,34.45118],[-119.28843,34.45109],[-119.28844,34.45101],[-119.28841,34.45094],[-119.28837,34.45088],[-119.28836,34.45079],[-119.28833,34.45072],[-119.28831,34.45066],[-119.28832,34.45056],[-119.28831,34.45048],[-119.28831,34.45044],[-119.28835,34.45034],[-119.28838,34.45027],[-119.28839,34.45021],[-119.2884,34.45013],[-119.28841,34.45009],[-119.28843,34.45006],[-119.28845,34.45002],[-119.28845,34.44997],[-119.28847,34.44981]]}},{"type":"Feature","properties":{"name":"","c":"bridleway"},"geometry":{"type":"LineString","coordinates":[[-119.2887,34.44996],[-119.28865,34.44996],[-119.2886,34.44998],[-119.28855,34.45],[-119.28849,34.45003],[-119.28843,34.45006]]}},{"type":"Feature","properties":{"name":"","c":"path"},"geometry":{"type":"LineString","coordinates":[[-119.28822,34.44879],[-119.28833,34.44889],[-119.28842,34.449],[-119.28845,34.4491],[-119.28851,34.44933],[-119.28853,34.44944],[-119.28848,34.44958],[-119.28846,34.44967],[-119.28847,34.44981],[-119.28854,34.44988],[-119.2887,34.44996],[-119.28886,34.44998],[-119.28898,34.45],[-119.28908,34.45004],[-119.28922,34.45002],[-119.28936,34.45003],[-119.28947,34.45004],[-119.28968,34.45],[-119.28981,34.44998],[-119.28996,34.44989],[-119.2901,34.44978],[-119.29029,34.44968],[-119.29036,34.44967],[-119.29044,34.44966],[-119.29062,34.44966],[-119.29081,34.44964],[-119.29091,34.44967]]}},{"type":"Feature","properties":{"name":"","c":"path"},"geometry":{"type":"LineString","coordinates":[[-119.28851,34.44933],[-119.28856,34.44937],[-119.28861,34.44941],[-119.28876,34.4494],[-119.28896,34.44939],[-119.28917,34.44936],[-119.28927,34.44935],[-119.28939,34.44937],[-119.28951,34.44936],[-119.28968,34.4494],[-119.28995,34.44946],[-119.29018,34.44954],[-119.29024,34.44961],[-119.29036,34.44967]]}},{"type":"Feature","properties":{"name":"Upper River Loop Trails","c":"path"},"geometry":{"type":"LineString","coordinates":[[-119.29084,34.45725],[-119.29072,34.45717],[-119.29063,34.4571],[-119.29054,34.4571],[-119.29049,34.45709],[-119.29046,34.45703],[-119.29047,34.45698],[-119.29046,34.45692],[-119.29043,34.45687],[-119.29037,34.45681],[-119.29038,34.4567],[-119.29037,34.45663],[-119.29029,34.45655],[-119.29007,34.45639],[-119.28996,34.45626],[-119.28994,34.45616],[-119.28998,34.45612],[-119.29007,34.45608],[-119.29009,34.45602],[-119.29005,34.45596],[-119.28995,34.45591],[-119.2899,34.4558],[-119.28993,34.45556],[-119.29003,34.45492],[-119.29004,34.4547],[-119.2901,34.4542],[-119.29017,34.45392],[-119.29017,34.45369],[-119.29044,34.45327],[-119.29045,34.45319],[-119.29042,34.45306],[-119.29043,34.45272],[-119.29044,34.45269],[-119.29048,34.45213],[-119.29048,34.45194],[-119.29048,34.45183],[-119.29056,34.45137],[-119.29052,34.4512],[-119.29051,34.45104],[-119.29056,34.45084],[-119.29058,34.45075],[-119.29058,34.45064],[-119.29062,34.45056],[-119.29061,34.45039],[-119.29064,34.45021],[-119.29073,34.45011],[-119.29086,34.44982],[-119.2909,34.44975],[-119.29091,34.44967],[-119.29103,34.44961],[-119.29118,34.44942],[-119.29141,34.44896],[-119.29142,34.44888],[-119.29141,34.44881],[-119.29138,34.44875],[-119.29133,34.44859],[-119.29138,34.44829],[-119.29143,34.44819],[-119.29142,34.44813],[-119.29148,34.44803],[-119.29147,34.44798],[-119.29143,34.44794],[-119.29141,34.44781],[-119.29135,34.4477],[-119.29129,34.44763],[-119.29128,34.44758],[-119.29129,34.44752],[-119.29141,34.44733],[-119.29144,34.44725],[-119.29146,34.44705],[-119.29159,34.44673],[-119.29165,34.4466],[-119.29196,34.44625],[-119.29197,34.44609],[-119.29189,34.44602],[-119.29176,34.44596],[-119.29194,34.4459]]}},{"type":"Feature","properties":{"name":"","c":"path"},"geometry":{"type":"LineString","coordinates":[[-119.29118,34.44942],[-119.29132,34.44945],[-119.29138,34.44951],[-119.29147,34.44958],[-119.29164,34.44963],[-119.29196,34.4497],[-119.292,34.44979]]}},{"type":"Feature","properties":{"name":"","c":"track"},"geometry":{"type":"LineString","coordinates":[[-119.29015,34.44633],[-119.29009,34.44641],[-119.29001,34.44651],[-119.28995,34.44661],[-119.28993,34.44675],[-119.28989,34.4471],[-119.28987,34.44722],[-119.28983,34.4473],[-119.28978,34.44737],[-119.28966,34.44747],[-119.28937,34.44763],[-119.28914,34.44778],[-119.28899,34.44788],[-119.28891,34.44794],[-119.28884,34.44802],[-119.28863,34.44836],[-119.28851,34.44852],[-119.28835,34.44873],[-119.28828,34.44878],[-119.28822,34.44879],[-119.28815,34.4488]]}},{"type":"Feature","properties":{"name":"","c":"track"},"geometry":{"type":"LineString","coordinates":[[-119.28739,34.44962],[-119.28736,34.44943],[-119.28736,34.44928],[-119.28739,34.44919],[-119.28746,34.44911],[-119.28752,34.44905],[-119.28762,34.44903],[-119.28773,34.44903],[-119.28785,34.44902],[-119.28794,34.44898],[-119.28815,34.4488],[-119.28819,34.44873],[-119.28821,34.44864],[-119.28836,34.44849],[-119.28852,34.44829],[-119.28864,34.44807],[-119.28876,34.44782],[-119.28901,34.44745],[-119.2891,34.44729],[-119.28929,34.44697],[-119.28934,34.44688],[-119.2894,34.44676],[-119.28947,34.44666],[-119.28956,34.44658],[-119.28975,34.44649],[-119.2899,34.44642],[-119.29015,34.44633],[-119.29024,34.44629],[-119.29042,34.44616],[-119.29051,34.44611],[-119.2906,34.44608],[-119.29072,34.44607],[-119.2909,34.44606],[-119.29098,34.44609]]}},{"type":"Feature","properties":{"name":"","c":"footway"},"geometry":{"type":"LineString","coordinates":[[-119.2791,34.44193],[-119.27919,34.44188],[-119.27976,34.44171],[-119.27982,34.4417],[-119.27989,34.44169],[-119.27993,34.44169],[-119.27999,34.44169],[-119.28005,34.44171],[-119.28011,34.44172],[-119.28014,34.44174],[-119.28017,34.44176],[-119.28036,34.44176],[-119.28043,34.44184]]}},{"type":"Feature","properties":{"name":"","c":"path"},"geometry":{"type":"LineString","coordinates":[[-119.27949,34.43956],[-119.27944,34.43956],[-119.27932,34.43955],[-119.27926,34.43955],[-119.27917,34.43958],[-119.27911,34.43956],[-119.27905,34.43955],[-119.27899,34.43956],[-119.27896,34.43959],[-119.27891,34.43961]]}},{"type":"Feature","properties":{"name":"","c":"path"},"geometry":{"type":"LineString","coordinates":[[-119.27987,34.43649],[-119.27987,34.4364]]}},{"type":"Feature","properties":{"name":"","c":"footway"},"geometry":{"type":"LineString","coordinates":[[-119.27987,34.4364],[-119.2799,34.43545],[-119.27993,34.4345],[-119.27993,34.43441],[-119.27994,34.43408]]}},{"type":"Feature","properties":{"name":"","c":"path"},"geometry":{"type":"LineString","coordinates":[[-119.29176,34.44596],[-119.29165,34.44597],[-119.29148,34.44596],[-119.29133,34.44598],[-119.29117,34.44607],[-119.29098,34.44609]]}},{"type":"Feature","properties":{"name":"","c":"path"},"geometry":{"type":"LineString","coordinates":[[-119.29196,34.44625],[-119.29199,34.44618],[-119.29203,34.44612],[-119.29208,34.44606],[-119.29217,34.44602],[-119.29224,34.446]]}},{"type":"Feature","properties":{"name":"Lower River Crossing","c":"path"},"geometry":{"type":"LineString","coordinates":[[-119.2927,34.4461],[-119.29275,34.44607],[-119.2928,34.44589],[-119.29281,34.44578],[-119.29288,34.44573],[-119.2929,34.44566],[-119.29297,34.44564],[-119.29299,34.44561],[-119.29297,34.44556],[-119.29305,34.44545],[-119.29304,34.44543],[-119.29301,34.44537],[-119.29302,34.44532],[-119.29308,34.44526],[-119.29321,34.44524],[-119.29337,34.44514],[-119.29343,34.44508],[-119.29349,34.44503],[-119.29351,34.44498],[-119.29352,34.44493],[-119.29354,34.4449],[-119.2936,34.44489],[-119.2938,34.44481],[-119.29386,34.44477],[-119.29404,34.4446],[-119.29406,34.44456],[-119.29414,34.4445],[-119.29417,34.44443],[-119.2942,34.44437],[-119.29426,34.4443],[-119.29436,34.44425],[-119.29446,34.4442],[-119.29449,34.44416],[-119.29453,34.44412],[-119.29454,34.44407],[-119.29455,34.444],[-119.29458,34.44398],[-119.29466,34.44393],[-119.2947,34.44389],[-119.29474,34.44389],[-119.29477,34.4439],[-119.29488,34.44393],[-119.29499,34.44391],[-119.29506,34.44385],[-119.29508,34.44382],[-119.29508,34.44378],[-119.29511,34.44373],[-119.29514,34.4437],[-119.29516,34.44362],[-119.29523,34.44358],[-119.29526,34.44354],[-119.29529,34.44353],[-119.29531,34.44353],[-119.29534,34.44354],[-119.29536,34.44353],[-119.29566,34.44358],[-119.29589,34.44356],[-119.29614,34.44339],[-119.29648,34.44319],[-119.29657,34.44316],[-119.2967,34.44305],[-119.2968,34.44295],[-119.29682,34.44287],[-119.29687,34.4428],[-119.29692,34.4428],[-119.29702,34.44295],[-119.29701,34.44301],[-119.29709,34.44304],[-119.29715,34.44308],[-119.29716,34.44314],[-119.29723,34.44318],[-119.29727,34.44322],[-119.29729,34.44327],[-119.29736,34.44336],[-119.29742,34.44342],[-119.29754,34.44348],[-119.29754,34.44356],[-119.2976,34.4436],[-119.2977,34.44361]]}},{"type":"Feature","properties":{"name":"West River Trail","c":"path"},"geometry":{"type":"LineString","coordinates":[[-119.29649,34.4471],[-119.2965,34.44699],[-119.29655,34.44684],[-119.29665,34.44663],[-119.29662,34.4466],[-119.29661,34.44645],[-119.29665,34.44642],[-119.29672,34.44609],[-119.29676,34.44596],[-119.29689,34.44587],[-119.29688,34.44577],[-119.29683,34.44571],[-119.29688,34.44568],[-119.29691,34.44556],[-119.29692,34.44548],[-119.29694,34.44542],[-119.29697,34.44525],[-119.29719,34.44422],[-119.2977,34.44361],[-119.29778,34.44357],[-119.29785,34.44351],[-119.29791,34.44347],[-119.29792,34.44342],[-119.29797,34.44334],[-119.29804,34.44327],[-119.29813,34.44313],[-119.29822,34.44308],[-119.29828,34.443],[-119.29835,34.44295],[-119.29838,34.4429],[-119.29843,34.44287],[-119.29849,34.44283],[-119.29859,34.4428],[-119.2987,34.44273],[-119.29873,34.44269],[-119.2988,34.44267],[-119.29893,34.44253],[-119.299,34.44252],[-119.29904,34.44253],[-119.29909,34.44251],[-119.29922,34.44244],[-119.29929,34.44237],[-119.29941,34.44231],[-119.29948,34.44224],[-119.29951,34.44223],[-119.29954,34.44223],[-119.29959,34.44221],[-119.29958,34.44215],[-119.29962,34.44214],[-119.29974,34.44218],[-119.29976,34.44229],[-119.29978,34.44234],[-119.29979,34.4424],[-119.29984,34.44241],[-119.29987,34.44237],[-119.29989,34.44233],[-119.29996,34.44226],[-119.30001,34.44221],[-119.30001,34.44216],[-119.30002,34.44207],[-119.30007,34.44214],[-119.30012,34.44221],[-119.30014,34.44227],[-119.30018,34.4423],[-119.30026,34.44233],[-119.3003,34.44234],[-119.30031,34.44232],[-119.30031,34.44229],[-119.3003,34.44225],[-119.30031,34.44219],[-119.30032,34.4422],[-119.30034,34.44218],[-119.30031,34.44212],[-119.30033,34.44206],[-119.30036,34.442],[-119.30041,34.44204],[-119.30046,34.44204],[-119.30049,34.44205]]}},{"type":"Feature","properties":{"name":"","c":"path"},"geometry":{"type":"LineString","coordinates":[[-119.3007,34.44163],[-119.30067,34.44166],[-119.30054,34.44179],[-119.30048,34.44185],[-119.30051,34.44191],[-119.3005,34.44197],[-119.30046,34.44204]]}},{"type":"Feature","properties":{"name":"Green Chair Trail","c":"path"},"geometry":{"type":"LineString","coordinates":[[-119.29687,34.4428],[-119.29683,34.44277],[-119.29682,34.44269],[-119.29682,34.44263],[-119.29682,34.44259],[-119.29683,34.44255],[-119.29681,34.44249],[-119.29683,34.44241],[-119.29688,34.44232],[-119.29692,34.44228],[-119.29697,34.44218],[-119.29701,34.44214],[-119.29699,34.44206],[-119.29693,34.442],[-119.29698,34.44194],[-119.29698,34.44184],[-119.297,34.44173],[-119.29703,34.44169],[-119.29704,34.44162],[-119.2971,34.44141],[-119.29722,34.44126],[-119.29731,34.44122],[-119.29737,34.44107],[-119.29736,34.44088],[-119.29739,34.44077],[-119.29745,34.44073],[-119.29755,34.44058],[-119.29759,34.44049],[-119.29762,34.44024],[-119.29767,34.44015],[-119.29776,34.44009],[-119.29783,34.44003],[-119.29784,34.43994],[-119.29782,34.43985],[-119.29779,34.43979],[-119.29778,34.43975],[-119.29773,34.4396],[-119.29777,34.43955],[-119.29776,34.43949]]}},{"type":"Feature","properties":{"name":"Lower River Loop Trails","c":"track"},"geometry":{"type":"LineString","coordinates":[[-119.29774,34.43029],[-119.29774,34.43033],[-119.2977,34.43038],[-119.29764,34.43045],[-119.29749,34.43056],[-119.29739,34.43066],[-119.29725,34.43084],[-119.29707,34.4311],[-119.29698,34.43129],[-119.29692,34.43149],[-119.29674,34.43188],[-119.2967,34.432],[-119.2967,34.43209],[-119.29671,34.43225],[-119.29676,34.43255],[-119.29678,34.43277],[-119.29681,34.43294],[-119.29687,34.43314],[-119.29687,34.43322],[-119.29687,34.43328],[-119.29685,34.43337],[-119.29684,34.43354],[-119.29683,34.43368],[-119.2968,34.43386],[-119.2968,34.43395],[-119.2968,34.43405],[-119.29682,34.43416],[-119.29682,34.43422],[-119.29681,34.43432],[-119.29681,34.43437],[-119.29684,34.43441],[-119.29686,34.43445],[-119.29686,34.4345],[-119.29684,34.43459],[-119.29686,34.43511],[-119.29687,34.43524],[-119.29686,34.43533],[-119.29686,34.43542],[-119.29689,34.43557],[-119.29691,34.43578],[-119.29694,34.43596],[-119.29696,34.43607],[-119.29699,34.43616],[-119.29701,34.43626],[-119.29704,34.43635],[-119.29715,34.43656],[-119.29721,34.43663],[-119.29726,34.43674],[-119.2973,34.43681],[-119.29736,34.43687],[-119.29739,34.43693],[-119.29744,34.43698],[-119.29747,34.43703],[-119.2975,34.43711],[-119.2976,34.43735],[-119.29761,34.43737],[-119.29768,34.43755],[-119.29772,34.43764],[-119.29775,34.43771],[-119.29776,34.43787],[-119.29775,34.43802],[-119.29776,34.4382],[-119.29777,34.43839],[-119.29779,34.43854],[-119.29782,34.43881],[-119.29781,34.43893],[-119.2978,34.43904],[-119.29781,34.43907],[-119.29783,34.43916],[-119.29783,34.43923],[-119.29781,34.43934],[-119.29777,34.4394],[-119.29776,34.43949]]}},{"type":"Feature","properties":{"name":"Lower River Loop Trails","c":"path"},"geometry":{"type":"LineString","coordinates":[[-119.29761,34.43737],[-119.29762,34.43731],[-119.29764,34.43728],[-119.29778,34.43725],[-119.29784,34.43727],[-119.2979,34.43727],[-119.29801,34.43726],[-119.29816,34.43724],[-119.29822,34.43723],[-119.29828,34.43719],[-119.29833,34.43711],[-119.29837,34.43709],[-119.29843,34.43708],[-119.29852,34.43705],[-119.2986,34.43705],[-119.29868,34.43709],[-119.2988,34.43713],[-119.29885,34.43712],[-119.29893,34.43709],[-119.29897,34.43708],[-119.299,34.4371],[-119.29905,34.43714],[-119.29909,34.43718],[-119.29911,34.43719]]}},{"type":"Feature","properties":{"name":"Lower River Loop Trails","c":"path"},"geometry":{"type":"LineString","coordinates":[[-119.2972,34.43389],[-119.29722,34.43395],[-119.29725,34.4341],[-119.29728,34.43415],[-119.29735,34.43424],[-119.29738,34.43431],[-119.29744,34.43444],[-119.29745,34.43457],[-119.29751,34.43472],[-119.29752,34.43477],[-119.29749,34.43483],[-119.2974,34.43489],[-119.29731,34.43497],[-119.2973,34.43505],[-119.29732,34.43517],[-119.29731,34.43529],[-119.29731,34.43533],[-119.29736,34.43545],[-119.29742,34.43549],[-119.2975,34.43557],[-119.29757,34.43567],[-119.29765,34.43575],[-119.29773,34.4358],[-119.29777,34.43585],[-119.29778,34.43594],[-119.29781,34.43601],[-119.29791,34.43611],[-119.29795,34.43612],[-119.29799,34.43617],[-119.29806,34.4362],[-119.29808,34.43625],[-119.29811,34.43629],[-119.29811,34.43632],[-119.29818,34.43638],[-119.2982,34.43641],[-119.2982,34.43646],[-119.29813,34.43655],[-119.29806,34.43664],[-119.298,34.43669],[-119.29796,34.43679],[-119.29795,34.43686],[-119.2979,34.43698],[-119.29786,34.43709],[-119.29785,34.43713],[-119.29784,34.4372],[-119.2978,34.43724],[-119.29778,34.43725]]}},{"type":"Feature","properties":{"name":"Lower River Loop Trails","c":"path"},"geometry":{"type":"LineString","coordinates":[[-119.29764,34.43045],[-119.29763,34.43056],[-119.2977,34.43076],[-119.29774,34.43096],[-119.29786,34.43132],[-119.29789,34.43139],[-119.29801,34.43149],[-119.29801,34.43156],[-119.29807,34.43167],[-119.2983,34.43181],[-119.29862,34.43197],[-119.29875,34.43205],[-119.2987,34.4321],[-119.29867,34.43216],[-119.29871,34.4322],[-119.29883,34.43223],[-119.29892,34.43227],[-119.29894,34.43235],[-119.29891,34.43245],[-119.29891,34.43254],[-119.299,34.43261],[-119.29905,34.43267],[-119.29907,34.43275],[-119.29904,34.43279],[-119.29902,34.43291],[-119.29905,34.43298],[-119.2991,34.43311],[-119.29905,34.43321],[-119.29905,34.43325],[-119.29907,34.43332],[-119.29907,34.43348],[-119.29908,34.43359],[-119.29906,34.43367],[-119.29902,34.43373],[-119.29905,34.43384],[-119.29908,34.4339],[-119.29904,34.434],[-119.29903,34.43411],[-119.29899,34.43414],[-119.29897,34.43423],[-119.29894,34.43428],[-119.29894,34.43435],[-119.29893,34.43441],[-119.29905,34.43452],[-119.29925,34.43471],[-119.29931,34.43483],[-119.29933,34.43495],[-119.29929,34.43504],[-119.29932,34.43533],[-119.29935,34.43547],[-119.29926,34.43557],[-119.29927,34.43565],[-119.29934,34.43574],[-119.29937,34.43588],[-119.2994,34.43596],[-119.29937,34.43605],[-119.2994,34.43618],[-119.29937,34.43627],[-119.29938,34.43632],[-119.29931,34.43653],[-119.29925,34.43671],[-119.29925,34.43682],[-119.29924,34.43694],[-119.29918,34.43705],[-119.29914,34.43708],[-119.29911,34.43717],[-119.29911,34.43719],[-119.29911,34.4373],[-119.29903,34.43745],[-119.29904,34.43751],[-119.29901,34.43756],[-119.29893,34.43764],[-119.29889,34.43771],[-119.29885,34.43777],[-119.29887,34.43787],[-119.29884,34.43792],[-119.2988,34.43795],[-119.29875,34.43804],[-119.29861,34.43811],[-119.29858,34.43818],[-119.2985,34.43826],[-119.29848,34.43834],[-119.2985,34.43845],[-119.29848,34.4385],[-119.29846,34.43853],[-119.29845,34.4386],[-119.29846,34.43866],[-119.29831,34.4388],[-119.2983,34.43884],[-119.29834,34.43893],[-119.29832,34.43897],[-119.29833,34.43903],[-119.29832,34.4391],[-119.29809,34.43916],[-119.29797,34.43922],[-119.29783,34.43923]]}},{"type":"Feature","properties":{"name":"","c":"track"},"geometry":{"type":"LineString","coordinates":[[-119.30475,34.43517],[-119.30441,34.4352],[-119.30418,34.43522],[-119.3036,34.43525]]}},{"type":"Feature","properties":{"name":"","c":"track"},"geometry":{"type":"LineString","coordinates":[[-119.30716,34.43095],[-119.30672,34.43087],[-119.3066,34.43083],[-119.30548,34.43059],[-119.30538,34.43055],[-119.30534,34.43053],[-119.30531,34.43054],[-119.3053,34.43056],[-119.30529,34.43061],[-119.3054,34.43157],[-119.3054,34.43164],[-119.30539,34.4317],[-119.30527,34.43201],[-119.3047,34.43254],[-119.30465,34.43256],[-119.30454,34.43261],[-119.3044,34.43267],[-119.30428,34.43273],[-119.30419,34.43279],[-119.30411,34.43286],[-119.30403,34.43293],[-119.30396,34.43299],[-119.3038,34.43311],[-119.30373,34.43316],[-119.30369,34.43321],[-119.30365,34.43326],[-119.30363,34.43333],[-119.3036,34.43344],[-119.30351,34.43366],[-119.30346,34.43381],[-119.30343,34.43393],[-119.30343,34.43405],[-119.30345,34.43415],[-119.3035,34.43427],[-119.30363,34.43456],[-119.30364,34.43463],[-119.30364,34.43477],[-119.30362,34.43507],[-119.3036,34.43525],[-119.30357,34.43546],[-119.30355,34.43556],[-119.30353,34.43571],[-119.30351,34.43575],[-119.30347,34.4358],[-119.30335,34.43591],[-119.30331,34.43597],[-119.30326,34.43609],[-119.30324,34.43615],[-119.30322,34.43619],[-119.3032,34.4364],[-119.30318,34.4365],[-119.30316,34.43653],[-119.30312,34.43657],[-119.30307,34.43664],[-119.30295,34.43673],[-119.30277,34.43683],[-119.30264,34.43693],[-119.30258,34.43698],[-119.30222,34.4373],[-119.30204,34.43746],[-119.30201,34.43751],[-119.30197,34.43758],[-119.30195,34.43762],[-119.30194,34.43768],[-119.30194,34.4378],[-119.30196,34.43807],[-119.30197,34.43821],[-119.30196,34.43836],[-119.30195,34.43845],[-119.3019,34.43873],[-119.30186,34.43882],[-119.3018,34.43899],[-119.30168,34.43927],[-119.30158,34.43952],[-119.30151,34.43963],[-119.30124,34.43998],[-119.3012,34.44003],[-119.30116,34.44013],[-119.30115,34.4402],[-119.30115,34.44029],[-119.30116,34.44044],[-119.30118,34.44055],[-119.3012,34.44069],[-119.3012,34.44075],[-119.30118,34.44081],[-119.30116,34.44085],[-119.30113,34.44089],[-119.30109,34.44094],[-119.30102,34.44101],[-119.30092,34.44107],[-119.30087,34.44111],[-119.30082,34.44115],[-119.30079,34.44118],[-119.30073,34.44123],[-119.30068,34.44129],[-119.30064,34.44135],[-119.30063,34.44138],[-119.30061,34.44147],[-119.30061,34.44153],[-119.30062,34.44156],[-119.3007,34.44163],[-119.30086,34.44156],[-119.30098,34.44148],[-119.30107,34.44145],[-119.30119,34.44141],[-119.30134,34.44134],[-119.30225,34.44109],[-119.30239,34.44107],[-119.30252,34.44107],[-119.30264,34.44109],[-119.30276,34.44113],[-119.30291,34.4412],[-119.30337,34.44148],[-119.30349,34.44153],[-119.3036,34.44155],[-119.30367,34.44155],[-119.30379,34.44153],[-119.30444,34.44133],[-119.30474,34.44124],[-119.30545,34.44105],[-119.30633,34.4408],[-119.30642,34.44077],[-119.30649,34.44072]]}},{"type":"Feature","properties":{"name":"","c":"path"},"geometry":{"type":"LineString","coordinates":[[-119.30219,34.44077],[-119.30211,34.44073],[-119.30206,34.44071],[-119.30202,34.44068],[-119.30196,34.44066],[-119.30191,34.44066],[-119.30185,34.44066],[-119.30182,34.44066],[-119.3018,34.44065]]}},{"type":"Feature","properties":{"name":"Allan Jacobs Trail","c":"path"},"geometry":{"type":"LineString","coordinates":[[-119.3041,34.45075],[-119.30405,34.45067],[-119.30401,34.45059],[-119.30396,34.45053],[-119.30379,34.45044],[-119.30373,34.45027],[-119.30371,34.45018],[-119.30376,34.45012],[-119.30381,34.45004],[-119.30383,34.44998],[-119.3038,34.44983],[-119.30373,34.4497],[-119.30361,34.4495],[-119.30355,34.44941],[-119.30347,34.44935],[-119.30335,34.44927],[-119.30326,34.44922],[-119.3032,34.44919],[-119.30319,34.44918],[-119.3032,34.44916],[-119.30324,34.44916],[-119.3033,34.44915],[-119.30333,34.44914],[-119.30335,34.44913],[-119.30337,34.44911],[-119.30338,34.44908],[-119.30337,34.44905],[-119.30335,34.44902],[-119.30333,34.44899],[-119.30332,34.44897],[-119.30329,34.44895],[-119.30325,34.44892],[-119.30322,34.44889],[-119.30319,34.44886],[-119.30317,34.44883],[-119.30316,34.44881],[-119.30317,34.44877],[-119.30317,34.44874],[-119.30319,34.44871],[-119.3032,34.44869],[-119.30321,34.44867],[-119.30321,34.44864],[-119.30321,34.44862],[-119.30321,34.44859],[-119.3032,34.44856],[-119.30317,34.44852],[-119.30311,34.44844],[-119.30306,34.44835],[-119.303,34.44826],[-119.30298,34.44817],[-119.30295,34.4481],[-119.30292,34.44806],[-119.30291,34.44804],[-119.30291,34.44799],[-119.30292,34.44795],[-119.30294,34.44792],[-119.30297,34.44789],[-119.303,34.44788],[-119.30303,34.44788],[-119.30307,34.44789],[-119.30312,34.44791],[-119.30316,34.44793],[-119.30322,34.44794],[-119.30328,34.44796],[-119.30332,34.44797],[-119.30335,34.44797],[-119.30338,34.44798],[-119.30342,34.44799],[-119.30344,34.448],[-119.30347,34.44802],[-119.3035,34.44803],[-119.30353,34.44804],[-119.30358,34.44804],[-119.30363,34.44804],[-119.30366,34.44803],[-119.30369,34.44802],[-119.30372,34.44802],[-119.30375,34.44802],[-119.30377,34.44802],[-119.30379,34.44803],[-119.30382,34.44803],[-119.30384,34.44803],[-119.30386,34.44803],[-119.30389,34.44803],[-119.30391,34.44803],[-119.30393,34.44803],[-119.30395,34.44804],[-119.30398,34.44805],[-119.304,34.44807],[-119.30402,34.44809],[-119.30404,34.4481],[-119.30406,34.4481],[-119.30408,34.44809],[-119.30408,34.44807],[-119.30408,34.44805],[-119.30408,34.44801],[-119.30407,34.44798],[-119.30406,34.44795],[-119.30403,34.44792],[-119.304,34.44791],[-119.30393,34.44791],[-119.30389,34.44791],[-119.30387,34.4479],[-119.30384,34.44791],[-119.30381,34.44791],[-119.30378,34.44791],[-119.30377,34.44789],[-119.30376,34.44788],[-119.30377,34.44786],[-119.30378,34.44785],[-119.30383,34.44783],[-119.30387,34.44782],[-119.30391,34.44781],[-119.30397,34.44779],[-119.30399,34.44779],[-119.30402,34.44778],[-119.30405,34.44777],[-119.3041,34.44777],[-119.30415,34.44777],[-119.30421,34.44779],[-119.30427,34.44782],[-119.30431,34.44785],[-119.30437,34.44788],[-119.30441,34.44791],[-119.30445,34.44795],[-119.30448,34.44803],[-119.3045,34.44812],[-119.30453,34.44816],[-119.30457,34.44819],[-119.3046,34.4482],[-119.30462,34.44822],[-119.30464,34.44824],[-119.30466,34.44825],[-119.3047,34.44827],[-119.30473,34.44829],[-119.30477,34.44831],[-119.30482,34.44838],[-119.30485,34.44839],[-119.30488,34.44839],[-119.30489,34.44838],[-119.30492,34.44836],[-119.30494,34.44836],[-119.30502,34.4484],[-119.30504,34.44841],[-119.30507,34.44848],[-119.30512,34.44855],[-119.30529,34.44869],[-119.30539,34.44875],[-119.30543,34.44878],[-119.30549,34.44885],[-119.30551,34.44888],[-119.30553,34.44889],[-119.30558,34.44891],[-119.30561,34.44892],[-119.30565,34.44894],[-119.30568,34.44894],[-119.30572,34.44894],[-119.30576,34.44895],[-119.30579,34.44895],[-119.30585,34.44897],[-119.3059,34.44898],[-119.30595,34.44899],[-119.30598,34.44899],[-119.30604,34.449],[-119.30606,34.449],[-119.30608,34.449],[-119.3061,34.44898],[-119.30611,34.44897],[-119.3061,34.44895],[-119.30609,34.44894],[-119.30605,34.44892],[-119.30599,34.4489],[-119.30594,34.44888],[-119.30589,34.44885],[-119.30585,34.44883],[-119.30582,34.4488],[-119.30578,34.44875],[-119.30574,34.4487],[-119.3057,34.44868],[-119.30568,34.44866],[-119.30564,34.44865],[-119.30562,34.44863],[-119.30561,34.44861],[-119.30561,34.4486],[-119.30562,34.44858],[-119.30565,34.44858],[-119.30568,34.44859],[-119.30573,34.44862],[-119.30577,34.44864],[-119.30581,34.44865],[-119.30585,34.44868],[-119.30586,34.44869],[-119.3059,34.4487],[-119.30592,34.4487],[-119.30594,34.4487],[-119.30598,34.44871],[-119.30603,34.44872],[-119.30605,34.44872],[-119.30608,34.44872],[-119.30611,34.44873],[-119.30613,34.44874],[-119.30615,34.44874],[-119.30616,34.44874],[-119.30618,34.44874],[-119.3062,34.44873],[-119.3062,34.44872],[-119.3062,34.4487],[-119.30618,34.44869],[-119.30614,34.44868],[-119.30608,34.44866],[-119.30599,34.44862],[-119.30591,34.44859],[-119.30588,34.44857],[-119.30582,34.44853],[-119.30576,34.44848],[-119.30575,34.44846],[-119.3057,34.44843],[-119.30566,34.4484],[-119.30562,34.44837],[-119.30559,34.44833],[-119.30559,34.44829],[-119.30557,34.44825],[-119.30556,34.4482],[-119.30556,34.44816],[-119.30557,34.4481],[-119.30557,34.44807],[-119.30557,34.44804],[-119.30558,34.44801],[-119.30559,34.44799],[-119.3056,34.44797],[-119.30561,34.44794],[-119.30561,34.44792],[-119.3056,34.4479],[-119.30558,34.44789],[-119.30555,34.44785],[-119.30549,34.44778],[-119.30548,34.44774],[-119.30548,34.44773],[-119.30548,34.44772],[-119.30549,34.44771],[-119.30551,34.4477],[-119.30552,34.4477],[-119.30554,34.4477],[-119.30556,34.4477],[-119.30558,34.44771],[-119.3056,34.44773],[-119.30565,34.44777],[-119.30573,34.44784],[-119.30579,34.44787],[-119.3059,34.44793],[-119.30597,34.44796],[-119.30604,34.44798],[-119.3061,34.44798],[-119.30615,34.44797],[-119.30619,34.44794],[-119.3062,34.44792],[-119.30623,34.44789],[-119.30626,34.44787],[-119.30628,34.44783],[-119.30631,34.44778],[-119.30632,34.44774],[-119.30633,34.4477],[-119.30633,34.44765],[-119.30634,34.44759],[-119.30634,34.44755],[-119.30633,34.44749],[-119.30633,34.44746],[-119.30634,34.44742],[-119.30636,34.44738],[-119.30637,34.44735],[-119.30638,34.44731],[-119.3064,34.44727],[-119.30641,34.44726],[-119.30642,34.44724],[-119.30643,34.44724],[-119.30645,34.44724],[-119.30648,34.44724],[-119.3065,34.44725],[-119.30651,34.44727],[-119.30653,34.44729],[-119.30655,34.44731],[-119.30657,34.44732],[-119.3066,34.44734],[-119.30663,34.44735],[-119.30665,34.44736],[-119.30668,34.44738],[-119.3067,34.4474],[-119.30672,34.44743],[-119.30674,34.44749],[-119.30674,34.44752],[-119.30676,34.44757],[-119.30676,34.4476],[-119.30677,34.44763],[-119.30678,34.44765],[-119.30682,34.44767],[-119.30685,34.44769],[-119.30688,34.44771],[-119.30691,34.44773],[-119.30694,34.44776],[-119.30695,34.44776],[-119.30698,34.44777],[-119.307,34.44777],[-119.30702,34.44777],[-119.30705,34.44778],[-119.30709,34.44779],[-119.30711,34.44779],[-119.30714,34.4478],[-119.30716,34.4478],[-119.30718,34.4478],[-119.3072,34.4478],[-119.30721,34.4478],[-119.30723,34.44779],[-119.30724,34.44777],[-119.30725,34.44775],[-119.30725,34.44774],[-119.30725,34.44772],[-119.30725,34.44771],[-119.30726,34.44769],[-119.30728,34.44768],[-119.30732,34.44766],[-119.30735,34.44765],[-119.30738,34.44764],[-119.3074,34.44763],[-119.30742,34.44761],[-119.30744,34.44758],[-119.30746,34.44756],[-119.30748,34.44753],[-119.30749,34.44751],[-119.30749,34.44748],[-119.30749,34.44744],[-119.30749,34.4474],[-119.30749,34.44737],[-119.30749,34.44735],[-119.3075,34.44732],[-119.30752,34.4473],[-119.30754,34.44726],[-119.30756,34.44723],[-119.30758,34.44721],[-119.3076,34.44717],[-119.30762,34.44714],[-119.30764,34.44712],[-119.30766,34.44708],[-119.30768,34.44705],[-119.30769,34.44701],[-119.3077,34.44697],[-119.30771,34.44694],[-119.30772,34.4469],[-119.30773,34.44687],[-119.30775,34.44686],[-119.30777,34.44686],[-119.30779,34.44687],[-119.30781,34.44689],[-119.30782,34.44692],[-119.30784,34.44694],[-119.30788,34.44697],[-119.30792,34.447],[-119.30794,34.44702],[-119.30795,34.44704],[-119.30797,34.44709],[-119.30799,34.44711],[-119.308,34.44711],[-119.30801,34.44712],[-119.30802,34.44711],[-119.30803,34.44711],[-119.30804,34.4471],[-119.30804,34.44709],[-119.30805,34.44706],[-119.30806,34.44703],[-119.30806,34.44701],[-119.30806,34.44695],[-119.30806,34.4469],[-119.30808,34.44671],[-119.30808,34.44664],[-119.30808,34.44662],[-119.30808,34.4466],[-119.30806,34.44658],[-119.30805,34.44656],[-119.30801,34.44653],[-119.30795,34.44651],[-119.30791,34.44648],[-119.30778,34.4464],[-119.30766,34.44632],[-119.30764,34.44631],[-119.30762,34.44629],[-119.30762,34.44628],[-119.30762,34.44626],[-119.30764,34.44625],[-119.30766,34.44625],[-119.30769,34.44624],[-119.30771,34.44622],[-119.30775,34.44619],[-119.30778,34.44617],[-119.30783,34.44614],[-119.30787,34.44612],[-119.30792,34.44609],[-119.30793,34.44608],[-119.30796,34.44607],[-119.308,34.44605],[-119.30805,34.44601],[-119.30808,34.44597],[-119.30812,34.44594],[-119.30816,34.44591],[-119.30819,34.44591],[-119.30822,34.44591],[-119.30824,34.44592],[-119.30824,34.44593],[-119.30823,34.44596],[-119.30822,34.44598],[-119.30819,34.44601],[-119.30816,34.44604],[-119.30814,34.44605],[-119.30814,34.44606],[-119.30815,34.44607],[-119.30817,34.44607],[-119.30821,34.44606],[-119.30826,34.44603],[-119.30835,34.44597],[-119.3084,34.44593],[-119.30844,34.44591],[-119.30846,34.44591],[-119.30848,34.44592],[-119.30849,34.44594],[-119.30848,34.44596],[-119.30847,34.44597],[-119.30843,34.44601],[-119.30837,34.44605],[-119.30833,34.44608],[-119.3083,34.44609],[-119.30828,34.44609],[-119.30825,34.4461],[-119.30825,34.44611],[-119.30825,34.44612],[-119.30825,34.44613],[-119.30827,34.44613],[-119.30829,34.44613],[-119.30833,34.44613],[-119.30838,34.44612],[-119.30843,34.4461],[-119.30847,34.44608],[-119.3085,34.44607],[-119.30853,34.44604],[-119.30854,34.44602],[-119.30856,34.44599],[-119.30857,34.44597],[-119.30858,34.44594],[-119.30858,34.44592],[-119.30859,34.44591],[-119.3086,34.4459],[-119.30861,34.4459],[-119.30863,34.4459],[-119.30864,34.4459],[-119.30864,34.44592],[-119.30865,34.44594],[-119.30864,34.44597],[-119.30862,34.44601],[-119.30859,34.44606],[-119.30857,34.4461],[-119.30854,34.44612],[-119.30852,34.44614],[-119.30849,34.44616],[-119.30847,34.44617],[-119.30846,34.44618],[-119.30846,34.44619],[-119.30846,34.4462],[-119.30847,34.44621],[-119.30848,34.44621],[-119.3085,34.44622],[-119.30852,34.44621],[-119.30853,34.44621],[-119.30856,34.44619],[-119.30859,34.44617],[-119.30866,34.44612],[-119.30872,34.44609],[-119.30874,34.44607],[-119.30876,34.44605],[-119.30878,34.44603],[-119.30879,34.446],[-119.30881,34.44597],[-119.30883,34.44595],[-119.30884,34.44594],[-119.30885,34.44594],[-119.30888,34.44593],[-119.30891,34.44592],[-119.30893,34.44592],[-119.30896,34.44592],[-119.309,34.44592],[-119.30902,34.44592],[-119.30905,34.44593],[-119.30908,34.44593],[-119.30911,34.44594],[-119.30914,34.44594],[-119.30917,34.44594],[-119.30919,34.44593],[-119.30921,34.44591],[-119.30923,34.4459],[-119.30924,34.44588],[-119.30924,34.44587],[-119.30924,34.44586],[-119.30924,34.44584],[-119.30923,34.44583],[-119.30922,34.44583],[-119.3092,34.44582],[-119.30918,34.44583],[-119.30915,34.44583],[-119.30912,34.44583],[-119.3091,34.44584],[-119.30909,34.44583],[-119.30907,34.44583],[-119.30905,34.44582],[-119.30899,34.44575],[-119.30899,34.44574],[-119.309,34.44573],[-119.30907,34.44565],[-119.30909,34.44563],[-119.30911,34.4456],[-119.3091,34.44558],[-119.30909,34.44557],[-119.30908,34.44555],[-119.30907,34.44554],[-119.30903,34.44548],[-119.309,34.44541],[-119.30896,34.44535],[-119.3089,34.44528],[-119.30887,34.44522],[-119.3088,34.44514],[-119.30875,34.44508],[-119.3087,34.44503],[-119.30866,34.44499],[-119.30862,34.44494],[-119.30859,34.44491],[-119.30856,34.44488],[-119.30854,34.44485],[-119.30851,34.44482],[-119.30848,34.44478],[-119.30845,34.44475],[-119.30842,34.4447],[-119.30839,34.44468],[-119.30837,34.44464],[-119.30833,34.44461],[-119.3083,34.44457],[-119.30828,34.44455],[-119.30827,34.44453],[-119.30826,34.44451],[-119.30825,34.44448],[-119.30824,34.44445],[-119.30823,34.44442],[-119.30823,34.4444],[-119.30823,34.44438],[-119.30823,34.44436],[-119.30824,34.44434],[-119.30824,34.44433],[-119.30825,34.44431],[-119.30826,34.44429],[-119.30827,34.44428],[-119.30828,34.44427],[-119.30829,34.44425],[-119.3083,34.44423],[-119.30831,34.4442],[-119.30832,34.44417],[-119.30832,34.44414],[-119.30832,34.44411],[-119.30831,34.44407],[-119.3083,34.44404],[-119.30829,34.44401],[-119.30827,34.44399],[-119.30827,34.44396],[-119.30826,34.44394]]}},{"type":"Feature","properties":{"name":"Fern Grotto Trail","c":"path"},"geometry":{"type":"LineString","coordinates":[[-119.30636,34.45133],[-119.30634,34.45148],[-119.30634,34.45164],[-119.30635,34.45178],[-119.30635,34.45191],[-119.30642,34.45195],[-119.30657,34.45194],[-119.30672,34.45196],[-119.30698,34.452],[-119.30722,34.45197],[-119.30736,34.45199],[-119.30744,34.45207],[-119.30749,34.45219],[-119.30757,34.45222],[-119.30769,34.4522],[-119.30784,34.4521],[-119.30794,34.45206],[-119.30802,34.45204],[-119.30815,34.45206],[-119.30825,34.45212],[-119.3084,34.45216],[-119.30848,34.45213],[-119.30861,34.45205],[-119.30871,34.45199],[-119.30886,34.45196],[-119.30919,34.45208],[-119.30951,34.45207],[-119.30982,34.45214],[-119.31006,34.45225],[-119.31014,34.45242],[-119.31022,34.45261],[-119.31013,34.45271]]}},{"type":"Feature","properties":{"name":"","c":"path"},"geometry":{"type":"LineString","coordinates":[[-119.3041,34.45075],[-119.30368,34.45063],[-119.30321,34.4506],[-119.30304,34.45057],[-119.30285,34.45041],[-119.30273,34.45035],[-119.30258,34.45025],[-119.30247,34.45014],[-119.30228,34.4499],[-119.30217,34.44979],[-119.30204,34.4497],[-119.3019,34.44965],[-119.3018,34.44964],[-119.30165,34.44967],[-119.30108,34.44969],[-119.30084,34.44965],[-119.30059,34.44959],[-119.30017,34.44949],[-119.29987,34.44943],[-119.29976,34.44937],[-119.29974,34.44932],[-119.29974,34.44921],[-119.2998,34.44907],[-119.29997,34.44883],[-119.30013,34.44855],[-119.30055,34.44782],[-119.30057,34.4477],[-119.30055,34.4476],[-119.30045,34.44746],[-119.30044,34.44737],[-119.30057,34.44722],[-119.3008,34.44697],[-119.30094,34.44673],[-119.30093,34.4464],[-119.30093,34.44634],[-119.301,34.44625],[-119.30098,34.44579],[-119.30067,34.44479],[-119.30063,34.44466],[-119.3005,34.44432],[-119.30044,34.44418],[-119.30037,34.44385]]}},{"type":"Feature","properties":{"name":"Wills Crossover","c":"path"},"geometry":{"type":"LineString","coordinates":[[-119.29686,34.45065],[-119.29677,34.45045],[-119.29675,34.45025],[-119.2967,34.45021],[-119.29668,34.45019],[-119.29644,34.44992],[-119.2962,34.44943],[-119.29614,34.44904],[-119.29623,34.44884],[-119.29682,34.44791],[-119.29693,34.44783],[-119.29698,34.44777],[-119.29698,34.44766],[-119.29705,34.44753],[-119.29704,34.44748],[-119.29697,34.44742],[-119.29674,34.44719],[-119.29654,34.44712],[-119.29649,34.4471],[-119.29642,34.44706],[-119.29611,34.44704],[-119.29557,34.44687],[-119.29535,34.4468],[-119.29512,34.44676],[-119.29478,34.44667],[-119.29448,34.44659],[-119.2944,34.4466],[-119.29428,34.44653],[-119.2941,34.44651],[-119.29399,34.44648],[-119.29379,34.44641],[-119.29368,34.44645],[-119.29359,34.44647],[-119.29354,34.44644],[-119.29357,34.44637],[-119.29353,34.44633],[-119.29325,34.44625],[-119.2927,34.4461],[-119.29232,34.44603],[-119.29224,34.446],[-119.2922,34.44599],[-119.29194,34.4459]]}},{"type":"Feature","properties":{"name":"","c":"path"},"geometry":{"type":"LineString","coordinates":[[-119.29876,34.45189],[-119.29881,34.45193],[-119.29885,34.45197],[-119.29885,34.45199]]}},{"type":"Feature","properties":{"name":"","c":"path"},"geometry":{"type":"LineString","coordinates":[[-119.29819,34.45099],[-119.29823,34.45097],[-119.29828,34.45094],[-119.29834,34.45092],[-119.29841,34.4509],[-119.29859,34.45088],[-119.29865,34.45087],[-119.29873,34.45087],[-119.29881,34.45086],[-119.29888,34.45087]]}},{"type":"Feature","properties":{"name":"","c":"path"},"geometry":{"type":"LineString","coordinates":[[-119.29682,34.45066],[-119.29697,34.45069],[-119.297,34.45071],[-119.29704,34.45072],[-119.29711,34.45073],[-119.29717,34.45076],[-119.29727,34.45084],[-119.29741,34.45093],[-119.2976,34.45106],[-119.29765,34.45109],[-119.2977,34.4511],[-119.29773,34.45113],[-119.29779,34.45118],[-119.29792,34.45126],[-119.29803,34.4513],[-119.29809,34.45132],[-119.29814,34.45138],[-119.29825,34.45146],[-119.29837,34.45154],[-119.29844,34.45159],[-119.29849,34.45165],[-119.29858,34.45174],[-119.29864,34.45181],[-119.29876,34.45189],[-119.29886,34.4519],[-119.29895,34.45188]]}},{"type":"Feature","properties":{"name":"","c":"path"},"geometry":{"type":"LineString","coordinates":[[-119.29759,34.45087],[-119.2976,34.45091],[-119.29761,34.45094],[-119.2976,34.45097],[-119.29759,34.45101],[-119.2976,34.45106]]}},{"type":"Feature","properties":{"name":"","c":"path"},"geometry":{"type":"LineString","coordinates":[[-119.29835,34.45226],[-119.29825,34.45226],[-119.2982,34.45228],[-119.29817,34.45234],[-119.29815,34.45245],[-119.29813,34.45257],[-119.29806,34.45267],[-119.29801,34.45278],[-119.29791,34.4529],[-119.29785,34.45298],[-119.29776,34.45301],[-119.29762,34.45303],[-119.29755,34.45303],[-119.29745,34.45302],[-119.29737,34.45301],[-119.29733,34.45303],[-119.29733,34.45309],[-119.29735,34.45321],[-119.29738,34.45326],[-119.29738,34.45332],[-119.29736,34.45337],[-119.29739,34.45343],[-119.29738,34.45347],[-119.29737,34.45353],[-119.29745,34.45372],[-119.29744,34.4538],[-119.29746,34.45387],[-119.29752,34.45402],[-119.29752,34.45405],[-119.2975,34.4541],[-119.29747,34.45415],[-119.29748,34.45426],[-119.29756,34.45437],[-119.29757,34.45443],[-119.29756,34.45452],[-119.29756,34.45461]]}},{"type":"Feature","properties":{"name":"Orange Grove Trail","c":"track"},"geometry":{"type":"LineString","coordinates":[[-119.29558,34.44977],[-119.29548,34.44989],[-119.29544,34.44998],[-119.29534,34.45028],[-119.29532,34.45036],[-119.29521,34.45086],[-119.29515,34.45116],[-119.29511,34.45124],[-119.29509,34.4513],[-119.29503,34.45146],[-119.29487,34.45172],[-119.29485,34.45177],[-119.29481,34.45188],[-119.29479,34.45204],[-119.2948,34.4521],[-119.2948,34.45224],[-119.29489,34.45261],[-119.2949,34.45273],[-119.29488,34.45284],[-119.29484,34.45294],[-119.29478,34.45302],[-119.29475,34.45305],[-119.29471,34.45309],[-119.29467,34.45313],[-119.29459,34.45318],[-119.29453,34.45321],[-119.29445,34.45328],[-119.29436,34.45337],[-119.29434,34.4534],[-119.29423,34.45353],[-119.29415,34.45362],[-119.29404,34.45373],[-119.29397,34.45379],[-119.2939,34.45386],[-119.29385,34.45395],[-119.29381,34.45403],[-119.29374,34.45415],[-119.2937,34.45423],[-119.29367,34.4543],[-119.29365,34.45437],[-119.29363,34.45443],[-119.29361,34.45448],[-119.29356,34.45451],[-119.29352,34.45456],[-119.29332,34.45468],[-119.29325,34.45474],[-119.29321,34.4548],[-119.29318,34.45487],[-119.29317,34.45502],[-119.29318,34.45511],[-119.29325,34.45528],[-119.29334,34.4556],[-119.29339,34.45595],[-119.29334,34.45638],[-119.29336,34.45674],[-119.29334,34.45707],[-119.29341,34.45718],[-119.29348,34.4573],[-119.29346,34.45747],[-119.29343,34.45752],[-119.29333,34.45759],[-119.29328,34.45764],[-119.29303,34.45816],[-119.29286,34.45838],[-119.29273,34.45861],[-119.29255,34.4588],[-119.29245,34.45894],[-119.29243,34.45899],[-119.29236,34.4592],[-119.29234,34.45927],[-119.29236,34.45963],[-119.29228,34.46002],[-119.29229,34.46015],[-119.29232,34.46021],[-119.29234,34.46027],[-119.29239,34.46038],[-119.29243,34.46043],[-119.29246,34.46045],[-119.29254,34.46049]]}},{"type":"Feature","properties":{"name":"Friends Trail","c":"path"},"geometry":{"type":"LineString","coordinates":[[-119.30759,34.45608],[-119.30732,34.45612],[-119.30702,34.45616],[-119.30688,34.4563],[-119.30652,34.45641],[-119.30636,34.4565],[-119.30618,34.45656],[-119.30593,34.45662],[-119.30583,34.45671],[-119.30571,34.45674],[-119.3056,34.45679],[-119.30533,34.45682],[-119.30493,34.45672],[-119.30474,34.45675],[-119.30458,34.45681],[-119.30409,34.45679],[-119.30392,34.45669],[-119.30382,34.45668],[-119.3037,34.45665],[-119.30357,34.45667],[-119.30342,34.45666],[-119.30331,34.45661],[-119.30319,34.45662],[-119.30313,34.45659],[-119.30308,34.4566],[-119.30294,34.4566],[-119.30278,34.4567],[-119.30254,34.45672],[-119.30214,34.45672],[-119.30187,34.45685],[-119.30172,34.45688],[-119.30156,34.45685],[-119.3015,34.45687],[-119.30143,34.45687],[-119.30127,34.4569],[-119.30111,34.45696],[-119.30092,34.45695],[-119.30074,34.45696],[-119.30059,34.45704],[-119.30042,34.45703],[-119.30027,34.45704],[-119.30007,34.45702],[-119.29997,34.45707],[-119.29982,34.45709],[-119.29965,34.45709],[-119.2995,34.45705],[-119.29927,34.45702],[-119.29912,34.45698],[-119.29889,34.45696],[-119.29859,34.45699],[-119.29851,34.45698],[-119.29841,34.45692],[-119.2983,34.45692],[-119.29825,34.45687],[-119.29817,34.45673],[-119.2981,34.45657],[-119.29804,34.45648],[-119.29802,34.4564],[-119.29804,34.4563],[-119.29796,34.45605],[-119.29794,34.45595],[-119.29791,34.45591],[-119.29787,34.45573],[-119.29778,34.45562],[-119.29774,34.4555],[-119.29774,34.45529],[-119.29768,34.45517],[-119.29765,34.45508],[-119.29761,34.455],[-119.29764,34.45484],[-119.29756,34.45461],[-119.29765,34.45442],[-119.29768,34.45429],[-119.29775,34.45416],[-119.29775,34.45394],[-119.2976,34.45364],[-119.29753,34.4535],[-119.29757,34.45335],[-119.29755,34.45325],[-119.2976,34.4532],[-119.29775,34.45317],[-119.29784,34.45319],[-119.29793,34.45327],[-119.29801,34.45338],[-119.29801,34.45348],[-119.29801,34.45352],[-119.29799,34.45355],[-119.29796,34.45359],[-119.29798,34.45359],[-119.298,34.45358],[-119.29804,34.45355],[-119.29807,34.45351],[-119.29813,34.45342],[-119.29815,34.45331],[-119.29819,34.45319],[-119.29821,34.45309],[-119.29819,34.45293],[-119.2983,34.45278],[-119.29842,34.45258],[-119.29844,34.45249],[-119.29835,34.45239],[-119.29833,34.45232],[-119.29835,34.45226],[-119.29872,34.45213],[-119.29883,34.45202],[-119.29885,34.45199],[-119.29895,34.45188],[-119.29897,34.45186],[-119.299,34.45179],[-119.299,34.45172],[-119.29899,34.4516],[-119.299,34.45148],[-119.29898,34.4514],[-119.29895,34.45131],[-119.29896,34.45129],[-119.29897,34.45122],[-119.29895,34.45116],[-119.29897,34.4511],[-119.29898,34.45106],[-119.29898,34.45101],[-119.29892,34.45092],[-119.29888,34.45087],[-119.29887,34.45085],[-119.29879,34.45076],[-119.29873,34.45071],[-119.29852,34.4506],[-119.29831,34.45062],[-119.29803,34.45063],[-119.29787,34.45062],[-119.29778,34.45058],[-119.29767,34.45054],[-119.29755,34.4505],[-119.29724,34.45037],[-119.29675,34.45025]]}},{"type":"Feature","properties":{"name":"","c":"path"},"geometry":{"type":"LineString","coordinates":[[-119.30231,34.46606],[-119.30225,34.46611],[-119.30215,34.46617],[-119.30207,34.46623],[-119.30202,34.46626],[-119.30195,34.46627],[-119.30192,34.4663],[-119.30182,34.46636],[-119.30181,34.46638],[-119.30179,34.46642],[-119.30159,34.46654],[-119.30156,34.46657],[-119.30146,34.46662],[-119.30141,34.46665],[-119.30137,34.46666],[-119.30129,34.46671],[-119.30124,34.46671],[-119.30111,34.46675],[-119.30104,34.46678],[-119.30095,34.46681],[-119.30091,34.46686],[-119.30091,34.4669],[-119.30089,34.46696],[-119.30087,34.46699],[-119.30088,34.46702]]}},{"type":"Feature","properties":{"name":"","c":"track"},"geometry":{"type":"LineString","coordinates":[[-119.30209,34.45823],[-119.30206,34.45829],[-119.30205,34.45836],[-119.3021,34.45858],[-119.30211,34.45862],[-119.30211,34.45868],[-119.30209,34.45874],[-119.30207,34.45877],[-119.30204,34.45879],[-119.30198,34.45879],[-119.30191,34.45878],[-119.30186,34.45875],[-119.3018,34.45868],[-119.30175,34.45866],[-119.30168,34.45865],[-119.30159,34.45866],[-119.30155,34.45868],[-119.30151,34.45871],[-119.30142,34.45882],[-119.30136,34.45886],[-119.30133,34.45888],[-119.30127,34.4589],[-119.30124,34.45891],[-119.30096,34.45894],[-119.30084,34.45896],[-119.30072,34.45901],[-119.30065,34.45904],[-119.30058,34.45909],[-119.30055,34.45913],[-119.30048,34.45921],[-119.30043,34.45925],[-119.3004,34.45926],[-119.30031,34.45928],[-119.30025,34.45929],[-119.3002,34.45931],[-119.29999,34.45946],[-119.29995,34.45948],[-119.29992,34.45951],[-119.29991,34.45954],[-119.29991,34.45957],[-119.29991,34.45961],[-119.29994,34.45966],[-119.30016,34.4599],[-119.30021,34.45997],[-119.30024,34.46003],[-119.30026,34.46008],[-119.30026,34.46014],[-119.30024,34.4602],[-119.30021,34.46024],[-119.30015,34.46026],[-119.30011,34.46026],[-119.30007,34.46026],[-119.30003,34.46024],[-119.29994,34.4602],[-119.29991,34.46019],[-119.29984,34.46019],[-119.29975,34.46021],[-119.29965,34.46026],[-119.29961,34.4603],[-119.29952,34.46041],[-119.29949,34.46045],[-119.29945,34.4605],[-119.29942,34.46052],[-119.29936,34.46054],[-119.29933,34.46054],[-119.29928,34.46053],[-119.29923,34.4605],[-119.2992,34.46045],[-119.29917,34.4604],[-119.29912,34.46038],[-119.29905,34.46038],[-119.29902,34.46039],[-119.29893,34.46045],[-119.29883,34.4605],[-119.29878,34.46053],[-119.2987,34.46054],[-119.29859,34.46054],[-119.29853,34.46052],[-119.29849,34.4605],[-119.29843,34.46045],[-119.29837,34.46042],[-119.29831,34.46042],[-119.29825,34.46045],[-119.29821,34.4605],[-119.29818,34.46056],[-119.29818,34.46061],[-119.29818,34.46067],[-119.29822,34.46071],[-119.29842,34.4609],[-119.29853,34.46106],[-119.29856,34.4611],[-119.29858,34.46116],[-119.2986,34.4612],[-119.2986,34.46128],[-119.29858,34.46135],[-119.29857,34.46144],[-119.29856,34.4615],[-119.29855,34.46158],[-119.29856,34.46163],[-119.29856,34.46167],[-119.29857,34.4617],[-119.29857,34.46173],[-119.29856,34.46175],[-119.29856,34.46176],[-119.29855,34.46178],[-119.29852,34.4618],[-119.29851,34.46181],[-119.29847,34.46181],[-119.29828,34.46179],[-119.29821,34.46178],[-119.29817,34.46175],[-119.29812,34.46172],[-119.29806,34.46169],[-119.29798,34.46163],[-119.29791,34.46159],[-119.29787,34.46157],[-119.29777,34.46154],[-119.29768,34.46154],[-119.29763,34.46156],[-119.29759,34.46158],[-119.29746,34.4617],[-119.29739,34.46173],[-119.29735,34.46175],[-119.29731,34.46176],[-119.29726,34.46177],[-119.29722,34.46176],[-119.2971,34.46172],[-119.29661,34.46149],[-119.29655,34.46144],[-119.29647,34.46136],[-119.29641,34.46129],[-119.29635,34.46124],[-119.2963,34.46121],[-119.29625,34.46119],[-119.29621,34.46119],[-119.29617,34.46119],[-119.29614,34.4612],[-119.29612,34.46122],[-119.29607,34.46129],[-119.29602,34.46136],[-119.29598,34.46155],[-119.29598,34.46164],[-119.29599,34.4618],[-119.29601,34.46187],[-119.29603,34.46202],[-119.29602,34.46209],[-119.296,34.4623],[-119.296,34.46236],[-119.29598,34.46251],[-119.29595,34.4626],[-119.29591,34.46267],[-119.29587,34.46274],[-119.29585,34.46285],[-119.29586,34.46301],[-119.29584,34.46317],[-119.29583,34.4632],[-119.2958,34.46322],[-119.2957,34.46325],[-119.29558,34.46329],[-119.2955,34.46331],[-119.29525,34.46343],[-119.29515,34.46347],[-119.29505,34.46348],[-119.29494,34.46348],[-119.29473,34.46345],[-119.29468,34.46347],[-119.29464,34.4635],[-119.29456,34.46359],[-119.29453,34.46363],[-119.29446,34.46365],[-119.29427,34.46365],[-119.29421,34.46363],[-119.29415,34.46359],[-119.29411,34.46354],[-119.29404,34.46325],[-119.29401,34.4632],[-119.29397,34.46316],[-119.2939,34.46313],[-119.29327,34.46294],[-119.2932,34.46292],[-119.29304,34.4629],[-119.29295,34.46289],[-119.29285,34.46289],[-119.29274,34.46289]]}},{"type":"Feature","properties":{"name":"","c":"footway"},"geometry":{"type":"LineString","coordinates":[[-119.29885,34.45832],[-119.29883,34.45837],[-119.29878,34.4584],[-119.29867,34.45844]]}},{"type":"Feature","properties":{"name":"Rice Canyon Trail","c":"path"},"geometry":{"type":"LineString","coordinates":[[-119.29343,34.45752],[-119.29366,34.45755],[-119.29403,34.45765],[-119.29441,34.45773],[-119.29457,34.45775],[-119.29488,34.45775],[-119.29501,34.45779],[-119.29513,34.45785],[-119.29526,34.45795],[-119.29545,34.45806],[-119.29556,34.45818],[-119.29557,34.45829],[-119.29551,34.45877],[-119.29549,34.45881],[-119.29553,34.4589],[-119.29554,34.45893],[-119.29564,34.45899],[-119.29574,34.45901],[-119.29594,34.45899],[-119.29599,34.45898],[-119.29605,34.45894],[-119.29611,34.45891],[-119.29636,34.45882],[-119.29691,34.45859],[-119.29699,34.45856],[-119.29705,34.45856],[-119.29714,34.45866],[-119.29719,34.45871],[-119.29728,34.45875],[-119.29733,34.45878],[-119.29734,34.45883],[-119.29737,34.45884],[-119.2974,34.45881],[-119.2974,34.45876],[-119.2974,34.45874],[-119.29736,34.45869],[-119.29733,34.45863],[-119.29733,34.45853],[-119.29737,34.45846],[-119.29743,34.45843],[-119.29773,34.45839],[-119.29795,34.45831],[-119.29806,34.4583],[-119.29865,34.45843],[-119.29867,34.45844],[-119.29881,34.45851],[-119.29893,34.45862],[-119.29924,34.4588],[-119.29941,34.45892],[-119.2995,34.45898],[-119.29961,34.45902],[-119.29969,34.45902],[-119.29999,34.45896],[-119.30014,34.45891],[-119.30033,34.45879],[-119.30045,34.45874],[-119.30055,34.45872],[-119.30108,34.45873],[-119.30118,34.45872],[-119.30128,34.45867],[-119.3014,34.45857],[-119.30154,34.45854],[-119.30173,34.45854],[-119.3019,34.4586],[-119.302,34.45875],[-119.30207,34.45877]]}},{"type":"Feature","properties":{"name":"Kennedy Ridge Trail","c":"path"},"geometry":{"type":"LineString","coordinates":[[-119.29611,34.45891],[-119.29611,34.45901],[-119.2961,34.45905],[-119.29606,34.45915],[-119.29606,34.45921],[-119.296,34.45928],[-119.29597,34.45936],[-119.29593,34.4594],[-119.29592,34.45949],[-119.29585,34.45975],[-119.29586,34.4598],[-119.29585,34.45984],[-119.29581,34.45987],[-119.29578,34.45993],[-119.29576,34.46002],[-119.2957,34.46018],[-119.29567,34.46038],[-119.29572,34.46071],[-119.29589,34.46109],[-119.29591,34.46113],[-119.29597,34.46119],[-119.29605,34.46121],[-119.29612,34.46122]]}},{"type":"Feature","properties":{"name":"","c":"path"},"geometry":{"type":"LineString","coordinates":[[-119.29099,34.45887],[-119.29112,34.45888],[-119.29126,34.45892],[-119.29141,34.45901],[-119.29155,34.45906],[-119.29164,34.45909],[-119.29168,34.45912],[-119.29171,34.45916],[-119.29176,34.4592],[-119.29183,34.45926],[-119.29191,34.45929],[-119.29198,34.45927],[-119.29208,34.45921],[-119.29212,34.45915],[-119.29216,34.45904],[-119.29224,34.45892],[-119.29229,34.45882],[-119.29236,34.45875],[-119.29243,34.45871],[-119.2925,34.45868],[-119.29256,34.45862],[-119.29262,34.45859],[-119.29267,34.45852],[-119.29273,34.45848],[-119.29286,34.45838]]}},{"type":"Feature","properties":{"name":"","c":"path"},"geometry":{"type":"LineString","coordinates":[[-119.29032,34.45846],[-119.29031,34.45843],[-119.29029,34.45835],[-119.29031,34.45824],[-119.29039,34.45812],[-119.29047,34.45798],[-119.29068,34.45775]]}},{"type":"Feature","properties":{"name":"","c":"path"},"geometry":{"type":"LineString","coordinates":[[-119.29042,34.45865],[-119.29052,34.45862],[-119.29059,34.45862],[-119.29067,34.45863],[-119.29071,34.45864],[-119.29076,34.45866]]}},{"type":"Feature","properties":{"name":"","c":"track"},"geometry":{"type":"LineString","coordinates":[[-119.27888,34.46364],[-119.27873,34.46367],[-119.27864,34.46374],[-119.27851,34.46379],[-119.27829,34.46385],[-119.27805,34.46389],[-119.27784,34.46395],[-119.27775,34.46399],[-119.27758,34.46411],[-119.27749,34.46418],[-119.27743,34.46423],[-119.27741,34.46426],[-119.27741,34.4643],[-119.27744,34.46437],[-119.27749,34.46449],[-119.27753,34.46457],[-119.27756,34.46467],[-119.27765,34.46485],[-119.27768,34.4649],[-119.27771,34.46491],[-119.27773,34.46492],[-119.27777,34.46493],[-119.27783,34.46491],[-119.27797,34.46486],[-119.27812,34.46479],[-119.27826,34.4647],[-119.27858,34.46454],[-119.27866,34.4645],[-119.27872,34.46447],[-119.27889,34.46436],[-119.27895,34.46431],[-119.27901,34.4643],[-119.27911,34.46431],[-119.27919,34.46431],[-119.27936,34.46428],[-119.27945,34.46427],[-119.27954,34.46428],[-119.27961,34.46429],[-119.27975,34.46431],[-119.2798,34.46432],[-119.28006,34.46432],[-119.28036,34.46432],[-119.28051,34.46431],[-119.2808,34.46426],[-119.28094,34.46423],[-119.28099,34.46423],[-119.28106,34.46421],[-119.28138,34.46412],[-119.28174,34.46405],[-119.28184,34.46402],[-119.28197,34.46395],[-119.282,34.46394],[-119.28206,34.46393],[-119.2822,34.46392],[-119.28231,34.46392],[-119.28235,34.46393],[-119.28237,34.46394],[-119.28238,34.46396],[-119.28241,34.46402],[-119.28248,34.46446],[-119.2825,34.46461],[-119.28249,34.46467],[-119.28246,34.46479],[-119.28236,34.46507],[-119.28222,34.46538],[-119.28214,34.46557],[-119.28206,34.46572],[-119.28204,34.46582]]}},{"type":"Feature","properties":{"name":"","c":"track"},"geometry":{"type":"LineString","coordinates":[[-119.28234,34.46641],[-119.28229,34.46649],[-119.28225,34.46655],[-119.28221,34.46665],[-119.28218,34.46675],[-119.28216,34.46686],[-119.28215,34.46689],[-119.28211,34.46691],[-119.28207,34.46692],[-119.28202,34.46691],[-119.28194,34.46689],[-119.28189,34.46686]]}},{"type":"Feature","properties":{"name":"","c":"track"},"geometry":{"type":"LineString","coordinates":[[-119.27948,34.46961],[-119.27955,34.46957],[-119.27962,34.46953],[-119.27965,34.46952],[-119.27985,34.4695],[-119.28001,34.46945],[-119.28012,34.46945],[-119.28017,34.46943],[-119.28027,34.46936],[-119.28037,34.46928],[-119.28046,34.46919],[-119.28057,34.46909],[-119.2807,34.46901],[-119.28072,34.469],[-119.28076,34.46901],[-119.28082,34.46904],[-119.28117,34.46905],[-119.28128,34.46903],[-119.28139,34.46901],[-119.28217,34.46878],[-119.28229,34.46872],[-119.2824,34.46869],[-119.28265,34.46873],[-119.28274,34.46872],[-119.2828,34.46869],[-119.28289,34.46866],[-119.28294,34.46864],[-119.28327,34.46863],[-119.28335,34.4686],[-119.2834,34.46859],[-119.28347,34.46854],[-119.28357,34.46849],[-119.28374,34.46847],[-119.28385,34.46845],[-119.28394,34.46841],[-119.28413,34.46826],[-119.28427,34.46816],[-119.28454,34.46801],[-119.28461,34.46797],[-119.28465,34.46792],[-119.2847,34.46785],[-119.28473,34.46778],[-119.28476,34.4677],[-119.28478,34.46768],[-119.28481,34.46765],[-119.28495,34.46753],[-119.28507,34.46741],[-119.28508,34.46738],[-119.28511,34.46702]]}},{"type":"Feature","properties":{"name":"","c":"track"},"geometry":{"type":"LineString","coordinates":[[-119.28856,34.46445],[-119.28846,34.46458],[-119.2884,34.46461],[-119.28826,34.46462],[-119.28823,34.46463],[-119.28803,34.4646],[-119.28774,34.4646],[-119.28753,34.4646],[-119.28741,34.46464]]}},{"type":"Feature","properties":{"name":"","c":"track"},"geometry":{"type":"LineString","coordinates":[[-119.28781,34.46519],[-119.28796,34.46518],[-119.28819,34.46521],[-119.28827,34.46525],[-119.28834,34.46523],[-119.28841,34.46513],[-119.28844,34.46503],[-119.28844,34.4649],[-119.28838,34.46477],[-119.28826,34.46462]]}},{"type":"Feature","properties":{"name":"","c":"track"},"geometry":{"type":"LineString","coordinates":[[-119.28846,34.46607],[-119.28852,34.46603],[-119.28855,34.46602],[-119.28862,34.466],[-119.28861,34.46594],[-119.28857,34.46585],[-119.28856,34.4658],[-119.28852,34.46576],[-119.28848,34.46565],[-119.28846,34.46481],[-119.28846,34.4647],[-119.28848,34.46465],[-119.2885,34.4646],[-119.28853,34.46456],[-119.28857,34.46453],[-119.28863,34.46448],[-119.2887,34.46442],[-119.28899,34.46415],[-119.28908,34.46409],[-119.2892,34.46403],[-119.28928,34.46399],[-119.28932,34.46397],[-119.28944,34.46389],[-119.28952,34.46383],[-119.28955,34.4638],[-119.28969,34.46361],[-119.28974,34.46356],[-119.28977,34.46354],[-119.28981,34.46351],[-119.2899,34.46349],[-119.28998,34.46348],[-119.2905,34.46349],[-119.29088,34.4635],[-119.29092,34.46353],[-119.29094,34.46355],[-119.29095,34.46357],[-119.29095,34.4636],[-119.29093,34.46373],[-119.29094,34.46383],[-119.29098,34.46389],[-119.29104,34.46393],[-119.2912,34.464],[-119.2915,34.46406]]}},{"type":"Feature","properties":{"name":"","c":"track"},"geometry":{"type":"LineString","coordinates":[[-119.28862,34.466],[-119.28866,34.46605],[-119.28878,34.46613],[-119.28883,34.46619],[-119.28893,34.46625],[-119.28903,34.46633],[-119.28906,34.46636],[-119.28909,34.4664],[-119.28916,34.46655],[-119.28917,34.46659],[-119.28918,34.46668],[-119.28918,34.46687],[-119.2892,34.46693],[-119.28923,34.46697],[-119.28929,34.46701],[-119.28939,34.46705],[-119.28942,34.46707],[-119.28956,34.46712]]}},{"type":"Feature","properties":{"name":"","c":"track"},"geometry":{"type":"LineString","coordinates":[[-119.29026,34.46756],[-119.29032,34.46763],[-119.29036,34.46767],[-119.29038,34.46772],[-119.29041,34.46778],[-119.29047,34.46792],[-119.2905,34.46796],[-119.29054,34.46799],[-119.29062,34.46802],[-119.29066,34.46803],[-119.29087,34.46804]]}},{"type":"Feature","properties":{"name":"Cooper Canyon Road","c":"track"},"geometry":{"type":"LineString","coordinates":[[-119.29132,34.4652],[-119.29131,34.46536],[-119.29132,34.46556],[-119.29134,34.46565],[-119.29133,34.46571],[-119.29132,34.46579],[-119.29127,34.46597],[-119.29125,34.46615],[-119.29124,34.46618],[-119.2912,34.46623],[-119.29117,34.46627],[-119.29116,34.4663],[-119.29117,34.46638],[-119.29121,34.46644],[-119.29123,34.46649],[-119.29122,34.46654],[-119.29119,34.46666],[-119.29118,34.46676],[-119.29114,34.46687],[-119.29112,34.46701],[-119.2911,34.46708],[-119.29104,34.46718],[-119.291,34.46726],[-119.29094,34.46747],[-119.29092,34.46757],[-119.2909,34.4677],[-119.2909,34.46778],[-119.29087,34.46792],[-119.29087,34.468],[-119.29087,34.46804],[-119.29089,34.46813],[-119.29091,34.46833],[-119.29093,34.46848],[-119.29093,34.46866],[-119.29092,34.4687],[-119.2909,34.46877],[-119.29086,34.46884],[-119.29081,34.4689],[-119.29075,34.46904],[-119.29073,34.46909],[-119.29073,34.46917],[-119.29074,34.46922],[-119.29078,34.46928],[-119.29079,34.46931],[-119.29078,34.46939],[-119.29063,34.46975],[-119.2906,34.46984],[-119.29058,34.46995],[-119.29057,34.47005],[-119.29056,34.4701],[-119.29053,34.47015],[-119.29051,34.47019],[-119.29051,34.47025],[-119.29053,34.47034],[-119.29053,34.4705],[-119.29051,34.47068],[-119.29053,34.47077],[-119.29056,34.47082],[-119.29057,34.47087],[-119.29057,34.47089],[-119.2906,34.47102],[-119.29061,34.47108],[-119.2906,34.47112],[-119.29059,34.47128],[-119.2906,34.47136],[-119.29063,34.47141],[-119.29068,34.47155],[-119.29074,34.47171],[-119.29079,34.47181],[-119.29083,34.47185],[-119.29091,34.47187],[-119.291,34.47186],[-119.29104,34.47189],[-119.29108,34.47199],[-119.29109,34.47206],[-119.2911,34.47213],[-119.29109,34.47219],[-119.29107,34.47238],[-119.2911,34.47251],[-119.29111,34.47263],[-119.29111,34.47273],[-119.29112,34.4728],[-119.29114,34.47284],[-119.29128,34.47307],[-119.29141,34.47349],[-119.29145,34.4736],[-119.29148,34.4737],[-119.29156,34.4739],[-119.29161,34.47408],[-119.29163,34.47423],[-119.29162,34.47438],[-119.29159,34.47465],[-119.2916,34.4747],[-119.29164,34.47475],[-119.29174,34.47489],[-119.29177,34.475],[-119.29185,34.4752],[-119.29191,34.4753],[-119.292,34.47536],[-119.29212,34.47552],[-119.29222,34.47572],[-119.29227,34.47594],[-119.29252,34.47667],[-119.29261,34.477],[-119.29272,34.47726],[-119.29284,34.47762],[-119.29286,34.47776],[-119.29289,34.47784],[-119.29293,34.47789],[-119.29299,34.47792],[-119.29303,34.47805],[-119.29333,34.47834],[-119.29337,34.47837],[-119.29342,34.47838],[-119.29347,34.47838],[-119.29352,34.47841],[-119.29354,34.47845],[-119.29361,34.47859],[-119.29366,34.47865],[-119.29369,34.47869],[-119.2937,34.47873],[-119.2937,34.47877],[-119.29369,34.47881],[-119.29366,34.47885],[-119.29362,34.47889],[-119.29358,34.47893],[-119.29355,34.47895],[-119.29355,34.47897],[-119.29356,34.47899],[-119.29357,34.47901],[-119.29359,34.47901],[-119.29365,34.47901],[-119.29377,34.47903],[-119.29385,34.47904],[-119.29408,34.47901],[-119.29435,34.47904]]}},{"type":"Feature","properties":{"name":"","c":"track"},"geometry":{"type":"LineString","coordinates":[[-119.29109,34.47206],[-119.29126,34.47214],[-119.2914,34.47229],[-119.29156,34.47243],[-119.29182,34.47257],[-119.29199,34.47263],[-119.29253,34.47295],[-119.2927,34.47301],[-119.29286,34.47305],[-119.29289,34.47312],[-119.29294,34.47322],[-119.29298,34.47325],[-119.29306,34.47324],[-119.29315,34.47321],[-119.29317,34.47317],[-119.29319,34.47313],[-119.29316,34.47306],[-119.29308,34.47295],[-119.29301,34.47288],[-119.29286,34.47278],[-119.29278,34.47274],[-119.2927,34.4727],[-119.29268,34.47265],[-119.29269,34.47263],[-119.29273,34.47261],[-119.2928,34.47262],[-119.29294,34.47262],[-119.29306,34.47258],[-119.29315,34.47256],[-119.2933,34.4726],[-119.29341,34.47266],[-119.29343,34.47268],[-119.29346,34.47269],[-119.29348,34.47273],[-119.29348,34.4728],[-119.29345,34.47292]]}},{"type":"Feature","properties":{"name":"","c":"track"},"geometry":{"type":"LineString","coordinates":[[-119.29324,34.47444],[-119.29309,34.47422],[-119.29302,34.47408],[-119.29293,34.47393],[-119.29279,34.47371],[-119.2925,34.47353],[-119.29217,34.47344],[-119.2918,34.4734],[-119.29165,34.47336]]}},{"type":"Feature","properties":{"name":"","c":"track"},"geometry":{"type":"LineString","coordinates":[[-119.292,34.47536],[-119.29212,34.47534],[-119.29226,34.47524],[-119.29234,34.47518],[-119.29237,34.47509],[-119.29234,34.47487],[-119.2923,34.47476],[-119.29221,34.47464],[-119.29215,34.47457],[-119.29202,34.47448],[-119.29194,34.47441],[-119.29189,34.47429],[-119.29162,34.47345],[-119.29163,34.47341],[-119.29165,34.47336],[-119.29162,34.47328],[-119.2916,34.4732],[-119.29159,34.47317],[-119.29159,34.47314],[-119.29155,34.47303],[-119.29156,34.47299],[-119.2916,34.473],[-119.29172,34.47305],[-119.29198,34.47314],[-119.29212,34.47315]]}},{"type":"Feature","properties":{"name":"","c":"track"},"geometry":{"type":"LineString","coordinates":[[-119.2916,34.4747],[-119.29128,34.47463],[-119.29119,34.47453]]}},{"type":"Feature","properties":{"name":"","c":"track"},"geometry":{"type":"LineString","coordinates":[[-119.29145,34.4736],[-119.29134,34.47359],[-119.29125,34.47366],[-119.29115,34.47376],[-119.29104,34.47381],[-119.29094,34.47382],[-119.29086,34.4738]]}},{"type":"Feature","properties":{"name":"","c":"footway"},"geometry":{"type":"LineString","coordinates":[[-119.28124,34.47558],[-119.28125,34.47554],[-119.28126,34.47551],[-119.28118,34.47548],[-119.28109,34.47545],[-119.28098,34.47539],[-119.28082,34.47532],[-119.28073,34.47529],[-119.2806,34.47526],[-119.28043,34.47522],[-119.28025,34.4752],[-119.28015,34.47519]]}},{"type":"Feature","properties":{"name":"Cozy Dell Trail","c":"path"},"geometry":{"type":"LineString","coordinates":[[-119.29089,34.47862],[-119.29082,34.47864],[-119.2908,34.47869],[-119.29076,34.47872],[-119.29067,34.47868],[-119.29056,34.47859],[-119.29053,34.47852],[-119.29044,34.4785],[-119.29038,34.47845],[-119.29032,34.47847],[-119.2903,34.47848],[-119.2902,34.47848],[-119.29002,34.4785],[-119.29001,34.47848],[-119.28997,34.47842],[-119.29006,34.47834],[-119.29008,34.47831],[-119.29003,34.47829],[-119.28996,34.47832],[-119.28984,34.47844],[-119.28974,34.47866],[-119.2893,34.47874],[-119.2892,34.4788],[-119.28881,34.4788],[-119.28867,34.47874],[-119.28863,34.47869],[-119.28866,34.47867],[-119.2888,34.47861],[-119.28887,34.47849],[-119.2889,34.47848],[-119.28897,34.47852],[-119.28907,34.47852],[-119.28919,34.47848],[-119.28934,34.47834],[-119.2894,34.47827],[-119.28939,34.47825],[-119.28937,34.47824],[-119.28929,34.47828],[-119.2892,34.47831],[-119.28909,34.47832],[-119.28901,34.47829],[-119.28888,34.47817],[-119.28879,34.47817],[-119.28876,34.47821],[-119.28871,34.47831],[-119.28868,34.47834],[-119.28864,34.47834],[-119.28855,34.47831],[-119.2884,34.47822],[-119.28836,34.47822],[-119.28833,34.47824],[-119.28825,34.47824],[-119.28818,34.47829],[-119.28804,34.4783],[-119.2879,34.47828],[-119.28772,34.47827],[-119.28764,34.47831],[-119.28759,34.47831],[-119.28752,34.47829],[-119.28735,34.47828],[-119.28715,34.47824],[-119.28702,34.47824],[-119.28687,34.4783],[-119.28676,34.47829],[-119.28666,34.47833],[-119.28664,34.47829],[-119.2871,34.47802],[-119.28704,34.47802],[-119.28682,34.47809],[-119.28667,34.4781],[-119.28657,34.47807],[-119.28653,34.4781],[-119.28634,34.4781],[-119.28623,34.47811],[-119.2862,34.4781],[-119.28622,34.47805],[-119.28638,34.47797],[-119.28644,34.47797],[-119.28657,34.4779],[-119.28673,34.47786],[-119.28683,34.47781],[-119.28693,34.47776],[-119.28691,34.47774],[-119.28682,34.47772],[-119.28674,34.47766],[-119.28662,34.47767],[-119.28655,34.47772],[-119.28645,34.47774],[-119.28631,34.47775],[-119.28619,34.47778],[-119.28609,34.47778],[-119.28606,34.4778],[-119.28596,34.47779],[-119.28588,34.47775],[-119.28568,34.47764],[-119.28551,34.47765],[-119.28545,34.47773],[-119.28539,34.47774],[-119.28541,34.47766],[-119.28548,34.47761],[-119.28554,34.47755],[-119.28556,34.47752],[-119.28555,34.4775],[-119.28543,34.47754],[-119.28533,34.47755],[-119.28519,34.47759],[-119.28516,34.47757],[-119.28523,34.47747],[-119.28526,34.47744],[-119.28523,34.47742],[-119.2852,34.47743],[-119.28512,34.47749],[-119.285,34.47751],[-119.28495,34.47749],[-119.28493,34.47745],[-119.28503,34.47739],[-119.28504,34.47736],[-119.28503,34.47734],[-119.28496,34.47733],[-119.28484,34.47731],[-119.28473,34.47726],[-119.28455,34.47716],[-119.28436,34.4771],[-119.28414,34.47696],[-119.28407,34.47693],[-119.284,34.47692],[-119.28363,34.4768],[-119.28344,34.47671],[-119.28334,34.47669],[-119.2832,34.47666],[-119.2828,34.47635],[-119.28272,34.47631],[-119.28259,34.4763],[-119.28253,34.47632],[-119.28245,34.47644],[-119.28239,34.4765],[-119.2823,34.47655],[-119.28226,34.47656],[-119.28225,34.47654],[-119.28227,34.47646],[-119.28228,34.4764],[-119.28227,34.47629],[-119.28224,34.47619],[-119.28219,34.47611],[-119.28212,34.47604],[-119.282,34.47594],[-119.28196,34.47592],[-119.28183,34.47588],[-119.28178,34.47585],[-119.28172,34.47584],[-119.28163,34.47579],[-119.28153,34.47578],[-119.28139,34.47573],[-119.28133,34.47568],[-119.28124,34.47558],[-119.28112,34.47558],[-119.28099,34.47554],[-119.28094,34.47554],[-119.28089,34.47555],[-119.28075,34.47572],[-119.28063,34.47582],[-119.28055,34.47581],[-119.28048,34.47575],[-119.28041,34.47572],[-119.28026,34.47575],[-119.28012,34.47576],[-119.28002,34.47583],[-119.27996,34.47584],[-119.27987,34.47579],[-119.27975,34.47576],[-119.27957,34.47578],[-119.27942,34.47583],[-119.27934,34.47589],[-119.27925,34.4759],[-119.27913,34.47586],[-119.279,34.47583],[-119.2789,34.47586],[-119.27881,34.47592],[-119.27875,34.47593],[-119.27867,34.4759],[-119.27856,34.47578],[-119.27842,34.4757],[-119.27828,34.47554],[-119.27822,34.47551],[-119.27814,34.47552],[-119.27802,34.47558],[-119.2779,34.47566],[-119.27785,34.47567],[-119.2778,34.47565],[-119.2777,34.47551],[-119.27765,34.47545],[-119.27744,34.47537],[-119.27737,34.47533],[-119.27737,34.47521],[-119.27733,34.47504],[-119.27726,34.47493],[-119.27717,34.47487],[-119.27673,34.47471],[-119.27664,34.47473],[-119.2766,34.47475],[-119.27656,34.47476],[-119.27649,34.47487],[-119.27623,34.47508],[-119.27611,34.47511],[-119.27604,34.47517],[-119.27595,34.47521],[-119.27591,34.47527],[-119.27589,34.47539],[-119.2758,34.47542],[-119.27572,34.47548],[-119.27569,34.47548],[-119.27567,34.47546],[-119.27566,34.47539],[-119.27563,34.47532],[-119.27554,34.47519],[-119.27544,34.47514],[-119.27524,34.4751],[-119.27504,34.47509],[-119.27491,34.47508],[-119.27475,34.47499],[-119.27465,34.47497],[-119.27453,34.47493],[-119.27443,34.47494],[-119.27432,34.47497],[-119.27418,34.47495],[-119.27407,34.47484],[-119.27393,34.47474],[-119.27382,34.47472],[-119.27373,34.47468],[-119.27362,34.47459],[-119.2735,34.47459],[-119.27344,34.47462],[-119.27333,34.47469],[-119.27319,34.47473],[-119.27311,34.47472],[-119.27298,34.4747],[-119.27285,34.47469],[-119.27275,34.47473],[-119.27257,34.47483],[-119.27251,34.47488],[-119.27245,34.47491],[-119.2724,34.47497],[-119.27224,34.47506],[-119.27213,34.47509],[-119.27195,34.47517],[-119.27183,34.47517],[-119.2718,34.47515],[-119.27177,34.47506],[-119.27181,34.47493],[-119.27182,34.47486],[-119.27184,34.47479],[-119.27183,34.47475],[-119.27179,34.47473],[-119.27176,34.47473],[-119.27171,34.47476],[-119.27169,34.4748],[-119.27167,34.47495],[-119.27168,34.47501],[-119.27165,34.47507],[-119.27161,34.47508],[-119.27157,34.47507],[-119.27144,34.47492],[-119.27136,34.47486],[-119.27126,34.47484],[-119.27116,34.47486],[-119.27081,34.47484],[-119.2707,34.47489],[-119.27059,34.4749],[-119.27046,34.47487],[-119.27022,34.47488],[-119.26992,34.47486],[-119.26985,34.47483],[-119.26983,34.47479],[-119.26973,34.47472],[-119.26973,34.4747],[-119.26973,34.47467],[-119.26975,34.47464],[-119.26976,34.47457],[-119.26976,34.4745],[-119.26972,34.47445]]}},{"type":"Feature","properties":{"name":"","c":"track"},"geometry":{"type":"LineString","coordinates":[[-119.29068,34.47978],[-119.29057,34.47958],[-119.29048,34.47946],[-119.29035,34.47938],[-119.29025,34.47935],[-119.2902,34.47929],[-119.29015,34.47916],[-119.29009,34.47911],[-119.29,34.47905],[-119.28986,34.47904],[-119.2897,34.47905],[-119.28957,34.47904],[-119.2894,34.47907],[-119.28927,34.47911]]}},{"type":"Feature","properties":{"name":"","c":"track"},"geometry":{"type":"LineString","coordinates":[[-119.29672,34.47894],[-119.2961,34.47891],[-119.29568,34.47893],[-119.29568,34.47942],[-119.2957,34.47961]]}},{"type":"Feature","properties":{"name":"","c":"track"},"geometry":{"type":"LineString","coordinates":[[-119.29701,34.47893],[-119.29684,34.47894],[-119.29672,34.47894]]}},{"type":"Feature","properties":{"name":"","c":"track"},"geometry":{"type":"LineString","coordinates":[[-119.29672,34.47894],[-119.29671,34.47932]]}},{"type":"Feature","properties":{"name":"","c":"track"},"geometry":{"type":"LineString","coordinates":[[-119.29983,34.47981],[-119.2999,34.47983],[-119.30002,34.47986],[-119.30012,34.47987],[-119.30023,34.47986],[-119.30036,34.47983],[-119.30049,34.47982],[-119.30055,34.4798],[-119.30058,34.47979],[-119.30068,34.47978],[-119.30075,34.47982],[-119.30079,34.4799],[-119.3008,34.47998],[-119.30079,34.48006],[-119.30083,34.48011],[-119.30088,34.48019],[-119.30089,34.48028],[-119.30089,34.48035],[-119.30095,34.48046],[-119.30106,34.4806],[-119.30123,34.48077],[-119.30149,34.48109],[-119.30161,34.48122],[-119.30166,34.48124],[-119.30171,34.48124],[-119.30178,34.48121],[-119.30183,34.48117],[-119.30184,34.48112],[-119.30181,34.48106],[-119.30176,34.481],[-119.30171,34.48098],[-119.30167,34.48098],[-119.30162,34.481],[-119.30161,34.48103],[-119.30166,34.48112]]}},{"type":"Feature","properties":{"name":"","c":"track"},"geometry":{"type":"LineString","coordinates":[[-119.29991,34.47991],[-119.29986,34.47994],[-119.29979,34.47994],[-119.29971,34.4799],[-119.29954,34.47977],[-119.29946,34.47972],[-119.29936,34.47966],[-119.29929,34.47964],[-119.29922,34.47963],[-119.29916,34.47963],[-119.29913,34.47963],[-119.2991,34.47964],[-119.29905,34.47967],[-119.29901,34.47973],[-119.299,34.47978],[-119.299,34.47984],[-119.299,34.47986]]}},{"type":"Feature","properties":{"name":"","c":"track"},"geometry":{"type":"LineString","coordinates":[[-119.30031,34.4797],[-119.30031,34.47968],[-119.30025,34.47963],[-119.30022,34.47959]]}},{"type":"Feature","properties":{"name":"","c":"track"},"geometry":{"type":"LineString","coordinates":[[-119.30055,34.4798],[-119.30045,34.47977],[-119.30037,34.47974],[-119.30031,34.4797],[-119.30021,34.47972],[-119.30006,34.47974],[-119.29998,34.47973],[-119.29993,34.47971],[-119.29992,34.47968],[-119.29991,34.47962],[-119.29991,34.4795]]}},{"type":"Feature","properties":{"name":"","c":"track"},"geometry":{"type":"LineString","coordinates":[[-119.30079,34.4799],[-119.30084,34.47984],[-119.30089,34.47977],[-119.3009,34.47973],[-119.30087,34.47967],[-119.30083,34.47963],[-119.30078,34.47962],[-119.30069,34.47964],[-119.30062,34.47964],[-119.30053,34.47964],[-119.30049,34.47962],[-119.30047,34.47959],[-119.30046,34.47957],[-119.30046,34.47953],[-119.30047,34.47949],[-119.30053,34.47942],[-119.30059,34.47937],[-119.30066,34.47931],[-119.30073,34.47923],[-119.30074,34.47919]]}},{"type":"Feature","properties":{"name":"","c":"track"},"geometry":{"type":"LineString","coordinates":[[-119.29845,34.47956],[-119.29849,34.47973],[-119.29852,34.47981],[-119.29855,34.47985],[-119.29857,34.47985],[-119.2986,34.47981],[-119.29865,34.4797],[-119.29874,34.47962],[-119.29875,34.47962],[-119.29877,34.47963],[-119.29885,34.47977],[-119.2989,34.47983],[-119.29895,34.47985],[-119.299,34.47986],[-119.29902,34.47987],[-119.29912,34.47987],[-119.2992,34.47986],[-119.29924,34.47981],[-119.29924,34.47976],[-119.29921,34.47968],[-119.29916,34.47963]]}},{"type":"Feature","properties":{"name":"","c":"track"},"geometry":{"type":"LineString","coordinates":[[-119.29776,34.47894],[-119.29736,34.47893],[-119.29701,34.47893]]}},{"type":"Feature","properties":{"name":"","c":"track"},"geometry":{"type":"LineString","coordinates":[[-119.29979,34.47214],[-119.29911,34.47238],[-119.299,34.47246],[-119.29886,34.47249],[-119.29877,34.47252],[-119.29875,34.47255],[-119.29878,34.47257],[-119.29884,34.4726],[-119.29895,34.47264],[-119.29904,34.47268],[-119.29913,34.47268],[-119.29923,34.47267],[-119.2993,34.47268],[-119.29934,34.47269],[-119.29935,34.47272],[-119.29935,34.47277],[-119.29932,34.47283],[-119.29923,34.47291],[-119.29912,34.47301],[-119.29904,34.47305],[-119.29897,34.47313],[-119.29891,34.47322],[-119.2989,34.47328],[-119.29886,34.47331],[-119.29882,34.47333],[-119.29877,34.47333],[-119.29864,34.4733],[-119.29856,34.47329],[-119.2985,34.47331],[-119.29847,34.47333],[-119.29843,34.4734],[-119.29842,34.47346],[-119.2984,34.47355],[-119.29836,34.47359],[-119.29833,34.4736],[-119.29827,34.47358],[-119.29817,34.47355],[-119.29808,34.47347],[-119.29805,34.47342],[-119.298,34.47339],[-119.2979,34.47339],[-119.29777,34.4734],[-119.29775,34.4734],[-119.29763,34.47337],[-119.29749,34.47329],[-119.29741,34.47322],[-119.29738,34.47317],[-119.29739,34.47306],[-119.29743,34.47292],[-119.29748,34.47283],[-119.29754,34.47275],[-119.2976,34.47269],[-119.29761,34.47265],[-119.2976,34.47263],[-119.29758,34.47261],[-119.29754,34.47259],[-119.29743,34.47259],[-119.29731,34.47259],[-119.2972,34.4726],[-119.29712,34.47259],[-119.29694,34.47252],[-119.29659,34.47239],[-119.29648,34.47236],[-119.29638,34.47236],[-119.29603,34.47244],[-119.29596,34.47247],[-119.29593,34.47256],[-119.29588,34.47271],[-119.29588,34.47281],[-119.2959,34.47288],[-119.2959,34.47293],[-119.2959,34.47295],[-119.29586,34.473],[-119.29584,34.47301],[-119.2958,34.47302],[-119.29574,34.47303],[-119.29571,34.47305],[-119.2956,34.47337],[-119.29556,34.47346],[-119.29556,34.47354],[-119.29555,34.47367],[-119.29551,34.47384],[-119.29547,34.47393],[-119.29543,34.47397],[-119.29536,34.47407],[-119.29532,34.47422],[-119.2953,34.47432],[-119.2953,34.47444],[-119.29531,34.47453],[-119.29534,34.47464],[-119.29538,34.47472],[-119.29544,34.4748],[-119.29547,34.47486],[-119.29549,34.47491],[-119.2955,34.47496],[-119.2955,34.475],[-119.29551,34.47505],[-119.29562,34.47524],[-119.29568,34.47538],[-119.29582,34.47581],[-119.29586,34.47587],[-119.296,34.47602],[-119.29609,34.47614],[-119.29619,34.47625],[-119.29622,34.4763],[-119.29625,34.47635],[-119.29628,34.47642],[-119.2963,34.47655],[-119.29629,34.47675],[-119.2963,34.47682],[-119.29633,34.47691],[-119.29634,34.47696],[-119.29641,34.47713],[-119.29642,34.47721],[-119.29642,34.47727],[-119.29642,34.4773],[-119.29647,34.47734],[-119.29696,34.47729],[-119.297,34.47727],[-119.29702,34.47723],[-119.29703,34.47716],[-119.29706,34.47713],[-119.29709,34.4771],[-119.29714,34.47708],[-119.29719,34.47708],[-119.29724,34.47709],[-119.29729,34.47711],[-119.29732,34.47714],[-119.29732,34.47719],[-119.29729,34.47725],[-119.29728,34.47731],[-119.29729,34.47739],[-119.29731,34.47754],[-119.29731,34.47764],[-119.2973,34.47775],[-119.29729,34.47783],[-119.29725,34.47794],[-119.29723,34.47801],[-119.29723,34.47806],[-119.29724,34.4781],[-119.29726,34.47813],[-119.29727,34.4783],[-119.29727,34.47838],[-119.29726,34.47845],[-119.29724,34.47858],[-119.29736,34.47857],[-119.29731,34.47886],[-119.29707,34.47888],[-119.29701,34.47893]]}},{"type":"Feature","properties":{"name":"","c":"track"},"geometry":{"type":"LineString","coordinates":[[-119.29633,34.47691],[-119.29646,34.47689],[-119.29663,34.47689],[-119.29683,34.47691],[-119.29689,34.47691],[-119.29694,34.47693],[-119.297,34.47693],[-119.29703,34.47692],[-119.29705,34.47687],[-119.29705,34.47677],[-119.29702,34.47665],[-119.29702,34.4766],[-119.29703,34.47654],[-119.2971,34.47643],[-119.29714,34.47636],[-119.29714,34.47632],[-119.29709,34.47619],[-119.29706,34.47611],[-119.29703,34.47608],[-119.29696,34.47609],[-119.29685,34.47609],[-119.29666,34.47606],[-119.29641,34.476],[-119.2963,34.47595],[-119.29624,34.4759],[-119.29621,34.47583],[-119.29618,34.47578],[-119.29615,34.47575],[-119.29609,34.47574],[-119.29603,34.4757],[-119.29598,34.47565],[-119.29594,34.47554],[-119.29589,34.47535],[-119.29582,34.4753],[-119.29574,34.47524],[-119.29568,34.47519],[-119.29559,34.47509],[-119.29551,34.47505]]}},{"type":"Feature","properties":{"name":"","c":"track"},"geometry":{"type":"LineString","coordinates":[[-119.2948,34.47804],[-119.2949,34.47798],[-119.29507,34.47789],[-119.29523,34.47788],[-119.29561,34.47788],[-119.29618,34.47789],[-119.29657,34.4779],[-119.29706,34.47789]]}},{"type":"Feature","properties":{"name":"","c":"track"},"geometry":{"type":"LineString","coordinates":[[-119.29642,34.4773],[-119.2964,34.47741],[-119.29632,34.47755],[-119.2962,34.47781],[-119.29618,34.47789]]}},{"type":"Feature","properties":{"name":"","c":"track"},"geometry":{"type":"LineString","coordinates":[[-119.29397,34.47531],[-119.29397,34.47536],[-119.29398,34.47542],[-119.29409,34.47566],[-119.29415,34.47583],[-119.2941,34.47598],[-119.2941,34.47605],[-119.29412,34.47615],[-119.29418,34.47625],[-119.29428,34.47643],[-119.2943,34.47649],[-119.29422,34.47662],[-119.29416,34.47677],[-119.29414,34.47693],[-119.29414,34.477],[-119.29415,34.47704],[-119.29419,34.47708],[-119.29422,34.47713],[-119.29422,34.47722],[-119.29419,34.47731],[-119.29421,34.47736]]}},{"type":"Feature","properties":{"name":"","c":"track"},"geometry":{"type":"LineString","coordinates":[[-119.29329,34.47454],[-119.29341,34.47467],[-119.29377,34.47501],[-119.29389,34.47518],[-119.29394,34.47529],[-119.29397,34.47531],[-119.2947,34.47529],[-119.29531,34.47529],[-119.29543,34.47527],[-119.29549,34.47524],[-119.29551,34.47519],[-119.29551,34.47505],[-119.29545,34.47495],[-119.29528,34.47478],[-119.29509,34.47458],[-119.29506,34.47455],[-119.29481,34.4743],[-119.29468,34.47415],[-119.2945,34.47397],[-119.29437,34.47388],[-119.29417,34.47382],[-119.2941,34.47381],[-119.29404,34.47378],[-119.29402,34.47374]]}},{"type":"Feature","properties":{"name":"","c":"track"},"geometry":{"type":"LineString","coordinates":[[-119.29582,34.4753],[-119.29576,34.47506],[-119.29568,34.47476],[-119.29565,34.47468],[-119.29557,34.47465],[-119.29549,34.47461],[-119.29545,34.47456],[-119.29543,34.4745],[-119.29542,34.4744],[-119.29541,34.47427],[-119.29542,34.47418],[-119.29542,34.4741],[-119.29547,34.474],[-119.29549,34.47396],[-119.29547,34.47393],[-119.29556,34.47384],[-119.29573,34.47371],[-119.2958,34.47369],[-119.29632,34.47369],[-119.2967,34.47369],[-119.29701,34.4737],[-119.29709,34.47374],[-119.29714,34.47381],[-119.29713,34.47387],[-119.29704,34.47396],[-119.29685,34.47403],[-119.2966,34.4741],[-119.29652,34.47413],[-119.29646,34.47427],[-119.29645,34.47432],[-119.29644,34.47458],[-119.29649,34.47469],[-119.29649,34.47479],[-119.29651,34.47486],[-119.29656,34.47496],[-119.29656,34.47506],[-119.29652,34.47516],[-119.29649,34.47526],[-119.2965,34.47534],[-119.29656,34.47537],[-119.29667,34.47543],[-119.29677,34.47554],[-119.29686,34.47559],[-119.29686,34.47569],[-119.29685,34.47576],[-119.29688,34.47578],[-119.29697,34.47582],[-119.29725,34.47591]]}},{"type":"Feature","properties":{"name":"","c":"track"},"geometry":{"type":"LineString","coordinates":[[-119.29645,34.47432],[-119.29628,34.47433],[-119.29612,34.47434],[-119.29601,34.47433],[-119.29589,34.47429],[-119.29579,34.47424],[-119.29576,34.47419],[-119.29573,34.47411],[-119.29574,34.47403],[-119.29584,34.47382],[-119.29587,34.47379],[-119.29593,34.47379],[-119.29623,34.47374],[-119.29632,34.47369]]}},{"type":"Feature","properties":{"name":"","c":"track"},"geometry":{"type":"LineString","coordinates":[[-119.29756,34.47356],[-119.29701,34.4733],[-119.29671,34.47317],[-119.29639,34.4731],[-119.2959,34.47293]]}},{"type":"Feature","properties":{"name":"","c":"track"},"geometry":{"type":"LineString","coordinates":[[-119.29532,34.47422],[-119.29526,34.47415],[-119.2952,34.47404],[-119.29515,34.47388],[-119.2951,34.47376],[-119.29505,34.47368],[-119.29499,34.47364],[-119.29482,34.47357],[-119.29473,34.47354],[-119.29464,34.47348],[-119.2946,34.47343],[-119.29456,34.47334],[-119.29455,34.47319]]}},{"type":"Feature","properties":{"name":"","c":"track"},"geometry":{"type":"LineString","coordinates":[[-119.29509,34.47458],[-119.29508,34.47442],[-119.29508,34.47427],[-119.29507,34.47421],[-119.29501,34.47415],[-119.29492,34.47402],[-119.2949,34.47394],[-119.29488,34.47387],[-119.29483,34.47381],[-119.29465,34.47373],[-119.2944,34.47365],[-119.2943,34.4736],[-119.29427,34.47354],[-119.29426,34.47347],[-119.2943,34.47338],[-119.29435,34.47329],[-119.29455,34.47319],[-119.29485,34.47313],[-119.29496,34.47314],[-119.2951,34.47317],[-119.29517,34.47321],[-119.29535,34.4734],[-119.29548,34.47352],[-119.29556,34.47354]]}},{"type":"Feature","properties":{"name":"","c":"track"},"geometry":{"type":"LineString","coordinates":[[-119.29343,34.47268],[-119.29371,34.47248],[-119.29396,34.47226],[-119.29411,34.47212],[-119.29425,34.47209],[-119.29436,34.47205],[-119.29458,34.47194],[-119.29474,34.47181]]}},{"type":"Feature","properties":{"name":"","c":"track"},"geometry":{"type":"LineString","coordinates":[[-119.29348,34.47273],[-119.29362,34.47265],[-119.29418,34.47241],[-119.29432,34.47236],[-119.29451,34.47233],[-119.29459,34.47231],[-119.29484,34.47221],[-119.29492,34.47214]]}},{"type":"Feature","properties":{"name":"","c":"track"},"geometry":{"type":"LineString","coordinates":[[-119.29912,34.47301],[-119.29907,34.47312],[-119.29906,34.47317],[-119.29908,34.47323],[-119.29914,34.47328],[-119.29915,34.47333],[-119.29914,34.47337],[-119.2991,34.47342],[-119.2991,34.47348],[-119.29912,34.47354],[-119.29915,34.47361],[-119.29918,34.47369],[-119.29922,34.47373],[-119.29929,34.47374],[-119.29956,34.47374],[-119.2997,34.47383],[-119.29977,34.47384],[-119.2999,34.47389],[-119.29999,34.4739],[-119.30009,34.47389],[-119.30015,34.47386],[-119.30023,34.47388],[-119.30023,34.47397],[-119.30026,34.47401],[-119.30018,34.4741],[-119.30012,34.47416],[-119.3001,34.47426],[-119.30011,34.47436],[-119.30017,34.47442]]}},{"type":"Feature","properties":{"name":"","c":"track"},"geometry":{"type":"LineString","coordinates":[[-119.29777,34.4734],[-119.29768,34.47328],[-119.29764,34.4732],[-119.29764,34.47306],[-119.29766,34.47294],[-119.29774,34.47279],[-119.29783,34.47259],[-119.29782,34.47252],[-119.29777,34.47247],[-119.29765,34.47244],[-119.29739,34.47238],[-119.29732,34.47233],[-119.29723,34.47226],[-119.29718,34.47222],[-119.29714,34.47221],[-119.2971,34.47224],[-119.2971,34.47227],[-119.29713,34.47235],[-119.29721,34.47245],[-119.29729,34.4725],[-119.29741,34.47253],[-119.29757,34.47255],[-119.29763,34.47257],[-119.29767,34.4726],[-119.29767,34.47264],[-119.29763,34.47267],[-119.2976,34.47269]]}},{"type":"Feature","properties":{"name":"","c":"track"},"geometry":{"type":"LineString","coordinates":[[-119.29808,34.47347],[-119.29764,34.47363],[-119.29761,34.47361],[-119.29756,34.47356],[-119.29751,34.47344],[-119.29743,34.4733],[-119.29741,34.47322]]}},{"type":"Feature","properties":{"name":"","c":"track"},"geometry":{"type":"LineString","coordinates":[[-119.29836,34.47359],[-119.29842,34.47367],[-119.29849,34.47373],[-119.2986,34.47383],[-119.2986,34.47384],[-119.29857,34.47385],[-119.29844,34.47384],[-119.29826,34.4738],[-119.29809,34.47377],[-119.29801,34.47378],[-119.29784,34.47373],[-119.29776,34.47372],[-119.29772,34.4737],[-119.2977,34.47365],[-119.29764,34.47363]]}},{"type":"Feature","properties":{"name":"Pratt Trail","c":"path"},"geometry":{"type":"LineString","coordinates":[[-119.25768,34.47643],[-119.2574,34.47663],[-119.25721,34.47677],[-119.2571,34.47688],[-119.25706,34.47706],[-119.25705,34.47725],[-119.25696,34.47739],[-119.25674,34.47753],[-119.25653,34.47768],[-119.25642,34.47781],[-119.25637,34.47797],[-119.25637,34.47815],[-119.25636,34.47822],[-119.25651,34.47835],[-119.25673,34.47848],[-119.25695,34.4785],[-119.25717,34.47857],[-119.25739,34.47861],[-119.25757,34.47859],[-119.25779,34.47859],[-119.25795,34.47858],[-119.25816,34.47862],[-119.25832,34.4786],[-119.25843,34.47867],[-119.25851,34.47877],[-119.25865,34.47884],[-119.2587,34.47896],[-119.25876,34.47909],[-119.25879,34.47918],[-119.25881,34.47932],[-119.25887,34.47939],[-119.25898,34.47945],[-119.259,34.47952],[-119.25896,34.47963],[-119.25897,34.47981],[-119.25906,34.47989],[-119.25918,34.47993],[-119.25928,34.47997],[-119.2593,34.48003],[-119.25931,34.48012],[-119.25931,34.48019],[-119.25934,34.48028],[-119.25941,34.48034],[-119.25951,34.48034],[-119.2596,34.48032],[-119.25969,34.48033],[-119.25979,34.48038],[-119.25981,34.48048],[-119.25974,34.48049],[-119.25961,34.48044],[-119.25947,34.48047],[-119.25938,34.48053],[-119.25928,34.4805],[-119.25908,34.48037],[-119.25902,34.48029],[-119.2589,34.48021],[-119.25877,34.48018],[-119.25865,34.48007],[-119.25854,34.47998],[-119.25845,34.47992],[-119.25836,34.4799],[-119.25828,34.47994],[-119.25826,34.48],[-119.25831,34.48008],[-119.25831,34.48012],[-119.25831,34.48015],[-119.25832,34.48017],[-119.25834,34.48017],[-119.25835,34.48016],[-119.25836,34.48015],[-119.25837,34.48012],[-119.25838,34.48011],[-119.2584,34.4801],[-119.25841,34.4801],[-119.25843,34.48012],[-119.25843,34.48014],[-119.25844,34.48016],[-119.25847,34.48023],[-119.25856,34.48036],[-119.25866,34.48046],[-119.25874,34.48054],[-119.2588,34.48067],[-119.2589,34.48077],[-119.25903,34.48087],[-119.25913,34.48096],[-119.25911,34.48101],[-119.25898,34.48092],[-119.25881,34.48088],[-119.25872,34.4808],[-119.25856,34.48072],[-119.25843,34.48065],[-119.25835,34.48068],[-119.25823,34.48079],[-119.25818,34.48089],[-119.25806,34.48096],[-119.25805,34.48106],[-119.25796,34.48114],[-119.2579,34.4812],[-119.25777,34.48126],[-119.25763,34.48131],[-119.25752,34.48135],[-119.25739,34.48133],[-119.25732,34.48127],[-119.25719,34.48128],[-119.25704,34.4813],[-119.25692,34.48134],[-119.25684,34.48145],[-119.25684,34.48152],[-119.25679,34.48159],[-119.25665,34.48166],[-119.25652,34.48178],[-119.25639,34.4819],[-119.25624,34.48202],[-119.25614,34.48216],[-119.25599,34.48226],[-119.25604,34.48229],[-119.25618,34.4822],[-119.25636,34.48211],[-119.25653,34.48203],[-119.25652,34.48212],[-119.25646,34.48219],[-119.25635,34.48227],[-119.25629,34.48237],[-119.25613,34.4825],[-119.25606,34.48257],[-119.25593,34.48262],[-119.25587,34.48273],[-119.25582,34.4829],[-119.25582,34.48305],[-119.25575,34.4832],[-119.25561,34.48333],[-119.25544,34.48341],[-119.25534,34.48352],[-119.25546,34.48348],[-119.25556,34.48345],[-119.25567,34.48345],[-119.2558,34.48343],[-119.25568,34.4835],[-119.25555,34.48354],[-119.25546,34.48359],[-119.2554,34.48368],[-119.25534,34.48378],[-119.25532,34.48389],[-119.25524,34.48399],[-119.25516,34.48407],[-119.25508,34.48416],[-119.25511,34.48422],[-119.2552,34.48433],[-119.25526,34.48443],[-119.25526,34.4845],[-119.25521,34.48458],[-119.2551,34.48463],[-119.25501,34.48468],[-119.25496,34.48476],[-119.25492,34.48485],[-119.25483,34.48493],[-119.25472,34.48493],[-119.25467,34.48494],[-119.25457,34.48494],[-119.25451,34.48497],[-119.25444,34.48498],[-119.25436,34.48496],[-119.2543,34.48499],[-119.25415,34.485],[-119.25406,34.48505],[-119.254,34.48513],[-119.25395,34.48514],[-119.25388,34.48524],[-119.25379,34.48529],[-119.2537,34.48538],[-119.25354,34.48543],[-119.25338,34.48543],[-119.25327,34.48554],[-119.25323,34.48562],[-119.25324,34.48566],[-119.25329,34.48571],[-119.25339,34.48576],[-119.25361,34.48579],[-119.25376,34.4858],[-119.25391,34.48585],[-119.25405,34.48595],[-119.25414,34.48599],[-119.25421,34.48603],[-119.2543,34.48605],[-119.2544,34.48613],[-119.25457,34.48622],[-119.25474,34.4863],[-119.25484,34.4864],[-119.25512,34.48648],[-119.2551,34.48664],[-119.25521,34.48675],[-119.25542,34.48685],[-119.25556,34.48688],[-119.25582,34.48686],[-119.25582,34.48695],[-119.25583,34.48704],[-119.25574,34.48717],[-119.25565,34.48736],[-119.25568,34.48746],[-119.25569,34.48752],[-119.25563,34.48765],[-119.25561,34.48776],[-119.25561,34.48784],[-119.25548,34.48791],[-119.25532,34.48785],[-119.2552,34.4878],[-119.25509,34.48783],[-119.25501,34.48801],[-119.25504,34.48816],[-119.25508,34.48828],[-119.25513,34.48841],[-119.25513,34.48855],[-119.25507,34.48868],[-119.25504,34.48883],[-119.25508,34.48894],[-119.25502,34.48906],[-119.25493,34.48916],[-119.25493,34.48927],[-119.25498,34.4894],[-119.25495,34.48954],[-119.25499,34.48966],[-119.25497,34.48982],[-119.2549,34.48995],[-119.25481,34.49008],[-119.25467,34.49017],[-119.25455,34.49026],[-119.25435,34.49038],[-119.2545,34.49036],[-119.25461,34.49031],[-119.25477,34.49027],[-119.2549,34.49027],[-119.25491,34.4904],[-119.25492,34.49052],[-119.25504,34.49069],[-119.25504,34.49085],[-119.25506,34.49099],[-119.25512,34.49106],[-119.25499,34.4912],[-119.25489,34.49128],[-119.25484,34.49138],[-119.25471,34.49144],[-119.25464,34.49157],[-119.25455,34.49164],[-119.25445,34.49179],[-119.25427,34.49196],[-119.25408,34.49212],[-119.25393,34.49228],[-119.25377,34.49237],[-119.25359,34.49246],[-119.25344,34.49252],[-119.25324,34.49256],[-119.25306,34.49258],[-119.25294,34.49258],[-119.25286,34.49262],[-119.25282,34.49277],[-119.25287,34.49291],[-119.25292,34.49299],[-119.25264,34.49377],[-119.25284,34.49399],[-119.25287,34.49426],[-119.25245,34.49442],[-119.25205,34.49488],[-119.25241,34.49515],[-119.25227,34.49531],[-119.25217,34.49544],[-119.25222,34.49554],[-119.25206,34.49574],[-119.25187,34.49586],[-119.25192,34.49598],[-119.25189,34.49611],[-119.25173,34.49622],[-119.25155,34.49627],[-119.25148,34.49621],[-119.25127,34.49628],[-119.25112,34.49626],[-119.25099,34.49621],[-119.25087,34.49629],[-119.25088,34.49643],[-119.2509,34.49656],[-119.25089,34.49668],[-119.25091,34.49675],[-119.25085,34.49686],[-119.25073,34.49693],[-119.25062,34.49693],[-119.25048,34.49698],[-119.25033,34.49719],[-119.25026,34.49726],[-119.25019,34.4973],[-119.25016,34.49733],[-119.25013,34.49737],[-119.25014,34.49741],[-119.25033,34.49745],[-119.25052,34.49748],[-119.25072,34.49751],[-119.25087,34.49758],[-119.25108,34.49758],[-119.2513,34.49759],[-119.25143,34.49768],[-119.25157,34.49776],[-119.25173,34.49783],[-119.25193,34.49782],[-119.2521,34.49774],[-119.25227,34.49771],[-119.25253,34.49774],[-119.25278,34.49768],[-119.25295,34.49759]]}},{"type":"Feature","properties":{"name":"","c":"path"},"geometry":{"type":"LineString","coordinates":[[-119.25324,34.48566],[-119.25324,34.48568],[-119.25324,34.4857],[-119.25324,34.48571],[-119.25324,34.48572],[-119.25326,34.48574],[-119.25328,34.48577],[-119.25331,34.48579],[-119.25332,34.4858],[-119.25331,34.48581],[-119.25329,34.48581],[-119.25326,34.4858],[-119.25322,34.48579],[-119.2532,34.48578],[-119.25317,34.48577],[-119.25314,34.48577],[-119.25312,34.48575],[-119.25311,34.48574],[-119.2531,34.48572],[-119.2531,34.4857],[-119.2531,34.48569],[-119.25308,34.48568],[-119.25307,34.48569],[-119.25307,34.48571],[-119.25307,34.48573],[-119.25306,34.48575],[-119.25307,34.48578],[-119.25309,34.48581],[-119.25311,34.48583],[-119.25319,34.48588],[-119.2532,34.4859],[-119.25319,34.48591],[-119.25318,34.48591],[-119.25312,34.4859],[-119.25309,34.48589],[-119.25302,34.48588],[-119.25297,34.48586],[-119.25292,34.48583],[-119.25289,34.48581],[-119.25288,34.48579],[-119.25288,34.48578],[-119.25289,34.48576],[-119.25288,34.48575],[-119.25286,34.48575],[-119.25285,34.48575],[-119.25283,34.48576],[-119.25282,34.48578],[-119.25281,34.4858],[-119.25281,34.48582],[-119.25284,34.48586],[-119.25287,34.48592],[-119.25291,34.48595],[-119.25295,34.48597],[-119.25298,34.486],[-119.25301,34.48602],[-119.25301,34.48603],[-119.253,34.48604],[-119.25298,34.48605],[-119.25296,34.48605],[-119.25295,34.48604],[-119.25292,34.48603],[-119.25291,34.48603],[-119.25289,34.48603],[-119.25286,34.48604],[-119.25281,34.48602],[-119.25279,34.48603],[-119.25277,34.48602],[-119.25275,34.48601],[-119.2527,34.48599],[-119.25265,34.48597],[-119.25263,34.48595],[-119.25259,34.48593],[-119.25258,34.48592],[-119.25257,34.4859],[-119.25256,34.48589],[-119.25254,34.48589],[-119.2525,34.48589],[-119.25248,34.48588],[-119.25245,34.48587],[-119.25243,34.48585],[-119.25241,34.48584],[-119.25239,34.48583],[-119.25238,34.48583],[-119.25234,34.48582],[-119.25233,34.48581],[-119.25231,34.4858],[-119.2523,34.48577],[-119.25228,34.48576],[-119.25227,34.48575]]}},{"type":"Feature","properties":{"name":"","c":"path"},"geometry":{"type":"LineString","coordinates":[[-119.25239,34.48583],[-119.2524,34.48581],[-119.2524,34.4858],[-119.25241,34.48578],[-119.25242,34.48576],[-119.25242,34.48574],[-119.25243,34.48573],[-119.25244,34.48572],[-119.25246,34.48572],[-119.25249,34.48572],[-119.25252,34.48572],[-119.25256,34.48571],[-119.2526,34.48571],[-119.25263,34.48571],[-119.25265,34.48569],[-119.25266,34.48567],[-119.2527,34.48557]]}},{"type":"Feature","properties":{"name":"Pratt Trail","c":"track"},"geometry":{"type":"LineString","coordinates":[[-119.25325,34.47358],[-119.25353,34.47362],[-119.25361,34.47364],[-119.2537,34.47367],[-119.25376,34.4737],[-119.25384,34.47374],[-119.25388,34.47378],[-119.25397,34.4739],[-119.25404,34.47402],[-119.25414,34.47433],[-119.25419,34.47444],[-119.25438,34.4748],[-119.25446,34.47498],[-119.25449,34.47506],[-119.25451,34.47515],[-119.25451,34.47522],[-119.25449,34.47528],[-119.25444,34.47539],[-119.25425,34.47582],[-119.25423,34.47589],[-119.25422,34.47595],[-119.25423,34.47597],[-119.25424,34.47602],[-119.25428,34.47607],[-119.25433,34.4761],[-119.25436,34.47611],[-119.25456,34.47611],[-119.25476,34.47611],[-119.25484,34.47611],[-119.25493,34.4761],[-119.25497,34.47608],[-119.25501,34.47606],[-119.25506,34.47602],[-119.25511,34.47594],[-119.25512,34.47592],[-119.25515,34.47589],[-119.25521,34.47586],[-119.25525,34.47584],[-119.25529,34.47584],[-119.25532,34.47585],[-119.25535,34.47586],[-119.25536,34.47589],[-119.25538,34.47591],[-119.25538,34.47615],[-119.25537,34.4762],[-119.25532,34.47631],[-119.25519,34.47651],[-119.25513,34.47664],[-119.25511,34.4767],[-119.25511,34.47672],[-119.25513,34.4768],[-119.25517,34.477],[-119.2552,34.47718],[-119.25519,34.47731],[-119.25509,34.4779],[-119.25506,34.47808],[-119.25506,34.4781],[-119.2549,34.47825],[-119.25486,34.4783],[-119.25485,34.47832],[-119.25486,34.47834],[-119.25487,34.47836],[-119.25489,34.47838],[-119.25493,34.4784],[-119.25496,34.4784],[-119.25499,34.4784],[-119.25501,34.47838],[-119.2552,34.47819],[-119.25543,34.478],[-119.25545,34.47798],[-119.25546,34.47796],[-119.25547,34.47794],[-119.25547,34.47768],[-119.25548,34.47764],[-119.2555,34.47761],[-119.25552,34.47757],[-119.2557,34.47734],[-119.25575,34.47729],[-119.25586,34.4772],[-119.25591,34.47717],[-119.25594,34.47716],[-119.25627,34.47716],[-119.25654,34.47716],[-119.25663,34.47715],[-119.25666,34.47713],[-119.25668,34.47711],[-119.2567,34.47707],[-119.25679,34.47684],[-119.25682,34.4768],[-119.25689,34.47676],[-119.25701,34.4767],[-119.25732,34.47656],[-119.25753,34.47644],[-119.25756,34.47643],[-119.25768,34.47643]]}},{"type":"Feature","properties":{"name":"","c":"path"},"geometry":{"type":"LineString","coordinates":[[-119.24862,34.47349],[-119.24866,34.47348],[-119.24869,34.47345],[-119.24869,34.47343],[-119.24868,34.47339],[-119.24867,34.47336],[-119.24866,34.47331],[-119.24865,34.47329],[-119.24865,34.47322],[-119.24865,34.47315],[-119.24866,34.47309],[-119.24869,34.47302],[-119.2487,34.47298],[-119.24868,34.47295],[-119.24866,34.47293],[-119.24866,34.47291],[-119.24867,34.4729],[-119.24872,34.47291],[-119.24876,34.47291],[-119.24881,34.47288],[-119.24889,34.4728],[-119.24894,34.47275],[-119.24902,34.47272],[-119.24906,34.47269],[-119.24906,34.4727],[-119.24901,34.47276],[-119.24901,34.47283],[-119.24901,34.47289],[-119.24902,34.47294],[-119.24904,34.47296],[-119.24907,34.4729],[-119.24911,34.47284],[-119.24917,34.47279],[-119.2492,34.47276],[-119.24921,34.4728],[-119.24923,34.47287],[-119.24926,34.47289],[-119.24934,34.47287],[-119.24942,34.47285],[-119.24943,34.47287],[-119.24944,34.47291],[-119.24944,34.47294],[-119.24946,34.473],[-119.24946,34.47303],[-119.2495,34.47307],[-119.24956,34.47305],[-119.24957,34.47299],[-119.24957,34.47292],[-119.24957,34.47286],[-119.2496,34.47284],[-119.24962,34.4728],[-119.24965,34.47276],[-119.24972,34.47271],[-119.24976,34.47271],[-119.24986,34.47274],[-119.24993,34.47276],[-119.24997,34.47275],[-119.24998,34.47269],[-119.24999,34.47263],[-119.25004,34.47261],[-119.25008,34.47264],[-119.25017,34.47265],[-119.25025,34.47267],[-119.25031,34.47268],[-119.25036,34.47265],[-119.25038,34.4726],[-119.25041,34.47258],[-119.25045,34.47258],[-119.25046,34.4726],[-119.25048,34.47265],[-119.25055,34.47266],[-119.25067,34.47267],[-119.25071,34.47268],[-119.25076,34.47267],[-119.25083,34.47267],[-119.25085,34.47269],[-119.25089,34.47273],[-119.25094,34.47279],[-119.25101,34.47286],[-119.25106,34.4729],[-119.2511,34.47294],[-119.25116,34.47299],[-119.25121,34.47303],[-119.25126,34.4731],[-119.25128,34.47324]]}},{"type":"Feature","properties":{"name":"","c":"footway"},"geometry":{"type":"LineString","coordinates":[[-119.25106,34.47041],[-119.25105,34.47039],[-119.25104,34.47037],[-119.25102,34.47035],[-119.251,34.47036],[-119.25094,34.47036],[-119.25088,34.47036],[-119.25085,34.47036],[-119.25083,34.47033],[-119.25079,34.47034],[-119.25075,34.47033],[-119.25073,34.47036],[-119.25071,34.47037],[-119.2507,34.47039],[-119.25072,34.47041],[-119.25075,34.4704],[-119.25078,34.47042],[-119.2508,34.47045],[-119.25083,34.47046],[-119.25086,34.47046],[-119.25089,34.47047],[-119.25094,34.47048],[-119.25098,34.4705],[-119.251,34.47052],[-119.25103,34.47053],[-119.25106,34.47054],[-119.25106,34.47056],[-119.25105,34.4706],[-119.25105,34.47063],[-119.25107,34.47066],[-119.25106,34.47069],[-119.25106,34.47071],[-119.25104,34.47074]]}},{"type":"Feature","properties":{"name":"Foothill Road","c":"track"},"geometry":{"type":"LineString","coordinates":[[-119.25281,34.46934],[-119.25282,34.46937],[-119.25283,34.46944],[-119.25285,34.46953],[-119.25286,34.46956],[-119.25293,34.46973],[-119.25294,34.46975],[-119.25296,34.46983],[-119.25298,34.47006],[-119.253,34.47031],[-119.25296,34.47039],[-119.25294,34.47044],[-119.25293,34.47047],[-119.25289,34.47055],[-119.25285,34.47063],[-119.25284,34.47073],[-119.25282,34.47076],[-119.2528,34.47078],[-119.25275,34.47081],[-119.25272,34.47082],[-119.25243,34.47089],[-119.25236,34.47091],[-119.25229,34.47093],[-119.25217,34.47098],[-119.25211,34.47101],[-119.25206,34.47106],[-119.25204,34.4711],[-119.25206,34.47114],[-119.25208,34.4712],[-119.25213,34.47126],[-119.25225,34.47147],[-119.25227,34.47151],[-119.25228,34.47153],[-119.25228,34.47159],[-119.25229,34.4717],[-119.25226,34.47179],[-119.25226,34.47183],[-119.25226,34.47194],[-119.25227,34.47202],[-119.25238,34.47221],[-119.2524,34.47225],[-119.2524,34.47227],[-119.25238,34.47231],[-119.25235,34.47235],[-119.25228,34.47245],[-119.25225,34.47253],[-119.25224,34.47255],[-119.25225,34.47257],[-119.25227,34.4726],[-119.2525,34.47288],[-119.25253,34.47289],[-119.25271,34.47292],[-119.25273,34.47294],[-119.2528,34.47301],[-119.25304,34.4733],[-119.25314,34.47342],[-119.25325,34.47358]]}},{"type":"Feature","properties":{"name":"Stewart Canyon Trail","c":"path"},"geometry":{"type":"LineString","coordinates":[[-119.25304,34.4733],[-119.2531,34.47326],[-119.25321,34.47323],[-119.25333,34.47323],[-119.25341,34.47321],[-119.25346,34.47325],[-119.25354,34.47331],[-119.25365,34.47333],[-119.25367,34.47332],[-119.25366,34.47331],[-119.25358,34.47326],[-119.25355,34.4732],[-119.25338,34.47305],[-119.25341,34.47294],[-119.25341,34.47289],[-119.25338,34.47286],[-119.25336,34.47281],[-119.25335,34.47275],[-119.25331,34.47269],[-119.25313,34.4726],[-119.25304,34.47251],[-119.25298,34.4724],[-119.25298,34.47235],[-119.25297,34.47228],[-119.25306,34.47168],[-119.25301,34.47162],[-119.25304,34.47143],[-119.25312,34.47139],[-119.25308,34.47127],[-119.25307,34.47113],[-119.25315,34.47095],[-119.25305,34.47049],[-119.25298,34.47043],[-119.25296,34.47039]]}},{"type":"Feature","properties":{"name":"","c":"path"},"geometry":{"type":"LineString","coordinates":[[-119.25762,34.47371],[-119.25756,34.47365],[-119.25747,34.47355],[-119.25735,34.47347],[-119.2572,34.47338],[-119.25703,34.47324],[-119.25695,34.47318],[-119.25689,34.47311],[-119.25675,34.47304],[-119.25658,34.47303],[-119.25637,34.47307],[-119.25617,34.47303],[-119.256,34.47294],[-119.25586,34.47286],[-119.25582,34.47279],[-119.25581,34.47274],[-119.25591,34.47281],[-119.25605,34.47288],[-119.25618,34.47292],[-119.25633,34.47292],[-119.25642,34.47289],[-119.25645,34.47287],[-119.25638,34.47285],[-119.25631,34.47288],[-119.25621,34.47286],[-119.2561,34.47277],[-119.25593,34.47261],[-119.25584,34.47255],[-119.2558,34.47247],[-119.25583,34.47243],[-119.2559,34.47242],[-119.256,34.47235],[-119.25609,34.47231],[-119.25618,34.47228],[-119.25628,34.47224],[-119.25636,34.47224],[-119.25654,34.47218],[-119.25667,34.47215],[-119.25677,34.47213],[-119.25695,34.47219],[-119.257,34.47219],[-119.25698,34.47214],[-119.25685,34.47209],[-119.25679,34.47204],[-119.25666,34.47201],[-119.25638,34.47204],[-119.25638,34.47202],[-119.2565,34.47198],[-119.2566,34.47199],[-119.25674,34.47195],[-119.25683,34.47197],[-119.257,34.47202],[-119.25713,34.47204],[-119.25736,34.47209],[-119.2576,34.47212],[-119.25775,34.47214],[-119.25791,34.4722],[-119.25807,34.47223],[-119.25817,34.47225],[-119.25812,34.47219],[-119.25796,34.47209],[-119.25778,34.47196],[-119.25784,34.47194],[-119.25807,34.47207],[-119.25828,34.47214],[-119.2583,34.4721],[-119.25812,34.472],[-119.25808,34.47194],[-119.258,34.47193],[-119.25793,34.47182],[-119.25786,34.47178],[-119.25779,34.47179],[-119.25753,34.4717],[-119.25739,34.47156],[-119.25728,34.47152],[-119.25728,34.47146],[-119.25715,34.47137],[-119.25686,34.47126],[-119.25679,34.47127],[-119.2567,34.47124],[-119.25657,34.47127],[-119.25644,34.47129],[-119.25636,34.47135],[-119.25631,34.47131],[-119.25645,34.47118],[-119.25654,34.47113],[-119.2566,34.47111],[-119.25664,34.47108],[-119.25667,34.471],[-119.25673,34.47093]]}},{"type":"Feature","properties":{"name":"","c":"path"},"geometry":{"type":"LineString","coordinates":[[-119.25762,34.47371],[-119.25764,34.47367],[-119.25767,34.47365],[-119.25771,34.47364],[-119.25779,34.47363],[-119.25785,34.47362],[-119.2579,34.47361],[-119.25795,34.47358],[-119.25799,34.47355],[-119.25803,34.4735],[-119.25807,34.47346],[-119.2581,34.47342],[-119.25815,34.4734],[-119.25821,34.4734],[-119.25829,34.47341],[-119.25836,34.47342],[-119.25843,34.47343],[-119.2585,34.47344],[-119.25858,34.47343],[-119.25865,34.47342],[-119.25872,34.47339],[-119.2588,34.47335],[-119.25887,34.47333],[-119.25894,34.47329],[-119.25902,34.47326],[-119.2591,34.47324],[-119.25918,34.47322],[-119.25925,34.4732],[-119.25934,34.47319],[-119.25941,34.47317],[-119.25949,34.47313]]}},{"type":"Feature","properties":{"name":"Foothill Trail","c":"path"},"geometry":{"type":"LineString","coordinates":[[-119.25298,34.47235],[-119.25299,34.47234],[-119.253,34.47229],[-119.25306,34.47221],[-119.25312,34.47217],[-119.25319,34.47214],[-119.25322,34.47211],[-119.25325,34.4721],[-119.25325,34.47212],[-119.25326,34.47217],[-119.25323,34.4722],[-119.2532,34.47223],[-119.25318,34.47227],[-119.25319,34.47232],[-119.25326,34.47236],[-119.25325,34.47239],[-119.25324,34.47243],[-119.25326,34.47248],[-119.25329,34.47253],[-119.25332,34.47254],[-119.25331,34.47251],[-119.25331,34.47247],[-119.25332,34.47243],[-119.25334,34.47239],[-119.25337,34.47237],[-119.25338,34.47234],[-119.25339,34.4723],[-119.25345,34.47226],[-119.25351,34.47223],[-119.25363,34.4722],[-119.25368,34.47217],[-119.2538,34.47214],[-119.25388,34.47207],[-119.25394,34.47205],[-119.25404,34.47204],[-119.25412,34.47203],[-119.25417,34.47202],[-119.25421,34.472],[-119.25426,34.47194],[-119.25432,34.47191],[-119.25432,34.47183],[-119.25431,34.47178],[-119.25434,34.47174],[-119.25442,34.47171],[-119.25446,34.4717],[-119.25459,34.4717],[-119.25478,34.47173],[-119.25485,34.47171],[-119.25509,34.4715],[-119.25543,34.47149],[-119.25561,34.47139],[-119.25577,34.47138],[-119.25591,34.47126],[-119.25598,34.4712],[-119.256,34.47115],[-119.25599,34.47111],[-119.256,34.47108],[-119.25604,34.47104],[-119.25613,34.47099],[-119.25619,34.47101],[-119.25626,34.47106],[-119.2563,34.47107],[-119.25657,34.47095],[-119.25668,34.47092],[-119.25673,34.47093],[-119.25686,34.47094],[-119.25694,34.47094],[-119.25699,34.47093],[-119.25704,34.4709],[-119.25718,34.47087],[-119.25728,34.47091],[-119.25743,34.47093],[-119.25747,34.4709],[-119.25749,34.47082],[-119.25754,34.47081],[-119.25761,34.47092],[-119.25789,34.47097],[-119.25794,34.47103],[-119.2584,34.47127],[-119.2585,34.4713],[-119.25854,34.47137],[-119.25873,34.47142],[-119.25877,34.4716],[-119.2589,34.47165],[-119.25894,34.47175],[-119.25899,34.47177],[-119.25914,34.47173],[-119.25943,34.47183],[-119.25952,34.47183],[-119.25971,34.47199],[-119.2598,34.472],[-119.25984,34.47192],[-119.25991,34.47185],[-119.26002,34.4718],[-119.26013,34.47179],[-119.26026,34.47182],[-119.26031,34.47181],[-119.26043,34.47165],[-119.26057,34.47157],[-119.26065,34.4714],[-119.26068,34.47128],[-119.26071,34.47127],[-119.2609,34.47166],[-119.26092,34.47167],[-119.26107,34.47148],[-119.26112,34.47147],[-119.26118,34.47149],[-119.26127,34.47152],[-119.26148,34.47153],[-119.26203,34.47179],[-119.26209,34.47178],[-119.26232,34.47182],[-119.26242,34.47181],[-119.2625,34.47175],[-119.26257,34.47173],[-119.26272,34.47163],[-119.26311,34.47156],[-119.26336,34.47166],[-119.2636,34.47168],[-119.26383,34.47177],[-119.26405,34.47191],[-119.26427,34.47196],[-119.26458,34.47206],[-119.26495,34.47215],[-119.26506,34.47219],[-119.26546,34.47247],[-119.26565,34.47258],[-119.26589,34.47277],[-119.26598,34.47286],[-119.26635,34.4731],[-119.26643,34.4732],[-119.2665,34.47323],[-119.26714,34.47352],[-119.26735,34.47374],[-119.26765,34.47391],[-119.26783,34.47395],[-119.26802,34.47403],[-119.26821,34.47417],[-119.26843,34.4742],[-119.26859,34.47425],[-119.26885,34.47438],[-119.26895,34.47447]]}},{"type":"Feature","properties":{"name":"","c":"path"},"geometry":{"type":"LineString","coordinates":[[-119.2584,34.4801],[-119.2584,34.48008],[-119.25839,34.48006],[-119.25839,34.48004],[-119.25839,34.48003],[-119.25838,34.48001],[-119.25837,34.47999]]}},{"type":"Feature","properties":{"name":"Cozy Del Spur","c":"track"},"geometry":{"type":"LineString","coordinates":[[-119.26632,34.47603],[-119.26627,34.47614],[-119.26617,34.47647],[-119.26616,34.47656],[-119.26619,34.47685],[-119.26618,34.47712],[-119.26652,34.47766],[-119.26652,34.4778],[-119.26661,34.47807],[-119.26668,34.4782],[-119.26668,34.47856],[-119.26662,34.47873],[-119.26662,34.47896],[-119.26618,34.47996]]}},{"type":"Feature","properties":{"name":"","c":"footway"},"geometry":{"type":"LineString","coordinates":[[-119.2766,34.47475],[-119.27659,34.4748],[-119.27663,34.47483],[-119.27666,34.47487],[-119.27665,34.47496],[-119.27667,34.47503],[-119.27667,34.47511],[-119.27668,34.4752],[-119.27666,34.47529],[-119.2766,34.47537],[-119.27654,34.47543],[-119.27655,34.47555],[-119.27655,34.47567],[-119.27658,34.47572],[-119.27657,34.47583],[-119.27658,34.47588],[-119.27656,34.47594],[-119.27653,34.47596],[-119.27653,34.476],[-119.27648,34.4761],[-119.27644,34.47615],[-119.27644,34.47619],[-119.27634,34.47631],[-119.2763,34.4764],[-119.27624,34.47646],[-119.27616,34.47653],[-119.27614,34.47665],[-119.27613,34.47677],[-119.27619,34.47684],[-119.27626,34.4769],[-119.2763,34.47698],[-119.27642,34.47702],[-119.27655,34.47707],[-119.27663,34.47713],[-119.27674,34.47722],[-119.27689,34.47729],[-119.27705,34.47735],[-119.27722,34.47737],[-119.2773,34.47738],[-119.27737,34.47741],[-119.27746,34.47746],[-119.27759,34.47751],[-119.27774,34.47754],[-119.27787,34.47757],[-119.278,34.47759],[-119.27814,34.4776],[-119.2782,34.47762],[-119.27833,34.47766],[-119.27846,34.47766],[-119.2785,34.47766],[-119.27854,34.47764],[-119.27856,34.47759],[-119.2786,34.47758],[-119.27864,34.47752],[-119.27869,34.4775],[-119.27881,34.47736],[-119.27888,34.4773],[-119.27893,34.47728],[-119.27896,34.47725],[-119.27905,34.47724],[-119.27918,34.47718],[-119.27927,34.47715],[-119.27938,34.47711],[-119.27945,34.47708],[-119.27956,34.47705],[-119.27971,34.47697],[-119.27978,34.47696],[-119.27985,34.47695],[-119.27995,34.47691],[-119.28,34.47688],[-119.28008,34.47687],[-119.28016,34.47686],[-119.28026,34.47684],[-119.28031,34.47683],[-119.28049,34.47686],[-119.28056,34.47689],[-119.2807,34.47691],[-119.28075,34.47689],[-119.28081,34.4769],[-119.28084,34.47689],[-119.28086,34.47685],[-119.28085,34.47682],[-119.28089,34.47679],[-119.28093,34.47673],[-119.28096,34.47672],[-119.28098,34.47669],[-119.28101,34.47668],[-119.28106,34.47662],[-119.28109,34.47658],[-119.2811,34.47654],[-119.2811,34.4765],[-119.28111,34.47647],[-119.28113,34.47635],[-119.28114,34.47624],[-119.28117,34.47608],[-119.28121,34.47602],[-119.28123,34.47597],[-119.28126,34.47589],[-119.28127,34.47585],[-119.28131,34.47579],[-119.28131,34.47573],[-119.28133,34.47568]]}},{"type":"Feature","properties":{"name":"","c":"footway"},"geometry":{"type":"LineString","coordinates":[[-119.2766,34.47475],[-119.27657,34.47471],[-119.27654,34.47464],[-119.27652,34.47461],[-119.27649,34.47459],[-119.27646,34.47453],[-119.27639,34.47448],[-119.27633,34.47441],[-119.2763,34.47438],[-119.27628,34.47437],[-119.27629,34.47433],[-119.27623,34.47427],[-119.27618,34.47422],[-119.27612,34.4742],[-119.27605,34.47422]]}},{"type":"Feature","properties":{"name":"","c":"track"},"geometry":{"type":"LineString","coordinates":[[-119.27642,34.47038],[-119.27653,34.47026],[-119.2767,34.47012],[-119.27686,34.47002],[-119.27711,34.46994],[-119.27748,34.46981]]}},{"type":"Feature","properties":{"name":"","c":"path"},"geometry":{"type":"LineString","coordinates":[[-119.27491,34.4708],[-119.27514,34.47077],[-119.27521,34.47081],[-119.27524,34.47082],[-119.27528,34.47083],[-119.2753,34.47083],[-119.27533,34.47082],[-119.27548,34.47075],[-119.27567,34.47068],[-119.27605,34.47055],[-119.27626,34.47047],[-119.27634,34.47044],[-119.27642,34.47038]]}},{"type":"Feature","properties":{"name":"Cozy Del","c":"track"},"geometry":{"type":"LineString","coordinates":[[-119.28239,34.46569],[-119.28204,34.46582],[-119.28127,34.46623],[-119.28094,34.46639],[-119.28053,34.46684],[-119.27952,34.46756],[-119.279,34.46805],[-119.27871,34.46821],[-119.27844,34.46863],[-119.27821,34.46881],[-119.27755,34.46922],[-119.27738,34.46934],[-119.27722,34.46951],[-119.2771,34.46951],[-119.27698,34.46954],[-119.27684,34.46961],[-119.27662,34.4697],[-119.27654,34.46973],[-119.27648,34.46977],[-119.27641,34.46982],[-119.27639,34.46984],[-119.27634,34.46989],[-119.27624,34.46995],[-119.27621,34.46997],[-119.27613,34.46998],[-119.27588,34.47001],[-119.27575,34.47004],[-119.27564,34.47009],[-119.27559,34.47012],[-119.27545,34.4702],[-119.27537,34.47026],[-119.27523,34.47039],[-119.27504,34.4706],[-119.27491,34.4708],[-119.2749,34.47081],[-119.27487,34.47085],[-119.27481,34.47088],[-119.27467,34.47096],[-119.27448,34.47104],[-119.27439,34.47112],[-119.2743,34.4713],[-119.2742,34.47142],[-119.2741,34.47152],[-119.27401,34.47161],[-119.27388,34.47175],[-119.27376,34.47186],[-119.27361,34.47199],[-119.27359,34.47201],[-119.27357,34.47205],[-119.27355,34.47209],[-119.27354,34.47213],[-119.27351,34.4723],[-119.27348,34.47243],[-119.27348,34.47245],[-119.27345,34.47248],[-119.27334,34.47254],[-119.27329,34.47258],[-119.27322,34.47264],[-119.27312,34.47274],[-119.27304,34.47284],[-119.273,34.4729],[-119.27297,34.47297],[-119.27296,34.47303],[-119.27292,34.4731],[-119.27287,34.47317],[-119.27285,34.47319],[-119.27281,34.47321],[-119.27275,34.47326],[-119.27271,34.4733],[-119.27262,34.47342],[-119.27258,34.47351],[-119.27257,34.47356],[-119.27253,34.47363],[-119.27248,34.4737],[-119.27232,34.4739],[-119.27226,34.47397],[-119.27221,34.474],[-119.27217,34.47401],[-119.27211,34.47402],[-119.27195,34.47403],[-119.27185,34.47404],[-119.27154,34.47406],[-119.27145,34.47408],[-119.27135,34.47414],[-119.27131,34.47416],[-119.27128,34.47417],[-119.27124,34.47417],[-119.27116,34.47416],[-119.27109,34.47415],[-119.27099,34.47412],[-119.27088,34.47411],[-119.27081,34.4741],[-119.27063,34.47414],[-119.27041,34.47413],[-119.27028,34.47415],[-119.27022,34.47417],[-119.27007,34.47426],[-119.26987,34.47442],[-119.2698,34.47445],[-119.26972,34.47445],[-119.26945,34.47444],[-119.26895,34.47447],[-119.26888,34.47448],[-119.26885,34.47449],[-119.2686,34.4747],[-119.26856,34.47472],[-119.26848,34.47474],[-119.26845,34.47475],[-119.26842,34.47476],[-119.2684,34.47479],[-119.2684,34.47481],[-119.26842,34.47497],[-119.26842,34.47501],[-119.26841,34.47504],[-119.26838,34.47507],[-119.26836,34.47508],[-119.26812,34.47518],[-119.26796,34.47524],[-119.26792,34.47526],[-119.2679,34.47528],[-119.26788,34.47532],[-119.26785,34.47538],[-119.26779,34.47563],[-119.26777,34.47567],[-119.26774,34.47571],[-119.26769,34.47574],[-119.26737,34.47592],[-119.2673,34.47595],[-119.26722,34.47596],[-119.26697,34.47594],[-119.26689,34.47595],[-119.26677,34.47597],[-119.26662,34.47601],[-119.26653,34.47603],[-119.26632,34.47603],[-119.26626,34.47602],[-119.26614,34.47601],[-119.26608,34.476],[-119.26577,34.47594],[-119.26537,34.47589],[-119.26509,34.47584],[-119.265,34.47582],[-119.26491,34.47579],[-119.26468,34.47569],[-119.26452,34.4756],[-119.26446,34.47558],[-119.26437,34.47556],[-119.26429,34.47556],[-119.26406,34.47558],[-119.26351,34.47561],[-119.26337,34.47561],[-119.26328,34.47559],[-119.26291,34.47551],[-119.26247,34.47537],[-119.26227,34.47531],[-119.26216,34.47529],[-119.26203,34.47528],[-119.26191,34.47527],[-119.26173,34.47527],[-119.26145,34.47529],[-119.26133,34.47529],[-119.26126,34.47527],[-119.26123,34.47525],[-119.2611,34.47516],[-119.26106,34.47513],[-119.26091,34.475],[-119.26079,34.47489],[-119.26064,34.47472],[-119.26058,34.47468],[-119.26051,34.47464],[-119.26045,34.47463],[-119.2604,34.47462],[-119.2603,34.47463],[-119.26023,34.47464],[-119.2602,34.47465],[-119.26008,34.4747],[-119.26005,34.47471],[-119.26,34.47472],[-119.25997,34.47471],[-119.25992,34.47469],[-119.25977,34.47455],[-119.2596,34.4744],[-119.25956,34.47436],[-119.25949,34.47432],[-119.2594,34.47429],[-119.25925,34.47425],[-119.25897,34.47418],[-119.25892,34.47416],[-119.2589,34.47415],[-119.25886,34.4741],[-119.25885,34.47405],[-119.25887,34.47399],[-119.25888,34.47397],[-119.25891,34.47396],[-119.25894,34.47394],[-119.25906,34.47391],[-119.25911,34.47389],[-119.25912,34.47388],[-119.25912,34.47383],[-119.25912,34.47381],[-119.2591,34.47378],[-119.25907,34.47377],[-119.25897,34.47376],[-119.25862,34.4738],[-119.25851,34.47379],[-119.25846,34.47378],[-119.25839,34.47376],[-119.25822,34.47366],[-119.25816,34.47364],[-119.25812,34.47363],[-119.25805,34.47365],[-119.25797,34.47368],[-119.25793,34.47369],[-119.25777,34.4737],[-119.25766,34.4737],[-119.25762,34.47371],[-119.25761,34.47372],[-119.25761,34.47374],[-119.25762,34.47376],[-119.25774,34.47386],[-119.2578,34.47392],[-119.25794,34.47413],[-119.25804,34.47427],[-119.25807,34.47432],[-119.25808,34.47437],[-119.25807,34.47446],[-119.25808,34.47453],[-119.2581,34.4746],[-119.25814,34.47467],[-119.2582,34.47475],[-119.25828,34.47482],[-119.25831,34.47485],[-119.25838,34.47495],[-119.25841,34.47498],[-119.25872,34.47521],[-119.25875,34.47523],[-119.25881,34.47525],[-119.25883,34.47526],[-119.25912,34.47557],[-119.25914,34.47561],[-119.25916,34.47567],[-119.25915,34.4757],[-119.25911,34.47576],[-119.25906,34.47579],[-119.2589,34.4759],[-119.25874,34.47598],[-119.25819,34.47624],[-119.25794,34.47636],[-119.25787,34.47639],[-119.2578,34.47641],[-119.25774,34.47642],[-119.25768,34.47643]]}},{"type":"Feature","properties":{"name":"","c":"track"},"geometry":{"type":"LineString","coordinates":[[-119.27751,34.46247],[-119.27778,34.46222],[-119.27784,34.46211],[-119.27788,34.46203],[-119.27793,34.46189],[-119.27796,34.46178],[-119.278,34.46165],[-119.27803,34.46159],[-119.27825,34.46133],[-119.27855,34.46101],[-119.2787,34.46089],[-119.27892,34.46079]]}},{"type":"Feature","properties":{"name":"","c":"track"},"geometry":{"type":"LineString","coordinates":[[-119.27647,34.45642],[-119.27644,34.45696],[-119.27644,34.45699],[-119.27643,34.45768],[-119.27643,34.4582],[-119.27643,34.45862],[-119.27643,34.45954],[-119.27643,34.45986],[-119.27642,34.46063],[-119.2764,34.46088],[-119.27638,34.46093],[-119.27633,34.461],[-119.27614,34.46122],[-119.27596,34.4614],[-119.27561,34.46175],[-119.27541,34.46199],[-119.27525,34.46214],[-119.27513,34.46221],[-119.27507,34.46223],[-119.27484,34.46228],[-119.27467,34.46237],[-119.27455,34.46245],[-119.27444,34.46256],[-119.27427,34.46279],[-119.27425,34.46281],[-119.27419,34.46289],[-119.27412,34.46299],[-119.27409,34.46308],[-119.27406,34.46318],[-119.27405,34.46324],[-119.27404,34.46336],[-119.27403,34.46355],[-119.27404,34.4636]]}},{"type":"Feature","properties":{"name":"","c":"track"},"geometry":{"type":"LineString","coordinates":[[-119.26709,34.46027],[-119.26657,34.46027],[-119.26632,34.46027],[-119.26628,34.46028],[-119.26622,34.46029],[-119.26613,34.46034],[-119.26566,34.46064],[-119.26559,34.46067],[-119.26557,34.46068],[-119.2655,34.46068],[-119.26497,34.46065],[-119.26485,34.46062],[-119.26474,34.46058],[-119.26464,34.46053],[-119.26448,34.46049],[-119.26439,34.46043],[-119.26432,34.46033],[-119.26415,34.46005],[-119.26405,34.4599]]}},{"type":"Feature","properties":{"name":"","c":"track"},"geometry":{"type":"LineString","coordinates":[[-119.26668,34.45881],[-119.26664,34.45882],[-119.26651,34.45882],[-119.26622,34.45881],[-119.26516,34.45875],[-119.26416,34.45864],[-119.26403,34.45864],[-119.26388,34.45874],[-119.26381,34.45882],[-119.2638,34.45893],[-119.26382,34.45899],[-119.26388,34.45908],[-119.26391,34.45912],[-119.26394,34.45915],[-119.26403,34.45919],[-119.26414,34.45922],[-119.26431,34.45922],[-119.26447,34.45923],[-119.26455,34.45926],[-119.26462,34.4593],[-119.26467,34.45935],[-119.26468,34.45941],[-119.26465,34.45947],[-119.2646,34.45954],[-119.26452,34.45963],[-119.26442,34.45972],[-119.26431,34.4598],[-119.26419,34.45985],[-119.26405,34.4599],[-119.26388,34.45992],[-119.26376,34.45995],[-119.26362,34.45998],[-119.26346,34.45998],[-119.26335,34.45998]]}},{"type":"Feature","properties":{"name":"","c":"track"},"geometry":{"type":"LineString","coordinates":[[-119.26141,34.46272],[-119.26108,34.46272],[-119.26101,34.46273],[-119.26089,34.46275],[-119.26084,34.46278],[-119.26074,34.46284],[-119.26063,34.46293],[-119.26039,34.46311],[-119.26021,34.46327],[-119.26012,34.46334],[-119.26007,34.46336],[-119.26002,34.46338],[-119.25996,34.46339],[-119.25991,34.46338],[-119.25985,34.46337],[-119.25979,34.46335],[-119.25972,34.46332],[-119.25959,34.46323],[-119.25944,34.46313],[-119.25923,34.46302],[-119.25895,34.46288],[-119.25882,34.46284],[-119.25875,34.46282],[-119.25863,34.4628],[-119.25854,34.4628],[-119.25846,34.46277]]}},{"type":"Feature","properties":{"name":"","c":"footway"},"geometry":{"type":"LineString","coordinates":[[-119.25303,34.46882],[-119.25299,34.46879],[-119.25298,34.46878],[-119.25292,34.46875],[-119.25279,34.46873],[-119.25277,34.46874],[-119.25275,34.46877],[-119.25272,34.46878],[-119.25269,34.46878],[-119.25266,34.46877],[-119.25262,34.46879]]}},{"type":"Feature","properties":{"name":"Pratt Trail","c":"path"},"geometry":{"type":"LineString","coordinates":[[-119.2502,34.46022],[-119.2502,34.46016],[-119.25032,34.46002],[-119.25034,34.46002],[-119.25043,34.46003],[-119.25073,34.46042],[-119.25101,34.4608],[-119.25152,34.46124],[-119.25164,34.46127],[-119.25171,34.46125],[-119.25181,34.46133],[-119.25181,34.46138],[-119.25176,34.46141],[-119.25175,34.46145],[-119.25178,34.46148],[-119.252,34.46164],[-119.25228,34.46173],[-119.25241,34.46182],[-119.25246,34.46182],[-119.25254,34.46172],[-119.2526,34.46168],[-119.25274,34.46172],[-119.25278,34.46178],[-119.25274,34.46186],[-119.25269,34.46187],[-119.25267,34.46191],[-119.25268,34.46196],[-119.25278,34.46203],[-119.25284,34.46202],[-119.25289,34.46196],[-119.25295,34.46195],[-119.25314,34.46202],[-119.25345,34.46214],[-119.25371,34.46237],[-119.25377,34.4625],[-119.25379,34.46252],[-119.25389,34.46254],[-119.25392,34.46263],[-119.25407,34.46283],[-119.25435,34.46312],[-119.25457,34.46328],[-119.25479,34.46342],[-119.25475,34.46349],[-119.25474,34.46359],[-119.2547,34.46384],[-119.25469,34.4639],[-119.25464,34.46388],[-119.25456,34.46367],[-119.25451,34.46364],[-119.25446,34.46366],[-119.25447,34.46392],[-119.25443,34.464],[-119.25438,34.46401],[-119.25436,34.46404],[-119.25435,34.46414],[-119.25431,34.46421],[-119.25412,34.46426],[-119.25404,34.46431],[-119.25401,34.46433],[-119.25402,34.46445],[-119.25396,34.46453],[-119.25395,34.46472],[-119.25389,34.46484],[-119.25393,34.46497],[-119.2539,34.46507],[-119.25392,34.46516],[-119.25398,34.46519],[-119.25404,34.46553],[-119.25402,34.46571],[-119.25402,34.46576],[-119.25401,34.46584],[-119.25399,34.46588],[-119.25397,34.46603],[-119.25394,34.46607],[-119.25395,34.46613],[-119.25394,34.46623],[-119.25383,34.46629],[-119.25369,34.4664],[-119.25355,34.4665],[-119.2535,34.4666],[-119.25337,34.46669],[-119.25333,34.46671],[-119.25334,34.46677],[-119.25328,34.46695],[-119.25329,34.46703],[-119.25336,34.46705],[-119.25339,34.46713],[-119.25338,34.46726],[-119.25334,34.46734],[-119.25326,34.46742],[-119.2532,34.46749],[-119.25317,34.46758],[-119.2531,34.4677],[-119.25307,34.4679],[-119.25298,34.46805],[-119.25292,34.46818],[-119.25286,34.46835],[-119.253,34.46855],[-119.25311,34.46861],[-119.25318,34.46866],[-119.25324,34.46877]]}},{"type":"Feature","properties":{"name":"","c":"track"},"geometry":{"type":"LineString","coordinates":[[-119.25049,34.46045],[-119.25059,34.46043],[-119.25062,34.46043],[-119.25067,34.46045],[-119.2507,34.46048],[-119.25073,34.46056],[-119.25082,34.46068],[-119.25093,34.46083],[-119.25105,34.46092],[-119.25109,34.46098],[-119.25111,34.46107],[-119.25112,34.46116],[-119.25118,34.46122],[-119.25129,34.46136],[-119.25132,34.46145],[-119.25135,34.46156],[-119.25142,34.46164],[-119.25155,34.46175],[-119.25164,34.46181]]}},{"type":"Feature","properties":{"name":"","c":"path"},"geometry":{"type":"LineString","coordinates":[[-119.25034,34.46002],[-119.25033,34.45998],[-119.25032,34.45994],[-119.2503,34.45991],[-119.2503,34.4599],[-119.25027,34.45988],[-119.25025,34.45987],[-119.25023,34.45986],[-119.25022,34.45983],[-119.25019,34.45982],[-119.25023,34.45975],[-119.25027,34.45971],[-119.2503,34.45969],[-119.25032,34.45967],[-119.25035,34.45965],[-119.25038,34.45961],[-119.25039,34.45958],[-119.25043,34.45955],[-119.25046,34.45951],[-119.25049,34.45945],[-119.25053,34.4594],[-119.25057,34.45935],[-119.25062,34.45931],[-119.25065,34.45927],[-119.25069,34.45922],[-119.25072,34.4592],[-119.25073,34.45917],[-119.25075,34.45911],[-119.25076,34.45909],[-119.25078,34.45905],[-119.25082,34.459],[-119.25087,34.45886]]}},{"type":"Feature","properties":{"name":"","c":"path"},"geometry":{"type":"LineString","coordinates":[[-119.25076,34.45909],[-119.25068,34.45912],[-119.25059,34.45916],[-119.25039,34.45921],[-119.25034,34.45924],[-119.25026,34.45929],[-119.25021,34.45935],[-119.25023,34.45942],[-119.25023,34.45947],[-119.25024,34.45951],[-119.25021,34.45959],[-119.25017,34.45961],[-119.25011,34.45964],[-119.2501,34.45971],[-119.25004,34.45975],[-119.25001,34.45977],[-119.24996,34.45977],[-119.24988,34.45978],[-119.24985,34.45982],[-119.2498,34.45983],[-119.24971,34.45984],[-119.24965,34.45988],[-119.24954,34.4599],[-119.24947,34.45991],[-119.24933,34.45994],[-119.24925,34.45996],[-119.24919,34.45999],[-119.24912,34.46001],[-119.24905,34.46002]]}},{"type":"Feature","properties":{"name":"Pratt Trail Head","c":"track"},"geometry":{"type":"LineString","coordinates":[[-119.24995,34.46045],[-119.24987,34.46043]]}},{"type":"Feature","properties":{"name":"Pratt Trail Head","c":"track"},"geometry":{"type":"LineString","coordinates":[[-119.24926,34.46038],[-119.24936,34.46038],[-119.24953,34.46039],[-119.24977,34.46044],[-119.24987,34.46043],[-119.24991,34.46033],[-119.24995,34.4603],[-119.25004,34.46025],[-119.25012,34.46022],[-119.2502,34.46022],[-119.25026,34.46025],[-119.25036,34.46032],[-119.25049,34.4604],[-119.25049,34.46045],[-119.25049,34.4605],[-119.25045,34.46055],[-119.25032,34.46059],[-119.25023,34.46059],[-119.25017,34.46054],[-119.25011,34.46047],[-119.25005,34.46046],[-119.24995,34.46045]]}},{"type":"Feature","properties":{"name":"","c":"footway"},"geometry":{"type":"LineString","coordinates":[[-119.24294,34.45748],[-119.24292,34.45753],[-119.24284,34.45777],[-119.24279,34.45788],[-119.24277,34.45794],[-119.24277,34.45797],[-119.24276,34.45812],[-119.24276,34.45839],[-119.24275,34.45877]]}},{"type":"Feature","properties":{"name":"","c":"footway"},"geometry":{"type":"LineString","coordinates":[[-119.24316,34.46071],[-119.24308,34.4607],[-119.24305,34.46069],[-119.24283,34.46068],[-119.24268,34.46068]]}},{"type":"Feature","properties":{"name":"","c":"path"},"geometry":{"type":"LineString","coordinates":[[-119.24557,34.46016],[-119.24558,34.46012],[-119.24558,34.46009],[-119.24559,34.46008],[-119.24561,34.46008],[-119.24563,34.46009],[-119.24565,34.46011],[-119.24566,34.46013],[-119.24565,34.46015],[-119.24562,34.46016],[-119.24559,34.46016]]}},{"type":"Feature","properties":{"name":"","c":"path"},"geometry":{"type":"LineString","coordinates":[[-119.24559,34.46016],[-119.24557,34.46016],[-119.24556,34.46015],[-119.24554,34.46014],[-119.24553,34.46012],[-119.2455,34.4601],[-119.24546,34.46009],[-119.24543,34.46006],[-119.24541,34.46005],[-119.24538,34.46003],[-119.24536,34.46001],[-119.24534,34.45999],[-119.24533,34.45997],[-119.24533,34.45994],[-119.24533,34.45992],[-119.24532,34.45985],[-119.24531,34.4598],[-119.2453,34.45976],[-119.2453,34.45971],[-119.2453,34.45967],[-119.24531,34.45963],[-119.24532,34.45961],[-119.24532,34.45958],[-119.24532,34.45955],[-119.24533,34.45953],[-119.24535,34.45951],[-119.24537,34.4595],[-119.2454,34.4595],[-119.24542,34.45951],[-119.24546,34.45951],[-119.24548,34.45951],[-119.24548,34.45954],[-119.24548,34.45958],[-119.24548,34.45961],[-119.2455,34.45962],[-119.24555,34.45964],[-119.24559,34.45964],[-119.24565,34.45965],[-119.24567,34.45967],[-119.24573,34.45964]]}},{"type":"Feature","properties":{"name":"","c":"footway"},"geometry":{"type":"LineString","coordinates":[[-119.24591,34.46167],[-119.24587,34.46166],[-119.24585,34.46166],[-119.24581,34.46167],[-119.24579,34.46167],[-119.24574,34.46167],[-119.24572,34.46167],[-119.24571,34.46167],[-119.24569,34.4617]]}},{"type":"Feature","properties":{"name":"","c":"footway"},"geometry":{"type":"LineString","coordinates":[[-119.24268,34.46185],[-119.24267,34.46182],[-119.24265,34.46181],[-119.24263,34.4618],[-119.24261,34.4618],[-119.24259,34.46179],[-119.24259,34.46178],[-119.24258,34.46175],[-119.24258,34.46173]]}},{"type":"Feature","properties":{"name":"Fox Canyon Trail","c":"path"},"geometry":{"type":"LineString","coordinates":[[-119.25236,34.47091],[-119.25233,34.47087],[-119.25234,34.47082],[-119.25233,34.47078],[-119.2523,34.47077],[-119.25225,34.47077],[-119.25198,34.47079],[-119.25184,34.47081],[-119.25168,34.47081],[-119.25153,34.47079],[-119.2514,34.47076],[-119.25133,34.47073],[-119.25125,34.47069],[-119.2512,34.47068],[-119.25117,34.4707],[-119.25111,34.47073],[-119.25104,34.47074],[-119.25103,34.47074],[-119.25086,34.47075],[-119.25074,34.47074],[-119.25066,34.4707],[-119.25053,34.4707],[-119.25046,34.4707],[-119.25039,34.47071],[-119.25031,34.47072],[-119.25025,34.47072],[-119.25023,34.47072],[-119.25022,34.47069],[-119.25023,34.47068],[-119.25028,34.47065],[-119.25034,34.47058],[-119.25039,34.47054],[-119.25045,34.47049],[-119.25047,34.47045],[-119.25051,34.47043],[-119.25051,34.47042],[-119.25044,34.47042],[-119.25036,34.47041],[-119.25027,34.47044],[-119.25017,34.47047],[-119.25012,34.47047],[-119.25006,34.47048],[-119.25002,34.47046],[-119.25002,34.47043],[-119.25006,34.47041],[-119.25008,34.47038],[-119.25006,34.47036],[-119.24999,34.47036],[-119.24994,34.47037],[-119.24983,34.47035],[-119.24971,34.47032],[-119.24964,34.47032],[-119.24955,34.47028],[-119.24944,34.47029],[-119.24939,34.47027],[-119.24931,34.47029],[-119.24921,34.4703],[-119.24912,34.47027],[-119.24906,34.47027],[-119.24895,34.47028],[-119.2489,34.47027],[-119.24886,34.47024],[-119.24874,34.47021],[-119.24868,34.47021],[-119.24862,34.47018],[-119.2485,34.4702],[-119.2484,34.4702],[-119.24831,34.47019],[-119.24823,34.47021],[-119.24807,34.47018],[-119.248,34.47017],[-119.24794,34.47021],[-119.24789,34.47024],[-119.24783,34.47025],[-119.24777,34.47023],[-119.24757,34.47022],[-119.24752,34.47021],[-119.24744,34.4702],[-119.24739,34.47022],[-119.24732,34.47028],[-119.24728,34.47031],[-119.2471,34.47037],[-119.24704,34.47041],[-119.24705,34.47036],[-119.24708,34.47031],[-119.2471,34.47028],[-119.24708,34.47024],[-119.24703,34.47019],[-119.24703,34.47017],[-119.24698,34.47012],[-119.24692,34.4701],[-119.24686,34.47008],[-119.24683,34.47006],[-119.24676,34.47006],[-119.24671,34.47003],[-119.24662,34.47004],[-119.24655,34.47004],[-119.24648,34.47003],[-119.24642,34.47001],[-119.24636,34.46998],[-119.24633,34.46994],[-119.24626,34.4699],[-119.24618,34.4699],[-119.24608,34.46988],[-119.246,34.46986],[-119.24594,34.46983],[-119.24587,34.46981],[-119.24583,34.46979],[-119.24578,34.46975],[-119.24573,34.46972],[-119.24564,34.4697],[-119.24555,34.46968],[-119.24551,34.46965],[-119.2455,34.46961],[-119.2455,34.46957],[-119.24554,34.46953],[-119.24559,34.46948],[-119.24565,34.46947],[-119.24571,34.46943],[-119.24573,34.4694],[-119.24573,34.46937],[-119.24574,34.46933],[-119.24577,34.46926],[-119.24581,34.46922],[-119.24586,34.46918],[-119.24591,34.46916],[-119.24597,34.46914],[-119.24601,34.46908],[-119.24602,34.46904],[-119.24604,34.46898],[-119.24605,34.46895],[-119.24611,34.46891],[-119.24615,34.46887],[-119.2462,34.4688],[-119.2462,34.46876],[-119.24622,34.46873],[-119.24625,34.4687],[-119.24625,34.46867],[-119.24621,34.46865],[-119.24618,34.46863],[-119.24618,34.46858],[-119.2462,34.46856],[-119.24625,34.46855],[-119.24627,34.46853],[-119.24631,34.46847],[-119.24633,34.46841],[-119.24634,34.46839],[-119.24635,34.46834],[-119.24638,34.4683],[-119.24642,34.46829],[-119.24649,34.46831],[-119.24657,34.46828],[-119.24661,34.46825],[-119.24665,34.46825],[-119.24671,34.46821],[-119.24678,34.4682],[-119.24686,34.46816],[-119.24695,34.46812],[-119.24701,34.46805],[-119.24698,34.46803],[-119.24691,34.468],[-119.24684,34.468],[-119.2468,34.46797],[-119.24677,34.4679],[-119.2467,34.46784],[-119.24668,34.46779],[-119.24664,34.46775],[-119.24658,34.46774],[-119.2465,34.4677],[-119.24641,34.46769],[-119.24623,34.46771],[-119.24611,34.46771],[-119.24595,34.46769],[-119.2459,34.46769],[-119.24574,34.46766],[-119.24557,34.46762],[-119.24546,34.46756],[-119.24544,34.46752],[-119.24545,34.46747],[-119.24545,34.46745],[-119.2454,34.4675],[-119.24538,34.46754],[-119.24534,34.46759],[-119.24536,34.46763],[-119.24539,34.46766],[-119.24543,34.46771],[-119.24551,34.4678],[-119.24561,34.46792],[-119.24562,34.46795],[-119.24558,34.46797],[-119.24551,34.46797],[-119.24544,34.46797],[-119.24533,34.46792],[-119.24529,34.46793],[-119.24524,34.46796],[-119.24522,34.46795],[-119.2452,34.46792],[-119.24513,34.46791],[-119.24506,34.46791],[-119.245,34.4679],[-119.24493,34.46786],[-119.24489,34.46783],[-119.24486,34.4678],[-119.2448,34.46774],[-119.24479,34.46776],[-119.24481,34.46783],[-119.24484,34.46788],[-119.24482,34.46789],[-119.24478,34.46787],[-119.24474,34.46783],[-119.24466,34.46774],[-119.24462,34.46773],[-119.24462,34.46775],[-119.24462,34.46781],[-119.24464,34.46786],[-119.24466,34.46795],[-119.24462,34.468],[-119.24459,34.46799],[-119.24459,34.46796],[-119.2446,34.46787],[-119.24457,34.46785],[-119.24443,34.46776],[-119.24442,34.46772],[-119.2444,34.46771],[-119.24437,34.46775],[-119.24438,34.46779],[-119.24438,34.46784],[-119.24436,34.46784],[-119.24432,34.46782],[-119.24426,34.46777],[-119.24424,34.46777],[-119.24425,34.4678],[-119.24428,34.46784],[-119.24426,34.46785],[-119.24423,34.46784],[-119.24418,34.46782],[-119.24415,34.46782],[-119.24414,34.46783],[-119.24414,34.46786],[-119.24418,34.46788],[-119.24423,34.46793],[-119.24422,34.46795],[-119.24417,34.468],[-119.24416,34.46806],[-119.24414,34.46807],[-119.24412,34.46804],[-119.24412,34.468],[-119.24412,34.46795],[-119.2441,34.46792],[-119.24401,34.46792],[-119.24396,34.46792],[-119.24389,34.4679],[-119.24384,34.4679],[-119.2438,34.46788],[-119.24378,34.46784],[-119.24376,34.46786],[-119.24375,34.46791],[-119.24373,34.46793],[-119.24371,34.46791],[-119.24367,34.46787],[-119.24365,34.46781],[-119.24369,34.46776],[-119.24373,34.46771],[-119.2438,34.46768],[-119.24389,34.46763],[-119.24393,34.4676],[-119.24399,34.46757],[-119.24404,34.46752],[-119.24419,34.46747],[-119.24421,34.46743],[-119.24426,34.4674],[-119.2443,34.46736],[-119.24435,34.46734],[-119.24439,34.46732],[-119.24441,34.46728],[-119.24442,34.46723],[-119.24443,34.46719],[-119.24439,34.46718],[-119.24437,34.46716],[-119.24431,34.46714],[-119.24429,34.46709],[-119.2443,34.46699],[-119.2443,34.46689],[-119.2443,34.46686],[-119.24433,34.46683],[-119.24437,34.46682],[-119.24446,34.46682],[-119.2445,34.46681],[-119.24455,34.46679],[-119.2446,34.46678],[-119.24463,34.46675],[-119.24469,34.46673],[-119.24472,34.46671],[-119.24471,34.46669],[-119.24469,34.46666],[-119.24465,34.46662],[-119.24465,34.46661],[-119.24462,34.46655],[-119.24461,34.46649],[-119.24457,34.46646],[-119.24458,34.46643],[-119.24458,34.46634],[-119.24455,34.46628],[-119.24449,34.46623],[-119.24443,34.46624],[-119.2444,34.46621],[-119.2444,34.46618],[-119.24443,34.46616],[-119.24446,34.46614],[-119.24445,34.46612],[-119.24441,34.46612],[-119.24437,34.46614],[-119.24433,34.46617],[-119.24431,34.46621],[-119.2443,34.4662],[-119.2443,34.46618],[-119.24433,34.46611],[-119.24438,34.46607],[-119.24442,34.46604],[-119.24446,34.46602],[-119.24451,34.46603],[-119.24453,34.46604],[-119.24454,34.46603],[-119.24452,34.46601],[-119.24448,34.46599],[-119.24444,34.46598],[-119.24441,34.46597],[-119.24434,34.46599],[-119.24429,34.46602],[-119.24424,34.46605],[-119.24416,34.46609],[-119.24412,34.46612],[-119.24409,34.46617],[-119.24408,34.46616],[-119.24407,34.46614],[-119.24408,34.46612],[-119.2441,34.46609],[-119.24418,34.46604],[-119.24423,34.46598],[-119.24425,34.46596],[-119.24429,34.46594],[-119.24427,34.46593],[-119.24423,34.46595],[-119.24417,34.46598],[-119.2441,34.46603],[-119.24398,34.46608],[-119.2439,34.46611],[-119.24387,34.46615],[-119.24385,34.46617],[-119.24382,34.46616],[-119.24378,34.46614],[-119.24377,34.46611],[-119.24378,34.46607],[-119.24382,34.46602],[-119.24387,34.46598],[-119.24393,34.46594],[-119.24401,34.4659],[-119.24401,34.46588],[-119.24398,34.46588],[-119.24387,34.46592],[-119.24366,34.466],[-119.24361,34.46603],[-119.24357,34.46609],[-119.24356,34.46609],[-119.24355,34.46607],[-119.24357,34.466],[-119.24361,34.46591],[-119.24364,34.46588],[-119.24369,34.46585],[-119.24369,34.46584],[-119.24367,34.46583],[-119.24362,34.46585],[-119.24358,34.46586],[-119.24354,34.46587],[-119.24351,34.46587],[-119.24349,34.46586],[-119.2435,34.46583],[-119.24353,34.46578],[-119.24358,34.46571],[-119.2436,34.46569],[-119.24364,34.46568],[-119.24372,34.46565]]}},{"type":"Feature","properties":{"name":"","c":"track"},"geometry":{"type":"LineString","coordinates":[[-119.24343,34.46493],[-119.24344,34.46489],[-119.24343,34.46482]]}},{"type":"Feature","properties":{"name":"","c":"path"},"geometry":{"type":"LineString","coordinates":[[-119.24214,34.46592],[-119.24212,34.46597],[-119.24206,34.46599],[-119.242,34.46599],[-119.24194,34.46595],[-119.24191,34.46588],[-119.24191,34.46579],[-119.24187,34.46569],[-119.24188,34.4656],[-119.24188,34.46552],[-119.24185,34.46546],[-119.2418,34.46546],[-119.24173,34.4655],[-119.24164,34.46555],[-119.24155,34.46561],[-119.24147,34.46564],[-119.24136,34.46567],[-119.24127,34.46569],[-119.24117,34.4657],[-119.24108,34.46569],[-119.241,34.46566],[-119.24091,34.46557],[-119.24087,34.46549],[-119.24086,34.4654],[-119.24084,34.46535],[-119.24078,34.46529],[-119.24073,34.46523],[-119.24072,34.46517],[-119.24073,34.46507],[-119.24074,34.46496],[-119.24074,34.46488],[-119.2407,34.46479],[-119.24062,34.46474],[-119.24053,34.46475],[-119.24045,34.46479],[-119.24037,34.46485],[-119.24031,34.46494],[-119.24029,34.46504],[-119.24029,34.46515],[-119.24024,34.46526],[-119.24019,34.46536],[-119.24015,34.46543],[-119.24006,34.46545]]}},{"type":"Feature","properties":{"name":"","c":"path"},"geometry":{"type":"LineString","coordinates":[[-119.24147,34.46564],[-119.24137,34.4656],[-119.24125,34.46555],[-119.24121,34.46545]]}},{"type":"Feature","properties":{"name":"Luci's Trail","c":"path"},"geometry":{"type":"LineString","coordinates":[[-119.24223,34.46554],[-119.24217,34.46559],[-119.24214,34.46566],[-119.24214,34.46576],[-119.24213,34.46582],[-119.24213,34.4659],[-119.24214,34.46592],[-119.24218,34.4659],[-119.24224,34.46589],[-119.24231,34.46587],[-119.24238,34.46582],[-119.24248,34.46577],[-119.24262,34.46567],[-119.24274,34.46563],[-119.24288,34.46553],[-119.24315,34.46527],[-119.24322,34.46523],[-119.24326,34.46521],[-119.2433,34.46522],[-119.2433,34.46526],[-119.24327,34.46531],[-119.24312,34.46545],[-119.24289,34.46568],[-119.24285,34.46579],[-119.24282,34.46585],[-119.24274,34.46591],[-119.24265,34.466],[-119.24267,34.46602],[-119.24271,34.466],[-119.24271,34.46603],[-119.24269,34.46607],[-119.24255,34.46618],[-119.24253,34.46623],[-119.24258,34.46622],[-119.24262,34.46622],[-119.24269,34.46624],[-119.2427,34.46626],[-119.24268,34.46627],[-119.24259,34.46629],[-119.24258,34.46631],[-119.24269,34.46637],[-119.24268,34.4664],[-119.24256,34.4664],[-119.24254,34.46642],[-119.24261,34.4665],[-119.24263,34.46655],[-119.2426,34.46659],[-119.24257,34.46662],[-119.24247,34.46663],[-119.24238,34.46668],[-119.24238,34.4667],[-119.24245,34.46671],[-119.24249,34.46674],[-119.24248,34.46675],[-119.2424,34.46676],[-119.24238,34.46677],[-119.24244,34.46684],[-119.24245,34.46686],[-119.24234,34.46687],[-119.24233,34.46688],[-119.24236,34.46693],[-119.24236,34.46695],[-119.24231,34.46697],[-119.24227,34.46697],[-119.24226,34.46698],[-119.24229,34.46702],[-119.24229,34.46704],[-119.24226,34.46705],[-119.24222,34.46705],[-119.24223,34.46707],[-119.24224,34.46709],[-119.2422,34.46707],[-119.24219,34.46709],[-119.24223,34.4671],[-119.24225,34.46713],[-119.24223,34.46714],[-119.24218,34.46711],[-119.24216,34.46712],[-119.24216,34.46713],[-119.24222,34.46716],[-119.24222,34.46718],[-119.2422,34.46719],[-119.24215,34.46719],[-119.24212,34.46717],[-119.24213,34.46718],[-119.24215,34.46721],[-119.24211,34.46721],[-119.24207,34.46722],[-119.24204,34.46723],[-119.24204,34.46726],[-119.24208,34.46729],[-119.24207,34.46732],[-119.24203,34.46732],[-119.24204,34.46735],[-119.24201,34.46735],[-119.24198,34.46734],[-119.24196,34.46734],[-119.24195,34.46736],[-119.24193,34.46738],[-119.24189,34.46736],[-119.24186,34.46737],[-119.24185,34.46739],[-119.24182,34.4674],[-119.24181,34.46738],[-119.24178,34.46738],[-119.24177,34.46739],[-119.24177,34.46741],[-119.24178,34.46743],[-119.2418,34.46745],[-119.24181,34.46747],[-119.24181,34.46748],[-119.24178,34.46751],[-119.24168,34.4676],[-119.24161,34.46763],[-119.24157,34.46763],[-119.24148,34.46761],[-119.24132,34.46763],[-119.24123,34.46763],[-119.2411,34.46761],[-119.24094,34.46765],[-119.24081,34.46767],[-119.24059,34.46776],[-119.2406,34.46781],[-119.2406,34.46783],[-119.24059,34.46785],[-119.24064,34.46798],[-119.24066,34.46805],[-119.24064,34.46812],[-119.24062,34.46814],[-119.2406,34.46811],[-119.24058,34.46808],[-119.24055,34.46806],[-119.24051,34.46806],[-119.24042,34.46803],[-119.24032,34.46797],[-119.24025,34.46791],[-119.2402,34.46789],[-119.24015,34.46785],[-119.24007,34.46782],[-119.23998,34.46781],[-119.23985,34.46778],[-119.23979,34.46779],[-119.23968,34.46778],[-119.23963,34.46779],[-119.23957,34.46781],[-119.23947,34.4679],[-119.2394,34.46796],[-119.23938,34.468],[-119.23943,34.468],[-119.2395,34.468],[-119.23957,34.468],[-119.23978,34.46814],[-119.23984,34.46818],[-119.2399,34.46819],[-119.23992,34.46822],[-119.2399,34.46823],[-119.23986,34.46823],[-119.23965,34.4682],[-119.23964,34.46822],[-119.23968,34.46823],[-119.23982,34.4683],[-119.23992,34.4684],[-119.24001,34.46845],[-119.24004,34.46848],[-119.24008,34.46854],[-119.24012,34.46867],[-119.2401,34.46867],[-119.24005,34.46863],[-119.24004,34.46859],[-119.24002,34.46855],[-119.23994,34.4685],[-119.23979,34.46846],[-119.23967,34.46844],[-119.23959,34.46844],[-119.23953,34.46848],[-119.23947,34.46855],[-119.23934,34.46865],[-119.23917,34.46882],[-119.23905,34.46893],[-119.23899,34.46892],[-119.23887,34.46899],[-119.23874,34.46908],[-119.23858,34.46915],[-119.23851,34.46919],[-119.23845,34.46921],[-119.23842,34.46924],[-119.23844,34.46926],[-119.23851,34.46927],[-119.23857,34.46928]]}},{"type":"Feature","properties":{"name":"","c":"path"},"geometry":{"type":"LineString","coordinates":[[-119.23968,34.46778],[-119.23969,34.46774],[-119.23971,34.46772],[-119.2397,34.46771],[-119.23969,34.46769],[-119.23969,34.46767],[-119.2397,34.46764],[-119.23972,34.46763],[-119.23975,34.46762],[-119.23977,34.4676],[-119.23979,34.46755],[-119.2398,34.46753],[-119.23983,34.46751],[-119.23983,34.4675],[-119.23985,34.46747],[-119.23985,34.46744],[-119.23986,34.46743],[-119.23986,34.46741],[-119.23986,34.46738],[-119.23984,34.46735],[-119.23984,34.46734],[-119.23987,34.46731],[-119.2399,34.46729],[-119.23991,34.46727],[-119.23993,34.46727],[-119.23995,34.46726],[-119.23996,34.46725],[-119.23999,34.46724],[-119.24003,34.46723],[-119.24007,34.46723],[-119.24014,34.4672],[-119.2402,34.46719],[-119.24026,34.46718],[-119.24031,34.46716],[-119.2404,34.46713],[-119.24047,34.46713],[-119.24053,34.46713],[-119.24059,34.46716],[-119.24062,34.46716],[-119.24065,34.46715],[-119.24069,34.46717],[-119.24077,34.46721],[-119.24084,34.46723],[-119.24089,34.46725],[-119.24093,34.46726],[-119.24096,34.46728],[-119.24099,34.46728],[-119.24106,34.4673],[-119.24109,34.4673],[-119.24111,34.46731],[-119.24113,34.46731],[-119.24117,34.46732],[-119.24123,34.46733],[-119.24125,34.46733],[-119.24129,34.46734],[-119.2413,34.46736],[-119.24131,34.46737],[-119.24133,34.46737],[-119.24134,34.46738],[-119.24137,34.46738],[-119.24141,34.46739],[-119.24144,34.4674],[-119.24149,34.46741],[-119.24155,34.46742],[-119.24158,34.46743],[-119.24162,34.46744],[-119.24167,34.46745],[-119.2417,34.46746],[-119.24174,34.46746],[-119.24177,34.46747],[-119.24181,34.46747]]}},{"type":"Feature","properties":{"name":"","c":"footway"},"geometry":{"type":"LineString","coordinates":[[-119.2384,34.46593],[-119.23841,34.46598],[-119.23842,34.466],[-119.23843,34.46601],[-119.23843,34.46603],[-119.23842,34.46604],[-119.23842,34.46605],[-119.23844,34.46606],[-119.23846,34.46607],[-119.23848,34.46608],[-119.23849,34.46609],[-119.23848,34.4661],[-119.23846,34.4661],[-119.23843,34.46611],[-119.23843,34.46612],[-119.23841,34.46614],[-119.23838,34.46617],[-119.23835,34.46618],[-119.23834,34.46621],[-119.23834,34.46624],[-119.23834,34.46628],[-119.23834,34.4663]]}},{"type":"Feature","properties":{"name":"","c":"path"},"geometry":{"type":"LineString","coordinates":[[-119.23834,34.4663],[-119.23836,34.46632],[-119.23837,34.46633],[-119.23838,34.46637],[-119.2384,34.46639],[-119.23841,34.46642],[-119.23843,34.46644],[-119.23843,34.46646],[-119.23841,34.46649],[-119.23839,34.4665],[-119.23836,34.46651],[-119.23833,34.46649],[-119.23828,34.46648],[-119.23823,34.46647],[-119.23816,34.46647],[-119.23809,34.46648],[-119.23805,34.46648],[-119.23803,34.4665],[-119.238,34.4665],[-119.23797,34.46649],[-119.23794,34.46648],[-119.23792,34.46649],[-119.2379,34.46652],[-119.23788,34.46653],[-119.23785,34.46652],[-119.23784,34.46651],[-119.23782,34.4665],[-119.23777,34.46646],[-119.23771,34.46644],[-119.23765,34.4664],[-119.23762,34.46639],[-119.2376,34.46635],[-119.23759,34.46631],[-119.23756,34.46628],[-119.23751,34.46624],[-119.23748,34.46622],[-119.23746,34.4662],[-119.23748,34.46616],[-119.2375,34.46608],[-119.2375,34.46602],[-119.23746,34.46598],[-119.23741,34.46598],[-119.23736,34.46599],[-119.2373,34.46596],[-119.23723,34.46595],[-119.2372,34.46592],[-119.23716,34.46588],[-119.23715,34.46583],[-119.23714,34.46575],[-119.23714,34.46567],[-119.23713,34.4656],[-119.23713,34.46553],[-119.23715,34.46544],[-119.2372,34.46536],[-119.23719,34.46532],[-119.23721,34.46527],[-119.23723,34.46526],[-119.23722,34.46521],[-119.23725,34.46513],[-119.23723,34.46508],[-119.23726,34.46502],[-119.2373,34.46499],[-119.23734,34.46491],[-119.23733,34.46488],[-119.23734,34.46481],[-119.23736,34.46475],[-119.23735,34.46473],[-119.23732,34.4647],[-119.23732,34.46468],[-119.23734,34.46464],[-119.2373,34.46463],[-119.23724,34.46462],[-119.23722,34.46462],[-119.23719,34.46462],[-119.23713,34.46463],[-119.23708,34.46465],[-119.23705,34.46464],[-119.23702,34.4646]]}},{"type":"Feature","properties":{"name":"","c":"track"},"geometry":{"type":"LineString","coordinates":[[-119.23847,34.46589],[-119.23847,34.46583],[-119.23858,34.46572],[-119.23865,34.46564],[-119.23872,34.46557],[-119.23883,34.46552],[-119.23888,34.46551],[-119.23892,34.46544],[-119.23893,34.46536],[-119.23886,34.46527],[-119.23872,34.46521],[-119.23865,34.46515],[-119.23867,34.46505],[-119.23865,34.46495],[-119.23858,34.46491],[-119.2385,34.46495],[-119.23838,34.46504],[-119.23831,34.46507],[-119.23823,34.46505],[-119.23818,34.46495],[-119.23818,34.46487],[-119.2382,34.46476],[-119.23828,34.46466],[-119.23834,34.46456],[-119.23838,34.46448],[-119.23835,34.46436],[-119.23828,34.46424],[-119.23827,34.46413]]}},{"type":"Feature","properties":{"name":"Shelf Road","c":"track"},"geometry":{"type":"LineString","coordinates":[[-119.24586,34.46221],[-119.24586,34.46228],[-119.24584,34.46236],[-119.24579,34.46248],[-119.24568,34.46269],[-119.24559,34.46281],[-119.24553,34.46288],[-119.24535,34.46302],[-119.24529,34.46309],[-119.24526,34.46314],[-119.24524,34.46317],[-119.24522,34.46324],[-119.24521,34.4633],[-119.24519,34.4634],[-119.24518,34.46349],[-119.24517,34.46353],[-119.24506,34.46376],[-119.24502,34.46383],[-119.24477,34.46409],[-119.24461,34.46432],[-119.24459,34.46436],[-119.24457,34.46446],[-119.2445,34.46462],[-119.24449,34.46469],[-119.24445,34.4648],[-119.24439,34.46493],[-119.24436,34.46501],[-119.24433,34.46514],[-119.24431,34.4652],[-119.24427,34.46525],[-119.2439,34.46564],[-119.24387,34.46565],[-119.24381,34.46567],[-119.24377,34.46567],[-119.24374,34.46566],[-119.24372,34.46565],[-119.24368,34.46561],[-119.24366,34.46556],[-119.24365,34.46551],[-119.24366,34.46534],[-119.24365,34.46525],[-119.24361,34.46514],[-119.2436,34.46511],[-119.24354,34.46501],[-119.24347,34.46495],[-119.24343,34.46493],[-119.24336,34.46491],[-119.24332,34.46491],[-119.24324,34.46492],[-119.24316,34.46494],[-119.24309,34.46497],[-119.24297,34.46505],[-119.24252,34.46543],[-119.24236,34.46554],[-119.24233,34.46555],[-119.24229,34.46555],[-119.24223,34.46554],[-119.2422,34.46552],[-119.24217,34.46549],[-119.24216,34.46545],[-119.24216,34.4654],[-119.24216,34.46533],[-119.24214,34.46523],[-119.24212,34.46519],[-119.24208,34.46515],[-119.24203,34.46513],[-119.24195,34.46512],[-119.24188,34.46513],[-119.24177,34.46516],[-119.24168,34.46522],[-119.24162,34.46526],[-119.24156,34.46532],[-119.24148,34.46541],[-119.24145,34.46544],[-119.24142,34.46545],[-119.24132,34.46546],[-119.24127,34.46546],[-119.24121,34.46545],[-119.24118,34.46543],[-119.24114,34.46539],[-119.24113,34.46535],[-119.24113,34.46528],[-119.24112,34.46525],[-119.2411,34.46522],[-119.24105,34.46517],[-119.24104,34.46515],[-119.24103,34.46511],[-119.24103,34.46507],[-119.24104,34.46502],[-119.24107,34.46493],[-119.24109,34.46489],[-119.24109,34.46484],[-119.24108,34.46479],[-119.24101,34.46471],[-119.24097,34.46467],[-119.2409,34.46464],[-119.24075,34.46458],[-119.24068,34.46456],[-119.24063,34.46455],[-119.24056,34.46455],[-119.2405,34.46456],[-119.24042,34.46458],[-119.24032,34.46463],[-119.24014,34.46473],[-119.24008,34.46478],[-119.24006,34.46482],[-119.24005,34.46485],[-119.24004,34.46491],[-119.24007,34.46536],[-119.24006,34.46545],[-119.24004,34.4655],[-119.24002,34.46553],[-119.23997,34.46557],[-119.23994,34.46558],[-119.23991,34.46558],[-119.23978,34.46557],[-119.23962,34.46558],[-119.23957,34.46559],[-119.23947,34.46556],[-119.23936,34.46552],[-119.2393,34.46551],[-119.23926,34.46551],[-119.2392,34.46551],[-119.23909,34.46556],[-119.239,34.46562],[-119.23881,34.46569],[-119.2387,34.46575],[-119.23847,34.46589],[-119.2384,34.46593],[-119.23832,34.46597],[-119.2382,34.46603],[-119.23812,34.46607],[-119.23804,34.46608],[-119.23798,34.46608],[-119.23795,34.46608],[-119.23788,34.46605],[-119.23784,34.46602],[-119.2378,34.46597],[-119.2377,34.46584],[-119.23763,34.46575],[-119.23761,34.46571],[-119.23759,34.46563],[-119.23758,34.46552],[-119.23757,34.46544],[-119.23754,34.46536],[-119.23753,34.46529],[-119.23753,34.46523],[-119.23755,34.46517],[-119.23759,34.46503],[-119.23761,34.46494],[-119.2376,34.46485],[-119.23759,34.46477],[-119.23758,34.46469],[-119.23756,34.46463],[-119.23754,34.46457],[-119.23748,34.46451],[-119.23743,34.46449],[-119.2374,34.46447],[-119.23734,34.46447],[-119.23729,34.46448],[-119.23719,34.4645],[-119.23711,34.46455],[-119.23702,34.4646],[-119.23697,34.46464],[-119.23691,34.4647],[-119.23688,34.46475],[-119.23683,34.46482],[-119.23682,34.46485],[-119.23681,34.46489],[-119.2368,34.46494],[-119.2368,34.46503],[-119.23684,34.46518],[-119.23683,34.46522],[-119.23682,34.46527],[-119.2368,34.46531],[-119.23677,34.46536],[-119.23675,34.46538],[-119.23668,34.46542],[-119.23658,34.46545],[-119.23647,34.46548],[-119.23632,34.46557],[-119.23623,34.46561],[-119.23617,34.46562],[-119.23609,34.46563],[-119.23601,34.46562],[-119.23594,34.46559],[-119.23586,34.46554],[-119.2358,34.46553],[-119.23572,34.46554],[-119.23566,34.46555],[-119.2356,34.46557],[-119.23553,34.46557],[-119.23549,34.46556],[-119.23544,34.46553],[-119.2354,34.46549],[-119.23525,34.46534],[-119.23517,34.46529],[-119.23511,34.46528],[-119.23508,34.46528],[-119.23505,34.46528],[-119.235,34.4653],[-119.23496,34.46535],[-119.23491,34.46545],[-119.23488,34.4655],[-119.23482,34.46554],[-119.23475,34.46557],[-119.23455,34.46561],[-119.23448,34.46565],[-119.23444,34.46567],[-119.2344,34.46572],[-119.23437,34.46577],[-119.23437,34.46587],[-119.23437,34.46595],[-119.23436,34.46601],[-119.23432,34.46608],[-119.23424,34.46617],[-119.23416,34.46622],[-119.23408,34.46623],[-119.23403,34.46623],[-119.23396,34.46621],[-119.23381,34.46614],[-119.23373,34.46612],[-119.23361,34.46611],[-119.23349,34.4661],[-119.23334,34.46611],[-119.23329,34.46612],[-119.23322,34.46615],[-119.2331,34.46621],[-119.23304,34.46625],[-119.23294,34.46637],[-119.23289,34.46642],[-119.23285,34.46644],[-119.2328,34.46645],[-119.23278,34.46645],[-119.23272,34.46644],[-119.23268,34.46641],[-119.23257,34.46627],[-119.23254,34.46625],[-119.23251,34.46623],[-119.23244,34.46622],[-119.23239,34.46621],[-119.23228,34.46621],[-119.23214,34.46622],[-119.23202,34.46623],[-119.23192,34.46622],[-119.23185,34.4662],[-119.23182,34.46617],[-119.23178,34.46612],[-119.23175,34.46609],[-119.23172,34.46605],[-119.2317,34.46602],[-119.2317,34.46597],[-119.23171,34.46593],[-119.23171,34.46589],[-119.2317,34.46585],[-119.23169,34.46582],[-119.23165,34.46578],[-119.23157,34.46574],[-119.23147,34.46569],[-119.23141,34.46565],[-119.23125,34.46553],[-119.2312,34.46548],[-119.23117,34.46544],[-119.23116,34.46538],[-119.23116,34.46532],[-119.23117,34.46525],[-119.23119,34.46521],[-119.23122,34.46516],[-119.23133,34.46504],[-119.23135,34.46502],[-119.23136,34.46498],[-119.23135,34.46492],[-119.23131,34.46485],[-119.23126,34.4648],[-119.23114,34.46471],[-119.23105,34.46464],[-119.23095,34.46458],[-119.23077,34.46448],[-119.2307,34.46445],[-119.2306,34.46442],[-119.23054,34.4644],[-119.23049,34.46439],[-119.23041,34.46439],[-119.23033,34.46439],[-119.23027,34.46441],[-119.23018,34.46443],[-119.2301,34.46444],[-119.23,34.46445],[-119.22969,34.46444],[-119.22948,34.46443],[-119.22942,34.46442],[-119.22935,34.46441],[-119.22926,34.4644],[-119.22918,34.4644],[-119.22912,34.46441],[-119.22901,34.46444],[-119.22861,34.46457],[-119.22854,34.46459],[-119.22847,34.46463],[-119.22844,34.46465],[-119.22837,34.46472],[-119.22834,34.46476],[-119.22831,34.46481],[-119.22831,34.46489],[-119.2283,34.46493],[-119.22827,34.46497],[-119.22822,34.465],[-119.22814,34.46504],[-119.22782,34.46514],[-119.22768,34.46518],[-119.2275,34.46521],[-119.22738,34.46521],[-119.2271,34.46522],[-119.22698,34.46518]]}},{"type":"Feature","properties":{"name":"","c":"footway"},"geometry":{"type":"LineString","coordinates":[[-119.23714,34.46291],[-119.2371,34.46279]]}},{"type":"Feature","properties":{"name":"","c":"footway"},"geometry":{"type":"LineString","coordinates":[[-119.23435,34.46199],[-119.23435,34.46185],[-119.23435,34.46157],[-119.23436,34.4613],[-119.23437,34.46103],[-119.23437,34.4608],[-119.23438,34.46015],[-119.23439,34.46014],[-119.23439,34.46013],[-119.2344,34.46012],[-119.23441,34.46012],[-119.23443,34.46011],[-119.23445,34.46011],[-119.23476,34.46012],[-119.23495,34.46012],[-119.23523,34.46013],[-119.23567,34.46014],[-119.23568,34.46015],[-119.2357,34.46015],[-119.23572,34.46016],[-119.23572,34.46017],[-119.23573,34.46018],[-119.23573,34.46019],[-119.23572,34.46032],[-119.23572,34.46065],[-119.23572,34.46066],[-119.23572,34.46067],[-119.23571,34.46068],[-119.2357,34.46068],[-119.23569,34.46069],[-119.23567,34.46069],[-119.23554,34.46069],[-119.23541,34.46069],[-119.23537,34.46069],[-119.23533,34.46068],[-119.2353,34.46067],[-119.23526,34.46066],[-119.23521,34.46065],[-119.2352,34.46065],[-119.23516,34.46064],[-119.23513,34.46064],[-119.2351,34.46064],[-119.23508,34.46064],[-119.23507,34.46064],[-119.23504,34.46066],[-119.23502,34.46067],[-119.235,34.46068],[-119.23499,34.4607],[-119.23499,34.46073],[-119.23499,34.46076],[-119.235,34.46078],[-119.23501,34.4608],[-119.23503,34.46082],[-119.23504,34.46083],[-119.23504,34.46084],[-119.23506,34.46085],[-119.23508,34.46086],[-119.23511,34.46086],[-119.23515,34.46086],[-119.23519,34.46085],[-119.2352,34.46084],[-119.23522,34.46084],[-119.23527,34.46083],[-119.23531,34.46082],[-119.23534,34.46082],[-119.23537,34.46081],[-119.2354,34.46081],[-119.23545,34.46081],[-119.23547,34.46081],[-119.23549,34.46081],[-119.23567,34.46082],[-119.23569,34.46082],[-119.23571,34.46083],[-119.23572,34.46084],[-119.23572,34.46085],[-119.23572,34.46109],[-119.23573,34.46111],[-119.23573,34.46132],[-119.23573,34.46133],[-119.23573,34.46134],[-119.23572,34.46135],[-119.2357,34.46136],[-119.23569,34.46137],[-119.23567,34.46137],[-119.23564,34.46137],[-119.23542,34.46137],[-119.23539,34.46137],[-119.23535,34.46137],[-119.23531,34.46136],[-119.23528,34.46135],[-119.23524,34.46135],[-119.2352,34.46133],[-119.23517,34.46133],[-119.23513,34.46132],[-119.2351,34.46132],[-119.23509,34.46132],[-119.23508,34.46132],[-119.23505,34.46133],[-119.23504,34.46133],[-119.23502,34.46134],[-119.235,34.46136],[-119.23499,34.46138],[-119.23498,34.46139],[-119.23498,34.46141],[-119.23498,34.46143],[-119.23498,34.46145],[-119.23499,34.46147],[-119.23501,34.46149],[-119.23502,34.4615],[-119.23503,34.46151],[-119.23506,34.46152],[-119.23508,34.46153],[-119.23509,34.46153],[-119.23511,34.46153],[-119.23513,34.46152],[-119.23516,34.46152],[-119.2352,34.46151],[-119.23523,34.4615],[-119.23528,34.46149],[-119.23531,34.46149],[-119.23535,34.46148],[-119.23541,34.46148],[-119.23544,34.46148],[-119.23547,34.46148],[-119.23566,34.46149],[-119.23569,34.46149],[-119.2357,34.4615],[-119.23572,34.4615],[-119.23573,34.46152],[-119.23573,34.46153],[-119.23573,34.46155],[-119.23573,34.4618],[-119.23573,34.46199],[-119.23573,34.46201],[-119.23572,34.46203],[-119.2357,34.46205],[-119.23568,34.46207],[-119.23567,34.46209],[-119.23567,34.46211],[-119.23566,34.46214],[-119.23567,34.46215],[-119.23567,34.46216],[-119.23568,34.46218],[-119.23569,34.4622],[-119.23571,34.46221],[-119.23573,34.46222],[-119.23576,34.46223],[-119.23578,34.46224],[-119.23581,34.46224],[-119.23582,34.46224],[-119.23583,34.46224],[-119.23586,34.46223],[-119.23588,34.46222],[-119.2359,34.46221],[-119.23592,34.46219],[-119.23593,34.46217],[-119.23594,34.46215],[-119.23594,34.46214],[-119.23595,34.46212],[-119.23594,34.46209],[-119.23593,34.46207],[-119.23591,34.46205],[-119.2359,34.46203],[-119.23588,34.46201],[-119.23588,34.46199],[-119.23588,34.46195],[-119.23588,34.46186],[-119.23588,34.46159],[-119.23588,34.4613],[-119.23589,34.46111],[-119.23591,34.46108],[-119.23591,34.46103],[-119.23591,34.4608],[-119.23591,34.46058],[-119.23591,34.46034],[-119.23591,34.46021],[-119.23591,34.46019],[-119.23591,34.46017],[-119.23592,34.46016],[-119.23593,34.46015],[-119.23594,34.46015],[-119.2365,34.46015],[-119.23653,34.46015],[-119.23654,34.46016],[-119.23655,34.46018],[-119.23655,34.46021],[-119.23655,34.46038],[-119.23655,34.46062],[-119.23654,34.46072],[-119.23654,34.46112],[-119.23654,34.46121],[-119.23654,34.4616],[-119.23653,34.46185],[-119.23653,34.4621],[-119.23653,34.46234],[-119.23653,34.46239]]}},{"type":"Feature","properties":{"name":"","c":"footway"},"geometry":{"type":"LineString","coordinates":[[-119.23727,34.46016],[-119.23729,34.46016],[-119.2373,34.46016],[-119.23731,34.46017],[-119.23732,34.46017],[-119.23732,34.46019],[-119.23732,34.46021],[-119.23732,34.46039],[-119.23732,34.46063],[-119.23732,34.46072],[-119.23731,34.46096],[-119.23731,34.46122],[-119.23731,34.4616],[-119.23731,34.46191],[-119.2373,34.46193],[-119.23729,34.46194],[-119.23727,34.46194],[-119.23725,34.46194],[-119.23715,34.46194],[-119.23703,34.46194],[-119.23685,34.46194],[-119.23672,34.46194],[-119.23671,34.46193],[-119.2367,34.46193],[-119.23669,34.46192],[-119.23669,34.46191],[-119.23669,34.46159],[-119.23669,34.46137],[-119.23669,34.46097],[-119.23669,34.46088],[-119.2367,34.46063],[-119.2367,34.46039],[-119.2367,34.46018],[-119.2367,34.46017],[-119.23671,34.46016],[-119.23672,34.46016],[-119.23674,34.46015],[-119.23705,34.46016]]}},{"type":"Feature","properties":{"name":"","c":"footway"},"geometry":{"type":"LineString","coordinates":[[-119.24198,34.46204],[-119.24199,34.46202],[-119.24199,34.462],[-119.24198,34.46198],[-119.24198,34.46195],[-119.24198,34.46194],[-119.24198,34.46192],[-119.24198,34.46191],[-119.24197,34.46189],[-119.24195,34.46189],[-119.24193,34.46189],[-119.24191,34.46189],[-119.24187,34.46189],[-119.24186,34.46189],[-119.24184,34.46189],[-119.2418,34.46188],[-119.24177,34.46189],[-119.24175,34.46189],[-119.24173,34.4619],[-119.24173,34.46192],[-119.24174,34.46194],[-119.24174,34.46197],[-119.24173,34.462],[-119.24174,34.46203],[-119.24175,34.46206],[-119.24175,34.46208],[-119.24172,34.46211],[-119.24168,34.46212],[-119.24166,34.4621],[-119.24163,34.46209],[-119.24161,34.46209],[-119.24159,34.46209],[-119.24156,34.46209],[-119.24154,34.4621],[-119.24154,34.46212]]}},{"type":"Feature","properties":{"name":"","c":"footway"},"geometry":{"type":"LineString","coordinates":[[-119.24185,34.4619],[-119.24186,34.46189],[-119.24186,34.46188],[-119.24187,34.46185],[-119.24188,34.46183],[-119.24188,34.46181],[-119.24188,34.46179],[-119.24187,34.46177],[-119.24186,34.46175],[-119.24186,34.46173]]}},{"type":"Feature","properties":{"name":"","c":"footway"},"geometry":{"type":"LineString","coordinates":[[-119.23668,34.46234],[-119.23668,34.46209],[-119.23669,34.46208],[-119.23669,34.46207],[-119.2367,34.46207],[-119.23671,34.46206],[-119.23672,34.46206],[-119.23695,34.46206],[-119.23706,34.46206],[-119.23718,34.46206],[-119.23721,34.46207],[-119.23726,34.46208],[-119.2373,34.46208],[-119.23734,34.46208],[-119.23738,34.46208],[-119.2374,34.46207],[-119.23741,34.46206],[-119.23743,34.46205],[-119.23745,34.46204],[-119.23746,34.46202],[-119.23747,34.46199],[-119.23748,34.46197],[-119.23748,34.46195],[-119.23748,34.46193],[-119.23747,34.46191],[-119.23746,34.46188],[-119.23746,34.46186],[-119.23746,34.46185],[-119.23746,34.46182],[-119.23746,34.46161],[-119.23746,34.46136],[-119.23746,34.46097],[-119.23746,34.46086],[-119.23746,34.46062],[-119.23746,34.4602],[-119.23747,34.46018],[-119.23747,34.46017],[-119.23749,34.46017],[-119.2375,34.46016],[-119.23768,34.46016],[-119.23802,34.46016],[-119.23804,34.46016],[-119.23806,34.46017],[-119.23807,34.46018],[-119.23808,34.46019],[-119.23808,34.46021],[-119.23808,34.46022],[-119.23808,34.46035],[-119.23808,34.46047],[-119.23808,34.46074],[-119.23808,34.46095],[-119.23808,34.46133],[-119.23808,34.46144],[-119.23807,34.46168],[-119.23807,34.46171],[-119.23808,34.46174],[-119.23809,34.46177],[-119.2381,34.4618],[-119.23812,34.46182],[-119.23813,34.46183],[-119.23814,34.46184],[-119.23817,34.46185],[-119.23821,34.46187],[-119.23824,34.46187],[-119.23828,34.46187],[-119.23834,34.46186],[-119.23841,34.46185],[-119.23843,34.46184],[-119.23848,34.46183],[-119.23857,34.46183],[-119.23867,34.46182],[-119.23891,34.46181],[-119.23918,34.4618],[-119.23941,34.46178],[-119.23947,34.46178],[-119.23951,34.46178],[-119.23955,34.46178],[-119.23962,34.46179],[-119.23968,34.46179],[-119.23971,34.46179],[-119.23974,34.46179],[-119.23976,34.46179],[-119.23978,34.46178],[-119.23982,34.46176],[-119.23985,34.46175],[-119.23987,34.46173],[-119.23989,34.46169],[-119.2399,34.46166],[-119.23989,34.46159],[-119.23987,34.46153],[-119.23986,34.46148],[-119.23986,34.46146],[-119.23986,34.46141],[-119.23986,34.46133],[-119.23986,34.46115],[-119.23986,34.46105],[-119.23986,34.46091],[-119.23986,34.46074],[-119.23987,34.46071],[-119.23988,34.46067],[-119.23989,34.46062],[-119.2399,34.46059],[-119.2399,34.46056],[-119.23989,34.46053],[-119.23988,34.4605],[-119.23985,34.46047],[-119.23981,34.46044],[-119.23977,34.46043],[-119.23971,34.46042],[-119.23961,34.46042],[-119.23953,34.46041],[-119.23947,34.46041],[-119.23925,34.46041],[-119.23914,34.46041],[-119.2391,34.46041],[-119.23907,34.46041],[-119.23905,34.4604],[-119.23904,34.46039],[-119.23904,34.46037],[-119.23904,34.46035],[-119.23904,34.4599],[-119.23904,34.45988],[-119.23905,34.45987],[-119.23906,34.45986],[-119.23908,34.45986],[-119.2391,34.45985],[-119.23927,34.45985],[-119.23952,34.45985],[-119.23966,34.45985],[-119.2413,34.45986],[-119.24134,34.45986],[-119.24136,34.45987],[-119.24137,34.45988],[-119.24138,34.4599],[-119.24138,34.45991],[-119.24138,34.45994],[-119.24137,34.45998],[-119.24137,34.46002],[-119.24136,34.46007],[-119.24134,34.46013],[-119.24132,34.46018],[-119.24129,34.46023],[-119.24127,34.46027],[-119.24123,34.46034],[-119.24119,34.46039],[-119.24102,34.46062],[-119.24072,34.46105],[-119.24069,34.4611],[-119.24067,34.46114],[-119.24066,34.46118],[-119.24065,34.46122],[-119.24064,34.46125],[-119.24064,34.4613],[-119.24065,34.46134],[-119.24066,34.46139],[-119.24067,34.46143],[-119.2407,34.46148],[-119.24073,34.46152],[-119.24076,34.46156],[-119.24079,34.4616],[-119.24082,34.46162],[-119.24086,34.46165],[-119.24089,34.46167],[-119.24093,34.46168],[-119.24094,34.46169],[-119.24096,34.4617],[-119.24101,34.46172],[-119.24107,34.46173],[-119.24111,34.46174],[-119.24114,34.46174],[-119.24116,34.46174],[-119.24122,34.46174],[-119.2413,34.46175],[-119.24137,34.46175],[-119.2414,34.46175],[-119.24146,34.46175],[-119.24146,34.46173],[-119.24186,34.46173],[-119.24233,34.46174],[-119.24241,34.46174],[-119.24252,34.46173],[-119.24257,34.46173],[-119.24258,34.46173],[-119.24261,34.46173],[-119.24264,34.46172],[-119.24267,34.4617],[-119.24269,34.46168],[-119.2427,34.46166],[-119.24271,34.46164],[-119.24271,34.46161],[-119.2427,34.46159],[-119.24269,34.46156]]}},{"type":"Feature","properties":{"name":"","c":"footway"},"geometry":{"type":"LineString","coordinates":[[-119.24251,34.46151],[-119.24249,34.46153],[-119.24247,34.46154],[-119.24246,34.46155],[-119.24245,34.46157],[-119.24244,34.46158],[-119.24243,34.46159],[-119.24242,34.46161],[-119.24241,34.46161],[-119.2424,34.46162],[-119.24238,34.46162],[-119.2423,34.46162],[-119.24167,34.46161],[-119.24151,34.46161],[-119.24149,34.46161],[-119.24146,34.46161],[-119.24145,34.4616],[-119.24144,34.46159],[-119.24129,34.46159],[-119.24117,34.46159],[-119.24111,34.46158],[-119.24106,34.46157],[-119.24101,34.46155],[-119.24097,34.46152],[-119.24093,34.46149],[-119.2409,34.46147],[-119.24088,34.46144],[-119.24086,34.4614],[-119.24084,34.46136],[-119.24083,34.46134],[-119.24083,34.46133],[-119.24083,34.46128],[-119.24083,34.46124],[-119.24084,34.46121],[-119.24086,34.46115],[-119.24089,34.46111],[-119.24098,34.46098],[-119.2414,34.4604],[-119.24142,34.46036],[-119.24144,34.46033],[-119.24147,34.46028],[-119.24149,34.46023],[-119.24151,34.46019],[-119.24153,34.46014],[-119.24155,34.46007],[-119.24157,34.45975],[-119.24156,34.45887],[-119.24157,34.45855],[-119.24157,34.45852],[-119.24159,34.4585],[-119.2416,34.45848],[-119.24162,34.45847],[-119.24165,34.45846],[-119.24168,34.45846],[-119.24251,34.45847],[-119.24254,34.45847],[-119.24256,34.45848],[-119.24257,34.45849],[-119.24259,34.4585],[-119.2426,34.45852],[-119.2426,34.45854],[-119.2426,34.4588],[-119.24258,34.45929],[-119.24257,34.45939],[-119.24255,34.45953],[-119.24251,34.45977],[-119.24249,34.45994],[-119.24246,34.46005],[-119.24245,34.46012],[-119.24246,34.46021],[-119.24247,34.46032],[-119.24246,34.46053],[-119.24247,34.46057],[-119.24248,34.46059],[-119.2425,34.46061],[-119.24253,34.46063],[-119.24257,34.46064],[-119.24262,34.46065]]}},{"type":"Feature","properties":{"name":"","c":"footway"},"geometry":{"type":"LineString","coordinates":[[-119.2391,34.45942],[-119.23909,34.45965],[-119.2391,34.45967],[-119.23911,34.45968],[-119.23912,34.45969],[-119.23913,34.4597],[-119.23915,34.4597],[-119.23922,34.4597],[-119.23931,34.4597],[-119.23955,34.4597],[-119.23965,34.4597],[-119.2413,34.45971],[-119.24133,34.45971],[-119.24135,34.45971],[-119.24136,34.4597],[-119.24138,34.45968],[-119.24138,34.45967],[-119.24138,34.45965],[-119.24139,34.45943],[-119.2414,34.45941],[-119.2414,34.45917],[-119.2414,34.45916],[-119.24139,34.45915],[-119.24139,34.45914],[-119.24141,34.45913],[-119.24142,34.45852],[-119.24142,34.4585],[-119.24141,34.45849],[-119.24139,34.45847],[-119.24137,34.45847],[-119.24134,34.45847],[-119.24123,34.45846],[-119.24115,34.45846],[-119.24107,34.45846],[-119.24101,34.45845],[-119.24097,34.45845],[-119.24089,34.45843],[-119.24083,34.45841],[-119.24076,34.45839],[-119.24071,34.45836],[-119.24065,34.45833],[-119.2406,34.4583],[-119.24055,34.45826],[-119.24052,34.45824],[-119.24049,34.45824],[-119.24045,34.45824],[-119.24041,34.45825],[-119.24032,34.45829],[-119.24025,34.45832],[-119.2402,34.45836],[-119.24018,34.45839],[-119.24017,34.45844],[-119.24017,34.4585],[-119.24017,34.4588],[-119.24017,34.45882],[-119.24018,34.45883],[-119.24019,34.45884],[-119.24021,34.45886],[-119.24023,34.45887],[-119.24026,34.45888],[-119.24028,34.4589],[-119.24031,34.45894],[-119.24033,34.45897],[-119.24032,34.459],[-119.24031,34.45904],[-119.24029,34.45907],[-119.24025,34.45909],[-119.24021,34.45911],[-119.24016,34.45912],[-119.24011,34.45911],[-119.24009,34.4591],[-119.24007,34.45909],[-119.24004,34.45907],[-119.24002,34.45903],[-119.24001,34.45899],[-119.24001,34.45894],[-119.24001,34.45888],[-119.24001,34.4588],[-119.24001,34.45842],[-119.24001,34.45839],[-119.24002,34.45834],[-119.24003,34.45831],[-119.24006,34.45826],[-119.2401,34.45821],[-119.24014,34.45816],[-119.24015,34.45816],[-119.24019,34.45812],[-119.24025,34.45809],[-119.2403,34.45807],[-119.24034,34.45806],[-119.24035,34.45805],[-119.24035,34.45803],[-119.24033,34.45799],[-119.24031,34.45793],[-119.24029,34.45786],[-119.24028,34.45781],[-119.24028,34.45777]]}},{"type":"Feature","properties":{"name":"","c":"footway"},"geometry":{"type":"LineString","coordinates":[[-119.23749,34.45806],[-119.23749,34.4581],[-119.23748,34.45848],[-119.23748,34.45854],[-119.23748,34.45873],[-119.23748,34.45882],[-119.23748,34.45887],[-119.23747,34.45918],[-119.23747,34.45922],[-119.23748,34.45935],[-119.23748,34.45945],[-119.23747,34.45971],[-119.23747,34.45979],[-119.23747,34.45983],[-119.23747,34.45999],[-119.23747,34.46001],[-119.23748,34.46002],[-119.2375,34.46002],[-119.23753,34.46002],[-119.23799,34.46003],[-119.23802,34.46002],[-119.23804,34.46001],[-119.23805,34.45999],[-119.23805,34.45998],[-119.23805,34.45995],[-119.23805,34.45991],[-119.23805,34.45987],[-119.23806,34.45983],[-119.23806,34.4598],[-119.23807,34.45977],[-119.23809,34.45974],[-119.23812,34.45972],[-119.23815,34.4597],[-119.23817,34.45969],[-119.23821,34.45968],[-119.23824,34.45967],[-119.23825,34.45967],[-119.23827,34.45967],[-119.23831,34.45967],[-119.23835,34.45967],[-119.2384,34.45968],[-119.23844,34.45969],[-119.2385,34.45969],[-119.23857,34.4597],[-119.23871,34.4597],[-119.23887,34.4597],[-119.23889,34.45969],[-119.23891,34.45969],[-119.23893,34.45967],[-119.23893,34.45966],[-119.23894,34.45964],[-119.23894,34.45946]]}},{"type":"Feature","properties":{"name":"","c":"footway"},"geometry":{"type":"LineString","coordinates":[[-119.23824,34.4599],[-119.23824,34.45988],[-119.23825,34.45987],[-119.23827,34.45986],[-119.23828,34.45985],[-119.23831,34.45985],[-119.23883,34.45985],[-119.23885,34.45986],[-119.23887,34.45987],[-119.23888,34.45988],[-119.23889,34.4599],[-119.23888,34.46128],[-119.23888,34.46152],[-119.23888,34.46164],[-119.23888,34.46166],[-119.23887,34.46167],[-119.23886,34.46168],[-119.23884,34.46169],[-119.23882,34.46169],[-119.23829,34.46172],[-119.23826,34.46171],[-119.23825,34.4617],[-119.23824,34.46168],[-119.23823,34.46166]]}},{"type":"Feature","properties":{"name":"","c":"footway"},"geometry":{"type":"LineString","coordinates":[[-119.23823,34.46166],[-119.23824,34.4599]]}},{"type":"Feature","properties":{"name":"","c":"footway"},"geometry":{"type":"LineString","coordinates":[[-119.23705,34.46016],[-119.23727,34.46016]]}},{"type":"Feature","properties":{"name":"","c":"footway"},"geometry":{"type":"LineString","coordinates":[[-119.23655,34.46],[-119.23655,34.4601],[-119.23654,34.46016]]}},{"type":"Feature","properties":{"name":"","c":"footway"},"geometry":{"type":"LineString","coordinates":[[-119.23655,34.46],[-119.23663,34.46],[-119.23671,34.46],[-119.23671,34.4601],[-119.23671,34.46016]]}},{"type":"Feature","properties":{"name":"","c":"footway"},"geometry":{"type":"LineString","coordinates":[[-119.2349,34.45784],[-119.23493,34.45786],[-119.23497,34.45787],[-119.23501,34.45787],[-119.23552,34.45787],[-119.23559,34.45786],[-119.23567,34.45783],[-119.23573,34.4578],[-119.23578,34.45776],[-119.23582,34.45771],[-119.23583,34.45767],[-119.23583,34.45763],[-119.23586,34.45759],[-119.23589,34.45756],[-119.23591,34.45755],[-119.23594,34.45754],[-119.23598,34.45754],[-119.23622,34.45755],[-119.23654,34.45755],[-119.23655,34.45755],[-119.23656,34.45756],[-119.23657,34.45757],[-119.23657,34.45758],[-119.23657,34.45778],[-119.23656,34.45786],[-119.23656,34.45823],[-119.23656,34.45849],[-119.23656,34.45859],[-119.23656,34.45883],[-119.23656,34.45907],[-119.23655,34.4593],[-119.23655,34.4597],[-119.23655,34.45999],[-119.23655,34.46],[-119.23654,34.46001],[-119.23653,34.46002],[-119.23651,34.46002],[-119.23469,34.45996],[-119.23448,34.45996],[-119.23445,34.45995],[-119.23443,34.45994],[-119.23442,34.45992],[-119.23443,34.45951],[-119.23443,34.4594],[-119.23444,34.45916],[-119.23444,34.45893],[-119.23445,34.45853],[-119.23445,34.45843],[-119.23445,34.45805],[-119.23446,34.45781],[-119.23446,34.45755],[-119.23447,34.45753],[-119.23447,34.45752],[-119.23449,34.4575],[-119.23452,34.4575],[-119.23473,34.45751],[-119.23482,34.45751],[-119.23568,34.45753]]}},{"type":"Feature","properties":{"name":"","c":"footway"},"geometry":{"type":"LineString","coordinates":[[-119.23672,34.45805],[-119.23672,34.4581],[-119.23672,34.45834],[-119.23671,34.45872],[-119.23671,34.45897],[-119.23671,34.45921],[-119.23671,34.45931],[-119.23671,34.45969],[-119.2367,34.45979],[-119.2367,34.45997],[-119.2367,34.45999],[-119.23671,34.46],[-119.23672,34.46001],[-119.23673,34.46002],[-119.23676,34.46002],[-119.23727,34.46002],[-119.2373,34.46002],[-119.23732,34.46001],[-119.23732,34.45999],[-119.23732,34.45978],[-119.23732,34.4593],[-119.23732,34.45921],[-119.23733,34.45898],[-119.23733,34.45859],[-119.23733,34.45849],[-119.23733,34.45811],[-119.23733,34.45808]]}},{"type":"Feature","properties":{"name":"","c":"footway"},"geometry":{"type":"LineString","coordinates":[[-119.23582,34.45771],[-119.23589,34.45772],[-119.23593,34.45786],[-119.23599,34.45808],[-119.23603,34.45821]]}},{"type":"Feature","properties":{"name":"","c":"footway"},"geometry":{"type":"LineString","coordinates":[[-119.23569,34.45799],[-119.23574,34.458],[-119.23577,34.45802],[-119.2358,34.45803],[-119.23583,34.45804],[-119.23586,34.45803],[-119.23589,34.45802],[-119.23591,34.458],[-119.23591,34.45798],[-119.23591,34.45794],[-119.23591,34.45791],[-119.23589,34.45789],[-119.23587,34.45787]]}},{"type":"Feature","properties":{"name":"","c":"footway"},"geometry":{"type":"LineString","coordinates":[[-119.2361,34.45821],[-119.23603,34.45821],[-119.23551,34.45821]]}},{"type":"Feature","properties":{"name":"","c":"footway"},"geometry":{"type":"LineString","coordinates":[[-119.23606,34.45834],[-119.23606,34.45842],[-119.23551,34.45842]]}},{"type":"Feature","properties":{"name":"","c":"footway"},"geometry":{"type":"LineString","coordinates":[[-119.23552,34.45787],[-119.23552,34.45793],[-119.23551,34.45812],[-119.23551,34.45821],[-119.23551,34.45842],[-119.23551,34.45855]]}},{"type":"Feature","properties":{"name":"","c":"footway"},"geometry":{"type":"LineString","coordinates":[[-119.23593,34.45786],[-119.23587,34.45787],[-119.23584,34.45786],[-119.23579,34.45786],[-119.23576,34.45787],[-119.23573,34.45789],[-119.23573,34.45792],[-119.23573,34.45796],[-119.23574,34.458],[-119.23577,34.45803],[-119.23579,34.45806],[-119.2358,34.45808],[-119.23579,34.4581],[-119.23576,34.45811],[-119.23571,34.45812],[-119.23569,34.45812],[-119.23566,34.4581],[-119.23563,34.45808],[-119.23563,34.45805],[-119.23563,34.45802],[-119.23563,34.458],[-119.23565,34.45799],[-119.23569,34.45799]]}},{"type":"Feature","properties":{"name":"","c":"footway"},"geometry":{"type":"LineString","coordinates":[[-119.23551,34.45812],[-119.23481,34.45812]]}},{"type":"Feature","properties":{"name":"","c":"footway"},"geometry":{"type":"LineString","coordinates":[[-119.23427,34.4575],[-119.23425,34.45749],[-119.23422,34.45749],[-119.23385,34.45749],[-119.23362,34.45748],[-119.2336,34.45748],[-119.23358,34.45749],[-119.23357,34.4575],[-119.23356,34.45751],[-119.23356,34.45752],[-119.23356,34.45754],[-119.23355,34.45796],[-119.23355,34.45828],[-119.23354,34.45849],[-119.23354,34.45869],[-119.23354,34.45891],[-119.23353,34.45915],[-119.23353,34.4594],[-119.23353,34.45968],[-119.23352,34.4599],[-119.23352,34.45991],[-119.23353,34.45992],[-119.23353,34.45993],[-119.23354,34.45993],[-119.23355,34.45994],[-119.23356,34.45994],[-119.23358,34.45994],[-119.2337,34.45994],[-119.23418,34.45995],[-119.23419,34.45995],[-119.2342,34.45995],[-119.23421,34.45995],[-119.23422,34.45994],[-119.23423,34.45993],[-119.23424,34.45992],[-119.23424,34.45991],[-119.23424,34.45974],[-119.23425,34.4595],[-119.23425,34.45925],[-119.23425,34.45915],[-119.23426,34.45878],[-119.23426,34.45852],[-119.23427,34.45828],[-119.23427,34.45818],[-119.23428,34.45779],[-119.23428,34.45771],[-119.23428,34.45753],[-119.23428,34.45751]]}},{"type":"Feature","properties":{"name":"","c":"footway"},"geometry":{"type":"LineString","coordinates":[[-119.23298,34.45994],[-119.23302,34.45994],[-119.2333,34.45993],[-119.23333,34.45993],[-119.23335,34.45993],[-119.23336,34.45992],[-119.23337,34.4599],[-119.23337,34.45988],[-119.23337,34.45964],[-119.23338,34.45943],[-119.23338,34.45916],[-119.23339,34.45895],[-119.23339,34.45856],[-119.2334,34.45837],[-119.2334,34.45829],[-119.2334,34.45808],[-119.23341,34.45775],[-119.23341,34.45754],[-119.23341,34.45752],[-119.2334,34.45751],[-119.23339,34.45749],[-119.23338,34.45748],[-119.23335,34.45748],[-119.23312,34.45748],[-119.23303,34.45748]]}},{"type":"Feature","properties":{"name":"un","c":"track"},"geometry":{"type":"LineString","coordinates":[[-119.23304,34.46001],[-119.23296,34.46005],[-119.23286,34.46008],[-119.23277,34.46011],[-119.23264,34.46012],[-119.2325,34.46011],[-119.23249,34.46096]]}},{"type":"Feature","properties":{"name":"","c":"footway"},"geometry":{"type":"LineString","coordinates":[[-119.23506,34.4595],[-119.23506,34.45976]]}},{"type":"Feature","properties":{"name":"","c":"footway"},"geometry":{"type":"LineString","coordinates":[[-119.23506,34.45976],[-119.23504,34.45979],[-119.23501,34.45982],[-119.23496,34.45984],[-119.23491,34.45984],[-119.23486,34.45982],[-119.23483,34.45979],[-119.23482,34.45975],[-119.23482,34.45947],[-119.23484,34.45943],[-119.23487,34.45941],[-119.2349,34.45939],[-119.23494,34.45938],[-119.23498,34.45939],[-119.23501,34.4594],[-119.23503,34.45942],[-119.23505,34.45945],[-119.23505,34.45947],[-119.23506,34.4595]]}},{"type":"Feature","properties":{"name":"","c":"footway"},"geometry":{"type":"LineString","coordinates":[[-119.23304,34.46009],[-119.23419,34.4601],[-119.23421,34.4601],[-119.23423,34.46012],[-119.23423,34.46013],[-119.23424,34.46015],[-119.23424,34.46019],[-119.23423,34.4603],[-119.23423,34.4604],[-119.23422,34.46104],[-119.23422,34.46134],[-119.23421,34.46196],[-119.23421,34.46198]]}},{"type":"Feature","properties":{"name":"","c":"track"},"geometry":{"type":"LineString","coordinates":[[-119.23463,34.46352],[-119.23473,34.46354],[-119.23489,34.46352],[-119.23499,34.46342],[-119.23496,34.46323],[-119.23471,34.46284],[-119.2342,34.46212],[-119.23428,34.462]]}},{"type":"Feature","properties":{"name":"","c":"track"},"geometry":{"type":"LineString","coordinates":[[-119.23505,34.46408],[-119.23496,34.46399],[-119.23485,34.46393],[-119.23476,34.46378],[-119.23466,34.46367],[-119.23463,34.46352],[-119.23453,34.46339],[-119.23444,34.4633],[-119.23416,34.46331],[-119.23406,34.46336],[-119.23404,34.46355],[-119.23411,34.46366],[-119.2342,34.46372],[-119.23432,34.4637]]}},{"type":"Feature","properties":{"name":"","c":"track"},"geometry":{"type":"LineString","coordinates":[[-119.23432,34.4637],[-119.23466,34.46367]]}},{"type":"Feature","properties":{"name":"","c":"track"},"geometry":{"type":"LineString","coordinates":[[-119.23143,34.4608],[-119.23128,34.46097],[-119.2311,34.46131],[-119.23107,34.46166],[-119.23107,34.46271],[-119.23108,34.46286],[-119.2311,34.4629],[-119.23117,34.46292],[-119.23361,34.46293]]}},{"type":"Feature","properties":{"name":"","c":"track"},"geometry":{"type":"LineString","coordinates":[[-119.22906,34.46423],[-119.22901,34.46422],[-119.229,34.4642],[-119.22902,34.46418],[-119.22906,34.46415],[-119.2291,34.46414],[-119.22919,34.46413],[-119.22928,34.46413],[-119.22942,34.46416],[-119.22947,34.46417],[-119.22954,34.46418],[-119.22959,34.46418],[-119.22966,34.46415],[-119.22974,34.46412],[-119.22986,34.46412],[-119.23001,34.4641],[-119.2301,34.46407],[-119.23016,34.46401],[-119.23015,34.4639],[-119.2303,34.4638],[-119.23047,34.46374],[-119.23057,34.4637],[-119.23068,34.46371],[-119.2308,34.46376],[-119.23089,34.46387],[-119.23092,34.46392],[-119.23096,34.46393],[-119.23098,34.46391],[-119.23097,34.46385],[-119.23097,34.46376],[-119.23092,34.46366],[-119.23082,34.46358],[-119.23064,34.46352],[-119.2305,34.46345],[-119.2303,34.46329]]}},{"type":"Feature","properties":{"name":"","c":"track"},"geometry":{"type":"LineString","coordinates":[[-119.22811,34.4613],[-119.23087,34.46134]]}},{"type":"Feature","properties":{"name":"","c":"track"},"geometry":{"type":"LineString","coordinates":[[-119.22811,34.4608],[-119.22579,34.46078]]}},{"type":"Feature","properties":{"name":"","c":"track"},"geometry":{"type":"LineString","coordinates":[[-119.22223,34.4598],[-119.22143,34.45978],[-119.22137,34.45977],[-119.22136,34.45976],[-119.22133,34.45973],[-119.22131,34.45967],[-119.22131,34.45956],[-119.22133,34.45903],[-119.22133,34.45865]]}},{"type":"Feature","properties":{"name":"","c":"track"},"geometry":{"type":"LineString","coordinates":[[-119.21956,34.45934],[-119.21964,34.45921],[-119.2197,34.45913],[-119.21973,34.45909],[-119.2198,34.45896],[-119.21985,34.45877],[-119.21989,34.45861],[-119.21996,34.45848],[-119.22003,34.45838],[-119.22019,34.4583],[-119.22042,34.45823],[-119.22052,34.45822],[-119.22084,34.45826],[-119.22148,34.45828],[-119.22363,34.45832],[-119.22392,34.45831]]}},{"type":"Feature","properties":{"name":"","c":"track"},"geometry":{"type":"LineString","coordinates":[[-119.22211,34.46172],[-119.22218,34.46178],[-119.22224,34.46181],[-119.22257,34.4618],[-119.22263,34.46181],[-119.22272,34.46184],[-119.22373,34.46225],[-119.22381,34.46227]]}},{"type":"Feature","properties":{"name":"","c":"track"},"geometry":{"type":"LineString","coordinates":[[-119.22807,34.46366],[-119.2273,34.46368],[-119.22674,34.46366],[-119.22666,34.46364],[-119.22659,34.46362],[-119.22639,34.46352],[-119.22581,34.46327],[-119.22571,34.46322],[-119.22419,34.46259]]}},{"type":"Feature","properties":{"name":"","c":"track"},"geometry":{"type":"LineString","coordinates":[[-119.22724,34.46352],[-119.22727,34.46343],[-119.22734,34.46337],[-119.22739,34.4633],[-119.2274,34.46314],[-119.22737,34.46302],[-119.22736,34.46291]]}},{"type":"Feature","properties":{"name":"","c":"track"},"geometry":{"type":"LineString","coordinates":[[-119.23058,34.46423],[-119.23054,34.46419],[-119.23049,34.46415],[-119.23043,34.46415],[-119.23038,34.4642],[-119.23029,34.46426],[-119.2302,34.46429],[-119.23011,34.46431],[-119.22996,34.46431],[-119.22979,34.46431],[-119.22971,34.4643],[-119.22954,34.46432],[-119.22944,34.46429],[-119.22929,34.46423],[-119.22923,34.46421],[-119.22913,34.46422],[-119.22906,34.46423],[-119.22897,34.46423],[-119.22891,34.46425],[-119.22881,34.4643],[-119.22874,34.46435],[-119.22858,34.46441]]}},{"type":"Feature","properties":{"name":"","c":"track"},"geometry":{"type":"LineString","coordinates":[[-119.23575,34.46466],[-119.23579,34.46478],[-119.23581,34.46488],[-119.2358,34.46495],[-119.23573,34.46503],[-119.23568,34.46505],[-119.23563,34.46505],[-119.23551,34.46498],[-119.23543,34.46492],[-119.23525,34.46487],[-119.23512,34.46485],[-119.23498,34.46479],[-119.23487,34.46477],[-119.23474,34.4648],[-119.2347,34.46484],[-119.23469,34.4649],[-119.23466,34.46485],[-119.23463,34.46483],[-119.23457,34.46483],[-119.2345,34.46489],[-119.23446,34.46496],[-119.23448,34.46505],[-119.23454,34.46515],[-119.23459,34.46521],[-119.23459,34.46529],[-119.23452,34.46534],[-119.2344,34.46535],[-119.23424,34.46533],[-119.23415,34.46529],[-119.23402,34.46525],[-119.23393,34.46519],[-119.23391,34.46511],[-119.23392,34.46503],[-119.23401,34.46489],[-119.23409,34.46471],[-119.23415,34.46459],[-119.23425,34.46446],[-119.23436,34.46437],[-119.23448,34.4643],[-119.23458,34.46427],[-119.2347,34.46427],[-119.23483,34.46429],[-119.23501,34.46433],[-119.23517,34.4644],[-119.23532,34.46446],[-119.23541,34.46454],[-119.23548,34.46454],[-119.23558,34.4645],[-119.23562,34.46444],[-119.23562,34.46438]]}},{"type":"Feature","properties":{"name":"","c":"track"},"geometry":{"type":"LineString","coordinates":[[-119.23469,34.4649],[-119.23472,34.46497],[-119.23478,34.46501],[-119.23485,34.46506],[-119.23493,34.46512],[-119.23508,34.46528]]}},{"type":"Feature","properties":{"name":"Fuel Break Road Trail","c":"path"},"geometry":{"type":"LineString","coordinates":[[-119.22613,34.47305],[-119.22611,34.47299],[-119.22603,34.47293],[-119.22596,34.47284],[-119.22588,34.47272],[-119.22578,34.47266],[-119.2257,34.47257],[-119.22564,34.47249],[-119.22561,34.47242],[-119.22561,34.47236],[-119.22562,34.47229],[-119.22568,34.47222],[-119.22575,34.47216],[-119.22582,34.47205],[-119.2259,34.47194],[-119.22597,34.47189],[-119.22603,34.47186],[-119.22609,34.47184],[-119.22636,34.47184],[-119.22643,34.47182],[-119.22649,34.47178],[-119.22653,34.47171],[-119.22654,34.47168],[-119.22658,34.47161],[-119.22669,34.47147],[-119.22677,34.47145],[-119.22683,34.4715],[-119.22705,34.47167],[-119.22723,34.47187],[-119.22747,34.47205],[-119.22775,34.47232],[-119.22778,34.47238],[-119.2278,34.47255],[-119.22782,34.47261],[-119.22787,34.47267],[-119.22796,34.47274],[-119.22814,34.47294],[-119.22824,34.47301],[-119.22871,34.4733],[-119.22875,34.47334],[-119.22883,34.4735],[-119.22892,34.4736],[-119.22899,34.47363],[-119.22907,34.4736],[-119.22913,34.47353],[-119.22923,34.4735],[-119.2293,34.47352],[-119.22934,34.47357],[-119.22933,34.47373],[-119.22936,34.47379],[-119.22985,34.47406],[-119.22989,34.47407],[-119.23016,34.47406],[-119.2302,34.47401],[-119.23021,34.47394],[-119.23019,34.47372],[-119.2302,34.47365],[-119.23025,34.4736],[-119.23048,34.47347],[-119.23059,34.47339],[-119.23066,34.47338],[-119.23078,34.47343],[-119.23122,34.47369],[-119.23129,34.47372],[-119.23137,34.47371],[-119.23158,34.47361],[-119.23165,34.47361],[-119.23189,34.47366],[-119.23214,34.4736],[-119.23227,34.47354],[-119.23237,34.47343],[-119.23254,34.47325],[-119.23254,34.47321]]}},{"type":"Feature","properties":{"name":"Fuel Break Road Trail","c":"path"},"geometry":{"type":"LineString","coordinates":[[-119.22653,34.47171],[-119.22653,34.47167],[-119.22652,34.47163],[-119.22649,34.4716],[-119.22646,34.47155],[-119.22643,34.47152],[-119.22639,34.47148],[-119.22637,34.47145],[-119.22637,34.47143],[-119.22638,34.47141],[-119.2264,34.4714],[-119.22642,34.47138],[-119.22644,34.47136],[-119.22644,34.47134],[-119.22643,34.47132],[-119.22641,34.4713],[-119.22638,34.47127],[-119.22635,34.47125],[-119.22631,34.47121],[-119.22629,34.47119],[-119.22627,34.47116],[-119.22625,34.47114],[-119.22625,34.47111],[-119.22626,34.47109],[-119.22624,34.47108],[-119.22622,34.47105],[-119.2262,34.47103],[-119.22619,34.471],[-119.22618,34.47097],[-119.22617,34.47095],[-119.22613,34.47093],[-119.22607,34.47091],[-119.22602,34.47089],[-119.22599,34.47088],[-119.22597,34.47087],[-119.22596,34.47084],[-119.22596,34.47082],[-119.22597,34.4708],[-119.22596,34.47078],[-119.22597,34.47077],[-119.22597,34.47075],[-119.22597,34.47073],[-119.22596,34.4707],[-119.22594,34.47068],[-119.22593,34.47066],[-119.22592,34.47064],[-119.22592,34.47062],[-119.22594,34.4706],[-119.226,34.47057],[-119.22601,34.47056],[-119.22603,34.47056],[-119.22605,34.47056],[-119.22608,34.47058],[-119.22611,34.4706],[-119.22614,34.47062],[-119.22618,34.47064],[-119.2262,34.47064],[-119.22623,34.47064],[-119.22626,34.47063],[-119.22629,34.47062],[-119.22631,34.4706],[-119.22633,34.47057],[-119.22635,34.47056],[-119.22637,34.47055],[-119.22641,34.47055],[-119.22646,34.47056],[-119.2265,34.47056],[-119.22653,34.47056],[-119.22656,34.47056],[-119.22662,34.47056],[-119.22668,34.47057],[-119.22673,34.47057],[-119.22676,34.47057],[-119.22681,34.47056],[-119.22684,34.47055],[-119.2269,34.47054],[-119.22696,34.47053],[-119.22701,34.47052],[-119.22709,34.47052],[-119.22714,34.47052],[-119.22719,34.47054],[-119.22723,34.47054],[-119.22729,34.47054],[-119.22733,34.47052],[-119.22739,34.47052],[-119.22745,34.47052],[-119.22753,34.47053],[-119.22759,34.47054],[-119.22764,34.47056],[-119.2277,34.47057],[-119.22775,34.47058],[-119.22782,34.47058],[-119.2279,34.47061],[-119.22794,34.47063],[-119.22799,34.47064],[-119.22805,34.47066],[-119.22807,34.47068],[-119.2281,34.47068],[-119.22812,34.47068],[-119.22815,34.47066],[-119.22816,34.47064],[-119.22816,34.47063],[-119.22818,34.4706],[-119.22817,34.47058],[-119.22815,34.47055],[-119.22815,34.47052],[-119.22816,34.47051],[-119.22818,34.4705],[-119.2282,34.47051],[-119.22823,34.47052],[-119.2283,34.47055],[-119.2283,34.47056],[-119.22839,34.4706],[-119.22844,34.47064],[-119.22848,34.47066],[-119.22852,34.47068],[-119.22862,34.47071],[-119.22866,34.47072],[-119.22873,34.47075],[-119.22877,34.47077],[-119.22887,34.47077],[-119.22897,34.47077],[-119.22907,34.47077],[-119.22912,34.47079],[-119.22916,34.4708],[-119.22918,34.47082],[-119.22921,34.47084],[-119.22926,34.47085],[-119.22933,34.47086],[-119.22937,34.47086],[-119.22941,34.47087],[-119.22943,34.4709],[-119.22945,34.47093],[-119.22949,34.47096],[-119.22953,34.47099],[-119.22955,34.47103],[-119.22959,34.47107],[-119.22961,34.47111],[-119.22964,34.47115],[-119.22967,34.47119],[-119.22972,34.47122],[-119.22982,34.47128],[-119.22996,34.47131],[-119.23002,34.47133],[-119.23009,34.47134],[-119.23017,34.47137],[-119.23021,34.4714],[-119.23027,34.47142],[-119.23033,34.47143],[-119.2304,34.47145],[-119.23045,34.47147],[-119.23048,34.47147],[-119.2305,34.47146],[-119.23051,34.47143],[-119.23053,34.47142],[-119.23056,34.47143],[-119.23062,34.47143],[-119.23072,34.47145],[-119.23077,34.47148],[-119.2308,34.4715],[-119.23082,34.47151],[-119.23084,34.4715],[-119.23088,34.47151],[-119.2309,34.47153],[-119.23092,34.47157],[-119.23092,34.47162],[-119.23092,34.47163],[-119.23093,34.47168],[-119.23095,34.47171],[-119.231,34.47174],[-119.23105,34.47176],[-119.23115,34.47178],[-119.23125,34.47181],[-119.23133,34.47182],[-119.23148,34.47181],[-119.23163,34.47183],[-119.23173,34.47181],[-119.23184,34.47179],[-119.23193,34.47178],[-119.23202,34.47178],[-119.2321,34.47177],[-119.23215,34.47174],[-119.23222,34.47175],[-119.23227,34.47175],[-119.23233,34.47174],[-119.23242,34.47174],[-119.23246,34.47175],[-119.2325,34.47176],[-119.23255,34.47176],[-119.2326,34.47174],[-119.2327,34.47173],[-119.23278,34.47172],[-119.23284,34.4717],[-119.23288,34.47171],[-119.23294,34.47173],[-119.23297,34.47174],[-119.23307,34.47174],[-119.2332,34.47174],[-119.23332,34.47173],[-119.23337,34.47173],[-119.23345,34.47172],[-119.23354,34.47174],[-119.23366,34.47174],[-119.23372,34.47174],[-119.23379,34.47172],[-119.23388,34.4717],[-119.23391,34.4717],[-119.23395,34.47171],[-119.23398,34.47172],[-119.23407,34.47174],[-119.23412,34.47174],[-119.23419,34.47174],[-119.23426,34.47173],[-119.23433,34.47173],[-119.23437,34.47173],[-119.23442,34.47173],[-119.23446,34.47176],[-119.2345,34.47176],[-119.23454,34.47175],[-119.2346,34.47176],[-119.23466,34.47176],[-119.23475,34.47175],[-119.23482,34.47176],[-119.23492,34.47179],[-119.23498,34.47183],[-119.23502,34.47185],[-119.23504,34.47186],[-119.23507,34.47185],[-119.23509,34.47185],[-119.23512,34.47185],[-119.23515,34.47187],[-119.2352,34.47191],[-119.23524,34.47194],[-119.23527,34.47198],[-119.23529,34.47201],[-119.2353,34.47203],[-119.2353,34.47205],[-119.2353,34.47208]]}},{"type":"Feature","properties":{"name":"","c":"path"},"geometry":{"type":"LineString","coordinates":[[-119.22872,34.46996],[-119.22869,34.46998],[-119.22866,34.46999],[-119.22864,34.47],[-119.22863,34.47002],[-119.22863,34.47005],[-119.22864,34.47006],[-119.22863,34.47014],[-119.22865,34.47017],[-119.22866,34.4702],[-119.22866,34.47023],[-119.22867,34.47026],[-119.22866,34.47028],[-119.22865,34.47031],[-119.22861,34.47033],[-119.22859,34.47034],[-119.22857,34.47036],[-119.22855,34.47038],[-119.22852,34.47039],[-119.2285,34.47038],[-119.22848,34.47039],[-119.22845,34.4704],[-119.22842,34.4704],[-119.22838,34.4704],[-119.22835,34.47039],[-119.22833,34.4704],[-119.22832,34.47041],[-119.22832,34.47044],[-119.22831,34.47046],[-119.22829,34.47048],[-119.22828,34.47049],[-119.22828,34.47052],[-119.22829,34.47054],[-119.2283,34.47055]]}},{"type":"Feature","properties":{"name":"","c":"track"},"geometry":{"type":"LineString","coordinates":[[-119.2283,34.47267],[-119.22832,34.47278],[-119.22832,34.47288],[-119.22829,34.47296],[-119.22824,34.47301],[-119.22821,34.47305],[-119.22817,34.47309],[-119.22806,34.47322],[-119.22768,34.47337],[-119.22757,34.47336],[-119.22752,34.47336],[-119.22747,34.47332],[-119.22744,34.47329],[-119.22743,34.47325],[-119.22741,34.47321],[-119.22739,34.47308],[-119.22736,34.47304],[-119.22734,34.47302],[-119.22732,34.47302],[-119.22703,34.47302],[-119.22695,34.47301],[-119.22684,34.47297],[-119.22669,34.47288],[-119.2266,34.47286],[-119.22649,34.47283],[-119.2264,34.47279],[-119.22634,34.47276],[-119.2263,34.47272],[-119.22622,34.47263],[-119.22621,34.47256],[-119.22623,34.47248],[-119.22626,34.47245],[-119.22631,34.47236],[-119.22641,34.47225],[-119.22654,34.47215],[-119.22657,34.47212],[-119.22666,34.47205],[-119.22675,34.47196],[-119.22678,34.47191],[-119.22678,34.47185],[-119.22673,34.47178],[-119.22666,34.47172],[-119.22661,34.47166],[-119.22658,34.47161],[-119.22656,34.47154],[-119.22657,34.47147],[-119.22655,34.47136],[-119.22641,34.47115],[-119.22637,34.47106],[-119.22632,34.47089],[-119.22627,34.47083],[-119.22614,34.47074]]}},{"type":"Feature","properties":{"name":"Gridley Canyon Road","c":"track"},"geometry":{"type":"LineString","coordinates":[[-119.22531,34.47067],[-119.22542,34.47074],[-119.22552,34.47077],[-119.22563,34.47079],[-119.2257,34.47083],[-119.22579,34.47092],[-119.22589,34.47097],[-119.22603,34.4711],[-119.2261,34.47119],[-119.22613,34.47127],[-119.22611,34.47156],[-119.22614,34.47166],[-119.22613,34.47176],[-119.22609,34.47184],[-119.22606,34.47189],[-119.22599,34.47199],[-119.22592,34.47209],[-119.22588,34.47215],[-119.22585,34.47218],[-119.22581,34.4722],[-119.22577,34.47221],[-119.22573,34.47224],[-119.22568,34.47229],[-119.22566,34.47235],[-119.22567,34.47245],[-119.22568,34.47248],[-119.22572,34.47252],[-119.22576,34.47257],[-119.22589,34.47268],[-119.226,34.47277],[-119.22605,34.47282],[-119.22608,34.47287],[-119.22612,34.47292],[-119.22613,34.47295],[-119.22614,34.47299],[-119.22613,34.47305]]}},{"type":"Feature","properties":{"name":"Gridley Trail","c":"path"},"geometry":{"type":"LineString","coordinates":[[-119.22378,34.46901],[-119.22393,34.46918],[-119.22397,34.46929],[-119.22394,34.46963],[-119.22397,34.4698],[-119.22393,34.47007],[-119.22396,34.47043],[-119.22396,34.47073],[-119.22384,34.47116],[-119.22388,34.47142],[-119.22387,34.47163],[-119.22391,34.4718],[-119.22407,34.47205],[-119.22414,34.47222],[-119.22416,34.47235],[-119.22412,34.47268],[-119.22412,34.47286],[-119.22406,34.47308],[-119.22402,34.47317],[-119.22392,34.4733],[-119.22379,34.47342],[-119.22373,34.4735],[-119.22369,34.47363],[-119.22368,34.47382],[-119.22372,34.47395],[-119.22369,34.47405],[-119.22359,34.47413],[-119.22344,34.47421],[-119.22336,34.47428],[-119.2233,34.47437],[-119.22327,34.47447]]}},{"type":"Feature","properties":{"name":"Gridley Canyon Road","c":"track"},"geometry":{"type":"LineString","coordinates":[[-119.22613,34.47305],[-119.22612,34.47307],[-119.22611,34.47309],[-119.22608,34.4731],[-119.22606,34.47311],[-119.22602,34.47313],[-119.22596,34.47313],[-119.22587,34.47312],[-119.22561,34.47307],[-119.22556,34.47307],[-119.22543,34.47308],[-119.22536,34.47309],[-119.2252,34.47314],[-119.22491,34.47323],[-119.22482,34.47327],[-119.22471,34.47332],[-119.22429,34.47354],[-119.2241,34.47366],[-119.22406,34.4737],[-119.22405,34.47372],[-119.22403,34.4738],[-119.22402,34.47393],[-119.22401,34.47409],[-119.224,34.47413],[-119.22387,34.47432],[-119.22383,34.47442],[-119.22383,34.47447],[-119.22383,34.47451],[-119.22391,34.47479],[-119.22392,34.47484],[-119.22377,34.47484],[-119.2237,34.4748],[-119.22347,34.47453],[-119.22343,34.47449],[-119.22327,34.47447]]}},{"type":"Feature","properties":{"name":"","c":"track"},"geometry":{"type":"LineString","coordinates":[[-119.22377,34.47484],[-119.22383,34.47498],[-119.22394,34.47508],[-119.22397,34.47509],[-119.22402,34.4751],[-119.22407,34.47509],[-119.2241,34.47507],[-119.22412,34.47499],[-119.22412,34.47485],[-119.22411,34.47474],[-119.22413,34.47467],[-119.22418,34.47461],[-119.2242,34.47457],[-119.22419,34.4745],[-119.22418,34.47442],[-119.2242,34.47436],[-119.22426,34.47431],[-119.22433,34.47428],[-119.22444,34.4743],[-119.22452,34.47433],[-119.22455,34.47435],[-119.22457,34.47438],[-119.22457,34.47442],[-119.22456,34.47446],[-119.22454,34.4745],[-119.22453,34.47456],[-119.22456,34.47473],[-119.2246,34.47491],[-119.22462,34.47495],[-119.22464,34.47499],[-119.22466,34.47502],[-119.22473,34.47508],[-119.22479,34.47513],[-119.22493,34.4753],[-119.22502,34.47539],[-119.22526,34.47567],[-119.22536,34.47581],[-119.2254,34.47589],[-119.22542,34.47612],[-119.22543,34.47617],[-119.22548,34.47623],[-119.22555,34.4763],[-119.22562,34.47639],[-119.22568,34.47648],[-119.22575,34.47661],[-119.22575,34.47666],[-119.22575,34.4767],[-119.22574,34.47674],[-119.22568,34.47684],[-119.22566,34.47688],[-119.22566,34.47691],[-119.22573,34.47714],[-119.22576,34.47727],[-119.22576,34.47729],[-119.22577,34.47731],[-119.22579,34.47741],[-119.22582,34.47764],[-119.22583,34.47766],[-119.22596,34.47776],[-119.226,34.47779],[-119.22605,34.47781],[-119.22609,34.47783],[-119.2263,34.47787],[-119.2264,34.47788],[-119.2265,34.47788],[-119.22656,34.47789],[-119.22663,34.47792],[-119.22671,34.47796],[-119.22677,34.47801]]}},{"type":"Feature","properties":{"name":"Gridley Canyon Road","c":"track"},"geometry":{"type":"LineString","coordinates":[[-119.22327,34.47447],[-119.22325,34.47448],[-119.2232,34.47455],[-119.22319,34.47476],[-119.22315,34.47482],[-119.22302,34.47489],[-119.22285,34.47492],[-119.22274,34.47496],[-119.22263,34.47504],[-119.22258,34.47512],[-119.22254,34.47529],[-119.2225,34.47535],[-119.22244,34.47536],[-119.22238,34.47535],[-119.2223,34.47529],[-119.22218,34.47521],[-119.22212,34.47519],[-119.22204,34.47517],[-119.22194,34.47519],[-119.22181,34.47525],[-119.22172,34.47532],[-119.22159,34.47557],[-119.2214,34.47581],[-119.22136,34.47593],[-119.22138,34.476],[-119.2215,34.47613],[-119.22152,34.47621],[-119.2215,34.47626],[-119.22144,34.4763],[-119.22136,34.47633],[-119.22104,34.47637],[-119.22077,34.47636],[-119.22066,34.47639],[-119.22058,34.47647],[-119.2205,34.47662],[-119.22027,34.47687],[-119.22016,34.4769],[-119.22005,34.47691],[-119.2199,34.47697],[-119.21954,34.47715],[-119.21931,34.4772]]}},{"type":"Feature","properties":{"name":"","c":"path"},"geometry":{"type":"LineString","coordinates":[[-119.22806,34.47322],[-119.2282,34.47352],[-119.22819,34.47377],[-119.22795,34.47397],[-119.2281,34.47428],[-119.22862,34.47474],[-119.2285,34.4753],[-119.22912,34.47568],[-119.22914,34.4759],[-119.2289,34.47608],[-119.2292,34.47665],[-119.22977,34.47727],[-119.23012,34.47754],[-119.23047,34.47769],[-119.23083,34.47802]]}},{"type":"Feature","properties":{"name":"Foothill Trail","c":"path"},"geometry":{"type":"LineString","coordinates":[[-119.24704,34.47041],[-119.24702,34.47044],[-119.24694,34.47047],[-119.24687,34.47048],[-119.24675,34.47054],[-119.24663,34.47056],[-119.24647,34.47064],[-119.24645,34.47068],[-119.24642,34.4707],[-119.24639,34.47067],[-119.2464,34.47063],[-119.24645,34.47059],[-119.24662,34.47046],[-119.24667,34.47042],[-119.24667,34.47038],[-119.24659,34.47039],[-119.24652,34.47044],[-119.24642,34.4705],[-119.2464,34.47048],[-119.24641,34.47046],[-119.24652,34.47038],[-119.24655,34.47035],[-119.24653,34.47033],[-119.2465,34.47033],[-119.24643,34.47036],[-119.24635,34.47043],[-119.2463,34.4705],[-119.24628,34.47051],[-119.24627,34.47048],[-119.24633,34.47036],[-119.24639,34.47032],[-119.24641,34.47028],[-119.24639,34.47027],[-119.24632,34.47029],[-119.24622,34.47037],[-119.24615,34.47044],[-119.24612,34.47048],[-119.24602,34.47055],[-119.24601,34.47061],[-119.24597,34.47066],[-119.24589,34.47069],[-119.24582,34.4707],[-119.24573,34.47069],[-119.24548,34.47078],[-119.24538,34.47079],[-119.24526,34.47078],[-119.24508,34.47081],[-119.24493,34.47086],[-119.2448,34.47095],[-119.24477,34.47096],[-119.24477,34.471],[-119.24478,34.4711],[-119.24476,34.47114],[-119.24469,34.47121],[-119.24466,34.47127],[-119.2446,34.47133],[-119.24455,34.47134],[-119.24449,34.47141],[-119.24448,34.47145],[-119.24446,34.47147],[-119.24441,34.47147],[-119.24436,34.47145],[-119.24426,34.47135],[-119.24413,34.47125],[-119.24401,34.47122],[-119.24396,34.47117],[-119.24391,34.47114],[-119.24375,34.4711],[-119.24362,34.47106],[-119.24346,34.47093],[-119.24335,34.47091],[-119.24325,34.47093],[-119.24312,34.47101],[-119.24304,34.47101],[-119.24296,34.47093],[-119.24288,34.47067],[-119.24271,34.47064],[-119.24259,34.47063],[-119.24248,34.47066],[-119.24239,34.47061],[-119.24229,34.47051],[-119.24205,34.47038],[-119.24186,34.47027],[-119.24173,34.47022],[-119.2416,34.47025],[-119.24151,34.47025],[-119.2414,34.47028],[-119.24131,34.47027],[-119.24125,34.47024],[-119.24117,34.47019],[-119.24106,34.47019],[-119.24101,34.47017],[-119.24084,34.47011],[-119.24044,34.46999],[-119.24028,34.46994],[-119.24012,34.46988],[-119.24,34.46985],[-119.23991,34.46986],[-119.23982,34.46981],[-119.23969,34.46974],[-119.23959,34.46971],[-119.23951,34.46967],[-119.23943,34.46961],[-119.23932,34.46957],[-119.23925,34.46956],[-119.23919,34.46955],[-119.23909,34.46943],[-119.23898,34.46935],[-119.23882,34.46929],[-119.23866,34.46927],[-119.23857,34.46928],[-119.2385,34.46931],[-119.2384,34.46939],[-119.23831,34.46956],[-119.23821,34.46964],[-119.23813,34.46968],[-119.23808,34.46966],[-119.23805,34.46958],[-119.23802,34.46951],[-119.23794,34.46948],[-119.23787,34.46943],[-119.23774,34.46934],[-119.23763,34.46931],[-119.23752,34.46933],[-119.23741,34.46923],[-119.2374,34.46918],[-119.23732,34.46912],[-119.2371,34.46904],[-119.23691,34.46903],[-119.23683,34.46904],[-119.2366,34.46909],[-119.2364,34.46914],[-119.23612,34.46923],[-119.2361,34.4693],[-119.23612,34.46938],[-119.23608,34.46942],[-119.23598,34.46944],[-119.23587,34.46944],[-119.23578,34.46944],[-119.23569,34.46946],[-119.23562,34.46951],[-119.23555,34.4696],[-119.23548,34.46971],[-119.23543,34.46978],[-119.23537,34.46982],[-119.23529,34.46981],[-119.23519,34.46976],[-119.23502,34.46969],[-119.23494,34.46961],[-119.23486,34.46954],[-119.2348,34.46952],[-119.23471,34.46952],[-119.23463,34.46956],[-119.23456,34.46959],[-119.23449,34.46965],[-119.23444,34.46969],[-119.23438,34.4697],[-119.23434,34.46968],[-119.23427,34.46963],[-119.23418,34.46961],[-119.23408,34.46961],[-119.23403,34.46964],[-119.23397,34.46966],[-119.23394,34.46965],[-119.23389,34.46961],[-119.23386,34.46955],[-119.23383,34.46951],[-119.23373,34.46946],[-119.23364,34.46942],[-119.23354,34.46942],[-119.23349,34.46941],[-119.23339,34.46937],[-119.23334,34.46937],[-119.23326,34.46938],[-119.2332,34.46936],[-119.23311,34.46934],[-119.23305,34.46932],[-119.233,34.4693],[-119.23294,34.46929],[-119.23288,34.46926],[-119.23286,34.46924],[-119.2328,34.46922],[-119.23276,34.4692],[-119.23266,34.4692],[-119.2326,34.46922],[-119.23252,34.46922],[-119.23247,34.46921],[-119.23242,34.46922],[-119.23235,34.46928],[-119.2323,34.46929],[-119.23224,34.46931],[-119.23217,34.46932],[-119.23212,34.46931],[-119.23204,34.46934],[-119.232,34.46937],[-119.23195,34.46938],[-119.2319,34.46937],[-119.23184,34.46935],[-119.2318,34.46934],[-119.23176,34.46934],[-119.23174,34.46935],[-119.23172,34.46935],[-119.2317,34.46931],[-119.23162,34.46931],[-119.23146,34.4693],[-119.23136,34.46932],[-119.23124,34.46937],[-119.2312,34.46939],[-119.23113,34.46944],[-119.23104,34.46948],[-119.23061,34.46951],[-119.2305,34.46956],[-119.23033,34.46957],[-119.2302,34.46959],[-119.23002,34.46959],[-119.2299,34.46962],[-119.22981,34.46963],[-119.22969,34.46966],[-119.22953,34.4697],[-119.22935,34.46973],[-119.22923,34.46973],[-119.22911,34.46974],[-119.22898,34.46973],[-119.2289,34.46972],[-119.22887,34.46973],[-119.22886,34.46975],[-119.22887,34.46976],[-119.2289,34.46979],[-119.22898,34.46983],[-119.22904,34.46987],[-119.22907,34.46989],[-119.22906,34.46992],[-119.22903,34.46994],[-119.22895,34.46995],[-119.22884,34.46995],[-119.22872,34.46996],[-119.22842,34.46985],[-119.22817,34.46987],[-119.22798,34.46985],[-119.2278,34.4698],[-119.22761,34.46976],[-119.22746,34.46976],[-119.22717,34.46965],[-119.22702,34.46972],[-119.22674,34.46968],[-119.22662,34.46964],[-119.22633,34.46949],[-119.22618,34.46941],[-119.22603,34.46933],[-119.22585,34.46927],[-119.2257,34.46926],[-119.22563,34.46926],[-119.2255,34.46925],[-119.22539,34.46927],[-119.22532,34.46932],[-119.22529,34.46939],[-119.22523,34.46945],[-119.22518,34.46946],[-119.22507,34.46943]]}},{"type":"Feature","properties":{"name":"Fuel Break Road","c":"track"},"geometry":{"type":"LineString","coordinates":[[-119.2322,34.47323],[-119.23232,34.47326],[-119.2324,34.47327],[-119.23242,34.47327],[-119.23247,34.47325],[-119.2325,34.47323],[-119.23254,34.47321],[-119.23256,34.47318],[-119.23256,34.47316],[-119.23256,34.47305],[-119.23257,34.47299],[-119.23259,34.47296],[-119.23262,34.47292],[-119.23264,34.4729],[-119.23273,34.47286],[-119.23277,34.47283],[-119.2328,34.47279],[-119.23288,34.47271],[-119.23291,34.47267],[-119.23296,34.47264],[-119.23301,34.47263],[-119.23332,34.47265],[-119.23335,34.47265],[-119.23347,34.4727],[-119.23357,34.47275],[-119.23365,34.47279],[-119.23372,34.47283],[-119.23378,34.47285],[-119.23382,34.47285],[-119.23391,34.47285],[-119.23399,34.47284],[-119.23405,34.47282],[-119.2341,34.47279],[-119.23414,34.47278],[-119.23423,34.47271],[-119.23428,34.47265],[-119.23434,34.4726],[-119.23446,34.4725],[-119.23453,34.47243],[-119.23459,34.47238],[-119.23462,34.47234],[-119.23465,34.47229],[-119.23472,34.47219],[-119.23477,34.47213],[-119.23485,34.47201],[-119.23486,34.472],[-119.23489,34.47198],[-119.23497,34.47198],[-119.23505,34.47199],[-119.23515,34.47201],[-119.23521,34.47203],[-119.23527,34.47206],[-119.2353,34.47208],[-119.23537,34.47212],[-119.23559,34.47225],[-119.23568,34.47231],[-119.23587,34.47247],[-119.23589,34.47248],[-119.23591,34.47248],[-119.23595,34.47248],[-119.23598,34.47247],[-119.23599,34.47245],[-119.23601,34.47242],[-119.23603,34.47224],[-119.23604,34.47219],[-119.23607,34.47215],[-119.23614,34.47213],[-119.23618,34.47213],[-119.23623,34.47215],[-119.23629,34.47219],[-119.23634,34.47227],[-119.23639,34.47235],[-119.23645,34.4725],[-119.23647,34.47255],[-119.23652,34.4726],[-119.23657,34.47263],[-119.23684,34.47272],[-119.23707,34.47279],[-119.23709,34.47279],[-119.23712,34.47279],[-119.23718,34.47276],[-119.23755,34.47253],[-119.23786,34.47238],[-119.23803,34.4723],[-119.23817,34.47225],[-119.23821,34.47224],[-119.23826,34.47225],[-119.23847,34.47225],[-119.23852,34.47224],[-119.23854,34.47222],[-119.23859,34.47213],[-119.23865,34.47205],[-119.23868,34.47203],[-119.23872,34.47203],[-119.23876,34.47202],[-119.23882,34.47203],[-119.23901,34.47205],[-119.23935,34.47211],[-119.23944,34.47213],[-119.23976,34.47229],[-119.2398,34.4723],[-119.23987,34.47231],[-119.23993,34.4723],[-119.23999,34.47228],[-119.24001,34.47227],[-119.24019,34.47211],[-119.24028,34.47205],[-119.24039,34.47201],[-119.24043,34.472],[-119.24052,34.47199],[-119.2412,34.47198],[-119.24152,34.47196],[-119.24166,34.47196],[-119.24173,34.47197],[-119.24178,34.47198],[-119.24183,34.47199],[-119.2421,34.47199],[-119.24217,34.47199],[-119.24222,34.472],[-119.24226,34.47203],[-119.24235,34.47211],[-119.24248,34.47223],[-119.24254,34.47224],[-119.2428,34.47228],[-119.24299,34.47231],[-119.24321,34.4724],[-119.24328,34.47243],[-119.24344,34.47257],[-119.24346,34.47258],[-119.24348,34.47259],[-119.24355,34.47258],[-119.24368,34.47254],[-119.24388,34.47252],[-119.24399,34.47254],[-119.24405,34.47256],[-119.24419,34.47264],[-119.24435,34.47271],[-119.24445,34.47277],[-119.24455,34.47283],[-119.24457,34.47286],[-119.24459,34.47296],[-119.24461,34.47299],[-119.24464,34.47302],[-119.24468,34.47303],[-119.24476,34.47302],[-119.24481,34.47301],[-119.24501,34.47293],[-119.24507,34.47292],[-119.24518,34.47292],[-119.24525,34.47293],[-119.24533,34.47299],[-119.24542,34.47308],[-119.24544,34.47309],[-119.24548,34.47311],[-119.2455,34.47311],[-119.24552,34.47311],[-119.24554,34.4731],[-119.24557,34.47308],[-119.2456,34.47305],[-119.24565,34.47293],[-119.24569,34.47287],[-119.24571,34.47285],[-119.2458,34.4728],[-119.24586,34.47279],[-119.24594,34.47278],[-119.24608,34.47282],[-119.24615,34.47283],[-119.24637,34.47284],[-119.24641,34.47286],[-119.24647,34.4729],[-119.24652,34.47298],[-119.24655,34.47299],[-119.24659,34.47301],[-119.24662,34.473],[-119.24665,34.47298],[-119.24676,34.47286],[-119.24688,34.47274],[-119.24702,34.47264],[-119.24713,34.47259],[-119.24723,34.47255],[-119.24733,34.47255],[-119.24737,34.47255],[-119.24745,34.47257],[-119.24749,34.47258],[-119.24764,34.4727],[-119.24779,34.47278],[-119.24789,34.47282],[-119.24797,34.47286],[-119.2482,34.47295],[-119.24826,34.47298],[-119.24832,34.47302],[-119.24834,34.47304],[-119.24835,34.47308],[-119.24834,34.47315],[-119.24831,34.47322],[-119.2483,34.47325],[-119.2483,34.47327],[-119.24832,34.47329],[-119.24834,34.4733],[-119.24849,34.47336],[-119.24858,34.4734],[-119.2486,34.47343],[-119.24861,34.47346],[-119.24862,34.47348],[-119.24862,34.47349],[-119.24861,34.47353],[-119.2485,34.47371],[-119.24849,34.47373],[-119.24848,34.47378],[-119.24846,34.47382],[-119.24842,34.47387],[-119.24836,34.47391],[-119.2483,34.47393],[-119.24827,34.47394],[-119.24824,34.47399],[-119.24816,34.4741],[-119.24815,34.47415],[-119.24814,34.47421],[-119.24813,34.47424],[-119.24814,34.47429],[-119.24815,34.4743],[-119.24819,34.47433],[-119.24824,34.47433],[-119.24832,34.47431],[-119.24847,34.47425],[-119.2485,34.47424],[-119.24866,34.47422],[-119.24869,34.4742],[-119.24877,34.47413],[-119.24886,34.4741],[-119.249,34.47402],[-119.24906,34.474],[-119.24924,34.47401],[-119.24931,34.474],[-119.24939,34.47398],[-119.24943,34.47395],[-119.24949,34.47391],[-119.24953,34.47387],[-119.24959,34.4738],[-119.24965,34.47374],[-119.24971,34.4737],[-119.24989,34.47362],[-119.25,34.47355],[-119.25007,34.4735],[-119.25025,34.47331],[-119.2503,34.47324],[-119.25037,34.47319],[-119.25049,34.47311],[-119.25068,34.473],[-119.25073,34.47297],[-119.25078,34.47296],[-119.25084,34.47296],[-119.2509,34.47297],[-119.25094,34.47298],[-119.25101,34.47301],[-119.25106,34.47303],[-119.25112,34.47307],[-119.25117,34.47311],[-119.25121,34.47314],[-119.25128,34.47324],[-119.25133,34.47332],[-119.25139,34.47338],[-119.25143,34.4734],[-119.25148,34.4734],[-119.25158,34.47339],[-119.25164,34.47337],[-119.25178,34.47332],[-119.25184,34.4733],[-119.25193,34.47329],[-119.25198,34.4733],[-119.25204,34.47333],[-119.25209,34.47336],[-119.25212,34.47339],[-119.25217,34.47348],[-119.25222,34.47361],[-119.25223,34.47364],[-119.25227,34.47368],[-119.2523,34.4737],[-119.25234,34.4737],[-119.25237,34.47369],[-119.25239,34.47368],[-119.25241,34.47368],[-119.25258,34.47376],[-119.25264,34.47378],[-119.25269,34.47379],[-119.25274,34.47378],[-119.25276,34.47378],[-119.25278,34.47378],[-119.25298,34.47385],[-119.25303,34.47385],[-119.25309,34.47385],[-119.25313,34.47383],[-119.25315,34.47382],[-119.25317,34.4738],[-119.2532,34.47373],[-119.25325,34.47358]]}},{"type":"Feature","properties":{"name":"Fox Canyon Trail","c":"path"},"geometry":{"type":"LineString","coordinates":[[-119.24548,34.47078],[-119.2454,34.4708],[-119.24528,34.47084],[-119.24517,34.47087],[-119.24511,34.47093],[-119.24508,34.47097],[-119.24506,34.47102],[-119.2451,34.47109],[-119.24514,34.47117],[-119.2451,34.47125],[-119.24489,34.47149],[-119.24479,34.47155],[-119.24478,34.47162],[-119.24479,34.4717],[-119.24473,34.47173],[-119.24465,34.4718],[-119.24462,34.47191],[-119.24457,34.47196],[-119.24441,34.47205],[-119.2443,34.4722],[-119.2441,34.47231],[-119.24391,34.47244],[-119.24388,34.47252]]}},{"type":"Feature","properties":{"name":"Camino Cielo Road","c":"track"},"geometry":{"type":"LineString","coordinates":[[-119.24211,34.49804],[-119.24217,34.49806],[-119.2422,34.49815],[-119.24216,34.49826],[-119.24212,34.49837],[-119.24211,34.49848],[-119.24208,34.49855],[-119.242,34.49863],[-119.24187,34.4987],[-119.24176,34.49868],[-119.24172,34.49858],[-119.24173,34.49848],[-119.24174,34.49836],[-119.24179,34.49823],[-119.24182,34.49809],[-119.24182,34.49797],[-119.24185,34.49788],[-119.24191,34.49779],[-119.24197,34.4977],[-119.24204,34.49758],[-119.24219,34.49737]]}},{"type":"Feature","properties":{"name":"Gridley Trail","c":"path"},"geometry":{"type":"LineString","coordinates":[[-119.21931,34.4772],[-119.21927,34.47744],[-119.21926,34.47755],[-119.21933,34.47787],[-119.21933,34.47793],[-119.21929,34.47799],[-119.21918,34.47809],[-119.21913,34.47819],[-119.21912,34.47827],[-119.21915,34.47849],[-119.21914,34.47856],[-119.21911,34.47862],[-119.21903,34.47867],[-119.21895,34.47867],[-119.21872,34.47864],[-119.21859,34.47868],[-119.21852,34.47872],[-119.21847,34.47881],[-119.21851,34.47889],[-119.21861,34.47898],[-119.21862,34.47906],[-119.21858,34.47913],[-119.21849,34.47921],[-119.21841,34.47925],[-119.21835,34.47926],[-119.21788,34.47926],[-119.21776,34.4793],[-119.21754,34.47943],[-119.21723,34.47947],[-119.217,34.47955],[-119.21678,34.47961],[-119.21672,34.47964],[-119.21668,34.4797],[-119.21667,34.47974],[-119.21671,34.47982],[-119.21683,34.47991],[-119.21693,34.47997],[-119.21746,34.48012],[-119.21788,34.48032],[-119.21794,34.48037],[-119.21796,34.48043],[-119.21794,34.48047],[-119.21788,34.48052],[-119.2175,34.48068],[-119.21741,34.48073],[-119.21735,34.48082],[-119.21735,34.4809],[-119.21739,34.481],[-119.2175,34.48114],[-119.2177,34.48129],[-119.218,34.48158],[-119.21836,34.48181],[-119.21847,34.48193],[-119.21862,34.48204],[-119.21909,34.48229],[-119.21914,34.48235],[-119.21922,34.48248],[-119.21924,34.48255],[-119.21922,34.48261],[-119.21916,34.48263],[-119.21908,34.48262],[-119.21881,34.48254],[-119.2187,34.48253],[-119.21824,34.48256],[-119.21813,34.48251],[-119.21803,34.48245],[-119.21791,34.48241],[-119.21779,34.48242],[-119.21764,34.48246],[-119.21753,34.4826],[-119.21742,34.4827],[-119.21734,34.48273],[-119.21725,34.48272],[-119.21709,34.48265],[-119.217,34.48258],[-119.21692,34.48247],[-119.21685,34.48233],[-119.21678,34.48226],[-119.21663,34.48218],[-119.21655,34.48216],[-119.21648,34.48216],[-119.21634,34.4822],[-119.21613,34.48234],[-119.21603,34.48235],[-119.2158,34.48228],[-119.21566,34.48227],[-119.21554,34.48231],[-119.21512,34.48252],[-119.21498,34.48262],[-119.21492,34.48271],[-119.21491,34.48278],[-119.21495,34.48291],[-119.215,34.48297],[-119.21506,34.48302],[-119.21528,34.48314],[-119.21545,34.48332],[-119.21563,34.48344],[-119.21612,34.48368],[-119.21617,34.48373],[-119.21627,34.48387],[-119.21637,34.48405],[-119.21638,34.48411],[-119.21633,34.48419],[-119.21619,34.4843],[-119.21614,34.48448],[-119.21609,34.48453],[-119.21587,34.48465],[-119.21559,34.48474],[-119.21554,34.4848],[-119.21554,34.48489],[-119.21559,34.48504],[-119.21559,34.48513],[-119.21556,34.48526],[-119.21558,34.48536],[-119.21557,34.48542],[-119.2155,34.48546],[-119.2151,34.48542],[-119.21461,34.48542],[-119.21454,34.48543],[-119.21446,34.48547],[-119.21441,34.48551],[-119.21438,34.48577],[-119.21432,34.48588],[-119.21423,34.48599],[-119.21415,34.48615],[-119.21407,34.48626],[-119.21405,34.48634],[-119.21408,34.4864],[-119.2142,34.48651],[-119.21445,34.48669],[-119.21473,34.48682],[-119.21503,34.48691],[-119.21547,34.48696],[-119.21559,34.48699],[-119.21564,34.48703],[-119.21573,34.48714],[-119.21582,34.48718],[-119.21604,34.48721],[-119.21647,34.48733],[-119.21671,34.48746],[-119.21726,34.48771],[-119.21738,34.4878],[-119.21757,34.48802],[-119.21773,34.48815],[-119.21784,34.4882],[-119.21823,34.48828],[-119.21855,34.48841],[-119.21882,34.48843],[-119.21894,34.48847],[-119.21922,34.48854],[-119.2193,34.4886],[-119.21943,34.48873],[-119.21952,34.48877],[-119.2198,34.48882],[-119.21988,34.48888],[-119.21999,34.489],[-119.22018,34.48911],[-119.22037,34.4893],[-119.22053,34.48934],[-119.22088,34.48936],[-119.22128,34.48944],[-119.22165,34.48962],[-119.22174,34.48971],[-119.22182,34.48984],[-119.2219,34.49002],[-119.22195,34.49009],[-119.22205,34.49016],[-119.22212,34.49018],[-119.22223,34.49018],[-119.22238,34.49012],[-119.22254,34.49001],[-119.22267,34.48984],[-119.22287,34.48972],[-119.22302,34.48956],[-119.22312,34.48949],[-119.2232,34.48947],[-119.22328,34.48949],[-119.22337,34.48955],[-119.22335,34.48961],[-119.22326,34.48968],[-119.22322,34.48974],[-119.22305,34.49007],[-119.22283,34.49064],[-119.22276,34.49076],[-119.22275,34.49081],[-119.2228,34.49087],[-119.22302,34.49096],[-119.22331,34.49102],[-119.22377,34.49116],[-119.22425,34.49121],[-119.22456,34.49124],[-119.22461,34.4913],[-119.2246,34.49137],[-119.22454,34.49141],[-119.22419,34.49158],[-119.22404,34.49163],[-119.22374,34.49169],[-119.22359,34.4917],[-119.22321,34.49169],[-119.22312,34.49171],[-119.22305,34.49176],[-119.22305,34.49182],[-119.22319,34.49198],[-119.22328,34.49212],[-119.22336,34.49234],[-119.22342,34.49242],[-119.22383,34.49275],[-119.22401,34.49284],[-119.22408,34.4929],[-119.22418,34.49304],[-119.22425,34.4931],[-119.22447,34.4932],[-119.22454,34.49325],[-119.22465,34.4934],[-119.22475,34.49346],[-119.22525,34.49374],[-119.22546,34.4939],[-119.22559,34.49398],[-119.22603,34.49411],[-119.22639,34.49425],[-119.22643,34.49432],[-119.22639,34.49436],[-119.22632,34.49439],[-119.22605,34.49446],[-119.22565,34.49452],[-119.22544,34.49452],[-119.22507,34.49445],[-119.22482,34.49443],[-119.22454,34.49436],[-119.22424,34.49437],[-119.22412,34.49438],[-119.22401,34.49442],[-119.22393,34.49445],[-119.22382,34.49455],[-119.22376,34.49463],[-119.22373,34.4948],[-119.22383,34.49471],[-119.22395,34.49457],[-119.22403,34.49451],[-119.22413,34.49448],[-119.22429,34.4945],[-119.22506,34.49476],[-119.22505,34.49479],[-119.22489,34.49477],[-119.22442,34.49477],[-119.22436,34.49478],[-119.22428,34.49481],[-119.22422,34.49489],[-119.22422,34.49496],[-119.22425,34.49508],[-119.22422,34.49518],[-119.224,34.49538],[-119.22402,34.49545],[-119.22411,34.49536],[-119.22435,34.49526],[-119.22449,34.49506],[-119.22461,34.49506],[-119.22468,34.49509],[-119.2246,34.4952],[-119.22449,34.49538],[-119.22448,34.49545],[-119.2245,34.49554],[-119.22463,34.49564],[-119.22468,34.49571],[-119.22474,34.49587],[-119.22483,34.49606],[-119.22488,34.49613],[-119.22499,34.49618],[-119.22523,34.49623],[-119.22529,34.49627],[-119.2253,34.4963],[-119.22527,34.49636],[-119.22518,34.49645],[-119.22509,34.4966],[-119.22488,34.49675],[-119.22486,34.49682],[-119.22493,34.49695],[-119.22497,34.49709],[-119.22501,34.49715],[-119.22508,34.4972],[-119.22535,34.4973],[-119.22543,34.4974],[-119.22555,34.49749],[-119.22558,34.49754],[-119.22552,34.49762],[-119.22547,34.49763],[-119.22533,34.49765],[-119.22512,34.49772],[-119.2249,34.49775],[-119.22476,34.49779],[-119.22478,34.49783],[-119.22484,34.49787],[-119.22494,34.4979],[-119.22528,34.49781],[-119.22537,34.4978],[-119.22555,34.49781],[-119.2257,34.49779],[-119.22584,34.49773],[-119.2259,34.49768],[-119.22603,34.49754],[-119.22605,34.49749],[-119.22591,34.49731],[-119.22585,34.49717],[-119.22577,34.4969],[-119.22577,34.49683],[-119.22586,34.49677],[-119.22624,34.49667],[-119.22625,34.4966],[-119.22623,34.49652],[-119.22626,34.49644],[-119.22633,34.4964],[-119.22639,34.4963],[-119.22647,34.49622],[-119.22656,34.49621],[-119.22667,34.49617],[-119.22678,34.49617],[-119.22687,34.49613],[-119.22695,34.49619],[-119.22703,34.49625],[-119.22714,34.49633],[-119.22725,34.49639],[-119.22737,34.4964],[-119.22748,34.49648],[-119.22762,34.4965],[-119.22773,34.49648],[-119.22783,34.49648],[-119.22791,34.49654],[-119.22798,34.49661],[-119.22807,34.49661],[-119.22821,34.49663],[-119.22829,34.49665],[-119.22836,34.49673],[-119.22841,34.4968],[-119.22848,34.49687],[-119.22857,34.49694],[-119.22868,34.49696],[-119.22879,34.49692],[-119.22891,34.49689],[-119.22896,34.49691],[-119.22903,34.49698],[-119.22909,34.49697],[-119.22915,34.49691],[-119.22925,34.49694],[-119.22937,34.49694],[-119.22949,34.49698],[-119.22959,34.49702],[-119.22971,34.49705],[-119.22983,34.49702],[-119.22993,34.49699],[-119.23001,34.497],[-119.23005,34.49706],[-119.23007,34.49715],[-119.2301,34.49724],[-119.23014,34.4973],[-119.23022,34.49733],[-119.23023,34.49727],[-119.23023,34.49718],[-119.23029,34.4971],[-119.23034,34.49704],[-119.23046,34.49699],[-119.23056,34.49701],[-119.23068,34.49705],[-119.23081,34.4971],[-119.23091,34.4971],[-119.23097,34.49718],[-119.23106,34.49719],[-119.23115,34.49723],[-119.2312,34.49729],[-119.23126,34.49737],[-119.23132,34.49736],[-119.23132,34.49727],[-119.2313,34.49721],[-119.23131,34.49712],[-119.23134,34.49703],[-119.23135,34.49694],[-119.23134,34.49685],[-119.2314,34.49685],[-119.23144,34.49693],[-119.23146,34.49702],[-119.23144,34.49712],[-119.23148,34.49722],[-119.23146,34.49731],[-119.23148,34.4974],[-119.23141,34.49751],[-119.23142,34.4976],[-119.2314,34.4977],[-119.23145,34.49779],[-119.23143,34.49784],[-119.23134,34.49781],[-119.23124,34.49776],[-119.23114,34.4977],[-119.23105,34.49766],[-119.23094,34.49758],[-119.23083,34.49754],[-119.23075,34.49758],[-119.23074,34.49765],[-119.23068,34.49774],[-119.23067,34.49782],[-119.23066,34.49793],[-119.23059,34.49801],[-119.23046,34.49806],[-119.23047,34.49814],[-119.23046,34.49821],[-119.23033,34.49824],[-119.23015,34.49827],[-119.23001,34.49828],[-119.22989,34.49827],[-119.22973,34.49823],[-119.22963,34.49816],[-119.22953,34.49812],[-119.22943,34.49804],[-119.22936,34.49792],[-119.22927,34.49789],[-119.22933,34.49796],[-119.22936,34.49805],[-119.22942,34.49816],[-119.22949,34.49826],[-119.22957,34.49838],[-119.22966,34.49849],[-119.22977,34.49857],[-119.22995,34.49864],[-119.23008,34.49866],[-119.23023,34.49867],[-119.23035,34.49869],[-119.23046,34.49871],[-119.23056,34.49876],[-119.23055,34.49881],[-119.23038,34.4988],[-119.23019,34.49881],[-119.23005,34.49885],[-119.22984,34.49881],[-119.22972,34.4988],[-119.22954,34.49882],[-119.22942,34.49882],[-119.2293,34.49878],[-119.22918,34.49872],[-119.22906,34.49865],[-119.22898,34.49867],[-119.22899,34.49877],[-119.22903,34.4989],[-119.22908,34.499],[-119.22915,34.49909],[-119.22922,34.49916],[-119.22931,34.49926],[-119.22941,34.49936],[-119.22953,34.49942],[-119.22968,34.49953],[-119.22982,34.4996],[-119.22992,34.49968],[-119.23002,34.49974],[-119.23016,34.49979],[-119.23022,34.49986],[-119.23019,34.49993],[-119.23015,34.50004],[-119.23012,34.50015],[-119.23011,34.50026],[-119.23003,34.50037],[-119.22996,34.50046],[-119.22991,34.50057],[-119.22985,34.50064],[-119.22992,34.50071],[-119.23002,34.50077],[-119.23017,34.50081],[-119.23028,34.50086],[-119.23042,34.50091],[-119.23051,34.50092],[-119.2306,34.50097],[-119.23069,34.5011],[-119.23076,34.50118],[-119.23089,34.50124],[-119.231,34.50132],[-119.23113,34.50139],[-119.23126,34.50143],[-119.23139,34.50148],[-119.23142,34.50155],[-119.23139,34.50165],[-119.2314,34.50175],[-119.23151,34.50179],[-119.23167,34.50185],[-119.23178,34.50189],[-119.2319,34.50193],[-119.23202,34.50196],[-119.23216,34.50197],[-119.23221,34.50207],[-119.23228,34.50214],[-119.2324,34.50222],[-119.23256,34.50228],[-119.23267,34.50233],[-119.23279,34.50242],[-119.23291,34.50247],[-119.23302,34.50252],[-119.23314,34.50259],[-119.23329,34.50266],[-119.23344,34.50266],[-119.23359,34.50262],[-119.23366,34.50254],[-119.23377,34.50252],[-119.2339,34.50247],[-119.23393,34.50251],[-119.23389,34.50261],[-119.23393,34.50271],[-119.23403,34.50277],[-119.23412,34.5028],[-119.23424,34.50282],[-119.23428,34.50285],[-119.23414,34.50289],[-119.23402,34.50293],[-119.23389,34.50296],[-119.23382,34.503],[-119.23379,34.50306],[-119.23372,34.50312],[-119.23361,34.50319],[-119.23352,34.50324],[-119.23336,34.50327],[-119.23321,34.50332],[-119.23309,34.50336],[-119.23305,34.50342],[-119.23313,34.50348],[-119.23324,34.50356],[-119.23339,34.50364],[-119.23347,34.50373],[-119.23363,34.50379],[-119.23376,34.50392],[-119.2339,34.50399],[-119.23405,34.50404],[-119.23403,34.50415],[-119.23403,34.50429],[-119.23399,34.50443],[-119.23409,34.50453],[-119.23423,34.50465],[-119.23435,34.50475],[-119.23439,34.50482],[-119.23431,34.50487],[-119.23417,34.50494],[-119.23404,34.50499],[-119.23401,34.505]]}},{"type":"Feature","properties":{"name":"","c":"track"},"geometry":{"type":"LineString","coordinates":[[-119.19926,34.47372],[-119.19922,34.47382],[-119.19912,34.47409],[-119.19907,34.47419],[-119.19897,34.47427],[-119.19891,34.47434],[-119.19856,34.47456],[-119.19854,34.47462],[-119.19846,34.47475],[-119.19831,34.4749],[-119.19781,34.47537],[-119.19775,34.47541],[-119.19769,34.47549],[-119.19768,34.47561],[-119.19771,34.47575],[-119.19773,34.47583],[-119.1977,34.47591],[-119.19763,34.47598],[-119.19755,34.47602],[-119.19741,34.47607],[-119.19702,34.47643],[-119.19696,34.47648],[-119.19692,34.47652],[-119.19682,34.47668],[-119.1968,34.47672],[-119.19678,34.4768],[-119.19678,34.47684],[-119.19676,34.47693],[-119.19673,34.47699],[-119.19666,34.4771],[-119.19625,34.47762],[-119.19617,34.47781],[-119.19612,34.47801],[-119.19605,34.47818],[-119.19601,34.47826],[-119.19585,34.4785],[-119.19576,34.47863],[-119.19569,34.47873],[-119.19568,34.47877],[-119.19568,34.47881],[-119.19569,34.47886],[-119.19568,34.4789],[-119.19562,34.479],[-119.1956,34.47907],[-119.19557,34.47924],[-119.19557,34.47942],[-119.19556,34.47948],[-119.19557,34.47951],[-119.1956,34.47953],[-119.19584,34.47959],[-119.19592,34.47961],[-119.19612,34.4797],[-119.19617,34.47974],[-119.19621,34.47977],[-119.19624,34.47982],[-119.19627,34.47989],[-119.19631,34.48006],[-119.19635,34.48016],[-119.19635,34.4802],[-119.19632,34.48033],[-119.19631,34.48042],[-119.19631,34.48066],[-119.19632,34.48069],[-119.19635,34.48072],[-119.19639,34.48075],[-119.19646,34.48076],[-119.19652,34.48076],[-119.1966,34.48075],[-119.19667,34.48076],[-119.19671,34.48078],[-119.19674,34.48081],[-119.19675,34.48084],[-119.19675,34.48088],[-119.19673,34.48091],[-119.19667,34.48095],[-119.19644,34.48105],[-119.19637,34.48107],[-119.19632,34.4811],[-119.19631,34.48112],[-119.19631,34.48116],[-119.19632,34.48119],[-119.19635,34.48122],[-119.19645,34.48131],[-119.19649,34.48135],[-119.1965,34.48138],[-119.19651,34.48143],[-119.1965,34.48153],[-119.19651,34.48161],[-119.19652,34.48164],[-119.19655,34.4817],[-119.19661,34.48175],[-119.19664,34.48177],[-119.19666,34.4818],[-119.19667,34.48184],[-119.19667,34.48195],[-119.1967,34.48202],[-119.19672,34.48205],[-119.19674,34.48209],[-119.19674,34.48214],[-119.19673,34.48218],[-119.19671,34.48224],[-119.19665,34.4823],[-119.19649,34.48244],[-119.19641,34.48254],[-119.19639,34.48259],[-119.19637,34.48263],[-119.19636,34.48271],[-119.19638,34.4828],[-119.1965,34.48333],[-119.19651,34.48343],[-119.1965,34.48346],[-119.19649,34.48347],[-119.19647,34.48349],[-119.19644,34.4835],[-119.19637,34.48351],[-119.19632,34.48354],[-119.1963,34.48357],[-119.19627,34.4836],[-119.19621,34.48363],[-119.19614,34.48365],[-119.19611,34.48367],[-119.19609,34.48369],[-119.19604,34.48381],[-119.19602,34.48383],[-119.19599,34.48385],[-119.19584,34.48386],[-119.19579,34.48385],[-119.19565,34.48387],[-119.19556,34.48389],[-119.19553,34.4839],[-119.19549,34.48393],[-119.19548,34.48396],[-119.19548,34.484],[-119.1955,34.48413],[-119.1955,34.48415],[-119.19549,34.48417],[-119.19543,34.48423],[-119.1954,34.48425],[-119.19534,34.48431],[-119.1953,34.4844],[-119.19522,34.48466],[-119.19517,34.48475],[-119.19508,34.48489],[-119.19507,34.48492],[-119.19506,34.48498],[-119.19506,34.48503],[-119.19507,34.48506],[-119.1951,34.48511],[-119.19514,34.48515],[-119.19521,34.48524],[-119.19522,34.48527],[-119.19524,34.48533],[-119.19525,34.48574],[-119.19524,34.48578],[-119.19523,34.48581],[-119.19521,34.48585],[-119.19513,34.48594],[-119.19511,34.48598],[-119.1951,34.48601],[-119.1951,34.48605],[-119.1951,34.48621],[-119.1951,34.48624],[-119.19507,34.48629],[-119.19504,34.48632],[-119.19501,34.48633],[-119.19498,34.48635],[-119.19482,34.48642],[-119.19477,34.48643],[-119.19473,34.48645],[-119.19471,34.48647],[-119.1947,34.48651],[-119.19471,34.48698],[-119.19472,34.48707],[-119.19476,34.48725],[-119.19481,34.4875],[-119.19482,34.48754],[-119.19488,34.48767],[-119.1949,34.4878],[-119.19498,34.48822],[-119.195,34.48828],[-119.19501,34.48853],[-119.19505,34.48872],[-119.19512,34.48897],[-119.19513,34.48908],[-119.19511,34.4892],[-119.19507,34.4893],[-119.19504,34.48941],[-119.19504,34.48948],[-119.19512,34.48971],[-119.19516,34.48977],[-119.1952,34.4898],[-119.19542,34.48989],[-119.19546,34.48993],[-119.19549,34.48997],[-119.19561,34.49008],[-119.19571,34.49014],[-119.19578,34.4902],[-119.1958,34.49023],[-119.19581,34.49027],[-119.19581,34.4903],[-119.1958,34.49034],[-119.19573,34.49047],[-119.19572,34.49051],[-119.19573,34.49054],[-119.19574,34.49056],[-119.19579,34.49062],[-119.19585,34.49072],[-119.19592,34.49081],[-119.19595,34.49087],[-119.19598,34.49095],[-119.19599,34.49105],[-119.19595,34.49144],[-119.19597,34.49158],[-119.19602,34.49165],[-119.19603,34.49168],[-119.19604,34.49172],[-119.19602,34.4918],[-119.196,34.49189],[-119.19599,34.49193],[-119.19599,34.49199],[-119.196,34.49223],[-119.196,34.49226],[-119.1961,34.49251],[-119.19611,34.49256],[-119.19611,34.4926],[-119.19607,34.49304],[-119.19605,34.49309],[-119.19604,34.49312],[-119.19598,34.49318],[-119.19589,34.49325],[-119.19567,34.49335],[-119.19554,34.49341],[-119.19543,34.49347],[-119.19535,34.49355],[-119.19497,34.49405],[-119.19487,34.4942],[-119.19486,34.49425],[-119.19486,34.49428],[-119.19488,34.49434],[-119.19488,34.49438],[-119.19486,34.49441],[-119.19479,34.49446],[-119.19461,34.49453],[-119.19447,34.49461],[-119.1944,34.49464],[-119.19432,34.49465],[-119.19426,34.49466],[-119.19402,34.4946],[-119.19391,34.4946],[-119.19381,34.4946],[-119.19358,34.49463],[-119.1934,34.49466],[-119.19329,34.49469],[-119.19319,34.49474],[-119.19311,34.49478],[-119.19293,34.49494],[-119.19255,34.49524],[-119.19246,34.49529],[-119.19238,34.49535],[-119.19223,34.49556],[-119.19219,34.49559],[-119.19196,34.49565],[-119.19182,34.4957],[-119.19148,34.49586],[-119.19141,34.49588],[-119.19103,34.4959],[-119.19085,34.49591],[-119.19052,34.4959],[-119.19029,34.49589],[-119.19016,34.49589],[-119.19002,34.49592],[-119.18964,34.49611],[-119.18952,34.49619],[-119.18934,34.49629],[-119.1892,34.49635],[-119.18874,34.4965],[-119.18862,34.49656],[-119.18856,34.49659],[-119.18851,34.49665]]}},{"type":"Feature","properties":{"name":"","c":"track"},"geometry":{"type":"LineString","coordinates":[[-119.19683,34.47328],[-119.19664,34.47331],[-119.19636,34.47339],[-119.19594,34.47345],[-119.19573,34.47343],[-119.19565,34.47336],[-119.19561,34.47317],[-119.19551,34.47299],[-119.19538,34.47273],[-119.1953,34.47265],[-119.1951,34.47262],[-119.19489,34.47258],[-119.19471,34.47241],[-119.19463,34.47235],[-119.19447,34.47231],[-119.19436,34.47226],[-119.19412,34.47206],[-119.1939,34.47194],[-119.19386,34.47188],[-119.19385,34.47186],[-119.19385,34.47183],[-119.19387,34.47178],[-119.19389,34.47175],[-119.19392,34.47172],[-119.19399,34.47169],[-119.19407,34.47165],[-119.19416,34.4716],[-119.19437,34.47147],[-119.19448,34.47141],[-119.19463,34.47134],[-119.19468,34.47132],[-119.19474,34.47128],[-119.1949,34.47118],[-119.19503,34.47115],[-119.19509,34.47113],[-119.19516,34.47113],[-119.19524,34.47113],[-119.1953,34.47114],[-119.19537,34.47116],[-119.19551,34.47123],[-119.19576,34.47144],[-119.19589,34.47156],[-119.19595,34.47163],[-119.19597,34.47166],[-119.19598,34.47172],[-119.19598,34.47177],[-119.19597,34.4718],[-119.19595,34.47183],[-119.19593,34.47186],[-119.19586,34.47194],[-119.19582,34.47202],[-119.19579,34.47219],[-119.19579,34.47234],[-119.19579,34.47238],[-119.1958,34.47241],[-119.19581,34.47243],[-119.19585,34.47247],[-119.19605,34.47258],[-119.19628,34.47267],[-119.1964,34.47274],[-119.19658,34.47284],[-119.19667,34.4729],[-119.19671,34.47294],[-119.19673,34.47297],[-119.19676,34.47301],[-119.19678,34.4731],[-119.1968,34.47316]]}},{"type":"Feature","properties":{"name":"","c":"track"},"geometry":{"type":"LineString","coordinates":[[-119.19717,34.47206],[-119.19714,34.4721],[-119.19712,34.47214],[-119.19711,34.47221],[-119.19712,34.47245],[-119.19713,34.47261],[-119.19713,34.47276],[-119.19709,34.47315],[-119.19707,34.47318],[-119.19702,34.47325],[-119.19697,34.47328],[-119.19683,34.47328]]}},{"type":"Feature","properties":{"name":"","c":"track"},"geometry":{"type":"LineString","coordinates":[[-119.1968,34.47316],[-119.19683,34.47328]]}},{"type":"Feature","properties":{"name":"","c":"path"},"geometry":{"type":"LineString","coordinates":[[-119.19933,34.47743],[-119.19945,34.47732],[-119.19961,34.47726],[-119.19991,34.47743],[-119.20011,34.47761],[-119.20039,34.47742],[-119.20066,34.47731],[-119.20106,34.47743],[-119.2011,34.4769],[-119.20158,34.47699],[-119.20198,34.47748],[-119.2021,34.47721],[-119.20259,34.47698],[-119.20307,34.47695],[-119.2035,34.4768],[-119.20357,34.47628],[-119.20375,34.47602],[-119.20381,34.47594],[-119.20387,34.47592],[-119.20393,34.47593],[-119.20399,34.47596],[-119.20401,34.47599],[-119.20406,34.47611],[-119.20411,34.47632],[-119.20411,34.47641],[-119.20409,34.47661],[-119.2041,34.47664],[-119.2041,34.47665],[-119.20412,34.47666],[-119.20414,34.47667],[-119.20419,34.47668],[-119.20422,34.47667],[-119.20424,34.47666],[-119.20426,34.47665],[-119.20428,34.47663],[-119.20429,34.47661],[-119.2043,34.47658],[-119.20431,34.47654],[-119.20434,34.47651],[-119.20441,34.47646],[-119.20445,34.47644],[-119.20455,34.47641],[-119.20464,34.4764],[-119.20477,34.47641],[-119.20512,34.47652],[-119.2054,34.47659],[-119.20548,34.4766],[-119.20555,34.47659],[-119.20563,34.47657],[-119.20578,34.47649],[-119.20587,34.47645],[-119.20594,34.47642],[-119.20598,34.47641],[-119.20608,34.47642],[-119.20619,34.47644],[-119.2065,34.47653],[-119.20675,34.47659],[-119.20689,34.47661],[-119.20699,34.47662],[-119.2073,34.47659],[-119.20746,34.47661],[-119.20748,34.4766],[-119.20753,34.47657],[-119.20756,34.47654],[-119.20761,34.47646],[-119.20761,34.47643],[-119.20761,34.4764],[-119.2076,34.47638],[-119.20759,34.47636],[-119.20741,34.47621],[-119.20735,34.47616],[-119.20734,34.47612],[-119.20735,34.4761],[-119.20736,34.47609],[-119.20738,34.47608],[-119.20747,34.47606],[-119.2075,34.47606],[-119.20753,34.47607],[-119.20757,34.47609],[-119.20767,34.47617],[-119.20804,34.47647],[-119.20841,34.47675],[-119.20844,34.47676],[-119.20851,34.47677],[-119.20856,34.47675],[-119.20878,34.47665],[-119.20886,34.4766],[-119.20893,34.47654],[-119.20894,34.47653],[-119.20899,34.47652],[-119.20924,34.47655],[-119.20926,34.47655],[-119.20929,34.47653]]}},{"type":"Feature","properties":{"name":"","c":"track"},"geometry":{"type":"LineString","coordinates":[[-119.20929,34.47653],[-119.20934,34.4764],[-119.20937,34.47637],[-119.20939,34.47635],[-119.20944,34.4763],[-119.20946,34.47628],[-119.20947,34.47623],[-119.20949,34.47605],[-119.2095,34.47602],[-119.20955,34.47593],[-119.20962,34.47584],[-119.20968,34.47574],[-119.20973,34.47557],[-119.20975,34.47555],[-119.20983,34.47549],[-119.2103,34.4752],[-119.21049,34.47511],[-119.21052,34.47511],[-119.21056,34.47511],[-119.21058,34.47512],[-119.21064,34.47525],[-119.21068,34.47533],[-119.21075,34.47543],[-119.21078,34.47546],[-119.21083,34.47548],[-119.21085,34.47547],[-119.21087,34.47546],[-119.21089,34.47544],[-119.21101,34.47529],[-119.21107,34.47521],[-119.21118,34.47515],[-119.21129,34.47506],[-119.21136,34.47501],[-119.21144,34.47497],[-119.21152,34.47494],[-119.21157,34.47493],[-119.21165,34.47492],[-119.21177,34.47495],[-119.21184,34.47501],[-119.21192,34.47504],[-119.21201,34.47506],[-119.21208,34.47509],[-119.21211,34.47505],[-119.21216,34.47495],[-119.21224,34.47488],[-119.21236,34.47484],[-119.21242,34.47485],[-119.21248,34.47488],[-119.21255,34.47497],[-119.21259,34.475],[-119.2127,34.47504],[-119.21277,34.47506],[-119.2129,34.47508],[-119.21299,34.47508],[-119.21311,34.4751],[-119.21328,34.47512],[-119.21354,34.47512],[-119.21359,34.47526],[-119.21375,34.47557],[-119.21385,34.47576],[-119.21393,34.47585],[-119.21394,34.47594],[-119.21392,34.47603],[-119.2139,34.47613],[-119.21388,34.47627],[-119.21388,34.47632],[-119.21391,34.47636],[-119.21397,34.47647],[-119.21398,34.47651],[-119.21398,34.47655],[-119.21397,34.47658],[-119.21395,34.47662],[-119.2139,34.47667],[-119.21382,34.47673],[-119.21361,34.47683],[-119.21356,34.47686],[-119.21354,34.47688],[-119.21351,34.47694],[-119.21351,34.47697],[-119.21352,34.47699],[-119.21355,34.477],[-119.21359,34.47701],[-119.21367,34.47699],[-119.21373,34.47697],[-119.2138,34.47696],[-119.21389,34.47693],[-119.21394,34.47692],[-119.21399,34.47693],[-119.21402,34.47694],[-119.21403,34.47697],[-119.21403,34.477],[-119.21396,34.47717],[-119.21377,34.47729],[-119.21371,34.47736],[-119.21369,34.47751],[-119.2137,34.47765],[-119.21365,34.47767],[-119.21358,34.47765],[-119.21327,34.47753],[-119.2131,34.47753],[-119.21304,34.47758],[-119.21305,34.47767],[-119.21323,34.47787],[-119.21334,34.47804],[-119.21339,34.4783],[-119.21335,34.47837],[-119.21324,34.47841],[-119.21311,34.47838],[-119.21284,34.47829],[-119.21273,34.47817],[-119.21261,34.47811],[-119.21236,34.47809],[-119.21218,34.47805],[-119.21211,34.47807],[-119.21211,34.47813],[-119.21229,34.47834],[-119.21236,34.47856],[-119.21233,34.47868],[-119.21226,34.47875],[-119.2121,34.47888],[-119.21199,34.47886],[-119.21189,34.47871],[-119.21179,34.47864]]}},{"type":"Feature","properties":{"name":"","c":"track"},"geometry":{"type":"LineString","coordinates":[[-119.21931,34.4772],[-119.21926,34.47717],[-119.21921,34.47717],[-119.21915,34.47718],[-119.21913,34.47719],[-119.21911,34.47721],[-119.21908,34.47725],[-119.21897,34.47757],[-119.21888,34.47775],[-119.21885,34.4778],[-119.21882,34.47783],[-119.21876,34.47789],[-119.21864,34.47797],[-119.21856,34.47802],[-119.2185,34.47803],[-119.21842,34.47803],[-119.21834,34.47802],[-119.21817,34.47794],[-119.21777,34.47772],[-119.21765,34.47766],[-119.21756,34.47764],[-119.21733,34.47765],[-119.21668,34.47754],[-119.21656,34.47754],[-119.21644,34.47756],[-119.21636,34.47761]]}},{"type":"Feature","properties":{"name":"","c":"track"},"geometry":{"type":"LineString","coordinates":[[-119.21354,34.47512],[-119.21358,34.47503],[-119.2136,34.47495],[-119.2136,34.47488],[-119.21357,34.47475],[-119.21352,34.47452],[-119.21351,34.47443],[-119.2135,34.47437],[-119.21351,34.47433]]}},{"type":"Feature","properties":{"name":"","c":"track"},"geometry":{"type":"LineString","coordinates":[[-119.21577,34.47367],[-119.21578,34.4738],[-119.21568,34.47415],[-119.21561,34.47441],[-119.2156,34.47445],[-119.2156,34.47451],[-119.2156,34.47455],[-119.21562,34.47464],[-119.21565,34.47473],[-119.21567,34.47477]]}},{"type":"Feature","properties":{"name":"","c":"track"},"geometry":{"type":"LineString","coordinates":[[-119.21513,34.47539],[-119.21517,34.47535],[-119.21523,34.4753],[-119.21536,34.47511],[-119.21544,34.47501],[-119.21564,34.4748],[-119.21567,34.47477],[-119.21605,34.47446],[-119.21637,34.4742],[-119.21655,34.47408],[-119.21658,34.47407],[-119.21662,34.47407],[-119.21673,34.47411],[-119.21712,34.4743],[-119.21723,34.47438],[-119.21729,34.47441],[-119.21733,34.47442],[-119.21735,34.47442],[-119.21739,34.4744],[-119.21742,34.47438],[-119.21746,34.47434],[-119.21753,34.47416],[-119.21755,34.4741],[-119.21772,34.47379],[-119.21777,34.47375],[-119.2178,34.47374],[-119.21786,34.47374],[-119.21825,34.47388],[-119.2183,34.47389],[-119.21836,34.47389],[-119.21845,34.47388],[-119.21853,34.47384],[-119.2186,34.47379],[-119.21869,34.47374],[-119.21873,34.47373],[-119.21879,34.47373],[-119.21887,34.47375],[-119.21892,34.47375],[-119.21899,34.47374],[-119.21908,34.47369],[-119.21915,34.47362],[-119.2192,34.4736],[-119.21925,34.47358],[-119.21935,34.47355],[-119.2194,34.47352],[-119.21969,34.47331],[-119.21971,34.4733],[-119.21975,34.4733],[-119.21978,34.47331],[-119.21995,34.47341],[-119.22013,34.47348],[-119.22021,34.4735],[-119.22028,34.47352],[-119.22057,34.47354],[-119.2207,34.47353],[-119.22082,34.4735],[-119.22087,34.47348],[-119.22099,34.47343],[-119.22102,34.47341],[-119.22107,34.4734],[-119.22165,34.47335],[-119.22181,34.47333],[-119.22204,34.47329],[-119.22214,34.47325],[-119.22218,34.47328],[-119.22221,34.47335],[-119.22227,34.47375],[-119.2223,34.47392],[-119.22234,34.47404],[-119.22232,34.47413],[-119.22224,34.47422],[-119.22208,34.47432],[-119.2219,34.47442],[-119.22181,34.47446],[-119.22176,34.4745],[-119.22173,34.47457],[-119.22172,34.47461],[-119.22174,34.47466],[-119.22179,34.47469],[-119.22194,34.47473],[-119.22199,34.47475],[-119.22211,34.47495],[-119.22221,34.47506],[-119.22229,34.47516],[-119.22232,34.47523],[-119.2223,34.47529]]}},{"type":"Feature","properties":{"name":"","c":"track"},"geometry":{"type":"LineString","coordinates":[[-119.21891,34.473],[-119.21891,34.47306],[-119.21889,34.47316],[-119.21891,34.4732],[-119.21894,34.47325],[-119.21898,34.47333],[-119.2191,34.47332],[-119.21931,34.47325],[-119.21941,34.47319],[-119.21942,34.47312],[-119.21944,34.47305],[-119.21946,34.47298],[-119.21954,34.47293],[-119.21958,34.47291],[-119.21966,34.47291],[-119.21975,34.47295],[-119.21981,34.47304],[-119.21982,34.47314],[-119.21978,34.47322],[-119.21975,34.4733]]}},{"type":"Feature","properties":{"name":"","c":"track"},"geometry":{"type":"LineString","coordinates":[[-119.21977,34.47254],[-119.21971,34.47259],[-119.21931,34.47275],[-119.21926,34.47277],[-119.21923,34.47279],[-119.21921,34.47281],[-119.21919,34.47284],[-119.21914,34.47289],[-119.21908,34.47293],[-119.21904,34.47296],[-119.21898,34.47298],[-119.21891,34.473],[-119.21861,34.47308],[-119.21829,34.47314],[-119.21821,34.47315],[-119.21813,34.47315],[-119.21798,34.47308],[-119.21779,34.47305],[-119.21774,34.47304],[-119.2177,34.47304],[-119.21761,34.47303],[-119.21751,34.47304],[-119.21736,34.47309],[-119.21723,34.47314],[-119.21708,34.47319],[-119.21698,34.47321],[-119.21678,34.47326],[-119.21655,34.47327],[-119.21639,34.47332],[-119.21622,34.47329]]}},{"type":"Feature","properties":{"name":"","c":"track"},"geometry":{"type":"LineString","coordinates":[[-119.21282,34.47303],[-119.21273,34.47296],[-119.21227,34.47272],[-119.21213,34.47262],[-119.21212,34.47258],[-119.21217,34.47249],[-119.21218,34.47241],[-119.21214,34.47199]]}},{"type":"Feature","properties":{"name":"","c":"track"},"geometry":{"type":"LineString","coordinates":[[-119.21363,34.4729],[-119.2135,34.47293],[-119.21344,34.47295],[-119.21338,34.47294],[-119.21324,34.47296],[-119.21321,34.47295],[-119.2131,34.47295],[-119.21299,34.47297],[-119.21284,34.47301],[-119.21282,34.47303],[-119.21267,34.4731],[-119.21261,34.47312],[-119.21258,34.47312],[-119.21247,34.47309],[-119.21244,34.47308],[-119.21241,34.47308],[-119.21235,34.47307],[-119.21232,34.47306],[-119.21224,34.47304],[-119.21221,34.47304],[-119.21217,34.47305],[-119.21196,34.47312],[-119.21189,34.47315],[-119.21183,34.47316],[-119.2117,34.47317],[-119.21125,34.47313],[-119.21088,34.47314],[-119.21081,34.47314],[-119.21074,34.47313],[-119.21047,34.47314],[-119.21032,34.47314],[-119.21023,34.47313],[-119.21008,34.4731],[-119.20994,34.47306]]}},{"type":"Feature","properties":{"name":"","c":"track"},"geometry":{"type":"LineString","coordinates":[[-119.21282,34.47303],[-119.2129,34.47322],[-119.21296,34.47327],[-119.21309,34.47333],[-119.21315,34.47336],[-119.21321,34.47343],[-119.21322,34.47347],[-119.2132,34.47352],[-119.21314,34.47355]]}},{"type":"Feature","properties":{"name":"","c":"track"},"geometry":{"type":"LineString","coordinates":[[-119.20607,34.46861],[-119.20597,34.46889],[-119.20619,34.46883],[-119.20628,34.46882],[-119.20666,34.46879],[-119.20683,34.46879],[-119.20697,34.46877],[-119.20707,34.46875],[-119.20712,34.46872],[-119.20723,34.46869],[-119.20728,34.46867],[-119.20733,34.46867],[-119.20759,34.46866],[-119.2078,34.46868],[-119.20834,34.46868],[-119.20852,34.46867],[-119.20865,34.46865]]}},{"type":"Feature","properties":{"name":"","c":"track"},"geometry":{"type":"LineString","coordinates":[[-119.20545,34.46651],[-119.20565,34.46642],[-119.20573,34.46636],[-119.20576,34.46626],[-119.20579,34.46615],[-119.20586,34.46608],[-119.20597,34.46604],[-119.20642,34.46599],[-119.20672,34.46595],[-119.20688,34.46589],[-119.20706,34.46572],[-119.20729,34.46553],[-119.20748,34.46549],[-119.20781,34.46541],[-119.20791,34.46535],[-119.20793,34.46526],[-119.20783,34.46516],[-119.20748,34.46522],[-119.20737,34.4652],[-119.20721,34.46505],[-119.20705,34.46493],[-119.20706,34.46474],[-119.20708,34.46471],[-119.20714,34.46456],[-119.20729,34.46433],[-119.20748,34.46415],[-119.20752,34.46403],[-119.20753,34.46393],[-119.20743,34.46386],[-119.20724,34.46377],[-119.20703,34.46369],[-119.20694,34.46364],[-119.20691,34.46354],[-119.20693,34.46338],[-119.20695,34.4632],[-119.20693,34.46305],[-119.20685,34.46301],[-119.20618,34.46298]]}},{"type":"Feature","properties":{"name":"","c":"track"},"geometry":{"type":"LineString","coordinates":[[-119.20813,34.46488],[-119.2082,34.46484],[-119.20831,34.46479],[-119.20853,34.46466],[-119.20871,34.46449],[-119.20901,34.46425],[-119.20948,34.4639],[-119.20967,34.4637],[-119.2099,34.46365],[-119.20995,34.46363],[-119.21004,34.4636],[-119.21013,34.46358],[-119.21036,34.46345],[-119.21054,34.46323],[-119.21093,34.46308],[-119.21111,34.46318],[-119.21127,34.46317],[-119.21131,34.46315],[-119.21134,34.46314],[-119.21147,34.46313],[-119.21156,34.46312],[-119.21173,34.4631],[-119.21201,34.46309],[-119.21217,34.46309],[-119.21224,34.4631]]}},{"type":"Feature","properties":{"name":"","c":"track"},"geometry":{"type":"LineString","coordinates":[[-119.21067,34.46578],[-119.21058,34.4657],[-119.2105,34.46563],[-119.21048,34.46555],[-119.21055,34.46536],[-119.21065,34.46519],[-119.21121,34.46509],[-119.21129,34.46508],[-119.2114,34.46506],[-119.21151,34.46505],[-119.21159,34.46502],[-119.21167,34.465],[-119.2119,34.46492],[-119.21213,34.46486],[-119.21215,34.46484],[-119.21217,34.4648],[-119.21216,34.46463],[-119.21219,34.46443],[-119.2122,34.4643],[-119.21222,34.46418],[-119.21225,34.46368],[-119.21228,34.46341],[-119.21228,34.46327],[-119.21228,34.46322],[-119.21227,34.46316],[-119.21224,34.4631]]}},{"type":"Feature","properties":{"name":"","c":"track"},"geometry":{"type":"LineString","coordinates":[[-119.21133,34.4642],[-119.21138,34.46421],[-119.2117,34.46428],[-119.2119,34.46432],[-119.21197,34.46432],[-119.21204,34.46432],[-119.2122,34.4643]]}},{"type":"Feature","properties":{"name":"","c":"track"},"geometry":{"type":"LineString","coordinates":[[-119.21067,34.46578],[-119.21088,34.46587],[-119.21098,34.46592],[-119.211,34.46595],[-119.2111,34.46609],[-119.21117,34.46617],[-119.21121,34.4662],[-119.21127,34.46624],[-119.21136,34.46629],[-119.2114,34.4663],[-119.21148,34.46631],[-119.21178,34.46633],[-119.21188,34.46632],[-119.21196,34.4663],[-119.21202,34.46627],[-119.2123,34.46615],[-119.21238,34.46612],[-119.21244,34.46609],[-119.21255,34.46605],[-119.21261,34.46604],[-119.21287,34.46603],[-119.21298,34.46603],[-119.21317,34.46607],[-119.21332,34.46611],[-119.21339,34.46613],[-119.21344,34.46613],[-119.21347,34.46613],[-119.21351,34.46612],[-119.21356,34.46609],[-119.21394,34.46584],[-119.21404,34.46577],[-119.21411,34.46572],[-119.21418,34.46567],[-119.2142,34.46564],[-119.21421,34.46556],[-119.21422,34.46518],[-119.21423,34.46504],[-119.21422,34.46497],[-119.21424,34.46493],[-119.21449,34.46468],[-119.21459,34.46461],[-119.2148,34.46444],[-119.21485,34.4644],[-119.21487,34.46436],[-119.21489,34.46429],[-119.2149,34.46414],[-119.21492,34.46398],[-119.21493,34.46361],[-119.21497,34.4633],[-119.215,34.46315]]}},{"type":"Feature","properties":{"name":"","c":"track"},"geometry":{"type":"LineString","coordinates":[[-119.21093,34.46884],[-119.21076,34.46881],[-119.21062,34.46876],[-119.21035,34.46872],[-119.21007,34.46876],[-119.20994,34.46876],[-119.20971,34.46872],[-119.20952,34.46867],[-119.20921,34.46865],[-119.20902,34.46864],[-119.20865,34.46865]]}},{"type":"Feature","properties":{"name":"","c":"track"},"geometry":{"type":"LineString","coordinates":[[-119.21292,34.45926],[-119.21292,34.45985],[-119.21291,34.46036],[-119.2129,34.46079]]}},{"type":"Feature","properties":{"name":"","c":"track"},"geometry":{"type":"LineString","coordinates":[[-119.19712,34.45828],[-119.19648,34.45829],[-119.19629,34.45827],[-119.19621,34.45826],[-119.19607,34.45825],[-119.19594,34.45826],[-119.19585,34.45827]]}},{"type":"Feature","properties":{"name":"","c":"track"},"geometry":{"type":"LineString","coordinates":[[-119.19492,34.45921],[-119.19496,34.45813],[-119.19496,34.45787],[-119.19497,34.45777],[-119.19498,34.45771],[-119.19502,34.4576],[-119.19503,34.45754],[-119.19504,34.45748],[-119.19504,34.45737],[-119.19504,34.45714],[-119.19503,34.45709],[-119.19502,34.45704],[-119.195,34.457],[-119.19493,34.45689]]}},{"type":"Feature","properties":{"name":"","c":"track"},"geometry":{"type":"LineString","coordinates":[[-119.19309,34.45553],[-119.19311,34.45565],[-119.19311,34.45571],[-119.1931,34.45575],[-119.19306,34.45584],[-119.19304,34.45612],[-119.193,34.45652],[-119.19299,34.45677],[-119.19301,34.45725],[-119.19302,34.45735],[-119.19301,34.45741],[-119.19297,34.45749],[-119.19297,34.45753],[-119.19298,34.4576],[-119.19299,34.45776],[-119.193,34.45783],[-119.19301,34.4579],[-119.19298,34.458],[-119.19297,34.45811],[-119.19299,34.45816],[-119.19299,34.45822],[-119.19297,34.45836],[-119.19297,34.45844],[-119.19298,34.45854],[-119.19298,34.4589],[-119.19304,34.45904],[-119.19309,34.45911],[-119.1931,34.45917]]}},{"type":"Feature","properties":{"name":"","c":"footway"},"geometry":{"type":"LineString","coordinates":[[-119.19569,34.45488],[-119.19568,34.45484],[-119.19569,34.45481],[-119.1957,34.4548],[-119.19573,34.4548],[-119.19574,34.45478],[-119.19576,34.45478]]}},{"type":"Feature","properties":{"name":"","c":"footway"},"geometry":{"type":"LineString","coordinates":[[-119.19554,34.45506],[-119.19556,34.45504],[-119.19557,34.45502],[-119.19556,34.455],[-119.19557,34.45499],[-119.19556,34.45495],[-119.19556,34.4549],[-119.19556,34.45487],[-119.19558,34.45484],[-119.1956,34.45484],[-119.19564,34.45484],[-119.19568,34.45484],[-119.19572,34.45483],[-119.19576,34.45484],[-119.1958,34.45486],[-119.19583,34.45487],[-119.19586,34.4549],[-119.19587,34.45493],[-119.19588,34.45497],[-119.19588,34.455],[-119.19586,34.45502],[-119.19584,34.45502]]}},{"type":"Feature","properties":{"name":"","c":"track"},"geometry":{"type":"LineString","coordinates":[[-119.19734,34.45322],[-119.19714,34.45322],[-119.19689,34.45318],[-119.19661,34.45314],[-119.19636,34.45313],[-119.19605,34.45324],[-119.1956,34.45344],[-119.19504,34.45371],[-119.19438,34.45371],[-119.19359,34.4537],[-119.19348,34.45369],[-119.19343,34.45364],[-119.1934,34.45358],[-119.19333,34.45351],[-119.19325,34.45346],[-119.19314,34.4534],[-119.19311,34.45331],[-119.19312,34.45281]]}},{"type":"Feature","properties":{"name":"","c":"track"},"geometry":{"type":"LineString","coordinates":[[-119.20166,34.45743],[-119.2001,34.45742],[-119.19928,34.45741],[-119.19854,34.45742],[-119.19776,34.45743],[-119.19732,34.45743]]}},{"type":"Feature","properties":{"name":"","c":"track"},"geometry":{"type":"LineString","coordinates":[[-119.20163,34.45866],[-119.20166,34.45755],[-119.20166,34.45743],[-119.20169,34.45725],[-119.2017,34.45693],[-119.2017,34.45675],[-119.20173,34.45584],[-119.20169,34.45559]]}},{"type":"Feature","properties":{"name":"","c":"track"},"geometry":{"type":"LineString","coordinates":[[-119.20618,34.45737],[-119.20604,34.45738],[-119.20597,34.4574],[-119.20443,34.45739],[-119.20373,34.45737],[-119.20341,34.45737]]}},{"type":"Feature","properties":{"name":"","c":"track"},"geometry":{"type":"LineString","coordinates":[[-119.20394,34.45353],[-119.20386,34.45363]]}},{"type":"Feature","properties":{"name":"","c":"track"},"geometry":{"type":"LineString","coordinates":[[-119.20623,34.45451],[-119.20612,34.45451],[-119.20604,34.45453],[-119.20598,34.45454],[-119.20586,34.45449],[-119.20514,34.45415],[-119.20464,34.45389],[-119.20412,34.45364],[-119.20394,34.45353],[-119.20394,34.45286],[-119.20389,34.45277],[-119.20391,34.4522],[-119.20393,34.45172],[-119.20396,34.45094],[-119.20397,34.45026]]}},{"type":"Feature","properties":{"name":"","c":"track"},"geometry":{"type":"LineString","coordinates":[[-119.20413,34.45392],[-119.20414,34.45379],[-119.20386,34.45363],[-119.20336,34.45341],[-119.20245,34.453],[-119.20173,34.45268],[-119.20163,34.45255],[-119.20156,34.45246],[-119.20152,34.45239],[-119.20152,34.45075],[-119.20153,34.45022],[-119.20151,34.45009],[-119.20149,34.44996],[-119.2014,34.44991],[-119.20094,34.44984],[-119.20019,34.44974],[-119.19929,34.44961]]}},{"type":"Feature","properties":{"name":"","c":"track"},"geometry":{"type":"LineString","coordinates":[[-119.19743,34.44936],[-119.19929,34.44961]]}},{"type":"Feature","properties":{"name":"","c":"track"},"geometry":{"type":"LineString","coordinates":[[-119.19737,34.45099],[-119.19525,34.45196],[-119.19529,34.45004],[-119.19551,34.44993]]}},{"type":"Feature","properties":{"name":"","c":"track"},"geometry":{"type":"LineString","coordinates":[[-119.19738,34.45066],[-119.19711,34.45062],[-119.19637,34.45031],[-119.19565,34.45],[-119.19551,34.44993],[-119.19472,34.44956],[-119.19453,34.44951],[-119.19448,34.44949],[-119.19435,34.44943],[-119.19395,34.44927],[-119.1938,34.44923],[-119.19335,34.44905],[-119.193,34.44891],[-119.19292,34.44885],[-119.19292,34.44876],[-119.1929,34.44866],[-119.19286,34.44861],[-119.1928,34.44859],[-119.19266,34.44858],[-119.19252,34.44858],[-119.19235,34.44857],[-119.19218,34.44854],[-119.19199,34.44851],[-119.19184,34.44851]]}},{"type":"Feature","properties":{"name":"","c":"track"},"geometry":{"type":"LineString","coordinates":[[-119.19183,34.44823],[-119.19183,34.44829],[-119.19181,34.44846],[-119.19184,34.44851],[-119.1918,34.44909],[-119.1918,34.44942],[-119.19178,34.45072],[-119.19178,34.45099],[-119.19178,34.45131],[-119.1918,34.45136],[-119.19183,34.45142],[-119.19186,34.45146],[-119.19192,34.45149],[-119.19211,34.45158],[-119.19216,34.45162],[-119.19219,34.45167],[-119.19221,34.45175]]}},{"type":"Feature","properties":{"name":"","c":"track"},"geometry":{"type":"LineString","coordinates":[[-119.1913,34.44768],[-119.19173,34.44768],[-119.1918,34.44767],[-119.19194,34.44765],[-119.19214,34.44764],[-119.19221,34.44763],[-119.19228,34.44761],[-119.19241,34.44755],[-119.19249,34.44751],[-119.19263,34.44744],[-119.19279,34.44735],[-119.19301,34.44721],[-119.19314,34.44711],[-119.19392,34.44655],[-119.19394,34.44652],[-119.19395,34.4465],[-119.19398,34.44647],[-119.19443,34.44624]]}},{"type":"Feature","properties":{"name":"","c":"track"},"geometry":{"type":"LineString","coordinates":[[-119.19683,34.44759],[-119.19685,34.44689],[-119.19686,34.44637],[-119.19685,34.44631],[-119.19684,34.44628],[-119.19682,34.44626],[-119.19679,34.44625],[-119.19677,34.44624],[-119.19673,34.44624],[-119.19669,34.44624],[-119.1965,34.44629],[-119.19619,34.44637],[-119.196,34.44642],[-119.19574,34.44648],[-119.19565,34.4465],[-119.19556,34.44651],[-119.19546,34.44651],[-119.19524,34.4465],[-119.19497,34.44646],[-119.19482,34.44643],[-119.19469,34.44639],[-119.19453,34.44632],[-119.19447,34.44627],[-119.19443,34.44624],[-119.19439,34.44619],[-119.19437,34.44614],[-119.19436,34.44605],[-119.19434,34.44597],[-119.19428,34.44591],[-119.19394,34.44576],[-119.19381,34.44572],[-119.19373,34.44569],[-119.19368,34.44567],[-119.19364,34.44565],[-119.19356,34.44555],[-119.19342,34.4454],[-119.19326,34.44526],[-119.1931,34.44514],[-119.19297,34.44505],[-119.19291,34.44502],[-119.19286,34.445],[-119.19282,34.44501],[-119.19278,34.44503],[-119.19272,34.44509],[-119.1927,34.44512],[-119.19269,34.44516],[-119.1927,34.4452],[-119.19279,34.44537],[-119.1928,34.44542],[-119.19281,34.44546],[-119.19281,34.4455],[-119.1928,34.44556],[-119.19278,34.4456],[-119.19275,34.44564],[-119.19268,34.44569],[-119.19241,34.44584],[-119.19219,34.44593],[-119.19206,34.44597],[-119.19198,34.44598],[-119.19173,34.44599],[-119.1915,34.44598],[-119.19144,34.44598],[-119.1914,34.44596],[-119.1913,34.4459],[-119.19121,34.44581],[-119.19108,34.44565],[-119.19104,34.44554],[-119.19099,34.44548],[-119.19096,34.44545],[-119.19091,34.44543],[-119.19083,34.44541],[-119.19079,34.44539],[-119.19077,34.44537],[-119.19076,34.44525],[-119.19078,34.44511],[-119.1908,34.44504],[-119.19081,34.44495],[-119.19081,34.44494],[-119.19073,34.44486],[-119.1907,34.44481],[-119.19061,34.44462],[-119.19057,34.44457],[-119.19054,34.44455],[-119.1905,34.44454],[-119.19045,34.44454],[-119.19037,34.44455],[-119.19034,34.44456],[-119.19029,34.44461],[-119.19027,34.44464],[-119.19026,34.44471],[-119.19027,34.44473],[-119.19029,34.44475],[-119.19032,34.44481],[-119.19032,34.44483],[-119.1903,34.4449],[-119.19026,34.44517],[-119.19025,34.4452],[-119.19022,34.44525],[-119.19016,34.44531],[-119.19002,34.44543],[-119.19,34.44546],[-119.18998,34.44549],[-119.18998,34.44552],[-119.18997,34.44564],[-119.18986,34.44583],[-119.18985,34.44587],[-119.18984,34.44591],[-119.18985,34.44597],[-119.18985,34.44601],[-119.1899,34.44616],[-119.18977,34.44605],[-119.18974,34.44601],[-119.18973,34.44598],[-119.18972,34.44595],[-119.18971,34.44584],[-119.18969,34.44573],[-119.18964,34.44559],[-119.18953,34.44532],[-119.18952,34.44529],[-119.18953,34.44524],[-119.18962,34.44502],[-119.18963,34.44499],[-119.18961,34.44491],[-119.18958,34.44487],[-119.18947,34.44477],[-119.1894,34.4447],[-119.18937,34.44467],[-119.18932,34.44466],[-119.18929,34.44467],[-119.18927,34.44467],[-119.18924,34.44471],[-119.18909,34.4448],[-119.18905,34.44482],[-119.18902,34.44483],[-119.18896,34.44484],[-119.18891,34.44484],[-119.18885,34.44484],[-119.18882,34.44484],[-119.18871,34.44488],[-119.18858,34.4449],[-119.18853,34.44489],[-119.18849,34.44487],[-119.18842,34.44483],[-119.18832,34.44476],[-119.1883,34.44475],[-119.18826,34.44474],[-119.18807,34.44471],[-119.18794,34.44471],[-119.18789,34.44472],[-119.18784,34.44473],[-119.1878,34.44474],[-119.18776,34.44478],[-119.18774,34.44483],[-119.18772,34.44485],[-119.18768,34.44486],[-119.18747,34.44489],[-119.18739,34.44491],[-119.18729,34.44494],[-119.18721,34.44497],[-119.18715,34.44501],[-119.18707,34.44508],[-119.18702,34.44515],[-119.18701,34.44518],[-119.18697,34.44526],[-119.18697,34.44531],[-119.18697,34.44533],[-119.18699,34.44538],[-119.18703,34.44545],[-119.18706,34.44549],[-119.18713,34.44555],[-119.18718,34.44559],[-119.18742,34.44573],[-119.18786,34.44597],[-119.18797,34.44606],[-119.18803,34.4461],[-119.18809,34.44618],[-119.18814,34.44624],[-119.18817,34.44631],[-119.18821,34.44647],[-119.18825,34.44664],[-119.18829,34.44669],[-119.18835,34.44673],[-119.18885,34.44696],[-119.18946,34.44719],[-119.19023,34.44746],[-119.19104,34.44765],[-119.1913,34.44768]]}},{"type":"Feature","properties":{"name":"","c":"track"},"geometry":{"type":"LineString","coordinates":[[-119.19368,34.44567],[-119.19364,34.44573],[-119.19362,34.44591],[-119.19346,34.44605],[-119.19327,34.44618],[-119.193,34.44633],[-119.19272,34.44649],[-119.19261,34.44655],[-119.19247,34.4466],[-119.19234,34.44663],[-119.19224,34.44666],[-119.19196,34.44678]]}},{"type":"Feature","properties":{"name":"","c":"path"},"geometry":{"type":"LineString","coordinates":[[-119.19233,34.44323],[-119.1923,34.44328],[-119.19229,34.44335],[-119.19227,34.4434],[-119.19226,34.44342],[-119.19226,34.44345],[-119.19227,34.44348],[-119.19229,34.4435],[-119.19263,34.44371],[-119.19284,34.44384],[-119.19309,34.44397],[-119.19317,34.444],[-119.19321,34.444],[-119.19327,34.444],[-119.19329,34.44399],[-119.19343,34.44392],[-119.1935,34.4439],[-119.19354,34.4439],[-119.19358,34.4439],[-119.19363,34.44391],[-119.19372,34.44395],[-119.19382,34.444],[-119.19395,34.44407],[-119.19405,34.4441],[-119.1941,34.44411],[-119.19414,34.44411],[-119.19435,34.44408],[-119.19441,34.44409],[-119.19451,34.44414],[-119.19466,34.44419],[-119.19476,34.4442],[-119.19479,34.44422],[-119.19482,34.44424],[-119.19491,34.44432],[-119.19499,34.44441],[-119.19506,34.44448],[-119.19512,34.44455],[-119.19519,34.44462],[-119.19524,34.44469],[-119.19529,34.44484],[-119.1953,34.44492],[-119.1953,34.44505],[-119.1953,34.44508],[-119.19533,34.44514],[-119.1954,34.44521],[-119.1955,34.44526],[-119.19558,34.44525]]}},{"type":"Feature","properties":{"name":"","c":"track"},"geometry":{"type":"LineString","coordinates":[[-119.19536,34.44444],[-119.19546,34.44465],[-119.19548,34.4448],[-119.1955,34.44493],[-119.19547,34.44502],[-119.19546,34.4451],[-119.1955,34.44517],[-119.19558,34.44525],[-119.19574,34.44529],[-119.19585,34.44533],[-119.19606,34.44533],[-119.19614,34.44533],[-119.1962,34.44532],[-119.19626,34.4453],[-119.19634,34.44527],[-119.19655,34.4451],[-119.19664,34.44506],[-119.19671,34.44507],[-119.19684,34.44504],[-119.19708,34.44503],[-119.19721,34.44502],[-119.19729,34.44501],[-119.19738,34.44499],[-119.19752,34.44495],[-119.19766,34.44494],[-119.19794,34.44496],[-119.19831,34.44503],[-119.19846,34.44508],[-119.19852,34.44514]]}},{"type":"Feature","properties":{"name":"","c":"path"},"geometry":{"type":"LineString","coordinates":[[-119.1928,34.44197],[-119.19304,34.4422],[-119.19311,34.44224],[-119.19323,34.4423],[-119.19341,34.44236],[-119.19406,34.44254],[-119.19443,34.44265],[-119.19449,34.44266],[-119.19456,34.44265],[-119.19469,34.44266],[-119.19475,34.44267],[-119.19488,34.44271],[-119.19496,34.44272],[-119.19517,34.44272],[-119.19529,34.44273],[-119.19559,34.44278],[-119.19564,34.44278],[-119.19581,34.4428],[-119.19595,34.44284],[-119.19618,34.44292],[-119.19623,34.44296],[-119.19625,34.44298],[-119.19626,34.44302],[-119.19625,34.4431],[-119.19625,34.44313],[-119.19627,34.44314],[-119.19631,34.44316],[-119.19643,34.44316],[-119.19657,34.44318],[-119.19661,34.44318],[-119.19669,34.44316],[-119.19675,34.44313],[-119.19679,34.44312],[-119.19683,34.44312],[-119.19689,34.44313],[-119.19695,34.44315],[-119.19705,34.44321],[-119.19709,34.44325],[-119.19713,34.4433],[-119.19716,34.44337],[-119.19718,34.44347],[-119.19719,34.44349],[-119.19721,34.4435],[-119.19723,34.4435],[-119.19726,34.44349],[-119.19728,34.44348],[-119.19738,34.44337],[-119.19751,34.44327],[-119.19755,34.44325],[-119.1976,34.44324],[-119.19766,34.44323],[-119.19775,34.44323],[-119.19778,34.44323],[-119.19781,34.44324],[-119.19785,34.44328],[-119.19792,34.44338],[-119.19801,34.44354],[-119.19802,34.44359],[-119.19806,34.44377],[-119.1981,34.4438],[-119.19816,34.44381],[-119.19838,34.44369]]}},{"type":"Feature","properties":{"name":"","c":"track"},"geometry":{"type":"LineString","coordinates":[[-119.19457,34.44067],[-119.19435,34.44067],[-119.19285,34.44065],[-119.19173,34.44066]]}},{"type":"Feature","properties":{"name":"","c":"track"},"geometry":{"type":"LineString","coordinates":[[-119.19162,34.43575],[-119.19136,34.43531],[-119.19068,34.43518],[-119.19057,34.43517],[-119.19052,34.43524],[-119.19077,34.43644],[-119.1911,34.43783],[-119.19129,34.43865],[-119.19132,34.43881],[-119.19139,34.43907],[-119.19144,34.43927],[-119.19154,34.43975],[-119.1916,34.44009],[-119.19166,34.44031],[-119.19169,34.44041],[-119.19173,34.44066],[-119.19182,34.4411],[-119.19184,34.44121],[-119.19186,34.44124],[-119.19188,34.44125],[-119.19194,34.44127],[-119.192,34.44132],[-119.19204,34.44135],[-119.19207,34.44138],[-119.1921,34.44144],[-119.19211,34.44149],[-119.19209,34.44155],[-119.19204,34.44167],[-119.192,34.44182],[-119.19199,34.44189],[-119.19199,34.44199],[-119.1921,34.44247],[-119.1922,34.44283],[-119.19227,34.44314],[-119.19228,34.44317],[-119.1923,34.4432],[-119.19233,34.44323],[-119.19235,34.44325],[-119.19241,34.4433],[-119.1925,34.44333],[-119.19293,34.44342],[-119.1931,34.44345],[-119.19318,34.44344],[-119.19327,34.44341],[-119.19336,34.44334],[-119.1934,34.44327],[-119.19342,34.44319],[-119.19337,34.4431],[-119.19329,34.44304],[-119.19319,34.44296],[-119.19294,34.44285],[-119.19286,34.44277],[-119.19281,34.4427],[-119.19274,34.44263],[-119.19262,34.44255],[-119.19251,34.44248],[-119.19247,34.44243],[-119.19245,34.44224],[-119.19239,34.44209],[-119.19234,34.44202],[-119.19234,34.44195],[-119.19237,34.44188],[-119.19244,34.44184],[-119.19255,34.44186],[-119.19261,34.44188],[-119.19269,34.44191],[-119.19275,34.44194],[-119.1928,34.44197]]}},{"type":"Feature","properties":{"name":"","c":"track"},"geometry":{"type":"LineString","coordinates":[[-119.1928,34.44197],[-119.19293,34.44202],[-119.19318,34.44214],[-119.19324,34.44215],[-119.1933,34.44212],[-119.19334,34.44208],[-119.19334,34.44204],[-119.19323,34.44189],[-119.19306,34.44157],[-119.19302,34.44147],[-119.19301,34.44136],[-119.19302,34.44125],[-119.19306,34.44115],[-119.19309,34.4411],[-119.19313,34.44109],[-119.19318,34.44109],[-119.19322,34.44112],[-119.19334,34.44125],[-119.19343,34.44133],[-119.19356,34.4414],[-119.19369,34.44142],[-119.19396,34.44148],[-119.19419,34.44152],[-119.19432,34.44152],[-119.19447,34.44149],[-119.19456,34.44144],[-119.19459,34.44136],[-119.19456,34.44099],[-119.19457,34.44067],[-119.19457,34.44057],[-119.19454,34.44033],[-119.1945,34.44003],[-119.19446,34.43982],[-119.19443,34.43972],[-119.19424,34.4395],[-119.19415,34.43938],[-119.1941,34.43929],[-119.19398,34.43887],[-119.19384,34.43844],[-119.19374,34.43827],[-119.19361,34.43813],[-119.19344,34.43799],[-119.19336,34.43788],[-119.19332,34.43777],[-119.19332,34.43772],[-119.19331,34.43768],[-119.19337,34.43751],[-119.19337,34.43744],[-119.19338,34.43722],[-119.19339,34.43715],[-119.19346,34.43706],[-119.19352,34.437]]}},{"type":"Feature","properties":{"name":"","c":"track"},"geometry":{"type":"LineString","coordinates":[[-119.19332,34.43772],[-119.19286,34.43779],[-119.19282,34.43779],[-119.1928,34.43777],[-119.19274,34.43761],[-119.19269,34.43743],[-119.19268,34.43732],[-119.19268,34.43731],[-119.19265,34.4373]]}},{"type":"Feature","properties":{"name":"","c":"track"},"geometry":{"type":"LineString","coordinates":[[-119.1911,34.43783],[-119.19129,34.43782],[-119.19159,34.43783],[-119.19172,34.43786],[-119.1918,34.43793],[-119.19186,34.43803],[-119.19194,34.4381],[-119.19203,34.43814],[-119.19213,34.43815],[-119.19221,34.43815]]}},{"type":"Feature","properties":{"name":"","c":"track"},"geometry":{"type":"LineString","coordinates":[[-119.1944,34.4367],[-119.19447,34.43699],[-119.19447,34.43704],[-119.19445,34.43709],[-119.19443,34.43713],[-119.19438,34.43717],[-119.19428,34.43722],[-119.19424,34.43726],[-119.19423,34.43738],[-119.19421,34.43742],[-119.19417,34.43744],[-119.1941,34.43743]]}},{"type":"Feature","properties":{"name":"","c":"track"},"geometry":{"type":"LineString","coordinates":[[-119.19781,34.43891],[-119.19795,34.43886],[-119.19809,34.43879],[-119.19819,34.43872],[-119.19825,34.43869],[-119.1984,34.43867],[-119.19859,34.43859],[-119.19884,34.43848],[-119.19894,34.43833],[-119.19909,34.43822],[-119.19922,34.43815],[-119.19941,34.43819],[-119.19955,34.43819],[-119.19963,34.43811],[-119.19978,34.4379],[-119.19987,34.4378],[-119.19994,34.43776],[-119.20027,34.43766],[-119.20046,34.43767],[-119.20061,34.43754],[-119.20054,34.43741],[-119.20052,34.43733],[-119.20055,34.43713],[-119.2006,34.43704],[-119.20078,34.43696],[-119.20087,34.43685]]}},{"type":"Feature","properties":{"name":"","c":"track"},"geometry":{"type":"LineString","coordinates":[[-119.20169,34.43635],[-119.20159,34.43639],[-119.20143,34.43655],[-119.20131,34.43669],[-119.20108,34.43682],[-119.20094,34.43687],[-119.20087,34.43685],[-119.20084,34.43679],[-119.20089,34.43667],[-119.20112,34.43652],[-119.20127,34.43621],[-119.2013,34.43616],[-119.20131,34.43611],[-119.2013,34.43608],[-119.20129,34.43604],[-119.20127,34.43601],[-119.20124,34.43597],[-119.20115,34.43589],[-119.20113,34.43586],[-119.20112,34.43577],[-119.20112,34.43548],[-119.20112,34.43542],[-119.20112,34.43537],[-119.20109,34.43529],[-119.20106,34.43527],[-119.20103,34.43525],[-119.201,34.43524],[-119.20095,34.43525],[-119.20091,34.43527],[-119.20089,34.43528],[-119.20087,34.43534],[-119.20086,34.43546],[-119.20084,34.43552],[-119.20081,34.43556],[-119.20078,34.43559],[-119.20073,34.43563],[-119.20066,34.43566],[-119.20056,34.43568],[-119.20048,34.43571],[-119.20042,34.43574],[-119.20031,34.43582],[-119.20024,34.43587],[-119.20019,34.43593],[-119.20016,34.436],[-119.20011,34.43617],[-119.20009,34.43625],[-119.20006,34.43631],[-119.20002,34.43635],[-119.19997,34.43639],[-119.19991,34.43643],[-119.19985,34.43646],[-119.1998,34.43648],[-119.19971,34.4365],[-119.19968,34.43652],[-119.19959,34.43666],[-119.19951,34.43677],[-119.19949,34.4368],[-119.19936,34.43695],[-119.19933,34.43697],[-119.19931,34.43699]]}},{"type":"Feature","properties":{"name":"","c":"track"},"geometry":{"type":"LineString","coordinates":[[-119.20018,34.44316],[-119.1999,34.44315],[-119.19961,34.44306],[-119.19938,34.44305],[-119.19898,34.4428],[-119.19876,34.4426],[-119.19859,34.44258],[-119.19847,34.44265],[-119.19835,34.44279],[-119.19832,34.44282],[-119.19826,34.44283],[-119.1982,34.44277],[-119.19816,34.44267],[-119.19802,34.44258],[-119.19794,34.44257],[-119.19785,34.44259],[-119.19782,34.44264],[-119.19783,34.44271],[-119.19787,34.44283],[-119.19796,34.44312],[-119.19798,34.44324],[-119.19809,34.44345],[-119.19809,34.44352],[-119.19811,34.44358],[-119.19818,34.44364],[-119.1983,34.44368],[-119.19838,34.44369],[-119.19884,34.44367],[-119.19895,34.4436],[-119.19901,34.44351],[-119.1991,34.44346],[-119.19914,34.44345],[-119.19922,34.44346],[-119.19933,34.44348],[-119.19963,34.44355],[-119.19992,34.44364],[-119.20012,34.44369],[-119.20036,34.44369],[-119.20092,34.44369],[-119.20121,34.44371],[-119.20131,34.44369],[-119.20139,34.44366],[-119.20148,34.44361],[-119.2016,34.44355],[-119.20175,34.4436]]}},{"type":"Feature","properties":{"name":"","c":"track"},"geometry":{"type":"LineString","coordinates":[[-119.21783,34.45128],[-119.21776,34.45125],[-119.21766,34.45124],[-119.21736,34.45125],[-119.21607,34.45131],[-119.21542,34.45135],[-119.21517,34.45143]]}},{"type":"Feature","properties":{"name":"","c":"track"},"geometry":{"type":"LineString","coordinates":[[-119.21883,34.45366],[-119.21848,34.45417],[-119.21812,34.45475],[-119.2181,34.45479],[-119.21813,34.45488],[-119.21815,34.45495]]}},{"type":"Feature","properties":{"name":"","c":"track"},"geometry":{"type":"LineString","coordinates":[[-119.21931,34.45473],[-119.2193,34.45465],[-119.21929,34.4546],[-119.21931,34.45452],[-119.21934,34.45447],[-119.21947,34.45427],[-119.21953,34.454],[-119.2196,34.45365]]}},{"type":"Feature","properties":{"name":"","c":"track"},"geometry":{"type":"LineString","coordinates":[[-119.22245,34.45426],[-119.22245,34.45418],[-119.22243,34.454],[-119.22249,34.45389],[-119.2226,34.45376],[-119.2227,34.45369],[-119.22283,34.45368],[-119.22302,34.45368],[-119.22321,34.4537],[-119.22343,34.45373],[-119.22363,34.45374]]}},{"type":"Feature","properties":{"name":"","c":"track"},"geometry":{"type":"LineString","coordinates":[[-119.22135,34.45019],[-119.2216,34.45021],[-119.22208,34.45033],[-119.22299,34.45053],[-119.22304,34.45055],[-119.22305,34.45057],[-119.22305,34.45061],[-119.22254,34.45193],[-119.22227,34.45265],[-119.22222,34.45278]]}},{"type":"Feature","properties":{"name":"","c":"footway"},"geometry":{"type":"LineString","coordinates":[[-119.22783,34.45061],[-119.22786,34.45061],[-119.22787,34.45061],[-119.22788,34.4506],[-119.2279,34.45057],[-119.22792,34.45053]]}},{"type":"Feature","properties":{"name":"","c":"footway"},"geometry":{"type":"LineString","coordinates":[[-119.2272,34.45114],[-119.2272,34.45133]]}},{"type":"Feature","properties":{"name":"","c":"footway"},"geometry":{"type":"LineString","coordinates":[[-119.23048,34.44885],[-119.23094,34.44882],[-119.23095,34.44882],[-119.23097,34.44883],[-119.23099,34.44884],[-119.231,34.44885],[-119.23101,34.44886],[-119.23102,34.44888],[-119.23102,34.4489],[-119.23102,34.44909],[-119.23101,34.44943],[-119.23101,34.44945],[-119.23101,34.44956],[-119.23101,34.44963],[-119.23102,34.44969],[-119.23104,34.44976],[-119.23106,34.44982],[-119.23106,34.44984],[-119.23106,34.44986],[-119.23105,34.44988],[-119.23103,34.4499],[-119.23098,34.44991],[-119.23092,34.44993],[-119.23089,34.44994],[-119.23088,34.44994],[-119.23084,34.44995],[-119.23079,34.44995],[-119.23075,34.44996],[-119.23068,34.44996],[-119.23057,34.44995],[-119.23056,34.44995],[-119.23045,34.44995],[-119.23024,34.44995],[-119.22997,34.44995],[-119.22941,34.44994],[-119.22929,34.44994],[-119.22927,34.44994],[-119.22924,34.44995],[-119.22923,34.44997],[-119.22922,34.44999],[-119.22922,34.45],[-119.22922,34.45011],[-119.22922,34.45018],[-119.22922,34.4502],[-119.22923,34.45021],[-119.22924,34.45022],[-119.22925,34.45023],[-119.22928,34.45023],[-119.22931,34.45023],[-119.22951,34.45023],[-119.22966,34.45024],[-119.22968,34.45024],[-119.2297,34.45025],[-119.22972,34.45025],[-119.22973,34.45027],[-119.22974,34.45028],[-119.22975,34.4503],[-119.22974,34.45069],[-119.22974,34.45071],[-119.22974,34.45096],[-119.22973,34.45151],[-119.22972,34.45195],[-119.22972,34.45205],[-119.22972,34.45216],[-119.22972,34.45219],[-119.22972,34.45221],[-119.22972,34.45223],[-119.22973,34.45225],[-119.22975,34.45226],[-119.22977,34.45228],[-119.22978,34.45231],[-119.22979,34.45233],[-119.22979,34.45236],[-119.22979,34.4524],[-119.22979,34.45242],[-119.22978,34.45262],[-119.22978,34.45292],[-119.22977,34.45344],[-119.22976,34.4539],[-119.22976,34.45405],[-119.22976,34.45425]]}},{"type":"Feature","properties":{"name":"","c":"footway"},"geometry":{"type":"LineString","coordinates":[[-119.23146,34.45069],[-119.23144,34.45069]]}},{"type":"Feature","properties":{"name":"","c":"footway"},"geometry":{"type":"LineString","coordinates":[[-119.23144,34.45069],[-119.23126,34.45069],[-119.23104,34.45069],[-119.23101,34.45069],[-119.23098,34.45068],[-119.23094,34.45067],[-119.2309,34.45066],[-119.23085,34.45066],[-119.2308,34.45067],[-119.23077,34.45068],[-119.23074,34.45069],[-119.23069,34.45072],[-119.23066,34.45074],[-119.23065,34.45075],[-119.23063,34.45079],[-119.23061,34.45083],[-119.2306,34.45087],[-119.2306,34.4509],[-119.23061,34.45092],[-119.23062,34.45096],[-119.23063,34.451],[-119.23063,34.45103],[-119.23063,34.45112],[-119.23063,34.45134],[-119.23063,34.45138],[-119.23063,34.45141],[-119.23061,34.45144],[-119.23059,34.45145],[-119.23057,34.45146],[-119.23054,34.45147],[-119.23051,34.45147],[-119.23025,34.45147],[-119.22995,34.45146],[-119.22993,34.45146],[-119.22991,34.45144],[-119.22989,34.45143],[-119.22988,34.45141],[-119.22988,34.45138],[-119.22988,34.45133],[-119.22988,34.45111],[-119.22989,34.45089],[-119.22989,34.45067],[-119.22989,34.45045],[-119.2299,34.45023],[-119.2299,34.45014],[-119.2299,34.45012],[-119.22991,34.4501],[-119.22993,34.45008],[-119.22995,34.45007],[-119.22998,34.45007],[-119.23041,34.45007],[-119.23067,34.45008],[-119.23072,34.45008],[-119.23076,34.45008],[-119.23081,34.45008],[-119.23083,34.45007],[-119.23085,34.45007],[-119.23091,34.45006],[-119.23096,34.45005],[-119.23098,34.45004],[-119.23102,34.45003],[-119.23109,34.45001],[-119.23112,34.45],[-119.23114,34.45],[-119.23116,34.45],[-119.23117,34.45001],[-119.23118,34.45003],[-119.23134,34.45026],[-119.23137,34.4503],[-119.23143,34.45039],[-119.23148,34.4505],[-119.23151,34.45062],[-119.23151,34.45064],[-119.2315,34.45066],[-119.23149,34.45068],[-119.23146,34.45069]]}},{"type":"Feature","properties":{"name":"","c":"footway"},"geometry":{"type":"LineString","coordinates":[[-119.23014,34.44887],[-119.22982,34.44889],[-119.22959,34.44891],[-119.22958,34.44892],[-119.22956,34.44893],[-119.22955,34.44893],[-119.22953,34.44893],[-119.22949,34.44893],[-119.22938,34.44894],[-119.22935,34.44895],[-119.22932,34.44896],[-119.22917,34.44897],[-119.22912,34.44897],[-119.22907,34.44895],[-119.22903,34.44894],[-119.22898,34.44893],[-119.22896,34.44893],[-119.22882,34.44894]]}},{"type":"Feature","properties":{"name":"","c":"path"},"geometry":{"type":"LineString","coordinates":[[-119.23083,34.44863],[-119.23073,34.4486],[-119.23067,34.44856],[-119.2306,34.44851],[-119.23051,34.44847],[-119.23041,34.44844],[-119.23032,34.4484],[-119.23019,34.44835],[-119.23006,34.4483],[-119.22996,34.44824]]}},{"type":"Feature","properties":{"name":"","c":"footway"},"geometry":{"type":"LineString","coordinates":[[-119.2347,34.44843],[-119.23239,34.44855],[-119.23122,34.44861],[-119.23099,34.44862],[-119.23083,34.44863],[-119.23059,34.44868]]}},{"type":"Feature","properties":{"name":"","c":"path"},"geometry":{"type":"LineString","coordinates":[[-119.23113,34.44575],[-119.23113,34.44585],[-119.23113,34.44591],[-119.23117,34.44594],[-119.23129,34.44599],[-119.23139,34.44603],[-119.2314,34.44609],[-119.2314,34.44614],[-119.23138,34.44627],[-119.23138,34.4463],[-119.2314,34.44633],[-119.23143,34.44635],[-119.23153,34.44642],[-119.23165,34.4465],[-119.23168,34.44652],[-119.23172,34.44653],[-119.23175,34.44654],[-119.23181,34.44654],[-119.23202,34.44654],[-119.23206,34.44654],[-119.2321,34.44655],[-119.23217,34.44657],[-119.23252,34.44668],[-119.23281,34.44678],[-119.23319,34.4469],[-119.23345,34.44699],[-119.23357,34.44702],[-119.23366,34.44705],[-119.23372,34.44707],[-119.23385,34.44713],[-119.23395,34.44718],[-119.23404,34.44721],[-119.23409,34.44723],[-119.23415,34.44725],[-119.2342,34.44726],[-119.23427,34.44727],[-119.23434,34.44727],[-119.23439,34.44728],[-119.23442,34.4473],[-119.23447,34.44733],[-119.23453,34.4474],[-119.23458,34.44746],[-119.2346,34.4475],[-119.23462,34.44755],[-119.23462,34.44758],[-119.23463,34.44766],[-119.23464,34.44775],[-119.23465,34.44786],[-119.23465,34.44795],[-119.23465,34.44804],[-119.23465,34.44809],[-119.23464,34.44815],[-119.23461,34.44818],[-119.23457,34.44819],[-119.23449,34.44818],[-119.23441,34.44816],[-119.23435,34.44816],[-119.23429,34.44816],[-119.23424,34.44819],[-119.23419,34.44823],[-119.23412,34.44827],[-119.23405,34.44831],[-119.23402,34.44832],[-119.23397,34.44832],[-119.23393,34.44831],[-119.23365,34.44822],[-119.23357,34.44819],[-119.2335,34.44818],[-119.23345,34.44818],[-119.23338,34.44819],[-119.23332,34.4482],[-119.23324,34.44822],[-119.23319,34.44823],[-119.23312,34.44822],[-119.23302,34.44821],[-119.23288,34.44819],[-119.23278,34.44818],[-119.23265,34.44816],[-119.23251,34.44814],[-119.23242,34.44812],[-119.23235,34.4481],[-119.23227,34.44808],[-119.23221,34.44808],[-119.2321,34.44809],[-119.23203,34.44809],[-119.23197,34.44808],[-119.23189,34.44805],[-119.23182,34.44801],[-119.23177,34.44797],[-119.23172,34.44792],[-119.23169,34.4479],[-119.23165,34.44788],[-119.23159,34.44787],[-119.23152,34.44786],[-119.23146,34.44783],[-119.23132,34.44777],[-119.2312,34.44771],[-119.23111,34.44765],[-119.23099,34.44758],[-119.2309,34.4475],[-119.23081,34.44742],[-119.23074,34.44735],[-119.23069,34.4473],[-119.23065,34.44724],[-119.23064,34.44719],[-119.23064,34.44714],[-119.23063,34.44709],[-119.23062,34.44703],[-119.23059,34.44699],[-119.23055,34.44696],[-119.23045,34.44693],[-119.2304,34.4469],[-119.23038,34.44687],[-119.23037,34.44684],[-119.23036,34.4468],[-119.23036,34.44677],[-119.23034,34.44674],[-119.2303,34.4467],[-119.23027,34.44666],[-119.23025,34.44663],[-119.23024,34.44658],[-119.23024,34.4465],[-119.23026,34.44637],[-119.23027,34.44632],[-119.23028,34.44629],[-119.23034,34.44621],[-119.23041,34.44611],[-119.23047,34.44603]]}},{"type":"Feature","properties":{"name":"","c":"footway"},"geometry":{"type":"LineString","coordinates":[[-119.23475,34.44665],[-119.2348,34.44664],[-119.235,34.44656],[-119.23507,34.44653],[-119.23514,34.44653],[-119.23521,34.44654],[-119.23526,34.44654]]}},{"type":"Feature","properties":{"name":"","c":"footway"},"geometry":{"type":"LineString","coordinates":[[-119.23524,34.44633],[-119.23521,34.44634],[-119.2351,34.44637],[-119.23478,34.44648],[-119.23475,34.44648]]}},{"type":"Feature","properties":{"name":"","c":"footway"},"geometry":{"type":"LineString","coordinates":[[-119.23527,34.44668],[-119.23519,34.44668],[-119.23512,34.44668],[-119.23505,34.4467],[-119.23499,34.44673],[-119.23493,34.44674],[-119.23483,34.44676]]}},{"type":"Feature","properties":{"name":"","c":"footway"},"geometry":{"type":"LineString","coordinates":[[-119.23529,34.44683],[-119.23526,34.44683],[-119.23523,34.44684],[-119.23519,34.44685],[-119.23514,34.44688],[-119.23509,34.4469],[-119.23505,34.44691],[-119.23501,34.44692],[-119.23498,34.44693],[-119.23495,34.44694],[-119.23491,34.44694],[-119.23485,34.44694],[-119.23478,34.44695]]}},{"type":"Feature","properties":{"name":"","c":"footway"},"geometry":{"type":"LineString","coordinates":[[-119.2354,34.44808],[-119.23539,34.448],[-119.23544,34.448],[-119.23542,34.44769],[-119.2354,34.44766],[-119.23535,34.44766],[-119.23534,34.44754],[-119.23533,34.44739],[-119.23531,34.44722],[-119.2353,34.44708],[-119.23529,34.44699],[-119.23531,34.44697],[-119.23529,34.44683],[-119.23529,34.44682],[-119.23527,34.44668],[-119.23526,34.44654],[-119.23524,34.44633],[-119.23527,34.44632],[-119.23526,34.44618],[-119.23525,34.44605],[-119.23524,34.44603],[-119.23519,34.44603],[-119.23519,34.44594],[-119.23515,34.44591],[-119.23514,34.44591],[-119.23512,34.44587],[-119.23512,34.44582],[-119.23515,34.44577],[-119.23505,34.44576],[-119.23494,34.44576],[-119.23487,34.44577],[-119.2348,34.44579],[-119.23477,34.44578],[-119.23471,34.44578]]}},{"type":"Feature","properties":{"name":"","c":"footway"},"geometry":{"type":"LineString","coordinates":[[-119.23531,34.44722],[-119.23516,34.44723],[-119.23505,34.44724],[-119.23498,34.44725],[-119.2349,34.44725],[-119.23481,34.44725]]}},{"type":"Feature","properties":{"name":"","c":"footway"},"geometry":{"type":"LineString","coordinates":[[-119.2353,34.44708],[-119.23526,34.44705],[-119.23519,34.44703],[-119.23514,34.44702],[-119.2351,34.44704],[-119.23505,34.44706],[-119.235,34.44708],[-119.23495,34.44709],[-119.23489,34.44709],[-119.23482,34.44709]]}},{"type":"Feature","properties":{"name":"","c":"footway"},"geometry":{"type":"LineString","coordinates":[[-119.23533,34.44739],[-119.23524,34.44739],[-119.23515,34.44739],[-119.23506,34.44739],[-119.235,34.4474],[-119.23493,34.44741],[-119.23485,34.44741],[-119.23482,34.44741],[-119.2348,34.44747],[-119.2348,34.44754],[-119.23482,34.44767]]}},{"type":"Feature","properties":{"name":"","c":"footway"},"geometry":{"type":"LineString","coordinates":[[-119.23535,34.44766],[-119.23521,34.44767],[-119.23519,34.44766],[-119.23518,34.44764],[-119.23518,34.44762],[-119.23522,34.44762],[-119.23525,34.44762],[-119.23528,34.4476],[-119.23531,34.44758],[-119.23534,34.44754]]}},{"type":"Feature","properties":{"name":"","c":"footway"},"geometry":{"type":"LineString","coordinates":[[-119.23701,34.44931],[-119.23703,34.4493],[-119.23705,34.44929],[-119.23707,34.44928],[-119.23708,34.44926],[-119.23708,34.44924],[-119.23708,34.44922],[-119.23709,34.44891],[-119.23709,34.44853],[-119.23709,34.44852],[-119.23707,34.4485],[-119.23705,34.44849],[-119.23703,34.44848],[-119.23639,34.44852],[-119.23623,34.44853],[-119.23588,34.44855],[-119.23553,34.44857],[-119.23547,34.44856],[-119.23537,34.44858],[-119.23529,34.44858],[-119.23492,34.4486],[-119.23481,34.4486],[-119.23437,34.44862],[-119.23406,34.44864],[-119.23396,34.44865],[-119.23379,34.44866],[-119.23358,34.44868],[-119.23335,34.4487],[-119.23295,34.44873]]}},{"type":"Feature","properties":{"name":"","c":"footway"},"geometry":{"type":"LineString","coordinates":[[-119.23361,34.45006],[-119.23372,34.45004],[-119.23374,34.45004],[-119.23392,34.45003],[-119.23418,34.45001]]}},{"type":"Feature","properties":{"name":"","c":"footway"},"geometry":{"type":"LineString","coordinates":[[-119.23168,34.45156],[-119.23168,34.45162],[-119.23169,34.45168],[-119.2317,34.45171],[-119.23171,34.45176],[-119.23172,34.45187],[-119.23172,34.45194],[-119.23172,34.45195],[-119.23172,34.45203],[-119.23171,34.45219],[-119.23171,34.45234],[-119.23171,34.45241],[-119.23171,34.45244],[-119.23172,34.45246],[-119.23174,34.45247],[-119.23176,34.45249],[-119.23178,34.45249],[-119.23181,34.45249],[-119.23219,34.4525],[-119.23226,34.4525],[-119.23228,34.4525],[-119.2323,34.45252],[-119.23233,34.45252],[-119.23236,34.45251],[-119.23239,34.4525],[-119.23267,34.4525],[-119.23272,34.4525],[-119.23276,34.45251],[-119.23279,34.45252],[-119.23284,34.45252],[-119.23289,34.45251],[-119.23292,34.45251],[-119.23295,34.45251],[-119.23308,34.45251],[-119.23341,34.45251],[-119.23344,34.45251],[-119.23347,34.4525],[-119.2335,34.45249],[-119.23351,34.45247],[-119.23352,34.45244],[-119.23352,34.45236],[-119.23352,34.45205],[-119.23353,34.452],[-119.23352,34.45198],[-119.2335,34.45196],[-119.23348,34.45195],[-119.23344,34.45195],[-119.2331,34.45194],[-119.23275,34.45194],[-119.23268,34.45194],[-119.23264,34.45194],[-119.23262,34.45195],[-119.23258,34.45197],[-119.23254,34.45199],[-119.2325,34.45199],[-119.23246,34.45199],[-119.23244,34.45198],[-119.23243,34.45198],[-119.23239,34.45195],[-119.23237,34.45191],[-119.23236,34.45188],[-119.23237,34.45185],[-119.23239,34.45181],[-119.23242,34.45179],[-119.23245,34.45177],[-119.23246,34.45177],[-119.2325,34.45176],[-119.23253,34.45176],[-119.23257,34.45177],[-119.2326,34.45179],[-119.23263,34.45181],[-119.23265,34.45181],[-119.23269,34.45182],[-119.23276,34.45182],[-119.23293,34.45182],[-119.23345,34.45182],[-119.23348,34.45182],[-119.2335,34.45181],[-119.23352,34.4518],[-119.23353,34.45177],[-119.23353,34.45173],[-119.23353,34.4517],[-119.23354,34.45134],[-119.23354,34.45124],[-119.23354,34.45085],[-119.23354,34.45073],[-119.23355,34.45035],[-119.23355,34.45025],[-119.23355,34.45016],[-119.23354,34.45011],[-119.23353,34.45008],[-119.23351,34.45006],[-119.23348,34.45005],[-119.23344,34.45004],[-119.23342,34.45005],[-119.23284,34.45008],[-119.23281,34.45008],[-119.23279,34.4501],[-119.23278,34.45012],[-119.23277,34.45015],[-119.23277,34.45017],[-119.23277,34.45028],[-119.23277,34.45052],[-119.23277,34.45064],[-119.23276,34.45102],[-119.23276,34.45113],[-119.23276,34.45129],[-119.23275,34.45131],[-119.23274,34.45134],[-119.23271,34.45136],[-119.23269,34.45138],[-119.23268,34.45138],[-119.23264,34.45139],[-119.2326,34.45139],[-119.23256,34.45138],[-119.23255,34.45138],[-119.23252,34.45136],[-119.23249,34.45133],[-119.23248,34.4513],[-119.23248,34.45126],[-119.23249,34.45123],[-119.23251,34.4512],[-119.23254,34.45118],[-119.23257,34.45116],[-119.2326,34.45114],[-119.2326,34.45112],[-119.23261,34.45109],[-119.23261,34.45105],[-119.23261,34.45093],[-119.2326,34.45091],[-119.23258,34.45089],[-119.23256,34.45089],[-119.23254,34.45088],[-119.23248,34.45087],[-119.23238,34.45087],[-119.23223,34.45086],[-119.23188,34.45084],[-119.23176,34.45083],[-119.23172,34.45083],[-119.2317,34.45084],[-119.23169,34.45085],[-119.23169,34.45086],[-119.23169,34.45088],[-119.23169,34.45112],[-119.23168,34.45138],[-119.23169,34.4514],[-119.23169,34.45142],[-119.2317,34.45143],[-119.23173,34.45145],[-119.23176,34.45145],[-119.2318,34.45145],[-119.23185,34.45145],[-119.23201,34.45145]]}},{"type":"Feature","properties":{"name":"","c":"footway"},"geometry":{"type":"LineString","coordinates":[[-119.23315,34.45431],[-119.23311,34.45431],[-119.23308,34.4543],[-119.23306,34.45429],[-119.23305,34.45426],[-119.23305,34.45422],[-119.23305,34.45414],[-119.23305,34.454],[-119.23306,34.45381],[-119.23306,34.45357],[-119.23306,34.45335],[-119.23307,34.45314],[-119.23307,34.45288],[-119.23307,34.45267],[-119.23308,34.45266],[-119.23309,34.45264],[-119.23311,34.45264],[-119.23313,34.45263],[-119.23325,34.45263],[-119.23329,34.45263],[-119.23332,34.45264],[-119.23336,34.45265],[-119.2334,34.45266],[-119.23344,34.45266],[-119.23345,34.45266],[-119.23349,34.45266],[-119.23354,34.45264],[-119.23357,34.45263],[-119.2336,34.45261],[-119.23364,34.45258],[-119.23364,34.45257],[-119.23366,34.45255],[-119.23369,34.45251],[-119.2337,34.45247],[-119.2337,34.45246],[-119.2337,34.45243],[-119.2337,34.4524],[-119.23368,34.45236],[-119.23367,34.45233],[-119.23367,34.45227],[-119.23367,34.45223],[-119.23367,34.45216],[-119.23367,34.45197],[-119.23368,34.4516],[-119.23368,34.45149],[-119.23369,34.45112],[-119.23369,34.45099],[-119.2337,34.45061],[-119.2337,34.45051],[-119.2337,34.45028],[-119.2337,34.45026],[-119.23371,34.45023],[-119.23372,34.45021],[-119.23373,34.45017],[-119.23374,34.45014],[-119.23373,34.45011],[-119.23373,34.45008],[-119.23372,34.45004],[-119.23371,34.45002],[-119.23367,34.44998],[-119.23364,34.44996],[-119.23363,34.44995],[-119.2336,34.44993],[-119.23355,34.44991],[-119.23353,34.4499],[-119.23348,34.44989],[-119.23341,34.44989],[-119.23335,34.4499],[-119.2333,34.44992],[-119.23328,34.44993],[-119.23322,34.44993],[-119.23318,34.44994],[-119.23305,34.44994],[-119.23251,34.44997],[-119.2323,34.44999],[-119.23227,34.44998],[-119.23225,34.44997],[-119.23223,34.44996],[-119.23218,34.44994],[-119.23215,34.44994],[-119.2321,34.44994],[-119.23206,34.44996],[-119.23203,34.44998],[-119.23201,34.45001],[-119.232,34.45004],[-119.232,34.45005],[-119.232,34.45007],[-119.23201,34.4501],[-119.23203,34.45013],[-119.23205,34.45014],[-119.23207,34.45015],[-119.23209,34.45016],[-119.23212,34.45017],[-119.23216,34.45017],[-119.23219,34.45016],[-119.23222,34.45015],[-119.23225,34.45013],[-119.23228,34.45011],[-119.23231,34.45011],[-119.23233,34.45011],[-119.23235,34.45011],[-119.23254,34.4501],[-119.23257,34.4501],[-119.2326,34.45011],[-119.23262,34.45013],[-119.23262,34.45015],[-119.23262,34.45018],[-119.23261,34.45069],[-119.23261,34.45072],[-119.2326,34.45073],[-119.23258,34.45075],[-119.23256,34.45076],[-119.23253,34.45076],[-119.2325,34.45076],[-119.23239,34.45075],[-119.23227,34.45074],[-119.23188,34.45071],[-119.23174,34.4507],[-119.23171,34.4507],[-119.2317,34.45068],[-119.23169,34.45065],[-119.23169,34.45062],[-119.23168,34.45056],[-119.23166,34.45048],[-119.23161,34.45037],[-119.23159,34.45033],[-119.23157,34.45029],[-119.2315,34.45019],[-119.23149,34.45017],[-119.23146,34.45013],[-119.23144,34.4501],[-119.23137,34.45],[-119.23135,34.44997],[-119.23132,34.44993],[-119.2313,34.4499],[-119.23127,34.44981],[-119.23124,34.44974],[-119.23123,34.44965],[-119.23122,34.44956],[-119.23123,34.44943],[-119.23123,34.44927],[-119.23123,34.4491],[-119.23124,34.44889],[-119.23124,34.44885],[-119.23126,34.44882],[-119.23128,34.44881],[-119.23133,34.4488],[-119.23197,34.44877],[-119.23225,34.44876],[-119.23234,34.44875]]}},{"type":"Feature","properties":{"name":"","c":"footway"},"geometry":{"type":"LineString","coordinates":[[-119.23413,34.45437],[-119.23413,34.45408],[-119.23412,34.45393],[-119.23412,34.45343],[-119.23416,34.45184],[-119.23418,34.45111],[-119.23418,34.45001],[-119.23417,34.44917],[-119.23416,34.44913],[-119.23408,34.44895],[-119.23408,34.4488],[-119.23403,34.44872],[-119.23397,34.44867],[-119.23396,34.44865],[-119.23396,34.44855]]}},{"type":"Feature","properties":{"name":"","c":"footway"},"geometry":{"type":"LineString","coordinates":[[-119.23533,34.45464],[-119.23534,34.4545],[-119.23533,34.45448],[-119.23532,34.45446],[-119.23532,34.45442]]}},{"type":"Feature","properties":{"name":"","c":"footway"},"geometry":{"type":"LineString","coordinates":[[-119.23454,34.45483],[-119.23453,34.45488],[-119.23451,34.45507]]}},{"type":"Feature","properties":{"name":"","c":"footway"},"geometry":{"type":"LineString","coordinates":[[-119.23453,34.45488],[-119.23447,34.45488]]}},{"type":"Feature","properties":{"name":"","c":"footway"},"geometry":{"type":"LineString","coordinates":[[-119.23502,34.45446],[-119.23498,34.45448],[-119.23492,34.4545],[-119.23489,34.4545],[-119.23482,34.45449],[-119.23479,34.45449],[-119.23474,34.4545],[-119.23472,34.45451],[-119.23469,34.45451],[-119.23466,34.4545],[-119.23464,34.45451],[-119.23461,34.45452],[-119.23459,34.45452],[-119.23455,34.45451],[-119.23451,34.45451],[-119.23444,34.45453],[-119.23439,34.45452],[-119.23435,34.4545],[-119.23437,34.45445],[-119.23436,34.45441]]}},{"type":"Feature","properties":{"name":"","c":"footway"},"geometry":{"type":"LineString","coordinates":[[-119.23313,34.45443],[-119.23317,34.45443],[-119.23341,34.45443],[-119.23343,34.45444],[-119.23345,34.45445],[-119.23346,34.45446],[-119.23347,34.45448]]}},{"type":"Feature","properties":{"name":"","c":"footway"},"geometry":{"type":"LineString","coordinates":[[-119.23283,34.45431],[-119.23286,34.4543],[-119.23288,34.45429],[-119.2329,34.45427],[-119.2329,34.45425],[-119.2329,34.45423],[-119.23291,34.45406],[-119.2329,34.45403],[-119.2329,34.45402],[-119.23289,34.454],[-119.23288,34.454],[-119.23283,34.45399],[-119.23261,34.45399],[-119.23244,34.45399],[-119.23194,34.45399],[-119.2318,34.45399],[-119.23176,34.45398],[-119.23171,34.45399],[-119.23167,34.45401],[-119.23164,34.45403],[-119.2316,34.45404],[-119.23156,34.45404],[-119.23152,34.45402],[-119.23149,34.45401],[-119.23146,34.45397],[-119.23145,34.45394],[-119.23144,34.45391],[-119.23145,34.45388],[-119.23146,34.45387],[-119.23147,34.45385],[-119.2315,34.45383],[-119.23153,34.45382],[-119.23157,34.45381],[-119.23159,34.4538],[-119.23161,34.45381],[-119.23163,34.45381],[-119.23165,34.45382],[-119.23168,34.45384],[-119.23171,34.45385],[-119.23173,34.45386],[-119.23177,34.45386],[-119.23211,34.45387],[-119.23245,34.45387],[-119.23259,34.45387],[-119.23283,34.45387],[-119.23286,34.45387],[-119.23288,34.45386],[-119.2329,34.45385],[-119.23291,34.45383],[-119.23291,34.4538],[-119.23291,34.45344],[-119.23291,34.45335],[-119.23291,34.45333],[-119.2329,34.45332],[-119.23289,34.45331],[-119.23287,34.45331],[-119.23284,34.45331],[-119.23195,34.4533],[-119.23178,34.4533],[-119.23153,34.4533],[-119.2315,34.45329],[-119.23148,34.45328],[-119.23146,34.45325],[-119.23146,34.45322],[-119.23147,34.45319],[-119.23149,34.45316],[-119.23151,34.45315],[-119.23152,34.45314],[-119.23156,34.45312],[-119.2316,34.45312],[-119.23163,34.45312],[-119.23165,34.45313],[-119.23168,34.45314],[-119.23171,34.45316],[-119.23173,34.45317],[-119.23176,34.45318],[-119.23181,34.45318],[-119.23216,34.45318],[-119.2325,34.45318],[-119.23265,34.45319],[-119.23285,34.45319],[-119.23287,34.45319],[-119.2329,34.45318],[-119.23291,34.45316],[-119.23291,34.45314],[-119.23292,34.45276],[-119.23292,34.45269],[-119.23292,34.45266],[-119.23291,34.45265],[-119.2329,34.45264],[-119.23288,34.45263],[-119.23285,34.45263],[-119.23228,34.45262],[-119.23196,34.45262],[-119.23194,34.45262],[-119.23193,34.45262],[-119.23188,34.45263],[-119.23184,34.45264],[-119.2318,34.45264],[-119.23179,34.45264],[-119.23175,34.45264],[-119.23171,34.45263],[-119.23165,34.45261],[-119.2316,34.45257],[-119.23156,34.45253],[-119.23156,34.45252],[-119.23154,34.45247],[-119.23153,34.45242],[-119.23153,34.45238],[-119.23156,34.45232],[-119.23157,34.45227],[-119.23157,34.45207],[-119.23157,34.45202],[-119.23157,34.45195],[-119.23155,34.45187],[-119.23153,34.45177],[-119.23151,34.45166],[-119.2315,34.45158],[-119.2315,34.45156],[-119.2315,34.45144],[-119.2315,34.45142],[-119.2315,34.45137],[-119.23151,34.4512],[-119.23151,34.45115],[-119.23151,34.45097],[-119.23151,34.45086],[-119.2315,34.45084],[-119.23149,34.45083],[-119.23146,34.45082],[-119.23143,34.45081],[-119.23097,34.45081],[-119.23086,34.45081],[-119.23083,34.45082],[-119.23081,34.45083],[-119.23079,34.45086],[-119.23078,34.45088],[-119.23078,34.45091],[-119.23078,34.45117],[-119.23078,34.45124],[-119.23078,34.45127],[-119.23079,34.4513],[-119.23081,34.45137],[-119.23081,34.45138],[-119.23081,34.45141],[-119.2308,34.45147],[-119.23078,34.4515],[-119.23077,34.45152],[-119.23073,34.45155],[-119.23071,34.45157],[-119.23069,34.45158],[-119.23062,34.45161],[-119.23058,34.45162],[-119.23055,34.45162],[-119.23052,34.45162],[-119.23046,34.45161],[-119.23041,34.4516],[-119.23037,34.45159],[-119.23028,34.45159],[-119.22996,34.45158],[-119.22993,34.45159],[-119.2299,34.4516],[-119.22988,34.45163],[-119.22988,34.45165],[-119.22988,34.45168],[-119.22988,34.45173],[-119.22987,34.45189]]}},{"type":"Feature","properties":{"name":"","c":"footway"},"geometry":{"type":"LineString","coordinates":[[-119.22991,34.45418],[-119.22993,34.45286],[-119.22993,34.4526],[-119.22993,34.45251],[-119.22993,34.45239],[-119.22994,34.45237],[-119.22995,34.45235],[-119.22996,34.45233],[-119.22998,34.45232],[-119.23,34.45232],[-119.23003,34.45231],[-119.23007,34.45231],[-119.2306,34.45232],[-119.23063,34.45232],[-119.23065,34.45233],[-119.23067,34.45234],[-119.23068,34.45235],[-119.23069,34.45237],[-119.23069,34.45238],[-119.23069,34.4524],[-119.23069,34.45254],[-119.23069,34.45276],[-119.23069,34.45279],[-119.23069,34.45281],[-119.23068,34.45282],[-119.23067,34.45284],[-119.23066,34.45285],[-119.23064,34.45287],[-119.23063,34.45289],[-119.23062,34.45291],[-119.23062,34.45293],[-119.23062,34.45295],[-119.23063,34.45297],[-119.23064,34.45299],[-119.23064,34.453],[-119.23065,34.45301],[-119.23067,34.45302],[-119.23069,34.45304],[-119.23071,34.45304],[-119.23074,34.45305],[-119.23077,34.45305],[-119.2308,34.45305],[-119.23083,34.45304],[-119.23085,34.45303],[-119.23086,34.45301],[-119.23088,34.45299],[-119.23089,34.45297],[-119.2309,34.45295],[-119.2309,34.45292],[-119.23089,34.4529],[-119.23088,34.45288],[-119.23087,34.45287],[-119.23085,34.45285],[-119.23084,34.45283],[-119.23084,34.45281],[-119.23084,34.45278],[-119.23084,34.45261],[-119.23084,34.45241],[-119.23084,34.4524],[-119.23084,34.45238],[-119.23084,34.45235],[-119.23083,34.45232],[-119.23081,34.4523],[-119.23081,34.45229],[-119.23079,34.45227],[-119.23076,34.45224],[-119.23072,34.45222],[-119.23068,34.45221],[-119.23067,34.45221],[-119.23063,34.45219],[-119.23057,34.45219],[-119.23044,34.45219],[-119.23014,34.45219],[-119.23005,34.45219],[-119.23002,34.45219],[-119.22998,34.45219],[-119.22994,34.4522],[-119.22989,34.45222],[-119.22986,34.45223]]}},{"type":"Feature","properties":{"name":"","c":"track"},"geometry":{"type":"LineString","coordinates":[[-119.22958,34.45432],[-119.22959,34.45442],[-119.22963,34.4551],[-119.22964,34.45555]]}},{"type":"Feature","properties":{"name":"","c":"footway"},"geometry":{"type":"LineString","coordinates":[[-119.2307,34.454],[-119.23071,34.454],[-119.23071,34.45414],[-119.23033,34.45414]]}},{"type":"Feature","properties":{"name":"","c":"track"},"geometry":{"type":"LineString","coordinates":[[-119.23023,34.45529],[-119.22989,34.45544],[-119.22972,34.45552],[-119.22964,34.45555],[-119.22959,34.45557],[-119.22951,34.45557],[-119.22882,34.45558]]}},{"type":"Feature","properties":{"name":"","c":"track"},"geometry":{"type":"LineString","coordinates":[[-119.23264,34.45458],[-119.23264,34.45513],[-119.23258,34.45667],[-119.23255,34.45747],[-119.23255,34.45845],[-119.23251,34.46007],[-119.2325,34.46011],[-119.23226,34.4601],[-119.23156,34.46008],[-119.23134,34.46008],[-119.23119,34.4601],[-119.23113,34.46017]]}},{"type":"Feature","properties":{"name":"","c":"footway"},"geometry":{"type":"LineString","coordinates":[[-119.23342,34.45731],[-119.23342,34.45732],[-119.2334,34.45734],[-119.23339,34.45735],[-119.23337,34.45735],[-119.23314,34.45735],[-119.23303,34.45735]]}},{"type":"Feature","properties":{"name":"","c":"footway"},"geometry":{"type":"LineString","coordinates":[[-119.23437,34.45507],[-119.23437,34.45499]]}},{"type":"Feature","properties":{"name":"","c":"footway"},"geometry":{"type":"LineString","coordinates":[[-119.2336,34.45465],[-119.23361,34.45449],[-119.23361,34.45446],[-119.23362,34.45445],[-119.23364,34.45444],[-119.23367,34.45444],[-119.23397,34.45444],[-119.23403,34.45444],[-119.23411,34.45443],[-119.23418,34.45443],[-119.23436,34.45441],[-119.235,34.45435],[-119.23524,34.45433],[-119.23541,34.45432],[-119.23578,34.45428],[-119.23582,34.45428],[-119.23584,34.45431],[-119.23584,34.45433],[-119.23584,34.45436],[-119.23582,34.45441],[-119.2358,34.45449],[-119.23578,34.45457],[-119.23578,34.45466],[-119.23578,34.45478],[-119.23578,34.45501],[-119.23578,34.45543],[-119.23578,34.45553],[-119.23577,34.45561],[-119.23575,34.4557],[-119.23573,34.45578],[-119.23567,34.45588],[-119.23562,34.45595],[-119.23556,34.45601],[-119.23549,34.45608],[-119.23541,34.45613],[-119.23531,34.45618],[-119.23522,34.45622],[-119.23506,34.45627],[-119.23496,34.4563],[-119.23484,34.45634],[-119.23476,34.45639],[-119.2347,34.45643],[-119.23464,34.45646],[-119.23462,34.45647],[-119.2346,34.45647],[-119.23457,34.45647],[-119.23455,34.45645],[-119.2345,34.45641],[-119.23448,34.45638],[-119.23448,34.45636],[-119.23448,34.45633],[-119.23449,34.45631],[-119.23449,34.45627],[-119.23447,34.45624],[-119.23445,34.45622],[-119.23442,34.4562],[-119.23438,34.45619],[-119.23434,34.4562],[-119.2343,34.45621],[-119.23426,34.45623],[-119.23425,34.45626],[-119.23424,34.45629],[-119.23425,34.45633],[-119.23426,34.45635],[-119.2343,34.4564],[-119.23436,34.45646],[-119.23442,34.45652],[-119.23447,34.45656],[-119.23449,34.45659],[-119.23448,34.45662],[-119.23443,34.45668],[-119.2344,34.45674],[-119.23436,34.45681],[-119.23434,34.45687],[-119.23432,34.45696],[-119.23431,34.45703],[-119.23429,34.45706],[-119.23429,34.45709],[-119.23428,34.45733],[-119.23428,34.45734],[-119.23427,34.45736],[-119.23426,34.45736],[-119.23424,34.45737],[-119.23418,34.45737],[-119.23409,34.45737],[-119.23385,34.45736],[-119.23361,34.45736],[-119.23359,34.45735],[-119.23357,34.45734],[-119.23356,34.45732],[-119.23356,34.45731]]}},{"type":"Feature","properties":{"name":"","c":"footway"},"geometry":{"type":"LineString","coordinates":[[-119.23494,34.45661],[-119.23489,34.45652]]}},{"type":"Feature","properties":{"name":"","c":"footway"},"geometry":{"type":"LineString","coordinates":[[-119.23489,34.45652],[-119.23488,34.4565],[-119.23486,34.4565],[-119.23483,34.4565],[-119.23482,34.45651],[-119.23479,34.45652],[-119.23477,34.45653],[-119.23475,34.45654],[-119.23473,34.45655],[-119.2347,34.45657],[-119.23468,34.45659],[-119.23466,34.45661],[-119.23464,34.45664],[-119.23457,34.45673],[-119.23453,34.45679],[-119.2345,34.45686],[-119.23447,34.45693],[-119.23446,34.45699],[-119.23446,34.45703],[-119.23446,34.45705],[-119.23447,34.45706],[-119.23447,34.45707],[-119.23447,34.45708],[-119.23447,34.45734],[-119.23447,34.45735],[-119.23448,34.45736],[-119.23449,34.45737],[-119.23451,34.45737],[-119.23453,34.45738],[-119.2357,34.45741],[-119.23572,34.45741],[-119.23574,34.4574],[-119.23575,34.4574],[-119.23576,34.45739],[-119.23577,34.45737],[-119.23577,34.45734],[-119.23577,34.45715],[-119.23579,34.45713],[-119.23579,34.45711],[-119.2358,34.45677],[-119.2358,34.45669],[-119.23578,34.45661],[-119.23574,34.4565],[-119.2357,34.45641],[-119.23564,34.45631],[-119.23558,34.45626],[-119.23554,34.45624],[-119.23549,34.45625],[-119.23544,34.45627],[-119.23536,34.45631],[-119.23529,34.45633],[-119.2352,34.45636],[-119.23512,34.45638],[-119.2351,34.45639],[-119.23505,34.45641],[-119.23504,34.45642],[-119.23503,34.45644],[-119.23503,34.45646],[-119.23504,34.45648],[-119.23513,34.45666],[-119.23515,34.45671],[-119.23516,34.45674],[-119.23516,34.45678],[-119.23514,34.4568],[-119.23512,34.45682],[-119.2351,34.45684],[-119.23506,34.45685],[-119.23502,34.45685],[-119.23497,34.45684],[-119.23495,34.45682],[-119.23492,34.45679],[-119.23491,34.45677],[-119.23491,34.45674],[-119.23492,34.45672],[-119.23493,34.4567],[-119.23494,34.45668],[-119.23495,34.45666],[-119.23495,34.45664],[-119.23494,34.45661]]}},{"type":"Feature","properties":{"name":"","c":"footway"},"geometry":{"type":"LineString","coordinates":[[-119.23428,34.45751],[-119.23427,34.4575]]}},{"type":"Feature","properties":{"name":"","c":"footway"},"geometry":{"type":"LineString","coordinates":[[-119.23427,34.45736],[-119.23427,34.45744],[-119.23427,34.4575]]}},{"type":"Feature","properties":{"name":"","c":"footway"},"geometry":{"type":"LineString","coordinates":[[-119.23552,34.45793],[-119.23481,34.45793]]}},{"type":"Feature","properties":{"name":"","c":"footway"},"geometry":{"type":"LineString","coordinates":[[-119.23599,34.45808],[-119.23599,34.45777]]}},{"type":"Feature","properties":{"name":"","c":"footway"},"geometry":{"type":"LineString","coordinates":[[-119.23568,34.45753],[-119.2358,34.45754],[-119.23594,34.45754],[-119.23595,34.45748],[-119.23597,34.4574]]}},{"type":"Feature","properties":{"name":"","c":"footway"},"geometry":{"type":"LineString","coordinates":[[-119.23811,34.45548],[-119.23896,34.45538],[-119.23898,34.45538],[-119.23899,34.45537]]}},{"type":"Feature","properties":{"name":"","c":"footway"},"geometry":{"type":"LineString","coordinates":[[-119.23658,34.45422],[-119.2366,34.45422],[-119.23661,34.45423],[-119.23663,34.45424],[-119.23663,34.45425],[-119.23663,34.45428],[-119.23663,34.45444],[-119.23663,34.45463],[-119.23663,34.45473],[-119.23662,34.45482],[-119.23662,34.45483],[-119.23661,34.4549],[-119.2366,34.45498],[-119.23659,34.45502],[-119.23659,34.45529],[-119.23659,34.4553],[-119.23659,34.45535],[-119.23659,34.45575],[-119.23659,34.45581],[-119.23658,34.45621],[-119.23658,34.45627],[-119.23658,34.45666],[-119.23658,34.45674],[-119.23658,34.45713],[-119.23658,34.4572],[-119.23658,34.4574],[-119.23657,34.45741],[-119.23656,34.45743],[-119.23654,34.45743],[-119.23652,34.45743],[-119.23627,34.45743],[-119.23623,34.45743],[-119.236,34.45742],[-119.23599,34.45741],[-119.23597,34.4574],[-119.23596,34.45739],[-119.23595,34.45737],[-119.23596,34.45712],[-119.23595,34.45709],[-119.23594,34.45707],[-119.23594,34.45685],[-119.23595,34.45673],[-119.23594,34.45668],[-119.23594,34.45664],[-119.23593,34.45661],[-119.23592,34.45654],[-119.23589,34.45647],[-119.23587,34.45642],[-119.23584,34.45636],[-119.2358,34.4563],[-119.23579,34.45629],[-119.23575,34.45624],[-119.2357,34.45618],[-119.23567,34.45615],[-119.23566,34.45612],[-119.23566,34.4561],[-119.23568,34.45609],[-119.23571,34.45606],[-119.23575,34.45601],[-119.2358,34.45595],[-119.23584,34.45588],[-119.23587,34.4558],[-119.2359,34.45574],[-119.23592,34.45566],[-119.23593,34.4556],[-119.23593,34.45558],[-119.23593,34.45548],[-119.23593,34.45537],[-119.23593,34.4552],[-119.23593,34.45517],[-119.23593,34.45497],[-119.23592,34.45473],[-119.23592,34.45468],[-119.23593,34.4546],[-119.23594,34.45452],[-119.23597,34.45444],[-119.236,34.45436],[-119.23604,34.45429],[-119.23606,34.45427],[-119.23609,34.45426],[-119.23629,34.45424]]}},{"type":"Feature","properties":{"name":"","c":"footway"},"geometry":{"type":"LineString","coordinates":[[-119.23629,34.45424],[-119.23658,34.45422]]}},{"type":"Feature","properties":{"name":"","c":"footway"},"geometry":{"type":"LineString","coordinates":[[-119.23661,34.45423],[-119.23673,34.45422],[-119.2368,34.45421]]}},{"type":"Feature","properties":{"name":"","c":"footway"},"geometry":{"type":"LineString","coordinates":[[-119.23591,34.45414],[-119.23599,34.45413],[-119.23608,34.45413]]}},{"type":"Feature","properties":{"name":"","c":"footway"},"geometry":{"type":"LineString","coordinates":[[-119.23608,34.45413],[-119.23607,34.4542],[-119.23606,34.45427],[-119.23594,34.45427],[-119.23582,34.45428]]}},{"type":"Feature","properties":{"name":"","c":"footway"},"geometry":{"type":"LineString","coordinates":[[-119.23591,34.45414],[-119.23585,34.45422],[-119.23582,34.45428]]}},{"type":"Feature","properties":{"name":"","c":"footway"},"geometry":{"type":"LineString","coordinates":[[-119.23591,34.45414],[-119.23592,34.45411],[-119.23592,34.45392],[-119.23593,34.45357],[-119.23593,34.45352],[-119.23596,34.45345],[-119.23597,34.45339],[-119.23598,34.45338],[-119.23599,34.45334],[-119.23601,34.45329],[-119.23605,34.45323],[-119.23608,34.45318],[-119.23612,34.45314],[-119.23616,34.45309],[-119.23619,34.45306],[-119.2362,34.45305],[-119.23623,34.45302],[-119.23628,34.45298],[-119.23633,34.45295],[-119.23638,34.45291],[-119.23644,34.45287],[-119.23647,34.45285],[-119.2365,34.45283],[-119.23657,34.45278],[-119.23667,34.45271],[-119.23673,34.45267],[-119.23678,34.45263],[-119.23682,34.45259],[-119.23685,34.45257],[-119.23689,34.45252],[-119.23691,34.45249],[-119.23693,34.45246],[-119.23695,34.45242],[-119.23697,34.45239],[-119.23699,34.45235],[-119.237,34.45231],[-119.23701,34.45227],[-119.23702,34.45223],[-119.23703,34.45219],[-119.23703,34.45215],[-119.23704,34.45212],[-119.23703,34.4521],[-119.23701,34.4521],[-119.23699,34.4521],[-119.23697,34.4521],[-119.23694,34.45209],[-119.23692,34.45208],[-119.23691,34.45207],[-119.23689,34.45206],[-119.23688,34.45204],[-119.23687,34.45202],[-119.23686,34.452],[-119.23686,34.45198],[-119.23686,34.45195],[-119.23687,34.4512],[-119.23687,34.45117],[-119.23688,34.45115],[-119.2369,34.45112],[-119.23692,34.45109],[-119.23693,34.45107],[-119.23693,34.45103],[-119.23693,34.45092],[-119.23693,34.4509],[-119.23694,34.45089],[-119.23696,34.45087],[-119.23698,34.45085],[-119.23699,34.45083],[-119.237,34.45081],[-119.23702,34.45079],[-119.23703,34.45077],[-119.23705,34.45076],[-119.23706,34.45074],[-119.23706,34.45069],[-119.23706,34.45046],[-119.23707,34.4504],[-119.23707,34.45036],[-119.23707,34.45032],[-119.23706,34.4503],[-119.23706,34.45028],[-119.23704,34.45027],[-119.23702,34.45026],[-119.237,34.45025]]}},{"type":"Feature","properties":{"name":"","c":"footway"},"geometry":{"type":"LineString","coordinates":[[-119.23696,34.45205],[-119.23692,34.45208],[-119.2369,34.4521],[-119.23675,34.45218],[-119.23657,34.45228],[-119.23647,34.45233],[-119.23638,34.45235]]}},{"type":"Feature","properties":{"name":"","c":"footway"},"geometry":{"type":"LineString","coordinates":[[-119.23849,34.45389],[-119.23855,34.45389],[-119.23885,34.45386],[-119.23908,34.45384]]}},{"type":"Feature","properties":{"name":"","c":"footway"},"geometry":{"type":"LineString","coordinates":[[-119.23849,34.45389],[-119.23835,34.4539],[-119.23834,34.4539],[-119.23833,34.45389]]}},{"type":"Feature","properties":{"name":"","c":"footway"},"geometry":{"type":"LineString","coordinates":[[-119.23783,34.45396],[-119.23791,34.45395],[-119.23814,34.45392],[-119.23817,34.45392],[-119.23818,34.45391],[-119.23819,34.45389],[-119.23819,34.45387],[-119.23818,34.45386],[-119.23818,34.45382],[-119.23819,34.45334],[-119.23819,34.45332]]}},{"type":"Feature","properties":{"name":"","c":"footway"},"geometry":{"type":"LineString","coordinates":[[-119.23898,34.45401],[-119.23897,34.454],[-119.23896,34.45399],[-119.23894,34.45399],[-119.23892,34.45398],[-119.23859,34.45402],[-119.23834,34.45405],[-119.2383,34.45405],[-119.23802,34.45408],[-119.23796,34.45409],[-119.23753,34.45414],[-119.23744,34.45414],[-119.2372,34.45416],[-119.23708,34.45417],[-119.23681,34.4542],[-119.2368,34.45421],[-119.2368,34.45422]]}},{"type":"Feature","properties":{"name":"","c":"footway"},"geometry":{"type":"LineString","coordinates":[[-119.23917,34.45396],[-119.23947,34.45393],[-119.2397,34.4539],[-119.24014,34.45385],[-119.24032,34.45383],[-119.24049,34.45381],[-119.24143,34.45371],[-119.24146,34.4537],[-119.24148,34.45371],[-119.2415,34.45373],[-119.2415,34.45375],[-119.2415,34.45382]]}},{"type":"Feature","properties":{"name":"","c":"footway"},"geometry":{"type":"LineString","coordinates":[[-119.23944,34.45377],[-119.23945,34.45378],[-119.23946,34.45378],[-119.23947,34.45379],[-119.23948,34.45379],[-119.23951,34.45379],[-119.23987,34.45375],[-119.23994,34.45375],[-119.24014,34.45372]]}},{"type":"Feature","properties":{"name":"","c":"footway"},"geometry":{"type":"LineString","coordinates":[[-119.23929,34.45378],[-119.23929,34.4538],[-119.23928,34.45381],[-119.23927,34.45381],[-119.23925,34.45382],[-119.23924,34.45382],[-119.23911,34.45384],[-119.23908,34.45384]]}},{"type":"Feature","properties":{"name":"","c":"footway"},"geometry":{"type":"LineString","coordinates":[[-119.23928,34.45381],[-119.23934,34.4538],[-119.23946,34.45378]]}},{"type":"Feature","properties":{"name":"","c":"footway"},"geometry":{"type":"LineString","coordinates":[[-119.23906,34.45359],[-119.23907,34.45362],[-119.23909,34.4538],[-119.23909,34.45381],[-119.23911,34.45384]]}},{"type":"Feature","properties":{"name":"","c":"footway"},"geometry":{"type":"LineString","coordinates":[[-119.24206,34.45277],[-119.2419,34.45277],[-119.24187,34.45276],[-119.24182,34.45275]]}},{"type":"Feature","properties":{"name":"","c":"footway"},"geometry":{"type":"LineString","coordinates":[[-119.24201,34.45248],[-119.24199,34.45245],[-119.24199,34.45239],[-119.24198,34.45234],[-119.24197,34.45226]]}},{"type":"Feature","properties":{"name":"","c":"footway"},"geometry":{"type":"LineString","coordinates":[[-119.24258,34.45243],[-119.24258,34.4524],[-119.24255,34.4522]]}},{"type":"Feature","properties":{"name":"","c":"footway"},"geometry":{"type":"LineString","coordinates":[[-119.24248,34.45244],[-119.24243,34.45244],[-119.2424,34.45245],[-119.24237,34.45245],[-119.24234,34.45245],[-119.24224,34.45245],[-119.24222,34.45247],[-119.2422,34.45247],[-119.24217,34.45247],[-119.24215,34.45247],[-119.24201,34.45248],[-119.24203,34.45253],[-119.24205,34.45255],[-119.24206,34.45257],[-119.24206,34.45259],[-119.24206,34.45261],[-119.24211,34.4527],[-119.24206,34.45277],[-119.24213,34.45277],[-119.24218,34.45275]]}},{"type":"Feature","properties":{"name":"","c":"footway"},"geometry":{"type":"LineString","coordinates":[[-119.24253,34.45253],[-119.24245,34.45253],[-119.24243,34.45252],[-119.2424,34.45252],[-119.24237,34.45252],[-119.24235,34.45253],[-119.24227,34.45253],[-119.24225,34.45253],[-119.24223,34.45254],[-119.24222,34.45256],[-119.24221,34.45257],[-119.24222,34.45275]]}},{"type":"Feature","properties":{"name":"","c":"footway"},"geometry":{"type":"LineString","coordinates":[[-119.24283,34.45342],[-119.24285,34.45341],[-119.24286,34.45341],[-119.24287,34.4534],[-119.24288,34.45338],[-119.24288,34.45336],[-119.24288,34.45333],[-119.24289,34.45275],[-119.24289,34.45243],[-119.24289,34.4519],[-119.24289,34.45188],[-119.24287,34.45187],[-119.24284,34.45188],[-119.2427,34.45189],[-119.24266,34.4519],[-119.24264,34.4519],[-119.24256,34.45191],[-119.24235,34.45193],[-119.2423,34.45194],[-119.24212,34.45196],[-119.24192,34.45198],[-119.24173,34.452],[-119.24163,34.45201]]}},{"type":"Feature","properties":{"name":"","c":"footway"},"geometry":{"type":"LineString","coordinates":[[-119.24283,34.45342],[-119.24062,34.45367],[-119.24029,34.45371],[-119.24014,34.45372]]}},{"type":"Feature","properties":{"name":"","c":"footway"},"geometry":{"type":"LineString","coordinates":[[-119.24148,34.45505],[-119.24148,34.455],[-119.24148,34.45469]]}},{"type":"Feature","properties":{"name":"","c":"footway"},"geometry":{"type":"LineString","coordinates":[[-119.24161,34.45572],[-119.24161,34.45609]]}},{"type":"Feature","properties":{"name":"","c":"footway"},"geometry":{"type":"LineString","coordinates":[[-119.24146,34.45622],[-119.24146,34.45618],[-119.24146,34.45582]]}},{"type":"Feature","properties":{"name":"","c":"footway"},"geometry":{"type":"LineString","coordinates":[[-119.24147,34.45554],[-119.24147,34.45526]]}},{"type":"Feature","properties":{"name":"","c":"footway"},"geometry":{"type":"LineString","coordinates":[[-119.24045,34.45776],[-119.24046,34.45783],[-119.24048,34.4579],[-119.24051,34.45796],[-119.24056,34.45803],[-119.24061,34.4581],[-119.24066,34.45815],[-119.24073,34.4582],[-119.24079,34.45823],[-119.24086,34.45826],[-119.24092,34.45829],[-119.24098,34.4583],[-119.24107,34.45831],[-119.24115,34.45832],[-119.24134,34.45832],[-119.24137,34.45832],[-119.24139,34.45832],[-119.2414,34.45831],[-119.24141,34.45829],[-119.24142,34.45827],[-119.24142,34.45822],[-119.24143,34.45763],[-119.24144,34.4573],[-119.24144,34.45727]]}},{"type":"Feature","properties":{"name":"","c":"footway"},"geometry":{"type":"LineString","coordinates":[[-119.2416,34.45641],[-119.24159,34.45699],[-119.24159,34.45745]]}},{"type":"Feature","properties":{"name":"","c":"footway"},"geometry":{"type":"LineString","coordinates":[[-119.24159,34.45747],[-119.24157,34.45825],[-119.24157,34.45827],[-119.24158,34.45829],[-119.2416,34.45831],[-119.24162,34.45832],[-119.24165,34.45833],[-119.24168,34.45834],[-119.2425,34.45835],[-119.24253,34.45835],[-119.24255,34.45834],[-119.24257,34.45833],[-119.24259,34.45832],[-119.2426,34.4583],[-119.24261,34.45828],[-119.24261,34.45824],[-119.24262,34.45798],[-119.24262,34.45794],[-119.24263,34.45791],[-119.24271,34.45768],[-119.24274,34.45761],[-119.24279,34.45747]]}},{"type":"Feature","properties":{"name":"","c":"footway"},"geometry":{"type":"LineString","coordinates":[[-119.24882,34.45246],[-119.24949,34.45242]]}},{"type":"Feature","properties":{"name":"","c":"footway"},"geometry":{"type":"LineString","coordinates":[[-119.246,34.45307],[-119.24606,34.45306],[-119.24609,34.45306],[-119.24613,34.45303],[-119.24615,34.45301],[-119.24618,34.45298],[-119.24619,34.45294],[-119.24623,34.45274],[-119.24623,34.45271],[-119.24623,34.45269],[-119.24621,34.45268],[-119.24619,34.45267],[-119.24617,34.45266],[-119.24604,34.45267],[-119.24574,34.45269],[-119.24527,34.45272],[-119.24482,34.45275],[-119.24459,34.45277]]}},{"type":"Feature","properties":{"name":"","c":"footway"},"geometry":{"type":"LineString","coordinates":[[-119.24304,34.45353],[-119.24294,34.45354],[-119.24287,34.45355],[-119.24286,34.45347],[-119.24285,34.45341]]}},{"type":"Feature","properties":{"name":"","c":"footway"},"geometry":{"type":"LineString","coordinates":[[-119.24304,34.45353],[-119.24304,34.45345],[-119.24304,34.45339]]}},{"type":"Feature","properties":{"name":"","c":"footway"},"geometry":{"type":"LineString","coordinates":[[-119.24286,34.45341],[-119.24295,34.4534],[-119.24304,34.45339]]}},{"type":"Feature","properties":{"name":"","c":"footway"},"geometry":{"type":"LineString","coordinates":[[-119.24347,34.45348],[-119.24304,34.45353]]}},{"type":"Feature","properties":{"name":"","c":"footway"},"geometry":{"type":"LineString","coordinates":[[-119.2428,34.4525],[-119.2428,34.45243]]}},{"type":"Feature","properties":{"name":"","c":"footway"},"geometry":{"type":"LineString","coordinates":[[-119.24296,34.45243],[-119.24289,34.45243],[-119.2428,34.45243],[-119.24258,34.45243],[-119.24253,34.45242],[-119.2425,34.45243],[-119.24248,34.45244],[-119.24247,34.45245],[-119.24247,34.45247],[-119.24247,34.45249],[-119.24249,34.4525],[-119.24251,34.45252],[-119.24253,34.45253],[-119.24276,34.45253],[-119.24278,34.45252],[-119.2428,34.45251],[-119.2428,34.4525]]}},{"type":"Feature","properties":{"name":"","c":"footway"},"geometry":{"type":"LineString","coordinates":[[-119.24425,34.45269],[-119.24425,34.45279],[-119.24424,34.45285],[-119.24423,34.45287],[-119.24423,34.45292],[-119.24424,34.45295],[-119.24424,34.45296],[-119.24425,34.45299],[-119.24425,34.45304],[-119.24425,34.45319],[-119.24424,34.45323],[-119.24424,34.45325],[-119.24423,34.45326],[-119.2442,34.45326],[-119.24386,34.4533],[-119.24352,34.45334],[-119.2431,34.45339],[-119.24308,34.45339],[-119.24306,34.45339],[-119.24304,34.45339],[-119.24304,34.45338],[-119.24303,34.45336],[-119.24303,34.45333],[-119.24304,34.45267],[-119.24304,34.45261],[-119.24306,34.45145],[-119.24306,34.45132],[-119.24308,34.45132],[-119.24309,34.45129],[-119.24309,34.45127],[-119.24306,34.45125],[-119.24306,34.45123],[-119.24307,34.45121],[-119.24308,34.4512],[-119.24309,34.45119],[-119.2431,34.45115],[-119.2431,34.45113],[-119.2431,34.4511],[-119.24309,34.45108],[-119.24307,34.45107],[-119.24307,34.45106],[-119.24306,34.45104],[-119.24307,34.45067],[-119.24307,34.45028],[-119.24307,34.45006],[-119.24308,34.45001],[-119.24309,34.44999],[-119.24311,34.44998],[-119.24392,34.44992],[-119.24421,34.4499],[-119.24424,34.4499],[-119.24426,34.44991],[-119.24427,34.44992],[-119.24429,34.44994],[-119.24429,34.44995],[-119.24429,34.44997],[-119.24428,34.4504]]}},{"type":"Feature","properties":{"name":"","c":"footway"},"geometry":{"type":"LineString","coordinates":[[-119.24308,34.44985],[-119.24307,34.44993],[-119.24307,34.44998]]}},{"type":"Feature","properties":{"name":"","c":"footway"},"geometry":{"type":"LineString","coordinates":[[-119.24309,34.44999],[-119.24307,34.44998]]}},{"type":"Feature","properties":{"name":"","c":"footway"},"geometry":{"type":"LineString","coordinates":[[-119.24307,34.44998],[-119.243,34.45],[-119.24291,34.45001],[-119.2429,34.45002],[-119.2429,34.45],[-119.2429,34.44994],[-119.2429,34.44988],[-119.24289,34.44987],[-119.24291,34.44987],[-119.243,34.44985],[-119.24307,34.44984],[-119.24308,34.44983],[-119.24308,34.44985]]}},{"type":"Feature","properties":{"name":"","c":"footway"},"geometry":{"type":"LineString","coordinates":[[-119.24259,34.44972],[-119.24272,34.44996]]}},{"type":"Feature","properties":{"name":"","c":"footway"},"geometry":{"type":"LineString","coordinates":[[-119.24291,34.44955],[-119.24287,34.44952],[-119.24283,34.44949],[-119.24277,34.44945],[-119.24272,34.44939],[-119.2427,34.44936],[-119.24268,34.44928],[-119.24268,34.44919],[-119.24269,34.44917],[-119.24273,34.44914],[-119.24277,34.4491],[-119.2428,34.44905],[-119.24285,34.44902],[-119.24292,34.44899]]}},{"type":"Feature","properties":{"name":"","c":"footway"},"geometry":{"type":"LineString","coordinates":[[-119.24426,34.44991],[-119.24427,34.4499],[-119.24427,34.44983],[-119.24426,34.44978]]}},{"type":"Feature","properties":{"name":"","c":"footway"},"geometry":{"type":"LineString","coordinates":[[-119.2459,34.44882],[-119.24593,34.44882],[-119.24596,34.44883],[-119.24597,34.44884],[-119.24598,34.44885],[-119.246,34.44912],[-119.24601,34.44919],[-119.24605,34.44959],[-119.24605,34.44961],[-119.24604,34.44963],[-119.24601,34.44965],[-119.24599,34.44965],[-119.2456,34.44968],[-119.24536,34.4497],[-119.24485,34.44974],[-119.24458,34.44975],[-119.24441,34.44977],[-119.24426,34.44978],[-119.24421,34.44978],[-119.24381,34.44981],[-119.24315,34.44986],[-119.24313,34.44986],[-119.2431,34.44985],[-119.24309,34.44984],[-119.24308,34.44983],[-119.24308,34.44982],[-119.24308,34.44978],[-119.24308,34.4496],[-119.24309,34.4492],[-119.24309,34.44897],[-119.24309,34.44895],[-119.24309,34.44893],[-119.24311,34.44893],[-119.24312,34.44892],[-119.24315,34.44892],[-119.24318,34.44892],[-119.24344,34.4489],[-119.2438,34.44887],[-119.24388,34.44887],[-119.24394,34.44887],[-119.24402,34.44888],[-119.24411,34.4489],[-119.24418,34.44891],[-119.24419,34.44891],[-119.24423,34.44891],[-119.24431,34.44892],[-119.24439,34.44892],[-119.2444,34.44892],[-119.24446,34.44892],[-119.24451,34.44891],[-119.24455,34.44891],[-119.24459,34.44891],[-119.24473,34.4489],[-119.24481,34.44889],[-119.24487,34.44889],[-119.245,34.44888],[-119.24504,34.44887],[-119.24521,34.44886],[-119.24555,34.44884]]}},{"type":"Feature","properties":{"name":"","c":"footway"},"geometry":{"type":"LineString","coordinates":[[-119.24604,34.44963],[-119.24604,34.44964],[-119.24606,34.44971],[-119.24607,34.44976],[-119.24607,34.44977]]}},{"type":"Feature","properties":{"name":"","c":"footway"},"geometry":{"type":"LineString","coordinates":[[-119.24601,34.44977],[-119.24605,34.44976],[-119.24607,34.44977],[-119.24609,34.44979],[-119.2461,34.44986],[-119.24609,34.44991],[-119.2461,34.44999],[-119.24611,34.45011],[-119.24612,34.45022],[-119.24615,34.45052],[-119.24615,34.45054],[-119.24615,34.45056],[-119.24615,34.45058],[-119.24613,34.4506],[-119.2461,34.45061],[-119.24585,34.45063],[-119.24583,34.45063]]}},{"type":"Feature","properties":{"name":"","c":"footway"},"geometry":{"type":"LineString","coordinates":[[-119.24607,34.45073],[-119.24612,34.45073],[-119.24614,34.45073],[-119.24616,34.45075],[-119.24617,34.45077],[-119.24618,34.4508],[-119.24622,34.45111],[-119.24622,34.45113],[-119.24625,34.4514],[-119.24626,34.45154],[-119.24626,34.45156],[-119.24626,34.45158],[-119.24624,34.45159],[-119.24622,34.45159]]}},{"type":"Feature","properties":{"name":"","c":"footway"},"geometry":{"type":"LineString","coordinates":[[-119.24857,34.44995],[-119.24859,34.45009],[-119.24862,34.45038],[-119.24862,34.4504],[-119.24862,34.45041],[-119.24863,34.45042],[-119.24864,34.45043],[-119.24866,34.45043],[-119.24867,34.45043],[-119.24902,34.45041],[-119.24912,34.4504]]}},{"type":"Feature","properties":{"name":"","c":"footway"},"geometry":{"type":"LineString","coordinates":[[-119.24904,34.44956],[-119.24949,34.44953],[-119.24953,34.44953],[-119.24954,34.44954],[-119.24955,34.44955],[-119.24955,34.44958],[-119.24955,34.44964],[-119.24955,34.44986],[-119.24955,34.44992],[-119.24955,34.44993]]}},{"type":"Feature","properties":{"name":"","c":"footway"},"geometry":{"type":"LineString","coordinates":[[-119.2485,34.4493],[-119.24849,34.44935]]}},{"type":"Feature","properties":{"name":"","c":"footway"},"geometry":{"type":"LineString","coordinates":[[-119.24672,34.44876],[-119.24657,34.44877],[-119.24641,34.44878],[-119.24622,34.4488],[-119.24618,34.4488],[-119.24616,34.44881],[-119.24614,34.44882],[-119.24612,34.44884],[-119.24612,34.44886],[-119.24614,34.44898],[-119.24617,34.44926],[-119.2462,34.44962],[-119.24621,34.44963],[-119.24623,34.44964]]}},{"type":"Feature","properties":{"name":"","c":"footway"},"geometry":{"type":"LineString","coordinates":[[-119.24654,34.44842],[-119.2465,34.44848],[-119.24651,34.4485]]}},{"type":"Feature","properties":{"name":"","c":"footway"},"geometry":{"type":"LineString","coordinates":[[-119.24624,34.44844],[-119.2463,34.44844],[-119.24636,34.44843],[-119.24642,34.44843],[-119.24646,34.44843],[-119.24649,34.44842],[-119.2465,34.44842],[-119.24654,34.44842],[-119.24656,34.44841],[-119.24663,34.44841],[-119.24667,34.44842],[-119.24672,34.44841],[-119.24673,34.44853]]}},{"type":"Feature","properties":{"name":"","c":"footway"},"geometry":{"type":"LineString","coordinates":[[-119.24649,34.44842],[-119.24639,34.44855],[-119.24637,34.44855],[-119.24635,34.44854]]}},{"type":"Feature","properties":{"name":"","c":"footway"},"geometry":{"type":"LineString","coordinates":[[-119.24609,34.44845],[-119.2461,34.44864],[-119.24611,34.44866],[-119.24614,34.44868],[-119.24616,34.44868],[-119.24649,34.44866],[-119.24707,34.44862],[-119.24709,34.44861],[-119.24711,34.4486],[-119.24712,34.44858],[-119.24712,34.44856],[-119.24708,34.44814],[-119.24705,34.44786],[-119.24704,34.44781],[-119.24703,34.44779],[-119.24699,34.44778],[-119.24632,34.44783],[-119.24608,34.44785],[-119.24606,34.44785],[-119.24604,34.44787],[-119.24603,34.44789],[-119.24607,34.44825]]}},{"type":"Feature","properties":{"name":"","c":"footway"},"geometry":{"type":"LineString","coordinates":[[-119.24708,34.44814],[-119.24703,34.44816],[-119.247,34.44817],[-119.24693,34.44818],[-119.24689,34.44818],[-119.24687,34.44819],[-119.2468,34.44816]]}},{"type":"Feature","properties":{"name":"","c":"footway"},"geometry":{"type":"LineString","coordinates":[[-119.2472,34.44779],[-119.24719,34.44781]]}},{"type":"Feature","properties":{"name":"","c":"footway"},"geometry":{"type":"LineString","coordinates":[[-119.24748,34.44774],[-119.2475,34.44793]]}},{"type":"Feature","properties":{"name":"","c":"footway"},"geometry":{"type":"LineString","coordinates":[[-119.2478,34.44772],[-119.24781,34.44781],[-119.24782,34.44785]]}},{"type":"Feature","properties":{"name":"","c":"footway"},"geometry":{"type":"LineString","coordinates":[[-119.24781,34.44781],[-119.24809,34.44779],[-119.24809,34.44777],[-119.2481,34.44777],[-119.24815,34.44777],[-119.2482,34.44777],[-119.24828,34.44776]]}},{"type":"Feature","properties":{"name":"","c":"footway"},"geometry":{"type":"LineString","coordinates":[[-119.24719,34.44781],[-119.24722,34.44809],[-119.24726,34.44851],[-119.24727,34.44857],[-119.24728,34.44858],[-119.24729,34.44859],[-119.24731,34.4486],[-119.2477,34.44857],[-119.24823,34.44853],[-119.24826,34.44852],[-119.24827,34.44851],[-119.24827,34.4485],[-119.24827,34.44849],[-119.24825,34.44829],[-119.2482,34.44777],[-119.24819,34.44771],[-119.24819,34.4477],[-119.24818,34.44769],[-119.24816,34.44769],[-119.2478,34.44772],[-119.24748,34.44774],[-119.24738,34.44775],[-119.24726,34.44776],[-119.24723,34.44777],[-119.24721,34.44778],[-119.2472,34.44779]]}},{"type":"Feature","properties":{"name":"","c":"footway"},"geometry":{"type":"LineString","coordinates":[[-119.24849,34.44935],[-119.24849,34.44938],[-119.24849,34.44941],[-119.2485,34.44944],[-119.24851,34.44947],[-119.24853,34.44948],[-119.24855,34.44948],[-119.24887,34.44945],[-119.24947,34.44942],[-119.24949,34.44942],[-119.24952,34.4494],[-119.24954,34.44939],[-119.24954,34.44936],[-119.24945,34.44859],[-119.24943,34.44858],[-119.24909,34.4486],[-119.24904,34.44859],[-119.24894,34.44859],[-119.24892,34.44861],[-119.2488,34.44862],[-119.2486,34.44863],[-119.24855,34.44862],[-119.2485,34.44862],[-119.24845,34.44863],[-119.24843,34.44865],[-119.24842,34.44868],[-119.24842,34.44871],[-119.24843,34.44874],[-119.24845,34.44877],[-119.24848,34.44909],[-119.2485,34.44926],[-119.2485,34.4493]]}},{"type":"Feature","properties":{"name":"","c":"footway"},"geometry":{"type":"LineString","coordinates":[[-119.24937,34.44785],[-119.24901,34.44788],[-119.249,34.44783],[-119.24864,34.44785]]}},{"type":"Feature","properties":{"name":"","c":"footway"},"geometry":{"type":"LineString","coordinates":[[-119.24818,34.44769],[-119.24827,34.44768],[-119.24834,34.44768],[-119.24929,34.44761],[-119.24931,34.44761],[-119.24933,34.44762],[-119.24934,34.44763],[-119.24935,34.44764],[-119.24937,34.44785],[-119.24939,34.44803]]}},{"type":"Feature","properties":{"name":"","c":"footway"},"geometry":{"type":"LineString","coordinates":[[-119.24815,34.44777],[-119.24815,34.44773],[-119.2481,34.44773],[-119.2481,34.44777]]}},{"type":"Feature","properties":{"name":"","c":"footway"},"geometry":{"type":"LineString","coordinates":[[-119.24831,34.44734],[-119.24845,34.44733],[-119.24869,34.44731]]}},{"type":"Feature","properties":{"name":"","c":"footway"},"geometry":{"type":"LineString","coordinates":[[-119.24845,34.44733],[-119.24845,34.4473]]}},{"type":"Feature","properties":{"name":"","c":"footway"},"geometry":{"type":"LineString","coordinates":[[-119.24825,34.44679],[-119.24825,34.44682],[-119.24827,34.44697],[-119.24831,34.44734],[-119.24832,34.44743],[-119.24832,34.44746],[-119.24833,34.44749],[-119.24834,34.44751],[-119.24836,34.44752],[-119.24839,34.44752],[-119.24871,34.4475],[-119.24906,34.44747],[-119.24913,34.44746],[-119.24922,34.44745],[-119.2493,34.44743],[-119.24937,34.4474],[-119.24944,34.44737],[-119.24951,34.44733],[-119.24957,34.44729],[-119.24959,34.44728],[-119.24968,34.44719],[-119.24972,34.44716],[-119.24974,34.44714],[-119.24974,34.44711],[-119.24974,34.44708],[-119.24972,34.44704],[-119.24968,34.44698],[-119.24959,34.44679]]}},{"type":"Feature","properties":{"name":"","c":"footway"},"geometry":{"type":"LineString","coordinates":[[-119.24965,34.44744],[-119.24964,34.44744],[-119.24964,34.44745],[-119.24964,34.44746],[-119.24964,34.44748],[-119.24959,34.44753],[-119.24952,34.4476],[-119.24941,34.44761],[-119.24933,34.44762]]}},{"type":"Feature","properties":{"name":"","c":"footway"},"geometry":{"type":"LineString","coordinates":[[-119.24714,34.44718],[-119.24709,34.44681],[-119.24709,34.44678],[-119.2471,34.44677],[-119.24713,34.44677],[-119.24719,34.44677],[-119.24724,34.44677],[-119.24725,34.44677],[-119.24748,34.44675],[-119.24801,34.44671],[-119.24804,34.44671],[-119.24806,34.44672],[-119.24808,34.44673],[-119.24809,34.44675],[-119.2481,34.44677],[-119.24815,34.44727],[-119.24816,34.44742],[-119.24817,34.44744],[-119.24817,34.44747],[-119.24816,34.44748],[-119.24815,34.4475],[-119.24814,34.44752],[-119.24812,34.44753],[-119.2481,34.44754],[-119.24808,34.44754],[-119.24759,34.44758],[-119.24733,34.4476],[-119.24728,34.4476],[-119.24726,34.4476],[-119.24723,34.44759],[-119.24721,34.44757],[-119.24719,34.44755],[-119.24718,34.44753],[-119.24717,34.44751]]}},{"type":"Feature","properties":{"name":"","c":"footway"},"geometry":{"type":"LineString","coordinates":[[-119.24676,34.44763],[-119.24673,34.4474],[-119.24698,34.44738]]}},{"type":"Feature","properties":{"name":"","c":"footway"},"geometry":{"type":"LineString","coordinates":[[-119.24699,34.44762],[-119.247,34.4476],[-119.24698,34.44738],[-119.24697,34.44727],[-119.24694,34.44695],[-119.24693,34.44685],[-119.24692,34.44684],[-119.24691,34.44682],[-119.24689,34.4468],[-119.24686,34.4468],[-119.24683,34.4468],[-119.24654,34.44682],[-119.24642,34.44682]]}},{"type":"Feature","properties":{"name":"","c":"footway"},"geometry":{"type":"LineString","coordinates":[[-119.24683,34.4458],[-119.24685,34.44597],[-119.24692,34.44663],[-119.24692,34.44665],[-119.24692,34.44666],[-119.24691,34.44667],[-119.2469,34.44667],[-119.24685,34.44668],[-119.24608,34.44672],[-119.24607,34.44672],[-119.24605,34.44671],[-119.24604,34.4467],[-119.24604,34.44669],[-119.24604,34.44666],[-119.24605,34.44641],[-119.24605,34.44613]]}},{"type":"Feature","properties":{"name":"","c":"footway"},"geometry":{"type":"LineString","coordinates":[[-119.24605,34.44671],[-119.24596,34.44675],[-119.24589,34.44678]]}},{"type":"Feature","properties":{"name":"","c":"footway"},"geometry":{"type":"LineString","coordinates":[[-119.24586,34.44768],[-119.24583,34.4474],[-119.24586,34.44718],[-119.24587,34.44707],[-119.24588,34.44701],[-119.24589,34.4469],[-119.24589,34.44678],[-119.2459,34.44661],[-119.24591,34.44609],[-119.24592,34.44574]]}},{"type":"Feature","properties":{"name":"","c":"footway"},"geometry":{"type":"LineString","coordinates":[[-119.2459,34.44661],[-119.24573,34.44663],[-119.24553,34.4467],[-119.24536,34.44675]]}},{"type":"Feature","properties":{"name":"","c":"footway"},"geometry":{"type":"LineString","coordinates":[[-119.2454,34.44685],[-119.24551,34.44693],[-119.24588,34.44701]]}},{"type":"Feature","properties":{"name":"","c":"footway"},"geometry":{"type":"LineString","coordinates":[[-119.24481,34.4465],[-119.24523,34.4465]]}},{"type":"Feature","properties":{"name":"","c":"footway"},"geometry":{"type":"LineString","coordinates":[[-119.24468,34.44664],[-119.2448,34.44667],[-119.24475,34.44688],[-119.24475,34.4469],[-119.24475,34.44695]]}},{"type":"Feature","properties":{"name":"","c":"footway"},"geometry":{"type":"LineString","coordinates":[[-119.2447,34.44697],[-119.24475,34.4469]]}},{"type":"Feature","properties":{"name":"","c":"footway"},"geometry":{"type":"LineString","coordinates":[[-119.2451,34.44684],[-119.24475,34.44695],[-119.24481,34.44705]]}},{"type":"Feature","properties":{"name":"","c":"footway"},"geometry":{"type":"LineString","coordinates":[[-119.2448,34.44667],[-119.24484,34.44659],[-119.24501,34.44659],[-119.24502,34.44662],[-119.24521,34.44662],[-119.24522,34.44665]]}},{"type":"Feature","properties":{"name":"","c":"footway"},"geometry":{"type":"LineString","coordinates":[[-119.24501,34.44738],[-119.24489,34.44721],[-119.2451,34.44684],[-119.24522,34.44665],[-119.2453,34.44657],[-119.24538,34.44656],[-119.2454,34.44649],[-119.24539,34.44639],[-119.24535,34.44636],[-119.24532,34.44633],[-119.24532,34.4463],[-119.24533,34.4462],[-119.24533,34.44612],[-119.24525,34.44612]]}},{"type":"Feature","properties":{"name":"","c":"footway"},"geometry":{"type":"LineString","coordinates":[[-119.24482,34.44733],[-119.24477,34.44727],[-119.24467,34.44721],[-119.24461,34.44715],[-119.24448,34.44715],[-119.24438,34.44714]]}},{"type":"Feature","properties":{"name":"","c":"footway"},"geometry":{"type":"LineString","coordinates":[[-119.24486,34.44777],[-119.24485,34.44762],[-119.24484,34.44757],[-119.24483,34.4475],[-119.24482,34.44733],[-119.24489,34.44721],[-119.24481,34.44705]]}},{"type":"Feature","properties":{"name":"","c":"footway"},"geometry":{"type":"LineString","coordinates":[[-119.24484,34.44757],[-119.24472,34.44757],[-119.24465,34.44758],[-119.24463,34.44758],[-119.24453,34.44758],[-119.24455,34.44778]]}},{"type":"Feature","properties":{"name":"","c":"footway"},"geometry":{"type":"LineString","coordinates":[[-119.24507,34.44775],[-119.24506,34.4476],[-119.24518,34.44759]]}},{"type":"Feature","properties":{"name":"","c":"footway"},"geometry":{"type":"LineString","coordinates":[[-119.24506,34.4476],[-119.24502,34.44759],[-119.24499,34.44761],[-119.24485,34.44762]]}},{"type":"Feature","properties":{"name":"","c":"footway"},"geometry":{"type":"LineString","coordinates":[[-119.24503,34.44748],[-119.24483,34.4475]]}},{"type":"Feature","properties":{"name":"","c":"footway"},"geometry":{"type":"LineString","coordinates":[[-119.24501,34.44741],[-119.24502,34.44742]]}},{"type":"Feature","properties":{"name":"","c":"footway"},"geometry":{"type":"LineString","coordinates":[[-119.24512,34.44733],[-119.2451,34.44734],[-119.24508,34.44735],[-119.24507,34.44736],[-119.24506,34.44738],[-119.24506,34.44739]]}},{"type":"Feature","properties":{"name":"","c":"footway"},"geometry":{"type":"LineString","coordinates":[[-119.24524,34.44743],[-119.24514,34.44753]]}},{"type":"Feature","properties":{"name":"","c":"footway"},"geometry":{"type":"LineString","coordinates":[[-119.24528,34.44773],[-119.24526,34.44766],[-119.24518,34.44759],[-119.24514,34.44753],[-119.24511,34.44748],[-119.24503,34.44748],[-119.24503,34.44746],[-119.24502,34.44742],[-119.24504,34.44741],[-119.24505,34.44741],[-119.24506,34.4474],[-119.24506,34.44739],[-119.24505,34.44738],[-119.24504,34.44738],[-119.24503,34.44738],[-119.24501,34.44738],[-119.24501,34.44739],[-119.245,34.4474],[-119.24501,34.44741]]}},{"type":"Feature","properties":{"name":"","c":"footway"},"geometry":{"type":"LineString","coordinates":[[-119.2453,34.44657],[-119.24536,34.44675],[-119.2454,34.44685],[-119.24546,34.447],[-119.24551,34.44741],[-119.24551,34.44746],[-119.24554,34.44771]]}},{"type":"Feature","properties":{"name":"","c":"footway"},"geometry":{"type":"LineString","coordinates":[[-119.24625,34.44684],[-119.24605,34.44685],[-119.24604,34.44686],[-119.24603,34.44687],[-119.24602,34.44737],[-119.246,34.44766],[-119.24602,34.44768]]}},{"type":"Feature","properties":{"name":"","c":"footway"},"geometry":{"type":"LineString","coordinates":[[-119.24699,34.44762],[-119.24676,34.44763],[-119.2464,34.44766],[-119.24602,34.44768],[-119.24594,34.44768],[-119.24587,34.44768],[-119.24586,34.44768],[-119.24585,34.44768],[-119.24583,34.44769],[-119.24573,34.44769],[-119.24554,34.44771],[-119.24528,34.44773],[-119.24507,34.44775],[-119.24486,34.44777]]}},{"type":"Feature","properties":{"name":"","c":"footway"},"geometry":{"type":"LineString","coordinates":[[-119.24583,34.44769],[-119.24583,34.4477],[-119.24585,34.44778],[-119.24587,34.44784],[-119.24586,34.44787]]}},{"type":"Feature","properties":{"name":"","c":"footway"},"geometry":{"type":"LineString","coordinates":[[-119.24536,34.44836],[-119.24546,34.44838],[-119.24552,34.44844],[-119.24594,34.44842]]}},{"type":"Feature","properties":{"name":"","c":"footway"},"geometry":{"type":"LineString","coordinates":[[-119.24607,34.44825],[-119.24609,34.44845]]}},{"type":"Feature","properties":{"name":"","c":"footway"},"geometry":{"type":"LineString","coordinates":[[-119.24619,34.44856],[-119.24621,34.44853],[-119.24622,34.44849],[-119.24624,34.44844],[-119.24609,34.44845]]}},{"type":"Feature","properties":{"name":"","c":"footway"},"geometry":{"type":"LineString","coordinates":[[-119.24595,34.44867],[-119.24596,34.44868],[-119.24596,34.44875],[-119.24597,34.44881],[-119.24596,34.44883]]}},{"type":"Feature","properties":{"name":"","c":"footway"},"geometry":{"type":"LineString","coordinates":[[-119.24555,34.44884],[-119.2459,34.44882]]}},{"type":"Feature","properties":{"name":"","c":"footway"},"geometry":{"type":"LineString","coordinates":[[-119.24594,34.44842],[-119.24594,34.44847],[-119.24596,34.44861],[-119.24596,34.44865],[-119.24596,34.44867],[-119.24595,34.44867],[-119.24594,34.44869],[-119.24591,34.4487],[-119.24587,34.4487],[-119.24546,34.44873],[-119.24535,34.44873]]}},{"type":"Feature","properties":{"name":"","c":"footway"},"geometry":{"type":"LineString","coordinates":[[-119.24535,34.44873],[-119.24532,34.44835]]}},{"type":"Feature","properties":{"name":"","c":"footway"},"geometry":{"type":"LineString","coordinates":[[-119.24491,34.44838],[-119.24492,34.44853],[-119.24494,34.44873],[-119.24495,34.44876]]}},{"type":"Feature","properties":{"name":"","c":"footway"},"geometry":{"type":"LineString","coordinates":[[-119.24446,34.44892],[-119.24447,34.44885],[-119.24447,34.4488]]}},{"type":"Feature","properties":{"name":"","c":"footway"},"geometry":{"type":"LineString","coordinates":[[-119.24535,34.44873],[-119.24501,34.44876],[-119.24495,34.44876],[-119.24452,34.44879],[-119.24447,34.4488],[-119.2444,34.4488],[-119.24431,34.4488],[-119.24422,34.44879],[-119.24414,34.44878],[-119.24405,34.44876],[-119.24395,34.44874],[-119.24354,34.44876]]}},{"type":"Feature","properties":{"name":"","c":"footway"},"geometry":{"type":"LineString","coordinates":[[-119.24439,34.44827],[-119.24441,34.4484],[-119.24447,34.44843],[-119.24452,34.44879]]}},{"type":"Feature","properties":{"name":"","c":"footway"},"geometry":{"type":"LineString","coordinates":[[-119.24536,34.44836],[-119.24532,34.44835],[-119.24526,34.44836],[-119.24512,34.44837],[-119.24491,34.44838],[-119.24485,34.44833],[-119.2448,34.44832],[-119.24455,34.4483],[-119.24446,34.4483],[-119.24443,34.44829],[-119.24439,34.44827],[-119.24439,34.44823],[-119.24435,34.44817],[-119.24434,34.44815],[-119.24432,34.44798]]}},{"type":"Feature","properties":{"name":"","c":"footway"},"geometry":{"type":"LineString","coordinates":[[-119.24594,34.44842],[-119.24589,34.44787],[-119.24586,34.44787],[-119.24543,34.44791],[-119.24507,34.44793],[-119.24488,34.44794],[-119.24432,34.44798],[-119.2439,34.44801]]}},{"type":"Feature","properties":{"name":"","c":"footway"},"geometry":{"type":"LineString","coordinates":[[-119.24488,34.44794],[-119.24488,34.44791],[-119.24487,34.44784],[-119.24486,34.44777]]}},{"type":"Feature","properties":{"name":"","c":"footway"},"geometry":{"type":"LineString","coordinates":[[-119.24486,34.44777],[-119.24466,34.44777],[-119.24455,34.44778],[-119.24375,34.44783],[-119.24361,34.44784],[-119.24358,34.44783]]}},{"type":"Feature","properties":{"name":"","c":"footway"},"geometry":{"type":"LineString","coordinates":[[-119.24375,34.44802],[-119.24375,34.44792],[-119.24375,34.44783]]}},{"type":"Feature","properties":{"name":"","c":"footway"},"geometry":{"type":"LineString","coordinates":[[-119.24374,34.44833],[-119.24393,34.44831]]}},{"type":"Feature","properties":{"name":"","c":"footway"},"geometry":{"type":"LineString","coordinates":[[-119.24439,34.44827],[-119.24411,34.4483],[-119.244,34.4483],[-119.24396,34.44831],[-119.24393,34.44831],[-119.2439,34.44801]]}},{"type":"Feature","properties":{"name":"","c":"footway"},"geometry":{"type":"LineString","coordinates":[[-119.24441,34.4484],[-119.24398,34.44844],[-119.24394,34.44844],[-119.24369,34.44845],[-119.2437,34.44856],[-119.24352,34.44857],[-119.24354,34.44876]]}},{"type":"Feature","properties":{"name":"","c":"footway"},"geometry":{"type":"LineString","coordinates":[[-119.24395,34.44874],[-119.24393,34.4485],[-119.24394,34.44844],[-119.24394,34.44843],[-119.24396,34.44837],[-119.24396,34.44831]]}},{"type":"Feature","properties":{"name":"","c":"footway"},"geometry":{"type":"LineString","coordinates":[[-119.24308,34.44892],[-119.24309,34.44893]]}},{"type":"Feature","properties":{"name":"","c":"footway"},"geometry":{"type":"LineString","coordinates":[[-119.2431,34.44876],[-119.24309,34.44879],[-119.24308,34.44886],[-119.24308,34.44892]]}},{"type":"Feature","properties":{"name":"","c":"footway"},"geometry":{"type":"LineString","coordinates":[[-119.24308,34.44892],[-119.243,34.44893],[-119.24294,34.44894],[-119.24292,34.44894]]}},{"type":"Feature","properties":{"name":"","c":"footway"},"geometry":{"type":"LineString","coordinates":[[-119.24284,34.44822],[-119.24293,34.44818]]}},{"type":"Feature","properties":{"name":"","c":"footway"},"geometry":{"type":"LineString","coordinates":[[-119.2439,34.44801],[-119.24375,34.44802],[-119.24365,34.44803],[-119.24326,34.44805],[-119.2432,34.44806],[-119.24315,34.44807],[-119.24314,34.44808],[-119.24312,34.44809],[-119.2431,34.44812],[-119.2431,34.44816],[-119.2431,34.44822],[-119.2431,34.44846],[-119.24309,34.44873],[-119.2431,34.44876],[-119.24313,34.44878],[-119.24316,34.44879],[-119.24354,34.44876]]}},{"type":"Feature","properties":{"name":"","c":"footway"},"geometry":{"type":"LineString","coordinates":[[-119.24358,34.44783],[-119.24345,34.44784],[-119.24334,34.44785]]}},{"type":"Feature","properties":{"name":"","c":"footway"},"geometry":{"type":"LineString","coordinates":[[-119.24314,34.44808],[-119.24312,34.44806],[-119.24302,34.44807],[-119.24293,34.44807],[-119.24292,34.44809]]}},{"type":"Feature","properties":{"name":"","c":"footway"},"geometry":{"type":"LineString","coordinates":[[-119.24289,34.4479],[-119.24289,34.44791],[-119.2429,34.44798],[-119.24291,34.44806],[-119.2429,34.44808]]}},{"type":"Feature","properties":{"name":"","c":"footway"},"geometry":{"type":"LineString","coordinates":[[-119.24346,34.44687],[-119.24356,34.44687],[-119.24404,34.44687],[-119.24411,34.44701],[-119.24425,34.4471],[-119.24438,34.44714]]}},{"type":"Feature","properties":{"name":"","c":"footway"},"geometry":{"type":"LineString","coordinates":[[-119.24358,34.44783],[-119.24356,34.44782],[-119.24355,34.44779],[-119.24356,34.44742],[-119.24356,34.44725],[-119.24356,34.44716],[-119.24356,34.44687]]}},{"type":"Feature","properties":{"name":"","c":"footway"},"geometry":{"type":"LineString","coordinates":[[-119.24156,34.44623],[-119.24156,34.44621],[-119.24157,34.4462],[-119.24159,34.44619],[-119.24262,34.44612],[-119.24271,34.44611],[-119.24335,34.44613],[-119.24337,34.44613],[-119.24339,34.44614],[-119.2434,34.44616],[-119.24341,34.44619],[-119.24341,34.44622],[-119.2434,34.44635],[-119.24339,34.44642],[-119.24339,34.44649],[-119.24339,34.44656],[-119.2434,34.44658],[-119.2434,34.44666],[-119.2434,34.44687],[-119.2434,34.4469],[-119.24339,34.44717],[-119.24338,34.44731],[-119.24338,34.44736],[-119.24337,34.44737],[-119.24336,34.4475],[-119.24337,34.4476],[-119.24336,34.44774],[-119.24336,34.44781],[-119.24336,34.44784],[-119.24334,34.44785]]}},{"type":"Feature","properties":{"name":"","c":"footway"},"geometry":{"type":"LineString","coordinates":[[-119.24334,34.44785],[-119.2433,34.44786],[-119.24295,34.44789],[-119.24289,34.4479],[-119.24265,34.44792],[-119.24182,34.44798],[-119.24179,34.44797],[-119.24177,34.44796],[-119.24175,34.44794],[-119.24167,34.44724],[-119.24167,34.44719],[-119.24168,34.44718],[-119.24169,34.44716],[-119.2417,34.44715],[-119.24172,34.44715],[-119.24193,34.44714]]}},{"type":"Feature","properties":{"name":"","c":"footway"},"geometry":{"type":"LineString","coordinates":[[-119.24071,34.44803],[-119.24059,34.44805],[-119.24051,34.44806]]}},{"type":"Feature","properties":{"name":"","c":"footway"},"geometry":{"type":"LineString","coordinates":[[-119.2392,34.44815],[-119.23926,34.44815],[-119.2395,34.44813],[-119.24047,34.44806],[-119.24051,34.44806]]}},{"type":"Feature","properties":{"name":"","c":"footway"},"geometry":{"type":"LineString","coordinates":[[-119.24063,34.44761],[-119.24065,34.44779],[-119.24068,34.448],[-119.24069,34.44802],[-119.24071,34.44803],[-119.24073,34.44804],[-119.24075,34.44804],[-119.24078,34.44804],[-119.24104,34.44802],[-119.2413,34.44801],[-119.24154,34.44799],[-119.24158,34.44798],[-119.24159,34.44795],[-119.24156,34.44766],[-119.24155,34.44745],[-119.24155,34.44744]]}},{"type":"Feature","properties":{"name":"","c":"footway"},"geometry":{"type":"LineString","coordinates":[[-119.24177,34.44796],[-119.24168,34.44797],[-119.24158,34.44798],[-119.24159,34.44808],[-119.2416,34.44816]]}},{"type":"Feature","properties":{"name":"","c":"footway"},"geometry":{"type":"LineString","coordinates":[[-119.24186,34.44815],[-119.24184,34.44806],[-119.24182,34.44798]]}},{"type":"Feature","properties":{"name":"","c":"footway"},"geometry":{"type":"LineString","coordinates":[[-119.24254,34.44826],[-119.24267,34.44825],[-119.24268,34.4483]]}},{"type":"Feature","properties":{"name":"","c":"footway"},"geometry":{"type":"LineString","coordinates":[[-119.24269,34.44917],[-119.24264,34.44916],[-119.24262,34.44906],[-119.24254,34.44826],[-119.24253,34.4481]]}},{"type":"Feature","properties":{"name":"","c":"footway"},"geometry":{"type":"LineString","coordinates":[[-119.2406,34.44815],[-119.24061,34.44823],[-119.24114,34.4482],[-119.2416,34.44816],[-119.24174,34.44815],[-119.24186,34.44815],[-119.24253,34.4481],[-119.24288,34.44808],[-119.2429,34.44808],[-119.24292,34.44809],[-119.24293,34.4481],[-119.24293,34.44812],[-119.24293,34.44818],[-119.24292,34.44894],[-119.24292,34.44898],[-119.24292,34.44899],[-119.24292,34.44901],[-119.24292,34.44947],[-119.24291,34.44955],[-119.24291,34.44983],[-119.24291,34.44985],[-119.2429,34.44986],[-119.24289,34.44987],[-119.24288,34.44988],[-119.24285,34.44989],[-119.24283,34.44989]]}},{"type":"Feature","properties":{"name":"","c":"footway"},"geometry":{"type":"LineString","coordinates":[[-119.24264,34.44916],[-119.24211,34.44919]]}},{"type":"Feature","properties":{"name":"","c":"footway"},"geometry":{"type":"LineString","coordinates":[[-119.24193,34.45008],[-119.24241,34.45004],[-119.24277,34.45002],[-119.24284,34.45001],[-119.24287,34.45001],[-119.2429,34.45002],[-119.24291,34.45004],[-119.24291,34.45007],[-119.24291,34.45045],[-119.2429,34.4505],[-119.2429,34.45052],[-119.2429,34.45054],[-119.2429,34.45066],[-119.2429,34.45088],[-119.24289,34.4509],[-119.24289,34.45091],[-119.24287,34.45092],[-119.24284,34.45093],[-119.24258,34.45096],[-119.24214,34.45102],[-119.24186,34.45105],[-119.24182,34.45105],[-119.24168,34.45107],[-119.24166,34.45107],[-119.24163,34.45107],[-119.24159,34.45107],[-119.24158,34.45107],[-119.24152,34.45107],[-119.24144,34.45106],[-119.24141,34.45106],[-119.24137,34.45105],[-119.24116,34.45104],[-119.24113,34.45103],[-119.24108,34.45103],[-119.24105,34.45102],[-119.24092,34.45101],[-119.24091,34.45101],[-119.24081,34.451],[-119.24056,34.45098],[-119.24053,34.45098],[-119.24046,34.45097],[-119.24024,34.45099],[-119.24019,34.45099],[-119.24012,34.45099],[-119.24006,34.451],[-119.24004,34.451],[-119.23989,34.45101],[-119.2398,34.45101]]}},{"type":"Feature","properties":{"name":"","c":"footway"},"geometry":{"type":"LineString","coordinates":[[-119.24138,34.45118],[-119.24142,34.45118],[-119.24148,34.45119],[-119.2416,34.45119],[-119.24175,34.45118],[-119.24179,34.45118],[-119.24189,34.45117],[-119.24191,34.45117],[-119.24206,34.45115],[-119.24228,34.45112],[-119.24231,34.45112],[-119.24259,34.45109],[-119.24266,34.45108]]}},{"type":"Feature","properties":{"name":"","c":"footway"},"geometry":{"type":"LineString","coordinates":[[-119.24164,34.45193],[-119.2417,34.45192],[-119.24186,34.45191],[-119.24204,34.45189],[-119.24224,34.45187],[-119.24228,34.45187],[-119.24242,34.45185],[-119.24273,34.45182],[-119.24287,34.4518],[-119.24288,34.4518],[-119.24289,34.45179],[-119.24289,34.45176],[-119.24289,34.45145],[-119.24289,34.45123]]}},{"type":"Feature","properties":{"name":"","c":"footway"},"geometry":{"type":"LineString","coordinates":[[-119.23999,34.45113],[-119.24016,34.45112],[-119.2402,34.45112],[-119.24037,34.4511],[-119.24042,34.4511],[-119.24053,34.45111],[-119.24068,34.45112],[-119.24074,34.45112],[-119.24078,34.45112],[-119.24098,34.45114],[-119.24102,34.45115],[-119.24107,34.45115],[-119.24121,34.45116]]}},{"type":"Feature","properties":{"name":"","c":"footway"},"geometry":{"type":"LineString","coordinates":[[-119.2382,34.4484],[-119.23753,34.44844],[-119.23729,34.44846],[-119.23724,34.44847],[-119.23724,34.44852],[-119.23723,34.44895],[-119.23723,34.44931],[-119.23723,34.44953],[-119.23722,34.44981],[-119.23722,34.44998],[-119.23722,34.45014],[-119.23722,34.4502],[-119.23721,34.45036],[-119.23721,34.45053],[-119.23721,34.45069],[-119.2372,34.45097],[-119.2372,34.45106],[-119.2372,34.45117],[-119.2372,34.45136],[-119.23719,34.45157],[-119.23719,34.45165],[-119.23719,34.45186],[-119.23719,34.45196],[-119.23719,34.45203],[-119.23718,34.45215],[-119.23718,34.45216],[-119.23717,34.45228],[-119.23715,34.45237],[-119.23707,34.45251],[-119.23704,34.45254],[-119.237,34.4526],[-119.237,34.45261],[-119.23688,34.45273],[-119.23675,34.45282],[-119.23672,34.45284],[-119.23649,34.453],[-119.23643,34.45304],[-119.23636,34.45309],[-119.23628,34.45316],[-119.2362,34.45326],[-119.23615,34.45336],[-119.2361,34.45349],[-119.23609,34.45358],[-119.23608,34.45377],[-119.23608,34.45413]]}},{"type":"Feature","properties":{"name":"","c":"footway"},"geometry":{"type":"LineString","coordinates":[[-119.23698,34.45013],[-119.23701,34.45013],[-119.23704,34.45012],[-119.23705,34.45011],[-119.23707,34.45009],[-119.23707,34.45007],[-119.23707,34.45005],[-119.23708,34.44982],[-119.23708,34.44976],[-119.23708,34.44958],[-119.23708,34.44949],[-119.23708,34.44946],[-119.23707,34.44944],[-119.23706,34.44943],[-119.23704,34.44942],[-119.23702,34.44942]]}},{"type":"Feature","properties":{"name":"","c":"footway"},"geometry":{"type":"LineString","coordinates":[[-119.23541,34.44842],[-119.23544,34.44849],[-119.23547,34.44856]]}},{"type":"Feature","properties":{"name":"","c":"footway"},"geometry":{"type":"LineString","coordinates":[[-119.2392,34.44815],[-119.23911,34.44816],[-119.239,34.44816],[-119.23896,34.44817],[-119.23826,34.44822],[-119.23783,34.44824],[-119.23743,34.44827],[-119.2374,34.44828],[-119.23736,34.44828],[-119.23722,34.44829],[-119.23713,34.4483],[-119.23668,34.44833],[-119.23663,34.44833],[-119.2365,34.44834],[-119.23641,34.44835],[-119.23637,34.44835],[-119.23591,34.44838],[-119.23581,34.44839],[-119.23552,34.4484],[-119.23541,34.44842],[-119.23537,34.44841],[-119.23529,34.44841],[-119.23528,34.44841],[-119.23526,34.44838],[-119.23524,34.44838],[-119.23523,34.44839],[-119.23522,34.44841],[-119.23521,34.44841],[-119.23491,34.44843],[-119.23483,34.44842]]}},{"type":"Feature","properties":{"name":"","c":"footway"},"geometry":{"type":"LineString","coordinates":[[-119.23937,34.44835],[-119.23936,34.44834],[-119.23934,34.44833],[-119.23931,34.44832],[-119.23929,34.44833],[-119.23849,34.44838],[-119.23846,34.44838],[-119.23844,34.4484],[-119.23843,34.44841],[-119.23842,34.44843]]}},{"type":"Feature","properties":{"name":"","c":"footway"},"geometry":{"type":"LineString","coordinates":[[-119.23722,34.44829],[-119.23723,34.44838],[-119.23724,34.44847]]}},{"type":"Feature","properties":{"name":"Ojai - Ventura Bike Path","c":"cycleway"},"geometry":{"type":"LineString","coordinates":[[-119.23484,34.44852],[-119.23483,34.44842],[-119.23482,34.44839],[-119.2346,34.44564],[-119.23462,34.44562],[-119.23482,34.4456],[-119.23532,34.44559],[-119.23533,34.44558],[-119.23534,34.44556],[-119.23524,34.44472],[-119.23524,34.44466],[-119.23525,34.44462],[-119.23526,34.44461],[-119.23528,34.44461],[-119.23766,34.44509],[-119.23774,34.4451]]}},{"type":"Feature","properties":{"name":"Ojai - Ventura Bike Path","c":"footway"},"geometry":{"type":"LineString","coordinates":[[-119.23766,34.44509],[-119.23759,34.44528],[-119.23753,34.44544]]}},{"type":"Feature","properties":{"name":"","c":"footway"},"geometry":{"type":"LineString","coordinates":[[-119.23662,34.44453],[-119.23655,34.44454],[-119.23653,34.44449]]}},{"type":"Feature","properties":{"name":"","c":"footway"},"geometry":{"type":"LineString","coordinates":[[-119.23682,34.44468],[-119.23681,34.44464],[-119.23686,34.44463],[-119.23685,34.44459],[-119.23681,34.44448],[-119.23666,34.44452],[-119.23662,34.44453],[-119.2366,34.44447],[-119.23653,34.44449],[-119.23651,34.44443],[-119.2365,34.44442],[-119.23647,34.44442],[-119.23622,34.44448],[-119.23614,34.44444],[-119.23603,34.44459],[-119.23593,34.44454],[-119.23612,34.44426],[-119.23623,34.44432]]}},{"type":"Feature","properties":{"name":"","c":"footway"},"geometry":{"type":"LineString","coordinates":[[-119.23623,34.44432],[-119.23614,34.44444]]}},{"type":"Feature","properties":{"name":"","c":"path"},"geometry":{"type":"LineString","coordinates":[[-119.23142,34.44543],[-119.23151,34.44543],[-119.23162,34.44542],[-119.23169,34.44543],[-119.23182,34.44548],[-119.23193,34.44553],[-119.23199,34.44554],[-119.23206,34.4455],[-119.2321,34.44547],[-119.23223,34.44542],[-119.23232,34.44539],[-119.2325,34.44535],[-119.23267,34.44532],[-119.23278,34.44532],[-119.23284,34.44532],[-119.23291,34.44529],[-119.23297,34.44528],[-119.23301,34.44527],[-119.23308,34.44528],[-119.23315,34.44528],[-119.23339,34.44522],[-119.23357,34.44518],[-119.23372,34.44513],[-119.23387,34.44511],[-119.23396,34.4451],[-119.23436,34.44511],[-119.23448,34.44512],[-119.23468,34.44514],[-119.2348,34.44515],[-119.23493,34.44516],[-119.23503,34.44517],[-119.2351,34.44517],[-119.23516,34.44517],[-119.2352,34.44514],[-119.2352,34.44481],[-119.23517,34.44474],[-119.23515,34.44468],[-119.23516,34.44462],[-119.23517,34.44457],[-119.23514,34.44451],[-119.23509,34.4443],[-119.23506,34.44413],[-119.23503,34.44394],[-119.23494,34.4438],[-119.23486,34.44371],[-119.23472,34.44362],[-119.2344,34.44337],[-119.23425,34.44328],[-119.23408,34.44322],[-119.23395,34.44315],[-119.23392,34.44306],[-119.2339,34.44296],[-119.23376,34.44279],[-119.23355,34.44253],[-119.23347,34.44241],[-119.23344,34.4423],[-119.23341,34.44218],[-119.23338,34.44213],[-119.23331,34.4421],[-119.23325,34.44211],[-119.23316,34.44216],[-119.23302,34.44221],[-119.23293,34.44221],[-119.23292,34.44219],[-119.23256,34.44178],[-119.23255,34.44176],[-119.23257,34.44172],[-119.23262,34.44167],[-119.23268,34.44163],[-119.23271,34.44158],[-119.23272,34.44153],[-119.23269,34.44143],[-119.23268,34.44138],[-119.23269,34.44131],[-119.23271,34.44126],[-119.23277,34.4412],[-119.23284,34.44114],[-119.23288,34.44108],[-119.23295,34.44097],[-119.23301,34.44089],[-119.23306,34.44085],[-119.23314,34.44078],[-119.23335,34.44057],[-119.23355,34.44041],[-119.23372,34.44028],[-119.23389,34.44014],[-119.23409,34.43998],[-119.2342,34.4399],[-119.23431,34.43982],[-119.23444,34.43976],[-119.23456,34.4397],[-119.23464,34.43968],[-119.23473,34.43967],[-119.23483,34.43964],[-119.23493,34.43961],[-119.2351,34.43952],[-119.23524,34.43947],[-119.23533,34.43944],[-119.23542,34.43943],[-119.23551,34.43943],[-119.23557,34.43943],[-119.23566,34.43942],[-119.23576,34.43938],[-119.23588,34.43933],[-119.23595,34.43931],[-119.236,34.43932],[-119.23604,34.43935],[-119.23608,34.43939],[-119.23612,34.4394],[-119.23618,34.4394],[-119.23628,34.43939],[-119.23636,34.43937],[-119.23642,34.43936],[-119.23648,34.43931],[-119.23655,34.43926],[-119.23662,34.43925],[-119.23668,34.43927],[-119.23673,34.43933],[-119.23678,34.43936],[-119.23683,34.43937],[-119.2369,34.43936],[-119.23698,34.43933],[-119.23713,34.43925],[-119.23746,34.43907],[-119.23768,34.43896],[-119.23787,34.43885],[-119.23799,34.43876],[-119.23816,34.43867],[-119.23836,34.43856],[-119.2386,34.43843],[-119.23884,34.43829],[-119.2389,34.43823],[-119.23894,34.43816],[-119.23908,34.43797],[-119.23922,34.4378],[-119.23928,34.43771]]}},{"type":"Feature","properties":{"name":"","c":"footway"},"geometry":{"type":"LineString","coordinates":[[-119.24254,34.4446],[-119.24252,34.4446],[-119.2424,34.4446],[-119.24229,34.44458],[-119.2422,34.44452],[-119.24211,34.44443],[-119.24207,34.44434],[-119.24204,34.44415],[-119.24205,34.44406],[-119.2421,34.44399],[-119.24211,34.44394],[-119.2421,34.44391],[-119.24212,34.44384],[-119.24212,34.44368]]}},{"type":"Feature","properties":{"name":"","c":"footway"},"geometry":{"type":"LineString","coordinates":[[-119.24139,34.44438],[-119.24142,34.44439],[-119.24145,34.44452],[-119.24151,34.44456],[-119.24155,34.44466],[-119.24159,34.44473],[-119.2416,34.44474],[-119.24253,34.44468],[-119.24252,34.4446]]}},{"type":"Feature","properties":{"name":"","c":"footway"},"geometry":{"type":"LineString","coordinates":[[-119.24356,34.44658],[-119.24356,34.44644],[-119.24356,34.44639],[-119.24357,34.44632],[-119.24357,34.44624],[-119.24357,34.44622],[-119.24358,34.44619],[-119.24359,34.44618],[-119.24359,34.44609],[-119.24358,34.44604],[-119.24357,34.44592],[-119.24358,34.44585],[-119.24358,34.44578],[-119.24359,34.44565],[-119.24358,34.44559],[-119.24358,34.44552],[-119.24359,34.4455],[-119.24359,34.44537],[-119.24359,34.44535]]}},{"type":"Feature","properties":{"name":"","c":"footway"},"geometry":{"type":"LineString","coordinates":[[-119.24424,34.44467],[-119.24431,34.44473],[-119.24429,34.44475],[-119.24426,34.44481],[-119.24425,34.44484],[-119.24426,34.44487],[-119.24419,34.4449],[-119.24417,34.44493],[-119.24421,34.44499],[-119.24421,34.44505],[-119.24419,34.4451]]}},{"type":"Feature","properties":{"name":"","c":"footway"},"geometry":{"type":"LineString","coordinates":[[-119.24417,34.44493],[-119.24412,34.44484],[-119.24411,34.4448]]}},{"type":"Feature","properties":{"name":"","c":"footway"},"geometry":{"type":"LineString","coordinates":[[-119.24417,34.44493],[-119.24412,34.44493],[-119.24405,34.44494]]}},{"type":"Feature","properties":{"name":"","c":"footway"},"geometry":{"type":"LineString","coordinates":[[-119.2443,34.44457],[-119.24424,34.44467],[-119.2442,34.44471],[-119.24417,34.44474],[-119.24413,34.44478],[-119.24411,34.4448],[-119.24408,34.44482],[-119.24402,34.44485],[-119.24395,34.4449],[-119.24389,34.44493],[-119.24387,34.44495],[-119.24385,34.44496],[-119.24383,34.44497],[-119.24382,34.44498],[-119.24382,34.445],[-119.24381,34.44503]]}},{"type":"Feature","properties":{"name":"","c":"footway"},"geometry":{"type":"LineString","coordinates":[[-119.24434,34.44474],[-119.24438,34.44472],[-119.24444,34.44465]]}},{"type":"Feature","properties":{"name":"","c":"footway"},"geometry":{"type":"LineString","coordinates":[[-119.24426,34.44487],[-119.24428,34.44486],[-119.24431,34.44484],[-119.24434,34.44479],[-119.24436,34.44476],[-119.24434,34.44474],[-119.24431,34.44473]]}},{"type":"Feature","properties":{"name":"","c":"footway"},"geometry":{"type":"LineString","coordinates":[[-119.24473,34.44416],[-119.24472,34.44415]]}},{"type":"Feature","properties":{"name":"","c":"footway"},"geometry":{"type":"LineString","coordinates":[[-119.24479,34.44426],[-119.24471,34.44421],[-119.2447,34.4442],[-119.24473,34.44416],[-119.24474,34.44416]]}},{"type":"Feature","properties":{"name":"","c":"footway"},"geometry":{"type":"LineString","coordinates":[[-119.24417,34.44454],[-119.24429,34.44457],[-119.2443,34.44457],[-119.24443,34.4445],[-119.24479,34.44426],[-119.24492,34.44425],[-119.24499,34.44405],[-119.24502,34.44383],[-119.24499,34.44383],[-119.24482,34.4438],[-119.24481,34.44384],[-119.24482,34.44386]]}},{"type":"Feature","properties":{"name":"","c":"footway"},"geometry":{"type":"LineString","coordinates":[[-119.24481,34.44384],[-119.2448,34.44385]]}},{"type":"Feature","properties":{"name":"","c":"footway"},"geometry":{"type":"LineString","coordinates":[[-119.24499,34.44383],[-119.245,34.44374],[-119.24496,34.4437],[-119.24476,34.44371]]}},{"type":"Feature","properties":{"name":"","c":"footway"},"geometry":{"type":"LineString","coordinates":[[-119.24475,34.44369],[-119.24472,34.44363]]}},{"type":"Feature","properties":{"name":"","c":"steps"},"geometry":{"type":"LineString","coordinates":[[-119.24476,34.44371],[-119.24475,34.44369]]}},{"type":"Feature","properties":{"name":"","c":"footway"},"geometry":{"type":"LineString","coordinates":[[-119.24492,34.44425],[-119.24489,34.44452],[-119.24488,34.4446],[-119.24487,34.44466],[-119.24492,34.44479],[-119.24498,34.44496],[-119.24507,34.44506],[-119.24521,34.44517],[-119.24519,34.44525],[-119.24519,34.44528],[-119.24522,34.44531],[-119.2452,34.4454]]}},{"type":"Feature","properties":{"name":"","c":"footway"},"geometry":{"type":"LineString","coordinates":[[-119.24512,34.44519],[-119.24511,34.44521],[-119.24512,34.44522],[-119.24514,34.44523],[-119.24519,34.44525]]}},{"type":"Feature","properties":{"name":"","c":"footway"},"geometry":{"type":"LineString","coordinates":[[-119.2452,34.4454],[-119.24524,34.44582]]}},{"type":"Feature","properties":{"name":"","c":"footway"},"geometry":{"type":"LineString","coordinates":[[-119.2453,34.44657],[-119.24523,34.4465],[-119.24525,34.44612],[-119.24524,34.44582],[-119.24482,34.44582],[-119.24481,34.4465]]}},{"type":"Feature","properties":{"name":"","c":"footway"},"geometry":{"type":"LineString","coordinates":[[-119.24533,34.44612],[-119.24538,34.44608],[-119.24542,34.44606],[-119.24549,34.44605],[-119.24556,34.44607],[-119.24562,34.44611],[-119.24578,34.44608],[-119.24591,34.44609],[-119.24598,34.44609]]}},{"type":"Feature","properties":{"name":"Ojai - Ventura Bike Path","c":"cycleway"},"geometry":{"type":"LineString","coordinates":[[-119.23753,34.44544],[-119.2376,34.44545],[-119.23767,34.44547],[-119.23813,34.44543],[-119.23883,34.44539],[-119.24106,34.44524],[-119.24107,34.44524],[-119.24115,34.44523],[-119.24127,34.44523],[-119.2414,34.44519],[-119.24149,34.44516],[-119.24152,34.44516],[-119.24326,34.44504],[-119.24341,34.44504],[-119.24345,34.44503],[-119.24351,34.44504],[-119.24364,34.44504],[-119.24377,34.44503],[-119.24381,34.44503],[-119.24383,34.44503],[-119.24402,34.44506],[-119.24419,34.4451],[-119.24433,34.44514],[-119.24455,34.44519],[-119.2452,34.4454],[-119.24591,34.44564],[-119.24593,34.44565],[-119.24599,34.44566],[-119.24607,34.44568],[-119.24625,34.44571],[-119.24671,34.44576],[-119.2469,34.44575],[-119.24805,34.44569],[-119.24843,34.44567],[-119.24867,34.44565],[-119.24883,34.44563],[-119.24898,34.44559],[-119.24925,34.44552],[-119.24952,34.44543],[-119.2498,34.44532],[-119.25005,34.44519],[-119.25039,34.44501],[-119.25089,34.44474],[-119.25133,34.44449],[-119.25137,34.44447],[-119.25146,34.44438],[-119.25234,34.44389],[-119.25333,34.44339],[-119.25337,34.44337],[-119.25342,34.44335],[-119.25349,34.44333],[-119.25392,34.44316],[-119.2544,34.44298],[-119.25657,34.44239],[-119.25678,34.44233],[-119.25794,34.442],[-119.2591,34.44168],[-119.25968,34.4415],[-119.25977,34.44147],[-119.26059,34.44108]]}},{"type":"Feature","properties":{"name":"","c":"footway"},"geometry":{"type":"LineString","coordinates":[[-119.24606,34.4446],[-119.24606,34.44475],[-119.24606,34.44476],[-119.24607,34.44478],[-119.24608,34.44479],[-119.2461,34.44479],[-119.24612,34.44479],[-119.24665,34.44475],[-119.24668,34.44475],[-119.2467,34.44475],[-119.24672,34.44473],[-119.24672,34.44472],[-119.2467,34.44444],[-119.24668,34.44427],[-119.24666,34.44402],[-119.24662,34.44354]]}},{"type":"Feature","properties":{"name":"","c":"path"},"geometry":{"type":"LineString","coordinates":[[-119.2394,34.43706],[-119.23929,34.43709],[-119.23919,34.43713],[-119.23897,34.43721],[-119.23884,34.43723],[-119.23854,34.43732],[-119.23842,34.43737],[-119.23824,34.43749],[-119.23806,34.4376],[-119.23782,34.43773],[-119.23774,34.43777],[-119.23766,34.43779],[-119.23753,34.43781],[-119.23739,34.43782],[-119.23732,34.43783],[-119.23714,34.4379],[-119.23682,34.43803],[-119.2367,34.43808],[-119.23649,34.43816],[-119.23642,34.4382],[-119.23639,34.43822],[-119.23637,34.43825],[-119.23636,34.43828],[-119.23636,34.43836],[-119.23634,34.43842],[-119.23631,34.43848],[-119.23626,34.43851],[-119.2362,34.43853],[-119.23604,34.43858],[-119.23582,34.43865],[-119.23557,34.43869],[-119.23549,34.43872],[-119.23538,34.43877]]}},{"type":"Feature","properties":{"name":"","c":"track"},"geometry":{"type":"LineString","coordinates":[[-119.23657,34.43491],[-119.23654,34.43516],[-119.23657,34.43539],[-119.23649,34.43555],[-119.23635,34.43578],[-119.23625,34.43598],[-119.23602,34.43617],[-119.23589,34.43629],[-119.23577,34.43639],[-119.23561,34.43651],[-119.23546,34.43658],[-119.23527,34.4367],[-119.23514,34.43686],[-119.23512,34.437],[-119.23502,34.43712],[-119.23483,34.43727],[-119.23466,34.43738],[-119.23458,34.43746],[-119.23441,34.43766],[-119.23432,34.43777],[-119.23408,34.43787],[-119.23385,34.43791],[-119.23373,34.43792]]}},{"type":"Feature","properties":{"name":"","c":"track"},"geometry":{"type":"LineString","coordinates":[[-119.22878,34.43975],[-119.22895,34.43968],[-119.22911,34.4396],[-119.22912,34.43959],[-119.22935,34.43951],[-119.22979,34.43942],[-119.23012,34.43937],[-119.23023,34.43939],[-119.2303,34.43941],[-119.23048,34.43949],[-119.23056,34.43958],[-119.23058,34.43964]]}},{"type":"Feature","properties":{"name":"","c":"path"},"geometry":{"type":"LineString","coordinates":[[-119.22876,34.43941],[-119.22879,34.43946],[-119.22884,34.4395],[-119.22894,34.43951],[-119.22902,34.43953],[-119.22909,34.43956],[-119.22912,34.43959]]}},{"type":"Feature","properties":{"name":"","c":"path"},"geometry":{"type":"LineString","coordinates":[[-119.23023,34.43939],[-119.23025,34.43928],[-119.23023,34.4392],[-119.23012,34.43917],[-119.22987,34.43918],[-119.22973,34.4392],[-119.22944,34.43924],[-119.22906,34.43934],[-119.22876,34.43941],[-119.22852,34.43947],[-119.2283,34.43948],[-119.22797,34.43955],[-119.22766,34.43962],[-119.22752,34.43968],[-119.22755,34.43982],[-119.22758,34.44001],[-119.22761,34.44015],[-119.22765,34.4402],[-119.22776,34.44021]]}},{"type":"Feature","properties":{"name":"","c":"footway"},"geometry":{"type":"LineString","coordinates":[[-119.2283,34.4406],[-119.22817,34.44042],[-119.22794,34.44052],[-119.22776,34.44021]]}},{"type":"Feature","properties":{"name":"","c":"path"},"geometry":{"type":"LineString","coordinates":[[-119.2316,34.43937],[-119.23153,34.43939],[-119.23143,34.43944],[-119.23132,34.43953],[-119.23123,34.4396],[-119.23098,34.43969],[-119.23065,34.43979],[-119.23044,34.43985],[-119.23028,34.44],[-119.23023,34.44008],[-119.23019,34.44023],[-119.23017,34.44034],[-119.23022,34.44047]]}},{"type":"Feature","properties":{"name":"","c":"path"},"geometry":{"type":"LineString","coordinates":[[-119.23129,34.43926],[-119.23135,34.43928],[-119.23143,34.43929],[-119.23153,34.43932],[-119.2316,34.43937],[-119.23165,34.4394],[-119.23169,34.43946],[-119.2317,34.43956],[-119.23172,34.43969],[-119.23175,34.43978],[-119.23181,34.43983],[-119.23187,34.43987],[-119.23195,34.43991],[-119.23197,34.43992],[-119.23207,34.43995],[-119.23219,34.43999],[-119.2323,34.44001],[-119.23239,34.44003],[-119.23244,34.44002],[-119.23251,34.43999],[-119.23258,34.43995],[-119.23264,34.43992],[-119.23272,34.43991],[-119.2328,34.43991],[-119.23282,34.43991],[-119.23284,34.43994],[-119.23287,34.43999],[-119.2329,34.44003],[-119.23295,34.44006],[-119.23299,34.44007],[-119.23301,34.44008],[-119.23309,34.4401],[-119.23313,34.44012],[-119.23314,34.44015],[-119.23314,34.44017],[-119.23312,34.44018],[-119.23308,34.44019],[-119.23306,34.44018],[-119.23304,34.44015],[-119.23302,34.44012],[-119.233,34.44009]]}},{"type":"Feature","properties":{"name":"","c":"path"},"geometry":{"type":"LineString","coordinates":[[-119.23306,34.44018],[-119.233,34.44015],[-119.23293,34.44013],[-119.23287,34.44011],[-119.23278,34.4401],[-119.23271,34.4401],[-119.23262,34.44011],[-119.23256,34.44012],[-119.23252,34.44014],[-119.23248,34.44017],[-119.23246,34.44021],[-119.23244,34.44026]]}},{"type":"Feature","properties":{"name":"","c":"path"},"geometry":{"type":"LineString","coordinates":[[-119.233,34.44009],[-119.23299,34.44007]]}},{"type":"Feature","properties":{"name":"","c":"path"},"geometry":{"type":"LineString","coordinates":[[-119.23313,34.44012],[-119.23321,34.44015],[-119.23332,34.4402],[-119.23338,34.44026],[-119.23342,34.44033],[-119.23343,34.44041],[-119.2334,34.44049],[-119.23335,34.44057]]}},{"type":"Feature","properties":{"name":"","c":"path"},"geometry":{"type":"LineString","coordinates":[[-119.2351,34.43952],[-119.23504,34.43953],[-119.23497,34.43954],[-119.23491,34.43954],[-119.23482,34.43954],[-119.23473,34.43955],[-119.2346,34.43957],[-119.23449,34.43959],[-119.23437,34.43959],[-119.23423,34.43959],[-119.23412,34.43957],[-119.23399,34.43956],[-119.23387,34.43956],[-119.23373,34.43957],[-119.2336,34.43959],[-119.23346,34.43962],[-119.23339,34.43961],[-119.23331,34.4396],[-119.23322,34.43955],[-119.23317,34.43954],[-119.23307,34.43954],[-119.23295,34.43952],[-119.23274,34.43949],[-119.23245,34.43945],[-119.23239,34.43943],[-119.23234,34.4394],[-119.23227,34.43933],[-119.23217,34.43927],[-119.2321,34.43925],[-119.23202,34.43924],[-119.23194,34.43925],[-119.23184,34.43925],[-119.23165,34.43926],[-119.23156,34.43926],[-119.23146,34.43926],[-119.23129,34.43926],[-119.2312,34.43926],[-119.23102,34.43928],[-119.23091,34.43929],[-119.23073,34.4393]]}},{"type":"Feature","properties":{"name":"","c":"footway"},"geometry":{"type":"LineString","coordinates":[[-119.23371,34.43795],[-119.23371,34.43801],[-119.23371,34.43808],[-119.23371,34.43813],[-119.2337,34.43819],[-119.2337,34.43824],[-119.23365,34.43831],[-119.23356,34.43837],[-119.2335,34.43846],[-119.23341,34.43852],[-119.23332,34.43857],[-119.23323,34.43861],[-119.23311,34.43863],[-119.23297,34.43863],[-119.23282,34.43866],[-119.23267,34.43869],[-119.23253,34.43875],[-119.23238,34.4388],[-119.23223,34.43883],[-119.23205,34.43886],[-119.23192,34.43887],[-119.23181,34.43885],[-119.23168,34.43885],[-119.23156,34.43888],[-119.23147,34.4389],[-119.23135,34.4389],[-119.23118,34.43894],[-119.23101,34.43896],[-119.23088,34.43895],[-119.23076,34.43898],[-119.23067,34.439],[-119.23055,34.43901],[-119.23047,34.43904],[-119.23042,34.43904],[-119.23025,34.43898],[-119.23016,34.43897],[-119.23004,34.43904],[-119.22993,34.43908],[-119.22977,34.43915],[-119.22973,34.4392]]}},{"type":"Feature","properties":{"name":"","c":"path"},"geometry":{"type":"LineString","coordinates":[[-119.23306,34.44085],[-119.23301,34.44087],[-119.23295,34.44087],[-119.23289,34.44087],[-119.23272,34.44085]]}},{"type":"Feature","properties":{"name":"","c":"path"},"geometry":{"type":"LineString","coordinates":[[-119.23255,34.44176],[-119.23249,34.44175],[-119.23242,34.44173],[-119.23237,34.44173],[-119.23227,34.44175],[-119.2321,34.44181],[-119.23201,34.44184],[-119.23191,34.44187],[-119.23183,34.44187],[-119.23176,34.44185],[-119.23171,34.44181],[-119.2317,34.44175],[-119.23171,34.44166],[-119.23172,34.44158],[-119.23171,34.44149],[-119.23172,34.44139],[-119.23174,34.44132],[-119.23178,34.44123],[-119.23181,34.44114],[-119.23184,34.44107],[-119.23186,34.44099],[-119.23189,34.4409],[-119.2319,34.44081],[-119.23193,34.44074],[-119.23197,34.44067],[-119.23201,34.4406],[-119.23203,34.44056],[-119.23206,34.44048],[-119.23213,34.44029],[-119.23215,34.44018],[-119.23212,34.44007],[-119.23205,34.44],[-119.23197,34.43992]]}},{"type":"Feature","properties":{"name":"","c":"path"},"geometry":{"type":"LineString","coordinates":[[-119.23293,34.44221],[-119.2329,34.44222],[-119.23285,34.44227],[-119.23275,34.44234],[-119.23263,34.44239],[-119.23253,34.44241],[-119.23242,34.44242],[-119.23234,34.44244],[-119.23228,34.44247],[-119.23224,34.44252],[-119.2322,34.4426],[-119.23219,34.44269],[-119.23219,34.44277],[-119.23222,34.44282],[-119.23226,34.4429],[-119.2323,34.44296],[-119.23236,34.44305]]}},{"type":"Feature","properties":{"name":"","c":"footway"},"geometry":{"type":"LineString","coordinates":[[-119.23526,34.44618],[-119.2352,34.44618],[-119.23515,34.44619],[-119.23511,34.44621],[-119.23507,34.44623],[-119.23504,34.44624],[-119.23501,34.44625],[-119.23497,34.44626],[-119.23492,34.44627],[-119.23487,34.44629],[-119.23483,34.44631],[-119.23479,34.44633],[-119.23474,34.44633],[-119.23471,34.44633]]}},{"type":"Feature","properties":{"name":"","c":"footway"},"geometry":{"type":"LineString","coordinates":[[-119.23519,34.44603],[-119.23514,34.44604],[-119.23507,34.44606],[-119.235,34.44608],[-119.23494,34.44609],[-119.23488,34.4461],[-119.2348,34.44614],[-119.23474,34.44614],[-119.23471,34.44613]]}},{"type":"Feature","properties":{"name":"","c":"footway"},"geometry":{"type":"LineString","coordinates":[[-119.23515,34.44591],[-119.23508,34.4459],[-119.23501,34.4459],[-119.23494,34.44592],[-119.23487,34.44592],[-119.23481,34.44593],[-119.23476,34.44593],[-119.23472,34.44591]]}},{"type":"Feature","properties":{"name":"","c":"path"},"geometry":{"type":"LineString","coordinates":[[-119.23113,34.44575],[-119.23125,34.4456],[-119.23131,34.44553],[-119.23142,34.44543],[-119.23179,34.44505],[-119.232,34.44485],[-119.23208,34.44474],[-119.23212,34.44466],[-119.23215,34.44455],[-119.2322,34.44444],[-119.23226,34.44435],[-119.23231,34.4443],[-119.23239,34.44424],[-119.23245,34.4442],[-119.2325,34.44413],[-119.23276,34.4438]]}},{"type":"Feature","properties":{"name":"","c":"path"},"geometry":{"type":"LineString","coordinates":[[-119.23042,34.44562],[-119.23051,34.44554],[-119.23059,34.44548],[-119.23065,34.44543],[-119.23066,34.44539],[-119.23066,34.44531],[-119.23064,34.44524]]}},{"type":"Feature","properties":{"name":"","c":"path"},"geometry":{"type":"LineString","coordinates":[[-119.23084,34.44598],[-119.23078,34.44598],[-119.23072,34.44597],[-119.23066,34.44594],[-119.23062,34.44591],[-119.23061,34.44588],[-119.23061,34.44585],[-119.23059,34.4458],[-119.23056,34.44574],[-119.23057,34.44569],[-119.23061,34.44563],[-119.23071,34.4455],[-119.23075,34.44545],[-119.23076,34.44541],[-119.23075,34.44537],[-119.23064,34.44524],[-119.23055,34.44505],[-119.2305,34.44494],[-119.23044,34.44481],[-119.23038,34.44471],[-119.23037,34.44464],[-119.23035,34.4446]]}},{"type":"Feature","properties":{"name":"","c":"path"},"geometry":{"type":"LineString","coordinates":[[-119.23113,34.44575],[-119.23104,34.44583],[-119.23093,34.44592],[-119.23084,34.44598],[-119.23073,34.44603],[-119.23064,34.44605],[-119.23055,34.44606],[-119.23047,34.44603],[-119.23041,34.44597],[-119.23036,34.44589],[-119.23033,34.44581],[-119.23035,34.44575],[-119.23038,34.44568],[-119.23042,34.44562],[-119.23042,34.44554],[-119.23038,34.44546],[-119.23034,34.44539],[-119.23028,34.44527],[-119.23025,34.44521],[-119.23023,34.44509],[-119.23021,34.44494],[-119.23019,34.44483],[-119.2302,34.44475],[-119.23022,34.4447],[-119.2303,34.44464],[-119.23035,34.4446],[-119.23033,34.44458],[-119.23012,34.44437],[-119.23002,34.44424],[-119.23,34.44421],[-119.22999,34.44411],[-119.22998,34.44407],[-119.22995,34.44404],[-119.22989,34.44403],[-119.22982,34.44404],[-119.2297,34.44408],[-119.22964,34.44412],[-119.2296,34.44415],[-119.22956,34.44419],[-119.22951,34.44425],[-119.22944,34.44434],[-119.22936,34.4444],[-119.22929,34.44444],[-119.229,34.44451],[-119.22884,34.44454],[-119.2286,34.44464],[-119.22841,34.44475],[-119.22799,34.44502],[-119.22777,34.44521],[-119.22748,34.44547],[-119.22692,34.44605],[-119.22666,34.44634],[-119.22661,34.44648],[-119.22655,34.4466],[-119.22648,34.44675],[-119.22638,34.44683],[-119.22628,34.44685],[-119.22615,34.44687],[-119.22594,34.44688],[-119.22576,34.44687],[-119.22567,34.44685],[-119.22564,34.4468],[-119.22561,34.4467],[-119.2256,34.44652],[-119.22563,34.4463],[-119.22572,34.44601],[-119.22585,34.44575],[-119.22599,34.44549],[-119.22614,34.44526],[-119.22624,34.44514],[-119.22638,34.44497],[-119.22646,34.44482],[-119.22657,34.44466],[-119.22671,34.44448],[-119.22684,34.44441],[-119.22694,34.44428],[-119.22699,34.44422],[-119.22718,34.44414],[-119.22773,34.44388],[-119.22804,34.44374]]}},{"type":"Feature","properties":{"name":"","c":"path"},"geometry":{"type":"LineString","coordinates":[[-119.23022,34.44294],[-119.23019,34.44298],[-119.22992,34.44312],[-119.22981,34.44319],[-119.22971,34.44326],[-119.22958,34.44331],[-119.22945,34.44334],[-119.22926,34.44333]]}},{"type":"Feature","properties":{"name":"","c":"path"},"geometry":{"type":"LineString","coordinates":[[-119.23,34.44421],[-119.23004,34.4442],[-119.23008,34.44418],[-119.23013,34.44415],[-119.23017,34.44412],[-119.23021,34.44407],[-119.23026,34.444],[-119.23035,34.44388],[-119.23039,34.44384],[-119.23043,34.44381],[-119.23048,34.44377],[-119.23053,34.44371],[-119.23057,34.44365],[-119.23062,34.44354],[-119.2307,34.4434],[-119.23075,34.44332],[-119.23088,34.44317],[-119.23094,34.44308],[-119.23101,34.44299],[-119.23104,34.44293],[-119.23105,34.44291],[-119.23103,34.44288],[-119.23099,34.44288],[-119.23089,34.44289],[-119.23067,34.44293],[-119.23055,34.44294],[-119.23039,34.44295],[-119.23025,34.44295],[-119.23022,34.44294],[-119.2302,34.4429],[-119.2302,34.44268],[-119.23019,34.44264],[-119.23016,34.44262],[-119.23012,34.44258],[-119.23006,34.44254],[-119.23005,34.44252],[-119.23009,34.4424],[-119.23012,34.44231],[-119.23013,34.44227],[-119.23013,34.44222],[-119.23011,34.44213],[-119.23012,34.44207],[-119.23014,34.44203],[-119.23019,34.44197],[-119.23022,34.44192],[-119.23027,34.44181],[-119.23034,34.4416],[-119.23038,34.4415],[-119.23043,34.44134],[-119.23049,34.44118],[-119.23053,34.4411],[-119.23058,34.441]]}},{"type":"Feature","properties":{"name":"","c":"path"},"geometry":{"type":"LineString","coordinates":[[-119.23175,34.43978],[-119.23174,34.43981],[-119.23174,34.43994],[-119.23174,34.44004],[-119.23173,34.44013],[-119.23172,34.44022],[-119.23169,34.44029],[-119.23163,34.44038],[-119.23159,34.44045],[-119.23152,34.44053],[-119.23148,34.44057],[-119.23145,34.44062],[-119.23143,34.44065],[-119.23142,34.44072],[-119.2314,34.4408],[-119.23138,34.44105],[-119.23136,34.44123],[-119.23134,34.44143],[-119.23132,34.44156],[-119.23129,34.44179]]}},{"type":"Feature","properties":{"name":"","c":"footway"},"geometry":{"type":"LineString","coordinates":[[-119.22827,34.4408],[-119.22807,34.44078]]}},{"type":"Feature","properties":{"name":"","c":"footway"},"geometry":{"type":"LineString","coordinates":[[-119.22874,34.44072],[-119.22865,34.44068],[-119.2284,34.44059],[-119.22837,34.44059],[-119.2283,34.4406],[-119.22829,34.44062],[-119.22827,34.4408],[-119.22826,34.44093]]}},{"type":"Feature","properties":{"name":"","c":"bridleway"},"geometry":{"type":"LineString","coordinates":[[-119.22243,34.44285],[-119.22257,34.44284],[-119.22793,34.44218]]}},{"type":"Feature","properties":{"name":"","c":"footway"},"geometry":{"type":"LineString","coordinates":[[-119.22493,34.44266],[-119.22491,34.44273],[-119.22488,34.4428],[-119.22485,34.44283],[-119.22477,34.44287],[-119.22475,34.44288],[-119.22473,34.44289],[-119.22469,34.4429],[-119.22463,34.44292],[-119.2246,34.44293],[-119.22449,34.443],[-119.22449,34.44305],[-119.22452,34.44309],[-119.22455,34.44313],[-119.22455,34.44316],[-119.22456,34.44321]]}},{"type":"Feature","properties":{"name":"","c":"footway"},"geometry":{"type":"LineString","coordinates":[[-119.22476,34.44313],[-119.22481,34.44303],[-119.22473,34.44289]]}},{"type":"Feature","properties":{"name":"","c":"footway"},"geometry":{"type":"LineString","coordinates":[[-119.22471,34.44343],[-119.22456,34.44325],[-119.22456,34.44321],[-119.2246,34.44317],[-119.22464,34.44314],[-119.22471,34.44312],[-119.22476,34.44313],[-119.22479,34.44314],[-119.22485,34.44318],[-119.22491,34.44322],[-119.225,34.44331]]}},{"type":"Feature","properties":{"name":"","c":"footway"},"geometry":{"type":"LineString","coordinates":[[-119.22722,34.44237],[-119.2273,34.4427]]}},{"type":"Feature","properties":{"name":"","c":"footway"},"geometry":{"type":"LineString","coordinates":[[-119.22977,34.44615],[-119.22984,34.44611],[-119.22987,34.44603],[-119.22985,34.44596],[-119.2298,34.44582],[-119.22973,34.44578],[-119.22972,34.44572],[-119.22968,34.44559],[-119.22959,34.44548],[-119.22946,34.44532],[-119.22942,34.44523],[-119.22941,34.44517],[-119.22939,34.4451],[-119.22928,34.44504],[-119.22898,34.44503],[-119.22879,34.44501],[-119.22868,34.44502],[-119.22852,34.44511],[-119.2281,34.44535],[-119.22785,34.44547],[-119.22766,34.44559],[-119.22758,34.44567],[-119.22747,34.44579],[-119.22736,34.44586],[-119.22713,34.44599],[-119.22707,34.44603],[-119.22704,34.44607],[-119.22696,34.44632],[-119.22678,34.4467],[-119.22674,34.44678],[-119.22663,34.44687],[-119.22656,34.44691],[-119.22618,34.44702],[-119.22612,34.44703],[-119.22601,34.44704],[-119.22583,34.44705],[-119.2256,34.44707],[-119.22546,34.44708],[-119.2254,34.44708],[-119.22536,34.44705],[-119.22532,34.44697],[-119.22529,34.44687],[-119.22517,34.44603],[-119.22515,34.446],[-119.22513,34.44598],[-119.2251,34.44597],[-119.22505,34.44597]]}},{"type":"Feature","properties":{"name":"","c":"track"},"geometry":{"type":"LineString","coordinates":[[-119.24305,34.42168],[-119.24304,34.42173],[-119.24305,34.42184],[-119.24307,34.42193],[-119.24308,34.42198],[-119.24307,34.42203],[-119.24293,34.42233],[-119.24291,34.4224],[-119.2429,34.42246],[-119.24286,34.42251],[-119.24276,34.42265],[-119.24269,34.42277],[-119.24268,34.42281],[-119.24268,34.4229],[-119.24266,34.42301],[-119.24264,34.42312],[-119.24261,34.42321],[-119.24255,34.42329],[-119.24249,34.42336],[-119.24241,34.4234],[-119.24227,34.42344],[-119.24205,34.4235],[-119.24192,34.42355],[-119.24183,34.42363],[-119.24175,34.42377],[-119.24173,34.42391],[-119.24177,34.42407],[-119.2418,34.4242],[-119.24181,34.42427],[-119.24178,34.42433],[-119.24173,34.42443],[-119.24168,34.42458],[-119.24165,34.42463],[-119.24162,34.42472],[-119.2416,34.4248],[-119.24158,34.42488],[-119.24152,34.42495],[-119.24145,34.42499],[-119.24139,34.425],[-119.24129,34.42498],[-119.24115,34.42496],[-119.24109,34.42496],[-119.24105,34.42499],[-119.24105,34.42504],[-119.24107,34.4251],[-119.24114,34.42524],[-119.2412,34.42551]]}},{"type":"Feature","properties":{"name":"Lion Canyon Fire Road","c":"track"},"geometry":{"type":"LineString","coordinates":[[-119.23794,34.42072],[-119.23799,34.4208],[-119.23803,34.42086],[-119.23806,34.4209],[-119.23812,34.42095],[-119.23826,34.42104],[-119.23833,34.42107],[-119.23839,34.4211],[-119.23848,34.42111],[-119.23911,34.42112],[-119.23917,34.42113],[-119.23921,34.42112],[-119.23926,34.4211],[-119.23943,34.42107],[-119.23951,34.42107],[-119.23957,34.42107],[-119.2399,34.42118],[-119.23994,34.42118],[-119.23998,34.42118],[-119.24001,34.42117],[-119.24014,34.42109],[-119.24021,34.42105],[-119.24026,34.42102],[-119.2403,34.42101],[-119.24039,34.42101],[-119.24045,34.42104],[-119.24047,34.42106],[-119.24047,34.42109],[-119.24046,34.42111],[-119.24044,34.42113],[-119.24037,34.42116],[-119.24031,34.42118],[-119.2402,34.42121],[-119.24017,34.42123],[-119.24015,34.42126],[-119.24015,34.42128],[-119.24015,34.42131],[-119.24017,34.42133],[-119.2402,34.42134],[-119.24024,34.42135],[-119.24052,34.42134],[-119.24059,34.42135],[-119.24066,34.42136],[-119.24071,34.42139],[-119.24078,34.42145],[-119.24083,34.42149],[-119.24088,34.42153],[-119.24092,34.42157],[-119.24096,34.42163],[-119.24099,34.42166],[-119.24106,34.42171],[-119.24111,34.42173],[-119.24115,34.42174],[-119.24126,34.42175],[-119.24133,34.42175],[-119.24154,34.42177],[-119.24179,34.42178],[-119.24206,34.42178],[-119.24219,34.42177],[-119.24228,34.42176],[-119.24238,34.42173],[-119.2426,34.42167],[-119.24271,34.42162],[-119.24282,34.42161],[-119.24287,34.42161],[-119.24292,34.42161],[-119.24296,34.42163],[-119.24305,34.42168],[-119.24311,34.42168],[-119.24319,34.42168],[-119.24324,34.42168],[-119.2433,34.42165],[-119.24344,34.42161],[-119.24365,34.42158],[-119.24373,34.42158],[-119.24387,34.42157],[-119.24395,34.42154],[-119.24414,34.42148],[-119.2442,34.42147],[-119.24427,34.42146],[-119.24435,34.42146],[-119.24442,34.42147],[-119.24487,34.4216],[-119.24514,34.42169],[-119.24534,34.42177],[-119.24539,34.42179],[-119.24554,34.42181],[-119.2457,34.42182],[-119.24594,34.42179],[-119.24622,34.42174],[-119.24636,34.42171],[-119.24658,34.42168],[-119.24726,34.4216],[-119.24738,34.42159],[-119.2475,34.42157],[-119.24769,34.42153],[-119.24777,34.4215],[-119.24785,34.42146],[-119.24794,34.42142],[-119.24811,34.42134],[-119.24827,34.42126],[-119.24838,34.42117],[-119.24847,34.42113],[-119.24859,34.4211],[-119.24893,34.42102],[-119.2492,34.42097],[-119.24926,34.42097],[-119.24933,34.42098],[-119.24957,34.42104],[-119.25005,34.42118],[-119.25015,34.42122],[-119.25027,34.42129],[-119.25031,34.42132],[-119.25034,34.42137],[-119.25039,34.42148],[-119.25042,34.42154],[-119.25046,34.42161],[-119.25052,34.42174],[-119.25055,34.4218],[-119.25056,34.42184],[-119.25056,34.42189]]}},{"type":"Feature","properties":{"name":"","c":"track"},"geometry":{"type":"LineString","coordinates":[[-119.24403,34.415],[-119.24405,34.41506],[-119.2441,34.41524],[-119.24412,34.41527],[-119.24417,34.4153],[-119.24423,34.41534],[-119.24425,34.41536],[-119.24428,34.41541],[-119.24429,34.41544],[-119.24427,34.41558],[-119.24427,34.41566],[-119.24428,34.41569],[-119.24437,34.41582],[-119.2444,34.4159],[-119.24441,34.41594],[-119.2444,34.41599],[-119.24439,34.41604],[-119.24437,34.41607],[-119.24426,34.41615],[-119.24414,34.41622],[-119.24377,34.41646],[-119.24374,34.41648],[-119.24371,34.41652],[-119.2437,34.41656],[-119.24369,34.41679],[-119.24368,34.41682],[-119.24365,34.41684],[-119.24347,34.41698],[-119.2434,34.41701],[-119.24333,34.41703],[-119.2433,34.41702],[-119.24326,34.417],[-119.24324,34.41697],[-119.24324,34.41693],[-119.24324,34.41663],[-119.24326,34.41624],[-119.24325,34.416],[-119.24321,34.41581],[-119.24315,34.41561],[-119.24313,34.41558],[-119.24311,34.41556],[-119.24309,34.41555],[-119.24277,34.41544],[-119.24273,34.41543],[-119.2427,34.41543],[-119.24265,34.41544],[-119.24262,34.41546],[-119.24257,34.41551],[-119.24237,34.41576],[-119.24233,34.41581],[-119.24228,34.41584],[-119.24222,34.41588],[-119.24211,34.41592],[-119.24205,34.41593],[-119.24202,34.41595],[-119.24195,34.41603],[-119.24192,34.41607],[-119.24186,34.41613],[-119.24182,34.41615],[-119.24178,34.41617],[-119.2417,34.4162],[-119.24155,34.41622],[-119.24145,34.41624],[-119.2413,34.41624],[-119.2412,34.41623],[-119.24115,34.41622],[-119.24112,34.4162],[-119.24099,34.4161],[-119.24095,34.41608],[-119.24092,34.41607],[-119.24082,34.41607],[-119.24075,34.41607],[-119.24065,34.4161],[-119.2406,34.41612],[-119.24049,34.41617],[-119.24039,34.41622],[-119.24024,34.41635],[-119.24017,34.41639],[-119.2401,34.41641],[-119.24003,34.41642],[-119.23999,34.41641],[-119.23997,34.4164],[-119.23994,34.41637],[-119.23987,34.41606],[-119.23985,34.41603],[-119.23982,34.41601],[-119.23979,34.41601],[-119.23971,34.41602],[-119.23967,34.41604],[-119.23965,34.41606],[-119.23964,34.4161],[-119.23966,34.41648],[-119.23966,34.41656],[-119.23961,34.41679],[-119.23962,34.41681],[-119.23963,34.41682],[-119.23967,34.41683],[-119.23969,34.41682],[-119.23976,34.41674],[-119.23979,34.41671],[-119.23983,34.41669],[-119.23987,34.41668],[-119.23992,34.41668],[-119.23995,34.41669],[-119.23995,34.41671],[-119.23994,34.41674],[-119.23992,34.41677],[-119.2398,34.41685],[-119.23976,34.41689],[-119.23972,34.41694],[-119.23964,34.417],[-119.23963,34.41705],[-119.23961,34.41712],[-119.23959,34.41716],[-119.23957,34.41722],[-119.23953,34.4173],[-119.23946,34.41748],[-119.2394,34.41757],[-119.23934,34.41763],[-119.2393,34.41766],[-119.23928,34.41768],[-119.23926,34.4177],[-119.23919,34.41774],[-119.23915,34.4178],[-119.23914,34.41786],[-119.23914,34.41788],[-119.23915,34.4179],[-119.23918,34.41792],[-119.23924,34.41795],[-119.23931,34.41797],[-119.23937,34.418],[-119.23942,34.41806],[-119.23946,34.41812],[-119.23955,34.41821],[-119.2396,34.41828],[-119.23963,34.41837],[-119.23964,34.41848],[-119.23968,34.41861],[-119.23975,34.41892],[-119.23977,34.41903],[-119.23978,34.41909],[-119.23976,34.41921],[-119.2397,34.4195],[-119.23965,34.4196],[-119.23962,34.41973],[-119.2395,34.41987],[-119.2394,34.41996],[-119.2393,34.42011],[-119.23933,34.42017],[-119.2394,34.42021],[-119.23955,34.42021],[-119.23971,34.42016],[-119.2397,34.42024],[-119.23969,34.42032],[-119.23968,34.42036],[-119.23958,34.42044],[-119.23953,34.42046],[-119.23947,34.42048],[-119.23939,34.42049],[-119.23926,34.4205],[-119.23914,34.42049],[-119.23881,34.42043],[-119.23868,34.4204],[-119.23855,34.42036],[-119.23847,34.42034],[-119.23835,34.42029],[-119.23827,34.42028],[-119.23823,34.42028],[-119.23818,34.42029],[-119.23809,34.42035],[-119.23803,34.42041],[-119.23799,34.42048],[-119.23797,34.42055],[-119.23795,34.42063],[-119.23794,34.42072]]}},{"type":"Feature","properties":{"name":"","c":"track"},"geometry":{"type":"LineString","coordinates":[[-119.21389,34.42303],[-119.21411,34.42283],[-119.21437,34.42267],[-119.21456,34.42256],[-119.21478,34.42235],[-119.21511,34.42221],[-119.21524,34.42214],[-119.21536,34.42201],[-119.21565,34.42201],[-119.2157,34.42199],[-119.21579,34.4219],[-119.21592,34.42179],[-119.21598,34.42175],[-119.21621,34.42166],[-119.2163,34.42154],[-119.21631,34.42146],[-119.21636,34.42139],[-119.21643,34.42128],[-119.21644,34.42118],[-119.21638,34.42112],[-119.21618,34.4211],[-119.21609,34.42109],[-119.21592,34.42109],[-119.21585,34.42102],[-119.21571,34.42088],[-119.21562,34.42082],[-119.21544,34.42076],[-119.21526,34.42075],[-119.21497,34.4208],[-119.21473,34.4209],[-119.21454,34.42108],[-119.21445,34.42118],[-119.21437,34.42124],[-119.21429,34.42129],[-119.21422,34.4213],[-119.21416,34.42128],[-119.21413,34.42119],[-119.21406,34.42087],[-119.21404,34.42066],[-119.21404,34.42051],[-119.21403,34.42028],[-119.21401,34.42015],[-119.21397,34.42009],[-119.21389,34.42004],[-119.21369,34.41998],[-119.21355,34.41993],[-119.21344,34.41981],[-119.21339,34.41971],[-119.21332,34.41965],[-119.21319,34.41956],[-119.21309,34.41941],[-119.21298,34.41926],[-119.2129,34.41911],[-119.21285,34.41905],[-119.21274,34.41902],[-119.21251,34.41904],[-119.21235,34.41906],[-119.2122,34.41904],[-119.21207,34.41902],[-119.21191,34.41907],[-119.21181,34.41913],[-119.21179,34.41921],[-119.2118,34.41939],[-119.21188,34.41948],[-119.21195,34.4196],[-119.21194,34.41971],[-119.21187,34.41978],[-119.21167,34.41983],[-119.2114,34.41986],[-119.21127,34.41988],[-119.21114,34.41985],[-119.21102,34.41984],[-119.21083,34.41984],[-119.21067,34.4198],[-119.21055,34.41975],[-119.21047,34.4197],[-119.21042,34.41961],[-119.21035,34.41943],[-119.21027,34.41929],[-119.21019,34.41924],[-119.21007,34.41923],[-119.20984,34.41931],[-119.20952,34.41944],[-119.20933,34.41961],[-119.20922,34.41977],[-119.20913,34.42001],[-119.2091,34.42045],[-119.20907,34.42063],[-119.209,34.42071],[-119.2089,34.42076],[-119.20879,34.42083],[-119.20862,34.42084],[-119.20856,34.42082],[-119.20851,34.4208],[-119.20843,34.42069],[-119.20831,34.42046],[-119.20823,34.42033],[-119.20804,34.42021],[-119.20768,34.42009],[-119.2074,34.42006],[-119.20719,34.42006],[-119.20697,34.42008],[-119.20691,34.42011],[-119.20689,34.42015],[-119.20683,34.42033],[-119.20672,34.42047],[-119.20658,34.4206],[-119.20637,34.42077],[-119.20625,34.42088],[-119.20623,34.42094],[-119.20622,34.42105],[-119.2062,34.42116],[-119.20615,34.42123],[-119.206,34.4213],[-119.20589,34.42133],[-119.20564,34.42131],[-119.20546,34.42128],[-119.20532,34.4212],[-119.20519,34.42113],[-119.20506,34.42104],[-119.20486,34.4209],[-119.20479,34.4208],[-119.20475,34.42074],[-119.20471,34.42062],[-119.20465,34.42051],[-119.20454,34.42044],[-119.20437,34.42035],[-119.20418,34.42029],[-119.20371,34.42019],[-119.20295,34.42002],[-119.20256,34.41997],[-119.2023,34.41998],[-119.2019,34.42],[-119.20158,34.42],[-119.20147,34.41996],[-119.20128,34.41986],[-119.20112,34.41975],[-119.201,34.41965],[-119.20083,34.41955],[-119.20077,34.41944],[-119.20068,34.41935],[-119.20057,34.4193],[-119.20024,34.41924],[-119.20005,34.41924],[-119.19981,34.41923],[-119.19963,34.41926],[-119.19953,34.41924],[-119.19943,34.41921],[-119.19926,34.41914],[-119.19914,34.41909],[-119.199,34.41906],[-119.19879,34.41903],[-119.19864,34.41895],[-119.1985,34.41883],[-119.19834,34.41877],[-119.1981,34.41871],[-119.19784,34.41866],[-119.19769,34.41869],[-119.19747,34.41876],[-119.1973,34.41887],[-119.19712,34.41914],[-119.19708,34.41932],[-119.19712,34.41959],[-119.19717,34.41964],[-119.19722,34.41971],[-119.19741,34.41985],[-119.19762,34.41995],[-119.19777,34.41998],[-119.19803,34.42002],[-119.19816,34.42008],[-119.19823,34.42017],[-119.19827,34.42029],[-119.19827,34.42041],[-119.1983,34.42053],[-119.1983,34.42065],[-119.19827,34.42074],[-119.19822,34.42084],[-119.19825,34.42103],[-119.1983,34.42127],[-119.19836,34.42127]]}},{"type":"Feature","properties":{"name":"","c":"track"},"geometry":{"type":"LineString","coordinates":[[-119.21203,34.42354],[-119.21209,34.42346],[-119.21211,34.42334],[-119.21206,34.42301],[-119.21208,34.4229],[-119.21206,34.42283],[-119.21195,34.42279],[-119.21181,34.42279],[-119.2116,34.42285],[-119.21148,34.42285],[-119.21136,34.42277],[-119.21121,34.42265],[-119.21118,34.42257],[-119.21122,34.4225],[-119.21132,34.42245],[-119.21173,34.4224],[-119.21194,34.42236],[-119.21201,34.42231],[-119.21205,34.42225],[-119.21212,34.42209],[-119.21213,34.42202],[-119.21216,34.42194],[-119.21227,34.42181],[-119.2124,34.4217],[-119.21247,34.42164],[-119.21246,34.42159],[-119.21238,34.42153],[-119.21232,34.42156],[-119.21222,34.42162],[-119.21207,34.42167],[-119.21197,34.4217],[-119.21187,34.42176],[-119.21177,34.42183],[-119.21166,34.42192],[-119.21159,34.42194],[-119.21151,34.42193],[-119.21142,34.42188],[-119.21131,34.42178],[-119.21117,34.42165],[-119.21108,34.42157],[-119.21097,34.4215],[-119.21088,34.42146],[-119.2107,34.4214],[-119.21058,34.42131],[-119.21044,34.42122],[-119.21034,34.42115],[-119.21022,34.42111],[-119.21014,34.42109],[-119.20999,34.42113],[-119.20961,34.42128],[-119.20936,34.42135],[-119.20917,34.42135],[-119.20898,34.42131],[-119.20869,34.4212],[-119.20854,34.42112],[-119.2085,34.42106],[-119.2085,34.42098],[-119.20851,34.42093],[-119.20856,34.42082]]}},{"type":"Feature","properties":{"name":"Lion Canyon Fire Road","c":"track"},"geometry":{"type":"LineString","coordinates":[[-119.20304,34.42724],[-119.20341,34.42694],[-119.20358,34.42677],[-119.20368,34.42668],[-119.20375,34.42665],[-119.20382,34.42664],[-119.20443,34.42677],[-119.20472,34.42679],[-119.205,34.42678],[-119.20511,34.42674],[-119.2052,34.4267],[-119.20536,34.42658],[-119.20565,34.42633],[-119.20575,34.42624],[-119.2059,34.42616],[-119.20618,34.42603],[-119.20677,34.42575],[-119.20709,34.42557],[-119.20734,34.42536],[-119.20746,34.42526],[-119.20759,34.42518],[-119.20777,34.42512],[-119.20792,34.42506],[-119.2082,34.42491],[-119.20846,34.42475],[-119.20898,34.4244],[-119.2095,34.42409],[-119.20991,34.42383],[-119.21005,34.42375],[-119.21024,34.4237],[-119.21032,34.4237],[-119.21044,34.42369],[-119.21069,34.42371],[-119.21103,34.42366],[-119.21182,34.42356],[-119.21203,34.42354],[-119.21217,34.42356],[-119.21232,34.42361],[-119.21239,34.42362],[-119.21246,34.42361],[-119.21256,34.42359],[-119.21263,34.42354],[-119.21278,34.42332],[-119.21288,34.42319],[-119.21294,34.42316],[-119.21299,34.42313],[-119.21305,34.42313],[-119.21317,34.42312],[-119.21323,34.42315],[-119.21328,34.42317],[-119.21343,34.42322],[-119.21353,34.4232],[-119.21389,34.42303],[-119.21412,34.42293],[-119.21422,34.4229],[-119.21431,34.42289],[-119.21451,34.42289],[-119.21471,34.42289],[-119.21491,34.42286],[-119.21533,34.4228],[-119.21552,34.42276],[-119.2157,34.42268],[-119.21603,34.42255],[-119.21616,34.42253],[-119.21627,34.42253],[-119.21637,34.42252],[-119.21648,34.4225],[-119.21669,34.42243],[-119.21682,34.42239],[-119.21716,34.42215],[-119.21761,34.42209],[-119.21784,34.42201],[-119.21798,34.42184],[-119.21813,34.42148],[-119.21831,34.42092],[-119.21894,34.42067],[-119.21933,34.42077],[-119.21981,34.42065],[-119.22115,34.42076],[-119.22142,34.42083],[-119.22156,34.42086],[-119.22167,34.42085],[-119.22178,34.42082],[-119.2219,34.42081],[-119.22207,34.42081],[-119.22223,34.42082],[-119.22258,34.42087],[-119.22269,34.42091],[-119.22278,34.42098],[-119.22285,34.42109],[-119.22294,34.4212],[-119.22304,34.42129],[-119.22316,34.42137],[-119.2233,34.42143],[-119.22362,34.4215],[-119.22398,34.42155],[-119.22427,34.42161],[-119.22444,34.42166],[-119.22453,34.42166],[-119.22461,34.42166],[-119.22507,34.42156],[-119.22528,34.42151],[-119.22542,34.42141],[-119.22548,34.42133],[-119.22555,34.42128],[-119.22563,34.42128],[-119.22571,34.42131],[-119.22585,34.42141],[-119.22608,34.42153],[-119.22658,34.4216],[-119.22697,34.42174],[-119.22751,34.42159],[-119.2279,34.42153],[-119.22803,34.42147],[-119.22813,34.4214],[-119.22828,34.42114],[-119.22844,34.42105],[-119.22865,34.42108],[-119.22887,34.42119],[-119.22899,34.42135],[-119.22911,34.42146],[-119.22931,34.42162],[-119.22944,34.42183],[-119.22945,34.42197],[-119.22944,34.42212],[-119.22941,34.42224],[-119.22942,34.42233],[-119.22947,34.42242],[-119.22968,34.42255],[-119.22981,34.42258],[-119.22988,34.42258],[-119.22994,34.42258],[-119.23001,34.42257],[-119.23017,34.42254],[-119.23025,34.42251],[-119.23045,34.42243],[-119.23053,34.42239],[-119.2306,34.42236],[-119.23069,34.42228],[-119.23076,34.4222],[-119.2308,34.42216],[-119.23085,34.42213],[-119.23092,34.4221],[-119.23101,34.42207],[-119.23112,34.42205],[-119.23127,34.42204],[-119.23135,34.42205],[-119.23143,34.42206],[-119.23158,34.42209],[-119.23173,34.42215],[-119.23208,34.42228],[-119.23218,34.42233],[-119.23232,34.42242],[-119.23244,34.4225],[-119.23254,34.42258],[-119.23261,34.42265],[-119.23265,34.4227],[-119.23267,34.42275],[-119.23271,34.42286],[-119.23274,34.4229],[-119.2328,34.42295],[-119.23284,34.42297],[-119.23292,34.42299],[-119.23297,34.423],[-119.23307,34.423],[-119.23316,34.42298],[-119.23322,34.42295],[-119.23329,34.42289],[-119.23337,34.42282],[-119.23359,34.42263],[-119.23369,34.42254],[-119.23373,34.4225],[-119.23378,34.42243],[-119.23389,34.42226],[-119.23398,34.4221],[-119.23401,34.42206],[-119.23411,34.42195],[-119.23436,34.42175],[-119.23444,34.4217],[-119.23451,34.42166],[-119.23462,34.42156],[-119.23475,34.42145],[-119.23479,34.42141],[-119.23483,34.42135],[-119.23485,34.42131],[-119.23486,34.42127],[-119.23487,34.42123],[-119.23494,34.42111],[-119.23499,34.42105],[-119.23511,34.42098],[-119.23523,34.42088],[-119.23542,34.42074],[-119.23548,34.42069],[-119.23554,34.42065],[-119.23557,34.42063],[-119.23563,34.42061],[-119.23581,34.42058],[-119.23585,34.42058],[-119.23589,34.42059],[-119.23591,34.4206],[-119.23593,34.42061],[-119.23598,34.42066],[-119.23599,34.42068],[-119.2361,34.42082],[-119.23615,34.42087],[-119.2362,34.42094],[-119.23627,34.42106],[-119.23631,34.4211],[-119.2364,34.4211],[-119.23651,34.42116],[-119.23668,34.42128],[-119.23683,34.42138],[-119.23696,34.42142],[-119.23712,34.42139],[-119.23744,34.42127],[-119.23752,34.42124],[-119.2376,34.42123],[-119.23769,34.42121],[-119.23781,34.42112],[-119.23785,34.42089],[-119.2379,34.42074],[-119.23794,34.42072]]}},{"type":"Feature","properties":{"name":"","c":"track"},"geometry":{"type":"LineString","coordinates":[[-119.21032,34.4237],[-119.21024,34.42357],[-119.21009,34.42349],[-119.20973,34.42328],[-119.20959,34.4232],[-119.20925,34.42315],[-119.20913,34.42315],[-119.20885,34.42318],[-119.20844,34.42322],[-119.20821,34.42322],[-119.20779,34.42319],[-119.20753,34.42319],[-119.20734,34.42318],[-119.20717,34.42318],[-119.20699,34.42315],[-119.20672,34.42308],[-119.20637,34.42302],[-119.20597,34.42294],[-119.20571,34.42285],[-119.20563,34.42281],[-119.20551,34.42279],[-119.20534,34.4228],[-119.20522,34.42278],[-119.20509,34.42284],[-119.20488,34.42305],[-119.2048,34.42305],[-119.2046,34.42301],[-119.20448,34.42296],[-119.20442,34.42298],[-119.20433,34.42303],[-119.20426,34.4231],[-119.20397,34.42317],[-119.20388,34.42317],[-119.20373,34.42314],[-119.20353,34.42306],[-119.20331,34.42295],[-119.20324,34.4229],[-119.20311,34.42291],[-119.20289,34.42292],[-119.20267,34.42284],[-119.20254,34.4228],[-119.2024,34.42278],[-119.20228,34.42275]]}},{"type":"Feature","properties":{"name":"","c":"track"},"geometry":{"type":"LineString","coordinates":[[-119.19965,34.42329],[-119.19962,34.42333],[-119.19957,34.42336],[-119.19953,34.42337]]}},{"type":"Feature","properties":{"name":"","c":"track"},"geometry":{"type":"LineString","coordinates":[[-119.19969,34.42363],[-119.19965,34.4237],[-119.19956,34.4238]]}},{"type":"Feature","properties":{"name":"","c":"track"},"geometry":{"type":"LineString","coordinates":[[-119.19967,34.42379],[-119.19974,34.42382]]}},{"type":"Feature","properties":{"name":"","c":"track"},"geometry":{"type":"LineString","coordinates":[[-119.19974,34.42382],[-119.19979,34.42386],[-119.19982,34.42391],[-119.19982,34.42397],[-119.1998,34.42403],[-119.19975,34.42407],[-119.19969,34.4241],[-119.19962,34.42411],[-119.19955,34.4241],[-119.19949,34.42407],[-119.19945,34.42402],[-119.19943,34.42396],[-119.19944,34.4239],[-119.19948,34.42385],[-119.19953,34.42381],[-119.19956,34.4238],[-119.1996,34.42379],[-119.19967,34.42379]]}},{"type":"Feature","properties":{"name":"","c":"track"},"geometry":{"type":"LineString","coordinates":[[-119.20991,34.42383],[-119.20978,34.42384],[-119.20948,34.42385],[-119.20915,34.42383],[-119.20887,34.42384],[-119.20844,34.42388],[-119.2081,34.42392],[-119.20767,34.42404],[-119.20727,34.42419],[-119.20683,34.42438],[-119.20648,34.42456],[-119.20621,34.42472],[-119.20615,34.42478],[-119.20608,34.42506],[-119.20601,34.42525],[-119.20593,34.42535],[-119.20585,34.4254],[-119.20578,34.4254],[-119.20571,34.42539],[-119.20555,34.42534],[-119.20541,34.42528],[-119.20516,34.42522],[-119.20488,34.42515],[-119.20464,34.42509],[-119.20443,34.42507],[-119.20419,34.42511],[-119.204,34.42519],[-119.20372,34.42538],[-119.20293,34.42578],[-119.2026,34.42593],[-119.20248,34.42596],[-119.20233,34.42595],[-119.20226,34.42598],[-119.20224,34.42603],[-119.20222,34.42623],[-119.20218,34.42631],[-119.20204,34.42636],[-119.20158,34.42652],[-119.20144,34.42654],[-119.20134,34.42656],[-119.20127,34.4266],[-119.2011,34.42688],[-119.20092,34.42701],[-119.20068,34.42714],[-119.20037,34.42734],[-119.19929,34.42798],[-119.19918,34.42801],[-119.19878,34.42806],[-119.19861,34.42811],[-119.19782,34.42836],[-119.19752,34.42844],[-119.19672,34.42858],[-119.19608,34.42878],[-119.19567,34.42888],[-119.19539,34.42889],[-119.19478,34.42886],[-119.19444,34.42882],[-119.19407,34.42872],[-119.1932,34.42857]]}},{"type":"Feature","properties":{"name":"","c":"track"},"geometry":{"type":"LineString","coordinates":[[-119.19792,34.42386],[-119.19827,34.42376],[-119.19857,34.42367],[-119.19867,34.42363],[-119.19874,34.42358],[-119.19879,34.42353],[-119.19883,34.42347],[-119.19893,34.42328],[-119.19898,34.42322],[-119.19904,34.42318],[-119.1991,34.42317],[-119.1992,34.42316],[-119.19928,34.42321],[-119.19938,34.4233],[-119.19943,34.42335],[-119.1995,34.42337],[-119.19953,34.42337],[-119.19968,34.42342],[-119.19969,34.42363],[-119.19971,34.42372],[-119.19974,34.42382]]}},{"type":"Feature","properties":{"name":"","c":"track"},"geometry":{"type":"LineString","coordinates":[[-119.1983,34.42311],[-119.19813,34.42306],[-119.19799,34.42305]]}},{"type":"Feature","properties":{"name":"","c":"track"},"geometry":{"type":"LineString","coordinates":[[-119.19589,34.42471],[-119.19585,34.42468],[-119.19569,34.42436],[-119.19544,34.42394],[-119.19531,34.42362],[-119.19525,34.42341],[-119.19512,34.42313],[-119.195,34.42294],[-119.19485,34.42279],[-119.19452,34.42248],[-119.19414,34.42204],[-119.19405,34.42196],[-119.194,34.42185],[-119.19398,34.42177],[-119.19402,34.4217],[-119.19409,34.42166],[-119.19421,34.42165],[-119.19444,34.42167],[-119.19465,34.42173],[-119.1948,34.4217],[-119.195,34.42163],[-119.19521,34.4216],[-119.19549,34.42164],[-119.19574,34.42169],[-119.19593,34.42182],[-119.19608,34.42188],[-119.19626,34.4219],[-119.19646,34.42187],[-119.1966,34.42184],[-119.1967,34.42182],[-119.19685,34.42181],[-119.197,34.42185],[-119.19707,34.42191]]}},{"type":"Feature","properties":{"name":"","c":"track"},"geometry":{"type":"LineString","coordinates":[[-119.193,34.42725],[-119.19298,34.42719],[-119.19287,34.42709],[-119.19274,34.42699],[-119.19266,34.42692],[-119.19261,34.42685],[-119.19259,34.42677],[-119.19261,34.42665],[-119.19263,34.4265],[-119.19269,34.42633],[-119.19278,34.42611],[-119.19285,34.42602],[-119.19292,34.42597],[-119.19303,34.42594],[-119.19317,34.42595],[-119.19331,34.42596],[-119.19339,34.42593],[-119.19344,34.42588],[-119.19345,34.42582],[-119.19339,34.42574],[-119.19331,34.42569],[-119.19323,34.42567],[-119.19316,34.42564],[-119.1931,34.42558],[-119.19304,34.42551],[-119.193,34.42543],[-119.19299,34.42528],[-119.19299,34.42509],[-119.19303,34.42495],[-119.19307,34.42485],[-119.19305,34.42466],[-119.19302,34.42451],[-119.19303,34.42442],[-119.1931,34.42428],[-119.19312,34.4242],[-119.19308,34.42415],[-119.19311,34.42408],[-119.19316,34.42396],[-119.19318,34.42381],[-119.1932,34.42369],[-119.19325,34.42358],[-119.19335,34.4234],[-119.19346,34.42324],[-119.19353,34.42311],[-119.19353,34.42303],[-119.19357,34.42292],[-119.19365,34.42279],[-119.1937,34.42272],[-119.1937,34.42261],[-119.19367,34.42254],[-119.19371,34.42245],[-119.19384,34.42242],[-119.19397,34.42239],[-119.19417,34.42241],[-119.19452,34.42248],[-119.19463,34.4225],[-119.19489,34.42253],[-119.19505,34.42248],[-119.19563,34.42229],[-119.19582,34.42225],[-119.19601,34.42226],[-119.19625,34.42226],[-119.19643,34.42221],[-119.19653,34.42214],[-119.19657,34.4221],[-119.197,34.42196],[-119.19702,34.42195],[-119.19707,34.42191]]}},{"type":"Feature","properties":{"name":"","c":"track"},"geometry":{"type":"LineString","coordinates":[[-119.19717,34.41964],[-119.19699,34.41971],[-119.19672,34.41981],[-119.19652,34.41995],[-119.19627,34.4202],[-119.19607,34.42041],[-119.19598,34.42046],[-119.19584,34.42048],[-119.19567,34.42048],[-119.19559,34.42045],[-119.19555,34.4204],[-119.19555,34.42032],[-119.19558,34.42023],[-119.19571,34.42006],[-119.19577,34.41992],[-119.1958,34.41979],[-119.19581,34.41949],[-119.19574,34.41924],[-119.19574,34.41909],[-119.19574,34.41888],[-119.19578,34.41875],[-119.19591,34.41861],[-119.19647,34.41805],[-119.19656,34.41799],[-119.19672,34.41789],[-119.19684,34.41779],[-119.19687,34.41772],[-119.19687,34.41766],[-119.19684,34.4176],[-119.19669,34.41754],[-119.19652,34.4175],[-119.19641,34.4175],[-119.19632,34.41752],[-119.19619,34.41759],[-119.19604,34.41767],[-119.19594,34.41768],[-119.19573,34.41766],[-119.19558,34.41763],[-119.1955,34.41758],[-119.1954,34.41757],[-119.19493,34.41743],[-119.19481,34.4174],[-119.19471,34.41741],[-119.19442,34.41749],[-119.19436,34.41749],[-119.19435,34.41745],[-119.19437,34.41739],[-119.19446,34.41724],[-119.19455,34.41717],[-119.19459,34.41711],[-119.19466,34.41703],[-119.19473,34.41696],[-119.19484,34.41689],[-119.19502,34.4168],[-119.19515,34.41678],[-119.19541,34.41678],[-119.19547,34.41677],[-119.19553,34.41673],[-119.19575,34.41657],[-119.1958,34.41654],[-119.19615,34.41648],[-119.19624,34.41645],[-119.19631,34.41639],[-119.1964,34.41626],[-119.19651,34.41608],[-119.19657,34.41603],[-119.19693,34.41594],[-119.19716,34.41588],[-119.19731,34.41579],[-119.19773,34.41535],[-119.19784,34.41527],[-119.19823,34.41516],[-119.19838,34.41513],[-119.19869,34.41518],[-119.19888,34.41528],[-119.19896,34.41531],[-119.1991,34.41529],[-119.19973,34.415]]}},{"type":"Feature","properties":{"name":"","c":"track"},"geometry":{"type":"LineString","coordinates":[[-119.19756,34.42223],[-119.19759,34.42225],[-119.19783,34.42236],[-119.19799,34.42247],[-119.1981,34.42258],[-119.19815,34.42272],[-119.19812,34.42285],[-119.19809,34.42296],[-119.19799,34.42305],[-119.19789,34.42311],[-119.19781,34.42311],[-119.19772,34.42308],[-119.19753,34.42295],[-119.19736,34.42282],[-119.19733,34.42276],[-119.19729,34.42264],[-119.19727,34.42236],[-119.19729,34.42233],[-119.19734,34.42228],[-119.19743,34.42224],[-119.1975,34.42223]]}},{"type":"Feature","properties":{"name":"","c":"track"},"geometry":{"type":"LineString","coordinates":[[-119.1975,34.42223],[-119.19756,34.42223]]}},{"type":"Feature","properties":{"name":"","c":"track"},"geometry":{"type":"LineString","coordinates":[[-119.19702,34.42195],[-119.19716,34.42213],[-119.19724,34.42228],[-119.19727,34.42236]]}},{"type":"Feature","properties":{"name":"","c":"track"},"geometry":{"type":"LineString","coordinates":[[-119.19756,34.42223],[-119.19742,34.42214],[-119.19722,34.42202],[-119.19707,34.42191]]}},{"type":"Feature","properties":{"name":"","c":"track"},"geometry":{"type":"LineString","coordinates":[[-119.19707,34.42191],[-119.19709,34.4219],[-119.19725,34.42183],[-119.1975,34.42177],[-119.19776,34.42177],[-119.19819,34.42179],[-119.19853,34.42185]]}},{"type":"Feature","properties":{"name":"","c":"track"},"geometry":{"type":"LineString","coordinates":[[-119.19952,34.42233],[-119.19963,34.42239],[-119.19969,34.42244],[-119.19976,34.42253],[-119.19981,34.42266],[-119.19984,34.42277],[-119.19985,34.42294],[-119.19983,34.42299],[-119.19977,34.42304],[-119.19969,34.42309],[-119.19965,34.42314],[-119.19964,34.4232],[-119.19965,34.42329],[-119.19968,34.42342]]}},{"type":"Feature","properties":{"name":"","c":"track"},"geometry":{"type":"LineString","coordinates":[[-119.20039,34.42144],[-119.20043,34.42147],[-119.20049,34.42152],[-119.20058,34.4216],[-119.20062,34.42162],[-119.20079,34.42166],[-119.20082,34.42167],[-119.20086,34.42171],[-119.20092,34.42181],[-119.20092,34.42187],[-119.2009,34.42194],[-119.20086,34.42198],[-119.20063,34.42208],[-119.20058,34.42211],[-119.20041,34.4222],[-119.20035,34.42222],[-119.20013,34.42224],[-119.19953,34.42228],[-119.19921,34.42226],[-119.19895,34.42222],[-119.19887,34.4222]]}},{"type":"Feature","properties":{"name":"","c":"track"},"geometry":{"type":"LineString","coordinates":[[-119.20475,34.42074],[-119.20465,34.42082],[-119.20446,34.42094],[-119.20442,34.421],[-119.20435,34.42113],[-119.2042,34.4213],[-119.20419,34.42135],[-119.20427,34.42142],[-119.20443,34.42153],[-119.20452,34.42158],[-119.20453,34.42163],[-119.20449,34.42169],[-119.20432,34.42177],[-119.20422,34.42182],[-119.20411,34.42189],[-119.204,34.42199],[-119.20381,34.42216],[-119.20363,34.42224],[-119.20334,34.42237],[-119.20306,34.42247],[-119.20272,34.4226],[-119.20248,34.42269],[-119.20228,34.42275],[-119.20213,34.42279],[-119.20194,34.42283],[-119.20182,34.42282],[-119.20173,34.42279],[-119.20165,34.42276],[-119.20156,34.42267],[-119.20145,34.42257],[-119.20139,34.42251],[-119.2013,34.42248],[-119.20113,34.42246],[-119.20095,34.42242],[-119.20081,34.42234],[-119.2007,34.42228],[-119.2006,34.42224],[-119.2005,34.42223],[-119.20037,34.42227],[-119.2002,34.42228],[-119.19952,34.42233],[-119.19913,34.4223],[-119.19872,34.42229],[-119.19864,34.4223]]}},{"type":"Feature","properties":{"name":"","c":"track"},"geometry":{"type":"LineString","coordinates":[[-119.19827,34.415],[-119.19823,34.41516]]}},{"type":"Feature","properties":{"name":"","c":"track"},"geometry":{"type":"LineString","coordinates":[[-119.18932,34.42453],[-119.18928,34.42427],[-119.18919,34.42417],[-119.18902,34.42408],[-119.18886,34.42398],[-119.18873,34.42383],[-119.1887,34.42375],[-119.18872,34.42364],[-119.18872,34.42353],[-119.18863,34.42338],[-119.18844,34.42313],[-119.18832,34.42302],[-119.18824,34.42292],[-119.1882,34.42285],[-119.18822,34.42275],[-119.18826,34.42268],[-119.18832,34.42255],[-119.18836,34.42236],[-119.1885,34.42213],[-119.18872,34.42178],[-119.18899,34.42149],[-119.18874,34.42111],[-119.18869,34.42094]]}},{"type":"Feature","properties":{"name":"","c":"track"},"geometry":{"type":"LineString","coordinates":[[-119.18836,34.42236],[-119.18836,34.42224],[-119.1883,34.42213],[-119.18819,34.42195],[-119.18804,34.42179],[-119.18788,34.42165],[-119.1877,34.42153]]}},{"type":"Feature","properties":{"name":"","c":"track"},"geometry":{"type":"LineString","coordinates":[[-119.16537,34.42165],[-119.1653,34.42174],[-119.1652,34.4219],[-119.16508,34.42202],[-119.16489,34.42213],[-119.16474,34.42221],[-119.16454,34.42226],[-119.16446,34.42228],[-119.16437,34.42231]]}},{"type":"Feature","properties":{"name":"","c":"track"},"geometry":{"type":"LineString","coordinates":[[-119.16947,34.42265],[-119.16958,34.42262],[-119.16997,34.42254],[-119.17011,34.42252],[-119.1702,34.42246],[-119.17026,34.42237],[-119.17027,34.42227],[-119.1703,34.42216],[-119.17042,34.42206],[-119.1705,34.42201],[-119.17056,34.42201],[-119.17061,34.42204],[-119.17069,34.42216],[-119.17076,34.42221],[-119.17085,34.42226],[-119.17091,34.42235],[-119.17098,34.42246],[-119.17107,34.42253],[-119.17119,34.42258],[-119.17134,34.4226],[-119.17141,34.42264],[-119.17149,34.42269],[-119.17169,34.42269],[-119.17182,34.4227],[-119.17195,34.4227],[-119.17208,34.42267],[-119.17237,34.42261],[-119.17254,34.42255],[-119.1727,34.42245],[-119.17275,34.4224],[-119.17272,34.42232],[-119.1727,34.42226],[-119.1727,34.42222],[-119.17272,34.4222],[-119.1728,34.42217],[-119.17299,34.42216],[-119.17309,34.42218]]}},{"type":"Feature","properties":{"name":"","c":"track"},"geometry":{"type":"LineString","coordinates":[[-119.17309,34.42218],[-119.17327,34.42223],[-119.17342,34.42229],[-119.17353,34.42229],[-119.17367,34.42228],[-119.17373,34.42231],[-119.17376,34.42246],[-119.17379,34.4226],[-119.17384,34.42272],[-119.17382,34.42278],[-119.17381,34.42283],[-119.17381,34.42288],[-119.17378,34.42292],[-119.17369,34.42297],[-119.17359,34.42299],[-119.17343,34.42302],[-119.17332,34.42304],[-119.17314,34.42305],[-119.17289,34.42305],[-119.17279,34.42305],[-119.17267,34.42295],[-119.17257,34.4229],[-119.17243,34.42282],[-119.1723,34.42271],[-119.17219,34.42268],[-119.17208,34.42267]]}},{"type":"Feature","properties":{"name":"","c":"track"},"geometry":{"type":"LineString","coordinates":[[-119.17308,34.42557],[-119.17302,34.42565],[-119.17287,34.42575],[-119.17277,34.42601],[-119.17267,34.42617],[-119.17255,34.42634],[-119.17234,34.4265],[-119.17223,34.4266],[-119.17209,34.42672],[-119.17198,34.42678],[-119.17187,34.4268],[-119.17174,34.42679],[-119.17167,34.42677],[-119.17155,34.42681],[-119.17144,34.42689],[-119.17135,34.42698],[-119.1713,34.42705],[-119.1713,34.42712],[-119.17133,34.42718],[-119.17139,34.42723],[-119.17149,34.42728],[-119.17163,34.42729],[-119.1717,34.42729],[-119.1718,34.4273],[-119.1719,34.42732],[-119.17206,34.42737],[-119.17218,34.42739],[-119.17231,34.42739],[-119.17238,34.42738],[-119.17268,34.42727],[-119.17279,34.42725],[-119.17287,34.42727],[-119.17316,34.42747],[-119.17319,34.42752],[-119.17323,34.42762],[-119.17343,34.42802],[-119.17355,34.42816]]}},{"type":"Feature","properties":{"name":"","c":"track"},"geometry":{"type":"LineString","coordinates":[[-119.16801,34.4262],[-119.16807,34.42617],[-119.16848,34.42599],[-119.16875,34.42599],[-119.16894,34.42597],[-119.16926,34.42592],[-119.16944,34.42585],[-119.16964,34.42572],[-119.17012,34.42541],[-119.17022,34.42539],[-119.17082,34.42548],[-119.17126,34.42555],[-119.17179,34.42571],[-119.17202,34.42579],[-119.17229,34.42582],[-119.17248,34.42578],[-119.17266,34.42573],[-119.17308,34.42557],[-119.17331,34.42556],[-119.17353,34.42561]]}},{"type":"Feature","properties":{"name":"","c":"track"},"geometry":{"type":"LineString","coordinates":[[-119.16757,34.42544],[-119.16762,34.42542],[-119.16765,34.42539],[-119.16767,34.42534],[-119.16766,34.42527],[-119.16763,34.42517],[-119.16761,34.42509],[-119.16762,34.425],[-119.16766,34.42489],[-119.16771,34.42483],[-119.16779,34.42476],[-119.16787,34.4247],[-119.16789,34.4246],[-119.16792,34.42447],[-119.16795,34.42443],[-119.16794,34.42439]]}},{"type":"Feature","properties":{"name":"","c":"track"},"geometry":{"type":"LineString","coordinates":[[-119.16646,34.4241],[-119.16664,34.42422],[-119.16668,34.42425],[-119.16673,34.42444],[-119.16675,34.42457],[-119.16676,34.42471],[-119.16677,34.42493],[-119.16676,34.42513],[-119.16674,34.42538],[-119.16669,34.42568],[-119.16668,34.42607],[-119.16667,34.42637],[-119.16667,34.42645],[-119.16667,34.42653],[-119.16667,34.42666]]}},{"type":"Feature","properties":{"name":"","c":"track"},"geometry":{"type":"LineString","coordinates":[[-119.16761,34.4264],[-119.16754,34.42645],[-119.16743,34.42659],[-119.16728,34.4268],[-119.16707,34.42724],[-119.16706,34.4273],[-119.16706,34.42736],[-119.16712,34.42744],[-119.1672,34.42752],[-119.16732,34.42762]]}},{"type":"Feature","properties":{"name":"","c":"track"},"geometry":{"type":"LineString","coordinates":[[-119.18553,34.42523],[-119.18547,34.42522],[-119.18539,34.42523],[-119.18529,34.42527],[-119.18511,34.4254],[-119.18505,34.42548],[-119.18497,34.42564],[-119.18488,34.42576],[-119.18472,34.42589],[-119.18459,34.42597],[-119.18438,34.42601],[-119.18416,34.42603],[-119.18398,34.42603],[-119.18393,34.42602],[-119.18382,34.42608],[-119.18373,34.42618],[-119.18365,34.42624],[-119.18365,34.42631],[-119.18368,34.42636],[-119.18367,34.42642],[-119.18361,34.42647],[-119.18356,34.42657],[-119.18355,34.4267],[-119.18356,34.42686],[-119.18355,34.42706],[-119.18353,34.42714],[-119.18351,34.42722],[-119.18351,34.42728],[-119.18354,34.42732],[-119.18362,34.4274],[-119.18369,34.42769],[-119.18374,34.42794],[-119.18382,34.42801],[-119.184,34.42811],[-119.18411,34.42826],[-119.18416,34.42833],[-119.18422,34.42834],[-119.18424,34.42837],[-119.18427,34.42841],[-119.1843,34.42855],[-119.18433,34.42865],[-119.18443,34.42882],[-119.18455,34.42894],[-119.1846,34.42899],[-119.18463,34.42906],[-119.18465,34.42914],[-119.18466,34.42918],[-119.18461,34.42922],[-119.18451,34.42926],[-119.18436,34.42935],[-119.18424,34.42952],[-119.18416,34.42958],[-119.18405,34.42965],[-119.18392,34.42968],[-119.18378,34.4297],[-119.1837,34.42971],[-119.18365,34.42977],[-119.18358,34.42986],[-119.18357,34.42998],[-119.1836,34.4301],[-119.18364,34.43021],[-119.1837,34.43026]]}},{"type":"Feature","properties":{"name":"","c":"track"},"geometry":{"type":"LineString","coordinates":[[-119.18424,34.42837],[-119.18438,34.42831],[-119.18444,34.42824],[-119.18448,34.4281],[-119.18446,34.42795],[-119.18441,34.4278],[-119.18435,34.42769],[-119.18435,34.42763],[-119.18438,34.42757],[-119.18444,34.42755],[-119.18456,34.42753],[-119.18491,34.42754],[-119.18527,34.42758],[-119.18554,34.42764]]}},{"type":"Feature","properties":{"name":"","c":"track"},"geometry":{"type":"LineString","coordinates":[[-119.18544,34.42741],[-119.18543,34.42693],[-119.18553,34.42683],[-119.18566,34.4265],[-119.18573,34.42625],[-119.18578,34.42587],[-119.18576,34.42559],[-119.18571,34.42545],[-119.1856,34.4253],[-119.18553,34.42523],[-119.18548,34.42513],[-119.18549,34.42503],[-119.18556,34.42491],[-119.18558,34.42478],[-119.18553,34.42467],[-119.1854,34.42446],[-119.18544,34.42435],[-119.18552,34.42425],[-119.18554,34.42424],[-119.18558,34.42422],[-119.18563,34.42422],[-119.18597,34.42426],[-119.18607,34.42427],[-119.18622,34.42425],[-119.18635,34.42417],[-119.18642,34.42405],[-119.1865,34.42397],[-119.1866,34.42396],[-119.1867,34.42398],[-119.18691,34.42409],[-119.18702,34.42412],[-119.18714,34.42413],[-119.18727,34.4242],[-119.18745,34.42434],[-119.18759,34.42444],[-119.18774,34.42456],[-119.18783,34.42474],[-119.18789,34.42495],[-119.18794,34.42523],[-119.18802,34.42537],[-119.18815,34.42556],[-119.18829,34.42577],[-119.18838,34.426],[-119.18842,34.42627],[-119.18848,34.42639],[-119.18852,34.42649],[-119.18853,34.42659],[-119.18852,34.4268],[-119.18855,34.42699],[-119.18857,34.42717],[-119.18854,34.42734],[-119.18864,34.4275],[-119.18873,34.42767],[-119.18874,34.4278],[-119.18872,34.42789],[-119.18868,34.42801],[-119.18867,34.42807],[-119.18871,34.42818],[-119.18874,34.42832],[-119.18877,34.42847],[-119.18881,34.4286],[-119.18882,34.42865]]}},{"type":"Feature","properties":{"name":"","c":"track"},"geometry":{"type":"LineString","coordinates":[[-119.18529,34.42457],[-119.1854,34.42446]]}},{"type":"Feature","properties":{"name":"","c":"track"},"geometry":{"type":"LineString","coordinates":[[-119.1854,34.42446],[-119.18526,34.42434],[-119.18518,34.42424],[-119.1851,34.42402],[-119.185,34.42362],[-119.18494,34.42343],[-119.1849,34.42334],[-119.18474,34.42317],[-119.18448,34.42297],[-119.18425,34.42275],[-119.18406,34.42256],[-119.18401,34.42247],[-119.18392,34.42243],[-119.18386,34.42245],[-119.18386,34.42248],[-119.18387,34.42254],[-119.18394,34.42267],[-119.18412,34.42298],[-119.18416,34.42305],[-119.18417,34.4231],[-119.18413,34.42314],[-119.18409,34.42317],[-119.184,34.4232],[-119.184,34.42324],[-119.18402,34.42331],[-119.18412,34.42343],[-119.18419,34.42351],[-119.18422,34.42357],[-119.18423,34.42365],[-119.18422,34.42373],[-119.18418,34.42384],[-119.18417,34.42397],[-119.18419,34.42407],[-119.1842,34.42413],[-119.18417,34.42421],[-119.18409,34.42432],[-119.18407,34.42438],[-119.18411,34.42449],[-119.18413,34.42456],[-119.18413,34.42469],[-119.18411,34.42483],[-119.18411,34.42509],[-119.1841,34.42528],[-119.18407,34.42538],[-119.18404,34.42548],[-119.18405,34.42558],[-119.1841,34.42561],[-119.18421,34.42561],[-119.18428,34.42558],[-119.18432,34.42554],[-119.18439,34.42545],[-119.18446,34.42533],[-119.18451,34.42528],[-119.18457,34.42524],[-119.18466,34.4252],[-119.18471,34.42517],[-119.18477,34.42511],[-119.18483,34.42503],[-119.18497,34.42495],[-119.18501,34.4249],[-119.18502,34.42473],[-119.18508,34.42469],[-119.18521,34.42464],[-119.18529,34.42457]]}},{"type":"Feature","properties":{"name":"","c":"track"},"geometry":{"type":"LineString","coordinates":[[-119.19303,34.42495],[-119.1928,34.42489],[-119.19263,34.42479],[-119.19254,34.4247],[-119.19247,34.4247],[-119.19245,34.42466],[-119.19243,34.42456],[-119.19244,34.4244],[-119.19243,34.4243],[-119.19238,34.42423],[-119.19226,34.42408],[-119.19213,34.42388],[-119.19206,34.42379],[-119.19185,34.42378],[-119.19149,34.42355],[-119.19129,34.42346],[-119.19114,34.42345],[-119.19096,34.42349],[-119.19083,34.42353],[-119.19073,34.4236],[-119.19067,34.42368],[-119.1906,34.42376],[-119.1905,34.42382],[-119.19,34.42402],[-119.18991,34.42408],[-119.18968,34.42416],[-119.18962,34.42421],[-119.18956,34.42437],[-119.1895,34.42446],[-119.18942,34.4245],[-119.18932,34.42453],[-119.18918,34.42456],[-119.18883,34.42466],[-119.18874,34.42474],[-119.18871,34.42489],[-119.18866,34.42505],[-119.18861,34.42519],[-119.1886,34.42539],[-119.1886,34.42556],[-119.18858,34.42568],[-119.18854,34.42586],[-119.18851,34.42596],[-119.18855,34.42622],[-119.18859,34.42638],[-119.18865,34.42652],[-119.18878,34.42674],[-119.18889,34.42695],[-119.18897,34.42705],[-119.18912,34.42715],[-119.18932,34.42726],[-119.1897,34.42747],[-119.18998,34.42761],[-119.1901,34.42765],[-119.19028,34.42764],[-119.19085,34.42759],[-119.19122,34.42748],[-119.19129,34.42745],[-119.19144,34.42732],[-119.19153,34.42726],[-119.19162,34.42725],[-119.19173,34.42729],[-119.19188,34.42737],[-119.19198,34.42742],[-119.19216,34.42748],[-119.19232,34.42752],[-119.19244,34.42752],[-119.19253,34.42748],[-119.19264,34.42736],[-119.19274,34.4273],[-119.19285,34.42726],[-119.193,34.42725],[-119.19309,34.42726]]}},{"type":"Feature","properties":{"name":"","c":"track"},"geometry":{"type":"LineString","coordinates":[[-119.18848,34.42639],[-119.18855,34.42638],[-119.18859,34.42638]]}},{"type":"Feature","properties":{"name":"","c":"track"},"geometry":{"type":"LineString","coordinates":[[-119.18682,34.43029],[-119.18502,34.43034],[-119.18496,34.43034],[-119.18486,34.43032],[-119.18454,34.43019],[-119.18449,34.43019],[-119.18439,34.4302],[-119.18418,34.43023],[-119.18375,34.43025],[-119.1837,34.43026],[-119.18352,34.43029],[-119.18323,34.43032],[-119.18277,34.43038]]}},{"type":"Feature","properties":{"name":"","c":"track"},"geometry":{"type":"LineString","coordinates":[[-119.18031,34.4425],[-119.18036,34.4425],[-119.18063,34.44238],[-119.18081,34.44232],[-119.18143,34.44214],[-119.18189,34.44201],[-119.18208,34.44195],[-119.18224,34.44193],[-119.18237,34.44192]]}},{"type":"Feature","properties":{"name":"","c":"track"},"geometry":{"type":"LineString","coordinates":[[-119.1854,34.44243],[-119.1857,34.44246],[-119.18616,34.4425],[-119.18641,34.44252],[-119.18665,34.44256],[-119.18696,34.44262],[-119.18736,34.44266],[-119.18743,34.44268],[-119.1875,34.44269],[-119.18782,34.44275],[-119.1879,34.44278],[-119.18806,34.44278],[-119.1889,34.44296],[-119.18894,34.44302],[-119.18901,34.44324],[-119.18911,34.44335],[-119.18916,34.44337],[-119.18922,34.4434],[-119.18928,34.44341],[-119.18933,34.44341],[-119.18939,34.44341],[-119.18948,34.44339],[-119.18964,34.4433],[-119.18967,34.44328],[-119.18972,34.44327],[-119.18988,34.44327],[-119.1901,34.44329],[-119.19015,34.44328],[-119.19021,34.44326],[-119.19024,34.44325],[-119.19032,34.44318],[-119.19035,34.44316],[-119.19039,34.44315],[-119.19042,34.44315],[-119.19045,34.44316],[-119.19047,34.44317],[-119.19049,34.44318],[-119.19053,34.44326],[-119.19057,34.44332],[-119.19059,34.44334],[-119.19063,34.44336],[-119.1907,34.44336],[-119.19097,34.4433],[-119.19121,34.44328],[-119.19129,34.44328],[-119.1914,34.44331],[-119.19147,34.44332],[-119.1916,34.44332],[-119.19166,34.44331],[-119.1917,34.4433],[-119.19178,34.44326],[-119.19182,34.44325],[-119.19213,34.44318]]}},{"type":"Feature","properties":{"name":"","c":"path"},"geometry":{"type":"LineString","coordinates":[[-119.18939,34.44341],[-119.1894,34.44346],[-119.18943,34.44363],[-119.18943,34.44369],[-119.18945,34.44373],[-119.18948,34.44375],[-119.18949,34.44377],[-119.1895,34.4438],[-119.1895,34.44399],[-119.1895,34.44402],[-119.18949,34.44407],[-119.18943,34.44419],[-119.18939,34.44436],[-119.18939,34.44441],[-119.1894,34.4447]]}},{"type":"Feature","properties":{"name":"","c":"track"},"geometry":{"type":"LineString","coordinates":[[-119.18087,34.45386],[-119.18098,34.45393],[-119.18103,34.45396],[-119.18107,34.45399],[-119.18109,34.454],[-119.18116,34.45402],[-119.18126,34.45403],[-119.18199,34.45403]]}},{"type":"Feature","properties":{"name":"","c":"track"},"geometry":{"type":"LineString","coordinates":[[-119.17801,34.45513],[-119.17808,34.45517],[-119.1782,34.4552],[-119.17829,34.45526],[-119.17841,34.4553],[-119.17846,34.45532],[-119.17859,34.45538],[-119.17884,34.45544],[-119.17891,34.45544],[-119.17895,34.45545],[-119.17898,34.45547],[-119.179,34.45551],[-119.17905,34.45555],[-119.17912,34.45559],[-119.1792,34.45562],[-119.17936,34.45566],[-119.17945,34.45569],[-119.17956,34.45576],[-119.17965,34.45582],[-119.17973,34.45589],[-119.1798,34.45593],[-119.17988,34.45594],[-119.17992,34.45594],[-119.17996,34.45594],[-119.18001,34.45593],[-119.18035,34.45593],[-119.18054,34.45595],[-119.1806,34.45595],[-119.18063,34.45594],[-119.18067,34.45593],[-119.18069,34.45592],[-119.18233,34.45548]]}},{"type":"Feature","properties":{"name":"","c":"track"},"geometry":{"type":"LineString","coordinates":[[-119.17963,34.44904],[-119.17962,34.44981],[-119.17963,34.44986],[-119.17966,34.4499]]}},{"type":"Feature","properties":{"name":"","c":"path"},"geometry":{"type":"LineString","coordinates":[[-119.16478,34.45087],[-119.1646,34.45088],[-119.16434,34.45085],[-119.16415,34.45085],[-119.1641,34.45085],[-119.16407,34.45085],[-119.164,34.45082],[-119.16396,34.45082],[-119.16382,34.45082],[-119.16375,34.45083],[-119.16352,34.45083],[-119.16341,34.45083],[-119.16317,34.45082],[-119.16308,34.45079],[-119.16285,34.45063],[-119.16274,34.45057],[-119.16259,34.45049],[-119.16251,34.45047],[-119.16222,34.45039]]}},{"type":"Feature","properties":{"name":"","c":"track"},"geometry":{"type":"LineString","coordinates":[[-119.16,34.44893],[-119.16002,34.44894],[-119.16005,34.44897],[-119.16013,34.44907],[-119.16017,34.44913],[-119.16021,34.44917],[-119.16027,34.4492],[-119.16031,34.4492],[-119.16035,34.4492],[-119.16042,34.44918],[-119.16044,34.44915],[-119.16048,34.44909],[-119.1605,34.44907],[-119.16052,34.44901],[-119.16055,34.44889],[-119.16058,34.44883],[-119.16061,34.4488],[-119.16064,34.44878],[-119.16068,34.44876],[-119.16078,34.44874],[-119.16083,34.44873],[-119.16089,34.44872],[-119.16098,34.44869],[-119.1611,34.44864],[-119.16118,34.44859],[-119.16128,34.44856],[-119.16132,34.44854],[-119.16136,34.44852],[-119.16149,34.4484],[-119.16157,34.44834],[-119.1616,34.44832],[-119.16163,34.4483],[-119.16177,34.44824],[-119.16184,34.44822],[-119.16197,34.44818],[-119.16201,34.44818],[-119.16206,34.44818],[-119.16212,34.44818],[-119.1622,34.4482],[-119.16225,34.44821],[-119.16229,34.44822],[-119.16233,34.44821],[-119.1624,34.44822],[-119.16256,34.44821],[-119.16287,34.44818],[-119.16297,34.44819],[-119.1631,34.44824],[-119.16318,34.44827],[-119.16332,34.44827],[-119.16346,34.44825],[-119.16353,34.44826],[-119.16357,34.44827],[-119.1636,34.44829],[-119.16372,34.4484],[-119.16375,34.44843],[-119.16381,34.44846],[-119.16388,34.44848],[-119.16395,34.4485],[-119.1641,34.44853],[-119.16427,34.44859],[-119.16435,34.44862],[-119.16448,34.44869],[-119.16457,34.44873],[-119.16464,34.44877],[-119.16471,34.44882],[-119.16506,34.44907],[-119.16512,34.44911],[-119.16519,34.44915],[-119.1653,34.44919],[-119.16543,34.44924],[-119.1656,34.44927],[-119.16575,34.4493],[-119.16599,34.44932],[-119.16635,34.44934],[-119.16775,34.4494],[-119.16788,34.44941],[-119.16808,34.44944],[-119.16831,34.44944]]}},{"type":"Feature","properties":{"name":"","c":"track"},"geometry":{"type":"LineString","coordinates":[[-119.16556,34.4449],[-119.1652,34.44471],[-119.16515,34.44468],[-119.16509,34.44463]]}},{"type":"Feature","properties":{"name":"","c":"track"},"geometry":{"type":"LineString","coordinates":[[-119.16207,34.44156],[-119.16214,34.44165],[-119.16218,34.44173],[-119.16224,34.44185],[-119.16225,34.4419],[-119.16223,34.44213],[-119.16224,34.44224],[-119.16228,34.44237],[-119.1623,34.44245],[-119.16238,34.44266],[-119.16244,34.44278],[-119.16251,34.44296],[-119.16252,34.44301],[-119.16254,34.44309],[-119.16258,34.44316],[-119.16273,34.44336],[-119.16302,34.44372],[-119.16316,34.44387],[-119.16333,34.44402],[-119.16344,34.44411],[-119.16362,34.44425],[-119.16371,34.44431],[-119.16407,34.44446],[-119.16415,34.44449],[-119.16421,34.44451],[-119.16427,34.44452],[-119.16485,34.44454],[-119.16495,34.44456],[-119.16502,34.44458],[-119.16507,34.44461],[-119.16509,34.44463],[-119.1651,34.44489],[-119.16509,34.4451],[-119.16504,34.44515],[-119.16501,34.44517],[-119.16495,34.44519],[-119.16486,34.44521],[-119.16471,34.44523],[-119.16458,34.44527],[-119.16448,34.44528],[-119.16444,34.44528],[-119.16431,34.44526],[-119.16428,34.44524],[-119.16418,34.44522],[-119.16413,34.44521],[-119.16404,34.44519],[-119.16376,34.44512],[-119.1637,34.44511],[-119.16352,34.44511],[-119.16341,34.4451],[-119.16333,34.44508],[-119.16307,34.44496],[-119.16288,34.44486],[-119.16282,34.44484],[-119.16278,34.44483],[-119.16275,34.44483],[-119.16273,34.44481],[-119.16269,34.44478],[-119.16263,34.44475],[-119.16256,34.44473],[-119.16249,34.44471],[-119.1624,34.44466],[-119.16234,34.4446],[-119.16228,34.44455],[-119.16225,34.44451]]}},{"type":"Feature","properties":{"name":"","c":"path"},"geometry":{"type":"LineString","coordinates":[[-119.17103,34.44485],[-119.17082,34.4447],[-119.1707,34.44461],[-119.17059,34.44451],[-119.17052,34.44445],[-119.17043,34.44439],[-119.17036,34.44433],[-119.17029,34.44427],[-119.17013,34.44414],[-119.17004,34.44404],[-119.16992,34.44388],[-119.16988,34.44379],[-119.16969,34.44353],[-119.16957,34.44339],[-119.16947,34.4433],[-119.16934,34.44321],[-119.16911,34.44304],[-119.16895,34.4429],[-119.16873,34.44274],[-119.16864,34.44265],[-119.16852,34.44253],[-119.16816,34.4422],[-119.16814,34.44216],[-119.16814,34.44213],[-119.16816,34.44209],[-119.16819,34.44206],[-119.16827,34.44199],[-119.16828,34.44197],[-119.16829,34.44193],[-119.16828,34.44191],[-119.16826,34.44189],[-119.16822,34.44186],[-119.16809,34.44181],[-119.16798,34.44175],[-119.16775,34.44159]]}},{"type":"Feature","properties":{"name":"","c":"track"},"geometry":{"type":"LineString","coordinates":[[-119.16509,34.4451],[-119.16517,34.44503],[-119.16525,34.44498],[-119.16533,34.44495],[-119.16548,34.44491],[-119.16556,34.4449],[-119.16564,34.44489],[-119.16573,34.44487],[-119.16579,34.44485],[-119.16585,34.44483],[-119.16594,34.44482],[-119.16606,34.44482],[-119.16618,34.44481],[-119.16621,34.44479],[-119.16626,34.44478],[-119.16632,34.44479],[-119.16652,34.44482],[-119.16666,34.44484],[-119.16677,34.44484],[-119.16684,34.44485],[-119.16706,34.44492],[-119.16716,34.44494],[-119.16729,34.44493],[-119.16735,34.44494],[-119.16753,34.44499],[-119.16772,34.44503],[-119.1679,34.4451],[-119.16799,34.44511],[-119.16803,34.44511],[-119.16832,34.44507],[-119.1684,34.44508],[-119.1685,34.4451],[-119.16853,34.4451],[-119.16856,34.4451],[-119.16873,34.44513],[-119.16888,34.44514],[-119.16928,34.44516],[-119.16942,34.44516],[-119.16949,34.44517],[-119.16955,34.44519],[-119.16964,34.44525],[-119.1697,34.44528],[-119.16975,34.4453],[-119.16989,34.44534],[-119.16996,34.44535],[-119.17003,34.44535],[-119.1701,34.44535],[-119.17023,34.44534],[-119.17034,34.44532],[-119.17041,34.44529],[-119.17055,34.44522],[-119.17064,34.44516],[-119.17092,34.44493],[-119.17098,34.44488],[-119.17103,34.44485],[-119.17107,34.44483],[-119.17113,34.44481],[-119.1713,34.44478],[-119.17173,34.44463],[-119.17186,34.44457],[-119.17192,34.44452],[-119.17197,34.44447],[-119.172,34.44441],[-119.172,34.44437],[-119.17201,34.44428],[-119.172,34.44419],[-119.17196,34.44406],[-119.17191,34.44383],[-119.17188,34.44365],[-119.17186,34.44322],[-119.17186,34.4428],[-119.17187,34.44275],[-119.17193,34.44268],[-119.17194,34.44266],[-119.17195,34.44263],[-119.17195,34.44249],[-119.17196,34.44243],[-119.17197,34.44239],[-119.17202,34.44234],[-119.17223,34.44221],[-119.17226,34.44219],[-119.1723,34.44218],[-119.17235,34.44218],[-119.17244,34.4422],[-119.1725,34.44224],[-119.1726,34.44235],[-119.17268,34.44242],[-119.17272,34.44244],[-119.17277,34.44245],[-119.17289,34.44247],[-119.17296,34.44248],[-119.17308,34.4425],[-119.17317,34.44253],[-119.17326,34.44257],[-119.17364,34.44278],[-119.17379,34.44284],[-119.17412,34.44303],[-119.17432,34.44316],[-119.17439,34.4432],[-119.1745,34.44325],[-119.17457,34.44327],[-119.17468,34.4433],[-119.1748,34.44332],[-119.17489,34.44333],[-119.17493,34.44332],[-119.17499,34.44331],[-119.17506,34.4433],[-119.1751,34.44331],[-119.17534,34.44338],[-119.17564,34.44349],[-119.17571,34.44351],[-119.17574,34.44351],[-119.17581,34.4435],[-119.17585,34.44348],[-119.17601,34.44336],[-119.17604,34.44335],[-119.17606,34.44334],[-119.17609,34.44334],[-119.17618,34.44336],[-119.1762,34.44335],[-119.17636,34.44333],[-119.17644,34.44332],[-119.17652,34.44332],[-119.17657,34.44334],[-119.17663,34.44337]]}},{"type":"Feature","properties":{"name":"","c":"track"},"geometry":{"type":"LineString","coordinates":[[-119.16,34.4413],[-119.16008,34.44132],[-119.16014,34.44133],[-119.16019,34.44136],[-119.16025,34.44141],[-119.16039,34.4416],[-119.16047,34.44165],[-119.16051,34.44165],[-119.16054,34.44164],[-119.16059,34.44162],[-119.16062,34.44159],[-119.16065,34.44156],[-119.16068,34.44148],[-119.16072,34.44141],[-119.16086,34.4412]]}},{"type":"Feature","properties":{"name":"","c":"track"},"geometry":{"type":"LineString","coordinates":[[-119.16198,34.44388],[-119.16186,34.44379],[-119.16178,34.44377],[-119.16172,34.44375],[-119.16167,34.44375],[-119.16163,34.44376],[-119.1616,34.44375],[-119.16142,34.44371],[-119.16129,34.44366],[-119.16125,34.44364],[-119.16117,34.44356],[-119.16114,34.44354],[-119.16111,34.44352],[-119.16108,34.44351],[-119.16103,34.44351],[-119.16095,34.4435],[-119.1609,34.44351],[-119.16083,34.44354],[-119.16079,34.44357],[-119.16073,34.44363],[-119.16059,34.4437],[-119.16042,34.4438],[-119.16035,34.44382],[-119.16027,34.44385],[-119.16016,34.44386],[-119.16,34.44387]]}},{"type":"Feature","properties":{"name":"","c":"track"},"geometry":{"type":"LineString","coordinates":[[-119.16,34.42711],[-119.16001,34.42711],[-119.16008,34.42709],[-119.16012,34.42704],[-119.16014,34.42693],[-119.16012,34.4268],[-119.16012,34.42676],[-119.16015,34.42676],[-119.16024,34.42681],[-119.16035,34.42691],[-119.1604,34.42697],[-119.16042,34.42706],[-119.16045,34.42713],[-119.16053,34.42719],[-119.16072,34.42729],[-119.16083,34.42737],[-119.16092,34.42749],[-119.16107,34.42764],[-119.16119,34.42774],[-119.16125,34.42781],[-119.16132,34.4279],[-119.16141,34.42798]]}},{"type":"Feature","properties":{"name":"","c":"track"},"geometry":{"type":"LineString","coordinates":[[-119.16,34.422],[-119.16008,34.42223],[-119.16009,34.42227],[-119.16009,34.42232],[-119.16003,34.42234],[-119.16,34.42234]]}},{"type":"Feature","properties":{"name":"","c":"track"},"geometry":{"type":"LineString","coordinates":[[-119.16008,34.42223],[-119.16016,34.42219],[-119.16023,34.42213],[-119.16031,34.42204],[-119.16036,34.42198],[-119.16042,34.42192],[-119.16084,34.42179],[-119.16097,34.42179],[-119.16107,34.42178],[-119.16116,34.42175],[-119.16121,34.4217],[-119.16133,34.42152],[-119.16134,34.42147],[-119.16133,34.42143],[-119.1613,34.42139],[-119.16123,34.42132],[-119.16121,34.42129],[-119.16121,34.42125],[-119.16123,34.42121],[-119.16137,34.421],[-119.16138,34.42096]]}},{"type":"Feature","properties":{"name":"","c":"track"},"geometry":{"type":"LineString","coordinates":[[-119.16,34.42176],[-119.16002,34.42175],[-119.1604,34.42147],[-119.16051,34.42137],[-119.16053,34.42131],[-119.16064,34.42091],[-119.16066,34.42078]]}},{"type":"Feature","properties":{"name":"Horn Canyon Trail","c":"path"},"geometry":{"type":"LineString","coordinates":[[-119.17356,34.467],[-119.17353,34.46707],[-119.17349,34.46713],[-119.17339,34.46729],[-119.17332,34.46743],[-119.17331,34.46752],[-119.17333,34.46758],[-119.17331,34.46765],[-119.17327,34.46769],[-119.1732,34.46788],[-119.17294,34.46818],[-119.17291,34.46823],[-119.1728,34.46832],[-119.17275,34.46835],[-119.17263,34.4684],[-119.1726,34.46842],[-119.17251,34.46845],[-119.17237,34.46847],[-119.17222,34.46853],[-119.17215,34.46862],[-119.17198,34.46881],[-119.17193,34.46886],[-119.17188,34.46889],[-119.17175,34.46895],[-119.17168,34.46899],[-119.17156,34.46895],[-119.17139,34.46911],[-119.17132,34.46918],[-119.1713,34.46929],[-119.17132,34.46937],[-119.17135,34.46944],[-119.17139,34.46955],[-119.1714,34.46966],[-119.17136,34.46984],[-119.17134,34.47004],[-119.17136,34.47012],[-119.17142,34.4703],[-119.17146,34.47047],[-119.17146,34.47052],[-119.17158,34.4709],[-119.17159,34.47106],[-119.17153,34.47147],[-119.17147,34.47165],[-119.17148,34.47191],[-119.17141,34.47207],[-119.17137,34.47218],[-119.17132,34.47231],[-119.17115,34.47275],[-119.17101,34.47294],[-119.17087,34.47305],[-119.17073,34.47326],[-119.17062,34.47359],[-119.17059,34.47361],[-119.17059,34.47362],[-119.17055,34.4737],[-119.17056,34.47377],[-119.1705,34.47379],[-119.17037,34.47381],[-119.17025,34.47386],[-119.17021,34.47392],[-119.17024,34.47397],[-119.17032,34.47398],[-119.17044,34.47399],[-119.17044,34.47403],[-119.17035,34.47405],[-119.1703,34.47408],[-119.17022,34.47422],[-119.17027,34.47443],[-119.17031,34.47469],[-119.17027,34.47487],[-119.17017,34.47497],[-119.17009,34.4751],[-119.17007,34.47531],[-119.16999,34.47553],[-119.1699,34.47558],[-119.16981,34.47567],[-119.16965,34.47588],[-119.16962,34.47596],[-119.16959,34.476],[-119.16942,34.47603],[-119.16926,34.476],[-119.16892,34.47609],[-119.16825,34.47612],[-119.16785,34.47612],[-119.1673,34.47614],[-119.16724,34.47616],[-119.16718,34.47616],[-119.16715,34.47618],[-119.16716,34.47621],[-119.16723,34.47626],[-119.16729,34.47629],[-119.16735,34.47632],[-119.16738,34.47636],[-119.16741,34.47645],[-119.16741,34.4765],[-119.1674,34.47654],[-119.16741,34.47658],[-119.16742,34.47661],[-119.16745,34.47662],[-119.16748,34.47664],[-119.16754,34.47673],[-119.16755,34.47676],[-119.16756,34.47679],[-119.16758,34.47681],[-119.1676,34.47684],[-119.16759,34.47686],[-119.16757,34.47688],[-119.16752,34.47688],[-119.16746,34.47688],[-119.16739,34.4768],[-119.16735,34.47678],[-119.16731,34.47678],[-119.16726,34.47677],[-119.16722,34.47673],[-119.16713,34.47661],[-119.16707,34.47657],[-119.16699,34.47655],[-119.16689,34.47654],[-119.16684,34.47655],[-119.16683,34.47657],[-119.16683,34.47659],[-119.16686,34.4766],[-119.16691,34.47661],[-119.16696,34.47664],[-119.167,34.47668],[-119.16702,34.47672],[-119.16702,34.47676],[-119.16699,34.47682],[-119.167,34.47685],[-119.16701,34.47689],[-119.16704,34.47693],[-119.16706,34.47696],[-119.16707,34.47699],[-119.16706,34.47704],[-119.16704,34.47709],[-119.16705,34.47713],[-119.16706,34.47716],[-119.1671,34.47717],[-119.16715,34.47724],[-119.16715,34.47726],[-119.16712,34.47725],[-119.16708,34.47722],[-119.16702,34.47719],[-119.16698,34.47713],[-119.16698,34.47708],[-119.16696,34.47705],[-119.16693,34.47702],[-119.16689,34.47701],[-119.16685,34.47697],[-119.16683,34.4769],[-119.16678,34.47687],[-119.16674,34.47687],[-119.16668,34.47689],[-119.16659,34.47691],[-119.16644,34.47694],[-119.1661,34.477],[-119.16603,34.477],[-119.16599,34.47699],[-119.16586,34.47701],[-119.16582,34.47703],[-119.16578,34.47706],[-119.16562,34.4771],[-119.16554,34.47712],[-119.1655,34.47712],[-119.16543,34.47712],[-119.16536,34.47711],[-119.16529,34.4771],[-119.16519,34.47712],[-119.16513,34.47713],[-119.16498,34.47718],[-119.16494,34.47718],[-119.16488,34.4772],[-119.16484,34.47724],[-119.16474,34.47728],[-119.16468,34.4773],[-119.16456,34.47737],[-119.16452,34.47738],[-119.16449,34.47735],[-119.16443,34.47731],[-119.16438,34.47727],[-119.16435,34.47725],[-119.16429,34.47724],[-119.16421,34.4772],[-119.16416,34.4772],[-119.16411,34.47722],[-119.16405,34.47723],[-119.16401,34.47722],[-119.16396,34.47719],[-119.16385,34.47714],[-119.16366,34.47716],[-119.16353,34.47722],[-119.16338,34.4773],[-119.16325,34.4773],[-119.16319,34.47731],[-119.16299,34.47736],[-119.16289,34.47739],[-119.16296,34.47741],[-119.1632,34.47744],[-119.16332,34.47752],[-119.16351,34.47748],[-119.16362,34.47747],[-119.16367,34.47753],[-119.16373,34.47768],[-119.16388,34.47781],[-119.16394,34.47789],[-119.16399,34.47796],[-119.16408,34.47809],[-119.16427,34.47807],[-119.16436,34.47814],[-119.16446,34.47819],[-119.16467,34.47822],[-119.16472,34.47827],[-119.16462,34.47832],[-119.16453,34.47829],[-119.16441,34.47829],[-119.16428,34.47831],[-119.16401,34.47838],[-119.16366,34.4783],[-119.16356,34.47823],[-119.16335,34.4781],[-119.16301,34.47814],[-119.16278,34.4782],[-119.16265,34.4783],[-119.1626,34.47847],[-119.16248,34.47859],[-119.16252,34.47868],[-119.16252,34.47874],[-119.16252,34.4789],[-119.16256,34.47885],[-119.16263,34.47872],[-119.16267,34.47862],[-119.16281,34.47857],[-119.16284,34.47857],[-119.16302,34.47853],[-119.16316,34.47852],[-119.16328,34.47861],[-119.16335,34.47868],[-119.16337,34.47877],[-119.16329,34.47875],[-119.16324,34.47874],[-119.16316,34.47873],[-119.16314,34.47874],[-119.16312,34.47878],[-119.16306,34.47888],[-119.16301,34.47904],[-119.16304,34.47939],[-119.16305,34.47955],[-119.163,34.47965],[-119.16297,34.47982],[-119.16279,34.4802],[-119.16273,34.48034],[-119.16268,34.48065],[-119.16271,34.48075],[-119.16273,34.48083],[-119.16281,34.48092],[-119.16295,34.48109],[-119.16302,34.48116],[-119.16306,34.48128],[-119.16303,34.48135],[-119.16298,34.4814],[-119.16278,34.48146],[-119.16269,34.48145],[-119.16258,34.48155],[-119.16248,34.4816],[-119.16239,34.48169],[-119.16229,34.48175],[-119.16225,34.48179],[-119.16225,34.48187],[-119.16222,34.48192],[-119.16219,34.48206],[-119.16219,34.48213],[-119.16214,34.4822],[-119.16214,34.48226],[-119.1621,34.48232],[-119.16209,34.48239],[-119.16207,34.48241],[-119.16197,34.48255],[-119.16193,34.48259],[-119.16176,34.48283],[-119.16172,34.48287],[-119.16138,34.48309],[-119.16124,34.48317],[-119.16116,34.48325],[-119.16107,34.48327],[-119.16087,34.4833],[-119.16069,34.4833],[-119.16059,34.4833],[-119.1604,34.48334],[-119.16032,34.48337],[-119.16025,34.48347],[-119.16017,34.48354],[-119.16014,34.4836],[-119.16001,34.48365],[-119.16,34.48366]]}},{"type":"Feature","properties":{"name":"","c":"path"},"geometry":{"type":"LineString","coordinates":[[-119.16424,34.46573],[-119.16417,34.4659],[-119.16411,34.46614],[-119.16426,34.4664],[-119.16446,34.46661],[-119.1645,34.46683],[-119.16465,34.4672],[-119.16465,34.46731],[-119.16456,34.46729],[-119.16432,34.46693],[-119.16426,34.46687],[-119.16426,34.46703],[-119.16438,34.46726],[-119.16448,34.46747],[-119.16459,34.46759],[-119.16454,34.46765],[-119.16441,34.46757],[-119.16427,34.46763],[-119.16417,34.468],[-119.16408,34.46815],[-119.16394,34.46832],[-119.16369,34.46845],[-119.1636,34.46855],[-119.16345,34.46886],[-119.16329,34.46892],[-119.16321,34.46911],[-119.16319,34.46929],[-119.16303,34.46942],[-119.16272,34.46968],[-119.16251,34.46981],[-119.16232,34.46984],[-119.16204,34.46967],[-119.16194,34.46962],[-119.16193,34.4697],[-119.16196,34.46992],[-119.16222,34.47021],[-119.16224,34.47025],[-119.16247,34.47023],[-119.16253,34.4703],[-119.16251,34.47041],[-119.16236,34.47044],[-119.16214,34.47041],[-119.16196,34.47041],[-119.16183,34.47046],[-119.16186,34.4705],[-119.16202,34.4705],[-119.16203,34.47058],[-119.16188,34.47065],[-119.16175,34.4708],[-119.16165,34.47094],[-119.16131,34.47121],[-119.16123,34.47133],[-119.16123,34.47145],[-119.1613,34.47157],[-119.16141,34.47156],[-119.16162,34.4715],[-119.16171,34.47153],[-119.16169,34.47164],[-119.16166,34.4718],[-119.16155,34.47196],[-119.16136,34.47214],[-119.16119,34.47239],[-119.1609,34.4726],[-119.16071,34.47268],[-119.16053,34.4727],[-119.16026,34.47274],[-119.1601,34.47283],[-119.16,34.47281]]}},{"type":"Feature","properties":{"name":"","c":"path"},"geometry":{"type":"LineString","coordinates":[[-119.17452,34.47119],[-119.17453,34.47131],[-119.17449,34.47139],[-119.17463,34.47147],[-119.17444,34.47154],[-119.17462,34.47174],[-119.17463,34.47189],[-119.17459,34.47193],[-119.17458,34.47201],[-119.17454,34.47206],[-119.17428,34.47224],[-119.17406,34.47234],[-119.17387,34.47243],[-119.17372,34.47254],[-119.17362,34.47262],[-119.1736,34.47269],[-119.17357,34.47273],[-119.17352,34.47275],[-119.17349,34.47277],[-119.1735,34.47284],[-119.17346,34.47289],[-119.17342,34.47291],[-119.17338,34.473],[-119.17338,34.47305],[-119.17334,34.47308],[-119.17332,34.47314],[-119.17332,34.47326],[-119.17328,34.47347],[-119.17341,34.47382],[-119.17341,34.47416],[-119.17338,34.4743],[-119.17324,34.47416],[-119.17317,34.47413],[-119.17326,34.47448],[-119.17331,34.47455],[-119.1735,34.47498],[-119.17358,34.47507],[-119.17366,34.47534],[-119.17365,34.47539],[-119.17371,34.4756],[-119.17369,34.47562],[-119.17371,34.47566],[-119.17388,34.47588],[-119.174,34.4762],[-119.17405,34.47624],[-119.17404,34.47627],[-119.17399,34.47626],[-119.17397,34.47639],[-119.17394,34.47642],[-119.17392,34.47652],[-119.17379,34.4767],[-119.17373,34.47672],[-119.17373,34.47676],[-119.17369,34.47683],[-119.17371,34.4769],[-119.17369,34.47692],[-119.17367,34.477],[-119.17376,34.47711],[-119.1738,34.47728],[-119.17383,34.47732],[-119.17384,34.4774],[-119.17382,34.47744],[-119.17382,34.4775],[-119.17364,34.4778],[-119.17369,34.47796],[-119.17355,34.4779],[-119.17358,34.47807],[-119.17362,34.47809],[-119.17372,34.47845],[-119.17384,34.47873],[-119.17389,34.47879],[-119.17388,34.47886],[-119.17397,34.47896],[-119.17395,34.47901],[-119.17378,34.47903],[-119.17377,34.47908],[-119.17381,34.47925],[-119.17397,34.4792],[-119.17399,34.4793],[-119.17447,34.47957],[-119.17478,34.47977],[-119.17486,34.47984],[-119.17487,34.47992],[-119.17479,34.48006],[-119.17481,34.48009],[-119.17493,34.48006],[-119.17508,34.47999],[-119.17521,34.47998],[-119.17524,34.48],[-119.17522,34.48006],[-119.17528,34.48012],[-119.17526,34.48016],[-119.17528,34.4802],[-119.17526,34.48022],[-119.17529,34.48024],[-119.17532,34.48024],[-119.17549,34.48039],[-119.17565,34.4805],[-119.17611,34.48072],[-119.17636,34.4809],[-119.17636,34.48094],[-119.17646,34.48096],[-119.17648,34.48105],[-119.17655,34.48103],[-119.17659,34.48118],[-119.17679,34.48117],[-119.17679,34.48127],[-119.17691,34.48137],[-119.17699,34.48132],[-119.17727,34.48157],[-119.1773,34.48136],[-119.17736,34.48141],[-119.17746,34.48129],[-119.17754,34.4814],[-119.17757,34.4813],[-119.17773,34.4815],[-119.1778,34.48131],[-119.17792,34.4815],[-119.17802,34.48131],[-119.17809,34.48147],[-119.17816,34.4815],[-119.17819,34.48149],[-119.17826,34.48139],[-119.17829,34.48127]]}},{"type":"Feature","properties":{"name":"","c":"path"},"geometry":{"type":"LineString","coordinates":[[-119.17452,34.47119],[-119.17461,34.47118],[-119.17469,34.47121],[-119.17476,34.47126],[-119.17482,34.47132],[-119.17488,34.47139],[-119.175,34.4715],[-119.17512,34.47167],[-119.17517,34.47172],[-119.17524,34.47185],[-119.1753,34.47183],[-119.17531,34.47173],[-119.17548,34.47152],[-119.17553,34.47144],[-119.1756,34.47141],[-119.17575,34.47141],[-119.17584,34.47144],[-119.1759,34.47145],[-119.17607,34.4715],[-119.17612,34.47153],[-119.17616,34.47154],[-119.17628,34.47163],[-119.17633,34.47169],[-119.17638,34.47178],[-119.17639,34.47186],[-119.17638,34.47196],[-119.17638,34.47201],[-119.1764,34.47205],[-119.17639,34.47213],[-119.17643,34.47214],[-119.17647,34.47211],[-119.17654,34.4721],[-119.17661,34.47202],[-119.17664,34.472],[-119.17669,34.47201],[-119.17668,34.47208],[-119.17671,34.47212],[-119.1768,34.47217],[-119.17691,34.47219],[-119.17695,34.47224],[-119.17694,34.47235],[-119.17701,34.47249],[-119.17707,34.47261],[-119.17705,34.47267],[-119.17705,34.47276],[-119.17708,34.47281],[-119.17709,34.47286],[-119.17714,34.47288],[-119.17717,34.47286],[-119.17726,34.47276],[-119.17727,34.4728],[-119.17729,34.47291],[-119.17733,34.47296],[-119.17739,34.47297],[-119.17744,34.47289],[-119.17752,34.47287],[-119.17755,34.47278],[-119.17768,34.47276],[-119.17792,34.47273],[-119.17801,34.47273],[-119.17806,34.47279],[-119.17806,34.47287],[-119.17803,34.473],[-119.17802,34.47306],[-119.17805,34.47311],[-119.17812,34.47312],[-119.17816,34.47303],[-119.17821,34.47291],[-119.17826,34.47277],[-119.17828,34.4727],[-119.17829,34.47268],[-119.1783,34.47259],[-119.17826,34.47248],[-119.17822,34.47232],[-119.17816,34.47219],[-119.17805,34.47206],[-119.17803,34.47201],[-119.17806,34.47196],[-119.17814,34.4719],[-119.17821,34.47186],[-119.17817,34.47173],[-119.17809,34.47161],[-119.17804,34.47142],[-119.17806,34.47128],[-119.17804,34.47109],[-119.17803,34.47099],[-119.17808,34.47089],[-119.17825,34.47072],[-119.17834,34.47059],[-119.17836,34.47051],[-119.17829,34.47048],[-119.17821,34.47048],[-119.17807,34.47054],[-119.17807,34.47047],[-119.17827,34.47016]]}},{"type":"Feature","properties":{"name":"Morgan Barnes","c":"path"},"geometry":{"type":"LineString","coordinates":[[-119.16577,34.46082],[-119.16573,34.46086],[-119.16575,34.46096],[-119.16568,34.4611],[-119.16554,34.46125],[-119.16538,34.46144],[-119.16516,34.46149],[-119.16505,34.46138],[-119.16492,34.4613],[-119.1646,34.46118],[-119.16442,34.46109],[-119.16425,34.46123],[-119.16407,34.4614],[-119.164,34.46144],[-119.1637,34.46134],[-119.16335,34.46131],[-119.16334,34.46141],[-119.16319,34.46169],[-119.16327,34.46164],[-119.16333,34.46156],[-119.16347,34.4616],[-119.16341,34.46162],[-119.16341,34.46167],[-119.1635,34.46178],[-119.16332,34.46192],[-119.16317,34.462],[-119.16304,34.46218],[-119.1629,34.46243],[-119.16275,34.46258],[-119.16266,34.4627],[-119.16239,34.46277],[-119.16228,34.46277],[-119.16224,34.46285],[-119.16198,34.46303],[-119.16169,34.46328],[-119.16159,34.46349],[-119.1615,34.4637],[-119.16152,34.46382],[-119.16151,34.46391],[-119.16164,34.464],[-119.1618,34.46405],[-119.16187,34.46408],[-119.16195,34.46418],[-119.1622,34.46417],[-119.16235,34.46415],[-119.16247,34.46417],[-119.16259,34.46425],[-119.16263,34.4644],[-119.16251,34.46457],[-119.16229,34.46469],[-119.16214,34.46475],[-119.162,34.4648],[-119.16195,34.46486],[-119.16205,34.46487],[-119.16223,34.46488],[-119.16241,34.46491],[-119.16253,34.46499],[-119.16254,34.46511],[-119.16248,34.46525],[-119.16237,34.46544],[-119.16243,34.46548],[-119.16264,34.46535],[-119.16273,34.4654],[-119.1628,34.46578],[-119.1629,34.46619],[-119.16295,34.46618],[-119.163,34.46605],[-119.16306,34.46601],[-119.16307,34.46575],[-119.16317,34.4657],[-119.1631,34.46554],[-119.16313,34.46542],[-119.1633,34.46522],[-119.16335,34.46492],[-119.16362,34.46461],[-119.16379,34.46449],[-119.16389,34.46437],[-119.16384,34.46423],[-119.16393,34.46415],[-119.16404,34.46417],[-119.16414,34.46428],[-119.16414,34.46442],[-119.16398,34.4646],[-119.16387,34.4647],[-119.16394,34.4647],[-119.16409,34.46462],[-119.16419,34.46463],[-119.16431,34.46472],[-119.16417,34.46469],[-119.16408,34.46474],[-119.16393,34.46491],[-119.16391,34.4651],[-119.16392,34.46529],[-119.16406,34.46551],[-119.16424,34.46573],[-119.16444,34.46595],[-119.16449,34.46615],[-119.1645,34.46639],[-119.1648,34.46655],[-119.16499,34.46686],[-119.16509,34.46694],[-119.16523,34.46696],[-119.16535,34.46709],[-119.16542,34.46715],[-119.16556,34.46714],[-119.1662,34.46663],[-119.16641,34.46655],[-119.16654,34.46658],[-119.16671,34.46677],[-119.16678,34.46691],[-119.16682,34.46706],[-119.16677,34.4672],[-119.16698,34.46761],[-119.16702,34.46756],[-119.16707,34.46738],[-119.16705,34.46729],[-119.16708,34.46725],[-119.16726,34.46738],[-119.16746,34.46748],[-119.1675,34.46756],[-119.16743,34.46762],[-119.16733,34.4677],[-119.16735,34.46774],[-119.1675,34.46781],[-119.16763,34.46788],[-119.16779,34.468],[-119.1678,34.46796],[-119.1677,34.46787],[-119.16762,34.46783],[-119.16763,34.4678],[-119.16767,34.46779],[-119.16774,34.46783],[-119.16789,34.46794],[-119.16801,34.46806],[-119.16815,34.46817],[-119.16816,34.46827],[-119.16829,34.46847],[-119.16849,34.4686],[-119.16857,34.4687],[-119.16869,34.46872],[-119.16894,34.46894],[-119.16908,34.46907],[-119.16913,34.46916],[-119.16917,34.46934],[-119.1692,34.46938],[-119.16916,34.46948],[-119.16919,34.46954],[-119.16927,34.46953],[-119.16939,34.46958],[-119.16949,34.46959],[-119.1697,34.46976],[-119.16981,34.46994],[-119.1699,34.47004],[-119.17008,34.47013],[-119.1702,34.47015],[-119.17028,34.47023],[-119.17029,34.47037],[-119.1702,34.47055],[-119.17005,34.47058],[-119.16982,34.47064],[-119.16981,34.4707],[-119.16998,34.4707],[-119.17018,34.47065],[-119.1703,34.47058],[-119.1704,34.4705],[-119.17046,34.47042],[-119.17051,34.47045],[-119.1705,34.47054],[-119.17045,34.47061],[-119.17049,34.47064],[-119.17055,34.47056],[-119.17067,34.47047],[-119.17071,34.47036],[-119.17066,34.47014],[-119.1707,34.47017],[-119.17075,34.47026],[-119.17075,34.47014],[-119.17079,34.47006],[-119.17084,34.47012],[-119.17086,34.47022],[-119.17094,34.47038],[-119.17093,34.47049],[-119.17091,34.47059],[-119.17083,34.47067],[-119.1708,34.47074],[-119.17088,34.4707],[-119.17102,34.47066],[-119.17088,34.47081],[-119.17091,34.47087],[-119.17103,34.47085],[-119.17123,34.47072],[-119.17131,34.47068],[-119.17131,34.47064],[-119.17138,34.47061],[-119.17146,34.47052]]}},{"type":"Feature","properties":{"name":"Trotting Hill","c":"track"},"geometry":{"type":"LineString","coordinates":[[-119.16743,34.46292],[-119.16733,34.46288],[-119.16729,34.46285],[-119.16725,34.46279],[-119.16723,34.46274],[-119.16721,34.46268],[-119.16722,34.46264],[-119.16724,34.46261],[-119.16727,34.46258],[-119.16748,34.46238],[-119.16768,34.46215],[-119.16771,34.46211],[-119.16772,34.46206],[-119.16772,34.46202],[-119.16769,34.46178],[-119.16767,34.46173],[-119.16766,34.46172],[-119.16763,34.46171],[-119.16757,34.4617],[-119.16754,34.4617],[-119.1675,34.46171],[-119.16746,34.46172],[-119.16737,34.46182],[-119.16727,34.4619],[-119.16722,34.46194],[-119.16716,34.46196],[-119.16709,34.46195],[-119.16707,34.46195],[-119.16704,34.46192],[-119.167,34.46188],[-119.16698,34.46182],[-119.16698,34.46171],[-119.167,34.46152],[-119.16699,34.46146],[-119.16698,34.46144],[-119.16682,34.46129],[-119.16679,34.46122],[-119.16675,34.46119],[-119.1667,34.46115],[-119.16662,34.46111],[-119.16637,34.46099],[-119.1663,34.46096],[-119.16619,34.46091],[-119.16611,34.46089],[-119.16604,34.46087],[-119.16583,34.46084],[-119.16577,34.46082]]}},{"type":"Feature","properties":{"name":"","c":"path"},"geometry":{"type":"LineString","coordinates":[[-119.16743,34.46292],[-119.16742,34.46293],[-119.16739,34.46297],[-119.16732,34.463],[-119.16728,34.46303],[-119.16727,34.46306],[-119.16725,34.46309],[-119.16721,34.46314],[-119.16717,34.46317],[-119.16712,34.4632],[-119.16712,34.46322]]}},{"type":"Feature","properties":{"name":"Forest Cooke","c":"path"},"geometry":{"type":"LineString","coordinates":[[-119.17475,34.46203],[-119.17469,34.46206],[-119.17471,34.4621],[-119.17477,34.46223],[-119.17477,34.46232],[-119.17483,34.4624],[-119.17483,34.46248],[-119.17486,34.46252],[-119.17485,34.46261],[-119.17489,34.46266],[-119.1749,34.46279],[-119.1749,34.4629],[-119.17492,34.46295],[-119.17489,34.46303],[-119.1748,34.46304],[-119.17478,34.46308],[-119.17482,34.46312],[-119.17483,34.4632],[-119.17492,34.46331],[-119.17494,34.46337],[-119.17492,34.4634],[-119.1748,34.46346],[-119.17467,34.4635],[-119.17447,34.4635],[-119.17429,34.46346],[-119.17421,34.46342],[-119.17415,34.46342],[-119.17412,34.46336],[-119.17418,34.46331],[-119.17403,34.4632],[-119.17392,34.46315],[-119.17381,34.46311],[-119.17343,34.46306],[-119.17331,34.46307],[-119.17322,34.46304],[-119.17316,34.46298],[-119.17305,34.46279],[-119.1729,34.46272],[-119.17278,34.46268],[-119.17266,34.46261],[-119.17245,34.46249],[-119.17237,34.46245],[-119.17228,34.46244],[-119.17228,34.46263],[-119.17228,34.46275],[-119.17228,34.46281],[-119.17221,34.46289],[-119.17211,34.46294],[-119.17204,34.46294],[-119.17199,34.46295],[-119.17198,34.46294],[-119.172,34.46292],[-119.172,34.4629],[-119.17198,34.4629],[-119.17191,34.46291],[-119.17179,34.46285],[-119.1716,34.46275],[-119.1715,34.46268],[-119.17143,34.46264],[-119.17135,34.46249],[-119.17124,34.46233],[-119.17111,34.46217],[-119.17099,34.46203],[-119.17095,34.462],[-119.1709,34.46205],[-119.17084,34.46211],[-119.17076,34.4622],[-119.1707,34.46223],[-119.17061,34.46224],[-119.17055,34.46222],[-119.17047,34.46222],[-119.1703,34.46227],[-119.17012,34.46229],[-119.16997,34.46227],[-119.16983,34.46227],[-119.16969,34.46221],[-119.16959,34.4621],[-119.1695,34.46201],[-119.16941,34.46198],[-119.16933,34.46193],[-119.16915,34.46195],[-119.16895,34.46197],[-119.16874,34.46197],[-119.16861,34.46195],[-119.16833,34.46182],[-119.16813,34.4616],[-119.16798,34.46142],[-119.16786,34.46136],[-119.16748,34.46134],[-119.16725,34.46131],[-119.16712,34.46127],[-119.16702,34.46125],[-119.16679,34.46122]]}},{"type":"Feature","properties":{"name":"Huntington","c":"path"},"geometry":{"type":"LineString","coordinates":[[-119.17724,34.46217],[-119.17719,34.46217],[-119.17715,34.46217],[-119.1771,34.46213],[-119.17701,34.4621],[-119.17697,34.46208],[-119.17694,34.4621],[-119.17695,34.46212],[-119.17711,34.46226],[-119.1772,34.46234],[-119.1772,34.46244],[-119.17716,34.46247],[-119.177,34.46242],[-119.17685,34.46241],[-119.17671,34.46245],[-119.1766,34.46244],[-119.17656,34.46239],[-119.17651,34.46234],[-119.17641,34.46233],[-119.17625,34.4623],[-119.1762,34.46229],[-119.17608,34.4623],[-119.17598,34.46226],[-119.17586,34.46219],[-119.17575,34.46216],[-119.17563,34.46225],[-119.17538,34.46222],[-119.17519,34.46212],[-119.17494,34.46206],[-119.17475,34.46203],[-119.17471,34.46202],[-119.17443,34.46195],[-119.17424,34.46199],[-119.17406,34.46201],[-119.1739,34.462],[-119.17388,34.46195],[-119.17392,34.46184],[-119.17389,34.46179],[-119.17376,34.46172],[-119.17371,34.46168],[-119.17362,34.46162],[-119.17358,34.4616],[-119.17345,34.46158],[-119.17343,34.46156],[-119.17347,34.46147],[-119.17343,34.46143],[-119.17328,34.46139],[-119.17312,34.46129],[-119.17315,34.46118],[-119.1731,34.46108],[-119.17308,34.46104],[-119.17302,34.46107],[-119.17299,34.46111],[-119.17296,34.4611],[-119.17295,34.46102],[-119.17299,34.46092],[-119.17296,34.46089],[-119.17278,34.46095],[-119.17277,34.46092],[-119.17284,34.46081],[-119.17286,34.46073],[-119.17288,34.4607],[-119.17301,34.46073],[-119.17304,34.46073],[-119.17304,34.46069],[-119.17297,34.46064],[-119.17294,34.46062],[-119.17285,34.4606],[-119.17272,34.46064],[-119.17263,34.46072],[-119.17253,34.4609],[-119.1725,34.4609],[-119.17248,34.46076],[-119.17246,34.46067],[-119.17248,34.46055],[-119.17237,34.46048],[-119.17226,34.46045],[-119.17222,34.4604],[-119.17216,34.46041],[-119.1721,34.46039],[-119.17199,34.46039],[-119.17191,34.46036],[-119.17189,34.46037],[-119.17201,34.46047],[-119.172,34.46049],[-119.17187,34.46044],[-119.17178,34.46038],[-119.17172,34.46029],[-119.17162,34.46023],[-119.17152,34.46023],[-119.17157,34.46033],[-119.17165,34.46052],[-119.17162,34.46053],[-119.17149,34.46043],[-119.17134,34.46033],[-119.17122,34.46029],[-119.17115,34.46033],[-119.1711,34.46032],[-119.17106,34.46038],[-119.17086,34.46047],[-119.17065,34.4605],[-119.17043,34.46058],[-119.1702,34.46061],[-119.16991,34.46065],[-119.16969,34.46071],[-119.16958,34.46073],[-119.16937,34.46088],[-119.16919,34.46097],[-119.1691,34.46106],[-119.16899,34.46112],[-119.16885,34.46116],[-119.16872,34.4612],[-119.16859,34.46118],[-119.16817,34.46104],[-119.16751,34.46085],[-119.167,34.46072],[-119.16692,34.46067],[-119.16676,34.46061],[-119.16668,34.46056],[-119.16649,34.46056],[-119.16628,34.46062],[-119.16577,34.46082]]}},{"type":"Feature","properties":{"name":"","c":"path"},"geometry":{"type":"LineString","coordinates":[[-119.1715,34.46268],[-119.17138,34.46234],[-119.17138,34.46229],[-119.17142,34.46231],[-119.17154,34.46243],[-119.17165,34.46248],[-119.17175,34.46249],[-119.17179,34.46245],[-119.1718,34.46235],[-119.17173,34.46224],[-119.1716,34.46205],[-119.17158,34.462],[-119.17162,34.46197],[-119.17162,34.46193],[-119.17173,34.46191],[-119.17185,34.46189],[-119.17186,34.46185],[-119.1718,34.46178],[-119.17174,34.46174],[-119.17168,34.46168],[-119.17158,34.46166],[-119.17154,34.46157],[-119.17147,34.46152],[-119.17146,34.46143],[-119.17143,34.46135],[-119.17139,34.46129],[-119.17134,34.46129],[-119.17131,34.46131],[-119.17126,34.46132],[-119.17123,34.46133],[-119.17114,34.46134],[-119.171,34.46136],[-119.17086,34.46137],[-119.17073,34.46135],[-119.17066,34.46134],[-119.17057,34.46134],[-119.17048,34.46132],[-119.17045,34.4613],[-119.1704,34.46129],[-119.1704,34.46127],[-119.17046,34.46125],[-119.1705,34.46123],[-119.17053,34.46119],[-119.17058,34.46119],[-119.17062,34.46117],[-119.17066,34.46114],[-119.17066,34.46112],[-119.17064,34.46111],[-119.17059,34.46112],[-119.17055,34.46113],[-119.17052,34.46112],[-119.17049,34.4611],[-119.1704,34.46109],[-119.17035,34.46109],[-119.17029,34.46109],[-119.17024,34.46109],[-119.17019,34.46113],[-119.17014,34.46114],[-119.1701,34.46113],[-119.17,34.46116],[-119.1699,34.46117],[-119.16984,34.46115],[-119.16977,34.46116],[-119.1697,34.46116],[-119.16961,34.46117],[-119.16952,34.4612],[-119.16947,34.4612],[-119.16939,34.46119],[-119.1693,34.46119],[-119.16921,34.4612],[-119.1691,34.46125],[-119.16902,34.46127],[-119.16896,34.46127],[-119.16889,34.46125],[-119.16884,34.46124],[-119.16878,34.46125],[-119.16874,34.46123],[-119.16872,34.4612]]}},{"type":"Feature","properties":{"name":"","c":"path"},"geometry":{"type":"LineString","coordinates":[[-119.17337,34.45923],[-119.17326,34.45926],[-119.17316,34.45928],[-119.1731,34.45928],[-119.173,34.45926],[-119.17288,34.45924],[-119.17284,34.45915],[-119.17277,34.45918],[-119.17269,34.45913],[-119.17259,34.4591],[-119.17246,34.45911],[-119.1724,34.45905],[-119.17239,34.45899],[-119.17234,34.45897],[-119.1723,34.45891],[-119.17223,34.45887],[-119.17221,34.45879],[-119.17223,34.45873],[-119.1722,34.45869],[-119.17216,34.45863],[-119.17211,34.4586],[-119.17207,34.45851],[-119.17204,34.45847],[-119.17199,34.45842],[-119.17192,34.45838],[-119.1719,34.45831],[-119.17188,34.4583],[-119.17185,34.45837],[-119.17186,34.45849],[-119.17183,34.45856],[-119.17181,34.45857],[-119.17172,34.45856],[-119.1716,34.45855],[-119.17142,34.45855],[-119.17132,34.45855],[-119.17119,34.45852],[-119.17104,34.45851],[-119.17099,34.4585],[-119.17092,34.45848],[-119.17084,34.45852],[-119.17075,34.45861],[-119.17071,34.45863],[-119.17068,34.45866],[-119.17059,34.45868],[-119.17051,34.45866],[-119.17046,34.45862],[-119.17039,34.45859],[-119.17033,34.45856],[-119.17014,34.45854],[-119.17001,34.45855],[-119.16992,34.45852],[-119.16991,34.45846],[-119.16995,34.45841],[-119.17004,34.45839],[-119.17009,34.45839],[-119.17017,34.45835],[-119.17022,34.4583],[-119.17023,34.45826],[-119.17017,34.45819],[-119.17002,34.45814],[-119.16995,34.45809],[-119.16981,34.45804],[-119.16975,34.45809],[-119.1697,34.45813]]}},{"type":"Feature","properties":{"name":"","c":"path"},"geometry":{"type":"LineString","coordinates":[[-119.17297,34.46064],[-119.17299,34.46059],[-119.17304,34.46056],[-119.17299,34.4605],[-119.17292,34.46046],[-119.17285,34.46037],[-119.17272,34.46032],[-119.1727,34.4603],[-119.17267,34.46029],[-119.17252,34.4602],[-119.17242,34.46017],[-119.17237,34.46011],[-119.17233,34.46007],[-119.17229,34.46004],[-119.17225,34.45995],[-119.17215,34.45985],[-119.17209,34.45981],[-119.17203,34.45971],[-119.17203,34.4596],[-119.17199,34.45955],[-119.17194,34.45952],[-119.17188,34.45945],[-119.17179,34.45937],[-119.17174,34.45931],[-119.17168,34.45925],[-119.17169,34.45922],[-119.17173,34.45923],[-119.17177,34.45925],[-119.1718,34.45925],[-119.17179,34.45922],[-119.17175,34.45919],[-119.17168,34.45916],[-119.1716,34.45911],[-119.17151,34.45907],[-119.17149,34.45904],[-119.17145,34.459],[-119.17141,34.45899],[-119.17137,34.45896],[-119.17131,34.45893],[-119.17126,34.4589],[-119.1712,34.45885],[-119.17112,34.45883],[-119.17105,34.4588],[-119.17102,34.4588],[-119.171,34.45877],[-119.17101,34.45876],[-119.17108,34.45877],[-119.17115,34.45877],[-119.17123,34.45877],[-119.17129,34.45878],[-119.17136,34.45877],[-119.1714,34.45879],[-119.17145,34.45883],[-119.1715,34.45884],[-119.17155,34.45881],[-119.17162,34.45878],[-119.17167,34.45876],[-119.17173,34.45869],[-119.17179,34.45864],[-119.17182,34.4586],[-119.17181,34.45857]]}},{"type":"Feature","properties":{"name":"","c":"track"},"geometry":{"type":"LineString","coordinates":[[-119.17977,34.46425],[-119.17972,34.46425],[-119.17968,34.46424],[-119.17963,34.46423],[-119.17957,34.4642],[-119.1795,34.46419],[-119.17943,34.46418],[-119.17925,34.46414],[-119.17919,34.4641],[-119.17916,34.46406],[-119.17915,34.46399],[-119.17917,34.46383],[-119.17917,34.46379],[-119.17916,34.46376],[-119.17913,34.46374],[-119.1791,34.46372],[-119.17896,34.46366],[-119.17889,34.46362],[-119.17857,34.4634],[-119.17852,34.46338],[-119.17843,34.46335],[-119.17841,34.46333],[-119.17839,34.4633],[-119.17837,34.46323],[-119.17839,34.46295],[-119.17839,34.4628],[-119.17838,34.46274],[-119.17838,34.46272],[-119.17836,34.46268],[-119.17834,34.46265],[-119.17831,34.46264],[-119.17827,34.46263],[-119.17818,34.46262],[-119.1781,34.46261],[-119.17792,34.46263],[-119.17778,34.46266],[-119.17758,34.46269],[-119.17749,34.46268],[-119.17748,34.46267],[-119.17747,34.46267],[-119.17746,34.46265],[-119.17745,34.46262],[-119.17744,34.46249],[-119.17743,34.46244],[-119.17737,34.4623],[-119.17729,34.46222],[-119.17724,34.46217],[-119.17704,34.46198],[-119.17695,34.46191],[-119.17687,34.46184],[-119.17675,34.46178],[-119.17669,34.46175],[-119.17656,34.46171],[-119.17646,34.46165],[-119.17641,34.46162],[-119.17628,34.46151],[-119.17616,34.46138],[-119.17613,34.46135],[-119.1761,34.46131],[-119.17592,34.46118],[-119.17577,34.46106],[-119.17561,34.46092],[-119.17551,34.46081],[-119.17539,34.46071],[-119.17527,34.46061],[-119.17522,34.46057],[-119.1751,34.46047],[-119.17497,34.46037],[-119.17483,34.46027],[-119.1744,34.45992],[-119.17428,34.45983],[-119.17414,34.45972],[-119.17391,34.45949],[-119.17375,34.45931]]}},{"type":"Feature","properties":{"name":"","c":"path"},"geometry":{"type":"LineString","coordinates":[[-119.17628,34.46151],[-119.17626,34.46152],[-119.17625,34.46155],[-119.17622,34.46157],[-119.1762,34.46157],[-119.17615,34.46156],[-119.17611,34.46157],[-119.17608,34.46157],[-119.17604,34.46158],[-119.17601,34.46156],[-119.17597,34.46155],[-119.17594,34.46155],[-119.17587,34.46153],[-119.17584,34.46154],[-119.17582,34.46157],[-119.17582,34.4616],[-119.1758,34.46161],[-119.17574,34.46161],[-119.17571,34.4616],[-119.17564,34.46156],[-119.17558,34.46151],[-119.17555,34.46149],[-119.17553,34.46146],[-119.1755,34.46142],[-119.17545,34.46139],[-119.17538,34.46136],[-119.17533,34.46134],[-119.17522,34.46132],[-119.17515,34.46127],[-119.17513,34.46124],[-119.17509,34.46123],[-119.17503,34.46118],[-119.17499,34.46117],[-119.17497,34.46115],[-119.17497,34.4611],[-119.17494,34.46105],[-119.17495,34.46101],[-119.17496,34.46097],[-119.17501,34.46094],[-119.17511,34.46092],[-119.17518,34.46091],[-119.17521,34.4609],[-119.17521,34.46087],[-119.1752,34.46083],[-119.17523,34.46079],[-119.17525,34.46075],[-119.17526,34.46074],[-119.17531,34.46075],[-119.17533,34.46075],[-119.17539,34.46071]]}},{"type":"Feature","properties":{"name":"Horn Canyon Trail","c":"track"},"geometry":{"type":"LineString","coordinates":[[-119.17837,34.46323],[-119.17828,34.46331],[-119.17824,34.46338],[-119.17817,34.46354],[-119.17811,34.46375],[-119.1781,34.4638],[-119.17804,34.46387],[-119.17794,34.46391],[-119.17779,34.46398],[-119.17771,34.46401],[-119.17767,34.46404],[-119.17764,34.46406],[-119.17757,34.46408],[-119.1775,34.46412],[-119.17746,34.46415],[-119.17735,34.46427],[-119.17725,34.4644],[-119.17717,34.46448],[-119.17715,34.46451],[-119.1771,34.46456],[-119.17696,34.46469],[-119.17687,34.46474],[-119.17674,34.46481],[-119.17659,34.46494],[-119.17653,34.46497],[-119.17639,34.46502],[-119.17612,34.46514],[-119.17605,34.46518],[-119.176,34.46521],[-119.17597,34.46525],[-119.17595,34.46527],[-119.1759,34.46529],[-119.17587,34.46532],[-119.17583,34.46536],[-119.17581,34.4654],[-119.17575,34.46549],[-119.1757,34.46555],[-119.17547,34.4657],[-119.17532,34.46581],[-119.17528,34.46584],[-119.17508,34.46597],[-119.17486,34.4661],[-119.17477,34.46615],[-119.17466,34.46625],[-119.17451,34.46636],[-119.17442,34.46642],[-119.17422,34.46648],[-119.17407,34.46659],[-119.17394,34.46668],[-119.17377,34.46682],[-119.17356,34.467]]}},{"type":"Feature","properties":{"name":"","c":"path"},"geometry":{"type":"LineString","coordinates":[[-119.17648,34.46453],[-119.17653,34.46455],[-119.17655,34.46455],[-119.17658,34.46455],[-119.17662,34.46455],[-119.17665,34.46453],[-119.17665,34.46451],[-119.17667,34.4645],[-119.17673,34.4645],[-119.17676,34.46449],[-119.17678,34.46449],[-119.1768,34.46448],[-119.17683,34.46447],[-119.17687,34.46446],[-119.1769,34.46446],[-119.17698,34.46448],[-119.17699,34.4645],[-119.17699,34.46452],[-119.17702,34.46454],[-119.17705,34.46453],[-119.17706,34.46451],[-119.17708,34.4645],[-119.17712,34.4645],[-119.17715,34.46451]]}},{"type":"Feature","properties":{"name":"","c":"path"},"geometry":{"type":"LineString","coordinates":[[-119.17742,34.46598],[-119.17726,34.46605],[-119.17709,34.46617],[-119.17697,34.46628],[-119.17685,34.46635],[-119.17667,34.46642],[-119.17648,34.4665],[-119.17636,34.46656],[-119.17627,34.46657],[-119.1762,34.46656],[-119.17617,34.46654],[-119.17617,34.4665],[-119.17621,34.46645],[-119.17625,34.46641],[-119.17628,34.46635],[-119.17636,34.4663],[-119.17646,34.46626],[-119.17654,34.46622],[-119.17662,34.46618],[-119.17669,34.46616],[-119.17669,34.4661],[-119.1767,34.46604],[-119.17673,34.46601],[-119.17681,34.46603],[-119.17687,34.46602],[-119.1769,34.466],[-119.17694,34.466],[-119.17701,34.46596],[-119.17706,34.46594],[-119.17707,34.4659],[-119.17706,34.46586],[-119.17707,34.46584],[-119.17708,34.46581],[-119.17711,34.46578],[-119.17712,34.46576],[-119.1771,34.46574],[-119.17706,34.46574],[-119.17702,34.46576],[-119.17697,34.46577],[-119.17694,34.46578],[-119.1769,34.46578],[-119.17687,34.46578],[-119.1768,34.46577],[-119.17677,34.46577],[-119.17676,34.46573],[-119.17677,34.46571],[-119.17676,34.46568],[-119.17676,34.46564],[-119.17675,34.46562],[-119.1767,34.4656],[-119.17661,34.46557],[-119.17652,34.46554],[-119.17645,34.46553],[-119.17637,34.46549],[-119.17629,34.46546],[-119.17622,34.46544],[-119.17621,34.46544],[-119.17613,34.46544],[-119.17605,34.46544],[-119.17597,34.46543],[-119.17594,34.46541],[-119.17595,34.46538],[-119.17596,34.46536],[-119.17596,34.46532],[-119.17596,34.46528],[-119.17597,34.46525]]}},{"type":"Feature","properties":{"name":"","c":"track"},"geometry":{"type":"LineString","coordinates":[[-119.1781,34.46261],[-119.17802,34.46266],[-119.17799,34.46269],[-119.17795,34.46272],[-119.17792,34.46273],[-119.17784,34.46275],[-119.17781,34.46276],[-119.17767,34.46282],[-119.17766,34.46284],[-119.17765,34.46287],[-119.17765,34.4629],[-119.17766,34.46293],[-119.17787,34.46305],[-119.17791,34.46309],[-119.17793,34.46312],[-119.17793,34.46315],[-119.17793,34.46319],[-119.17791,34.46324],[-119.17772,34.46349],[-119.1776,34.46358],[-119.17682,34.46425],[-119.17648,34.46453],[-119.17641,34.46459],[-119.17632,34.46464],[-119.17624,34.46468],[-119.17602,34.46477],[-119.1758,34.46488],[-119.17561,34.46499],[-119.17537,34.46519],[-119.1752,34.46532],[-119.17504,34.46534],[-119.17482,34.46529],[-119.17447,34.46508],[-119.17434,34.46502],[-119.17422,34.46501],[-119.1741,34.46501],[-119.17396,34.46506],[-119.17374,34.46519],[-119.17363,34.46523],[-119.17351,34.46523],[-119.17309,34.46523],[-119.173,34.46522],[-119.17286,34.46514],[-119.17277,34.4651],[-119.17261,34.46509],[-119.1721,34.46495],[-119.17171,34.4648],[-119.17137,34.46465],[-119.1713,34.46461],[-119.17061,34.46418],[-119.17004,34.46388],[-119.1698,34.46377],[-119.1697,34.46372],[-119.16958,34.46365],[-119.16943,34.46359],[-119.16935,34.46356],[-119.16927,34.46351],[-119.16912,34.46341],[-119.16873,34.46325],[-119.16851,34.46315],[-119.16843,34.46312],[-119.16829,34.46308],[-119.1681,34.46306],[-119.16792,34.46305],[-119.16763,34.463],[-119.16753,34.46297],[-119.16748,34.46295],[-119.16743,34.46292]]}},{"type":"Feature","properties":{"name":"N. K. Chase","c":"path"},"geometry":{"type":"LineString","coordinates":[[-119.1713,34.46461],[-119.17122,34.46471],[-119.1712,34.46473],[-119.17118,34.46474],[-119.17115,34.46474],[-119.17108,34.46473],[-119.17105,34.4647],[-119.171,34.46467],[-119.17098,34.46465],[-119.17091,34.46463],[-119.17084,34.46461],[-119.17079,34.46465],[-119.17078,34.46473],[-119.17077,34.46476],[-119.1707,34.4648],[-119.1706,34.46484],[-119.17058,34.46487],[-119.17059,34.46492],[-119.1706,34.46497],[-119.17057,34.46504],[-119.17053,34.46498],[-119.17046,34.46496],[-119.17034,34.46494]]}},{"type":"Feature","properties":{"name":"Burch Collins","c":"path"},"geometry":{"type":"LineString","coordinates":[[-119.17309,34.46523],[-119.17309,34.46531],[-119.17312,34.46547],[-119.17314,34.46555],[-119.17311,34.46565],[-119.17292,34.46569],[-119.17289,34.46572],[-119.17294,34.4658],[-119.17295,34.46587],[-119.17292,34.46588],[-119.17286,34.46582],[-119.17279,34.4658],[-119.17278,34.46587],[-119.17272,34.46588],[-119.1727,34.46595],[-119.17267,34.46606],[-119.1727,34.46612],[-119.17278,34.46618],[-119.17283,34.46627],[-119.17286,34.46637],[-119.17295,34.46634],[-119.17312,34.46632],[-119.17324,34.46631],[-119.17332,34.46631],[-119.17348,34.46626],[-119.17357,34.46624]]}},{"type":"Feature","properties":{"name":"","c":"path"},"geometry":{"type":"LineString","coordinates":[[-119.17452,34.47119],[-119.17447,34.4711],[-119.17427,34.47106],[-119.17416,34.47105],[-119.1741,34.47101],[-119.17406,34.47101],[-119.17397,34.47094],[-119.17389,34.47094],[-119.17384,34.47091],[-119.17378,34.4709],[-119.17365,34.47081],[-119.17357,34.47079],[-119.17353,34.47081],[-119.17336,34.47075],[-119.17332,34.47028],[-119.17342,34.4702],[-119.17341,34.47016],[-119.17344,34.47011],[-119.17344,34.47007],[-119.17346,34.47003],[-119.17346,34.46999],[-119.1735,34.46995],[-119.1735,34.46986],[-119.17355,34.46977],[-119.17363,34.46967],[-119.17365,34.46962],[-119.17366,34.46959],[-119.17371,34.46956],[-119.17377,34.46949],[-119.17376,34.46945],[-119.17369,34.46946],[-119.17366,34.46949],[-119.17361,34.46948],[-119.17354,34.46949],[-119.17343,34.46954],[-119.17334,34.46961],[-119.17332,34.46963],[-119.17329,34.46969],[-119.17322,34.46973],[-119.17313,34.46975],[-119.17299,34.46975],[-119.17294,34.46978],[-119.17291,34.46976],[-119.17301,34.46965],[-119.17308,34.4696],[-119.17331,34.46924],[-119.1734,34.46917],[-119.17342,34.46908],[-119.17347,34.46902],[-119.17349,34.46901],[-119.17349,34.46896],[-119.17351,34.46894],[-119.17353,34.46889],[-119.17366,34.46871],[-119.17372,34.46866],[-119.17379,34.46864],[-119.1739,34.4686],[-119.17396,34.4686],[-119.174,34.46855],[-119.17407,34.46852],[-119.17411,34.46851],[-119.17414,34.46847],[-119.17409,34.46845],[-119.17401,34.46847],[-119.17393,34.46846],[-119.17391,34.46842],[-119.17397,34.46837],[-119.17411,34.46834],[-119.17424,34.46831],[-119.17431,34.46825],[-119.17443,34.46817],[-119.17453,34.46814],[-119.17458,34.4681],[-119.17463,34.46809],[-119.1747,34.46805],[-119.17476,34.46803],[-119.17478,34.46799],[-119.17483,34.46795],[-119.17489,34.46794],[-119.17492,34.46792],[-119.17496,34.46784],[-119.17501,34.46783],[-119.17508,34.46778],[-119.17525,34.46769],[-119.17528,34.46765],[-119.17529,34.46761],[-119.17528,34.46758],[-119.17528,34.46754],[-119.17518,34.46756],[-119.17491,34.46761],[-119.17483,34.46766],[-119.17474,34.46769],[-119.17463,34.4677],[-119.17453,34.46776],[-119.17445,34.46778],[-119.17435,34.4678],[-119.17418,34.46787],[-119.17411,34.46793],[-119.17392,34.46796],[-119.17384,34.46802],[-119.17375,34.46805],[-119.17371,34.46809],[-119.17353,34.46819],[-119.17345,34.46834],[-119.17341,34.46837],[-119.1734,34.46842],[-119.17328,34.46839],[-119.17314,34.4684],[-119.17297,34.46847],[-119.17279,34.46846],[-119.17266,34.46852],[-119.1725,34.46858],[-119.17245,34.46857],[-119.1724,34.46859],[-119.17232,34.46859],[-119.17223,34.46863],[-119.17219,34.46863],[-119.17215,34.46862]]}},{"type":"Feature","properties":{"name":"","c":"path"},"geometry":{"type":"LineString","coordinates":[[-119.17528,34.46754],[-119.17535,34.46751],[-119.17543,34.4675],[-119.17554,34.46746],[-119.17563,34.46739],[-119.17575,34.46734],[-119.17588,34.46731],[-119.17594,34.46727],[-119.17601,34.46728],[-119.17615,34.46732],[-119.17621,34.46731],[-119.17625,34.46731],[-119.17649,34.46719],[-119.17657,34.46718]]}},{"type":"Feature","properties":{"name":"","c":"path"},"geometry":{"type":"LineString","coordinates":[[-119.17788,34.46902],[-119.17783,34.46905],[-119.17776,34.46908],[-119.1777,34.46913],[-119.17766,34.46911],[-119.17763,34.46905],[-119.1776,34.46905],[-119.17761,34.46912],[-119.17759,34.46914],[-119.17762,34.46927],[-119.17761,34.46932],[-119.17761,34.46936],[-119.17759,34.46938],[-119.17755,34.46935],[-119.17753,34.46928],[-119.17741,34.46915],[-119.17726,34.46916],[-119.17699,34.46928],[-119.17684,34.46922],[-119.17669,34.46899],[-119.17666,34.46879],[-119.1766,34.46875],[-119.17655,34.46838],[-119.1766,34.46806],[-119.17681,34.46792],[-119.17688,34.46785],[-119.17693,34.46773],[-119.177,34.46766],[-119.17703,34.46759],[-119.17706,34.46739]]}},{"type":"Feature","properties":{"name":"","c":"track"},"geometry":{"type":"LineString","coordinates":[[-119.17733,34.46686],[-119.1772,34.46731],[-119.17715,34.46736],[-119.17712,34.46737]]}},{"type":"Feature","properties":{"name":"","c":"path"},"geometry":{"type":"LineString","coordinates":[[-119.17715,34.46736],[-119.17729,34.46732],[-119.17737,34.4673],[-119.17742,34.46727],[-119.17747,34.46726],[-119.17751,34.46727],[-119.1776,34.46729],[-119.17765,34.46733],[-119.1777,34.4674],[-119.17775,34.4674],[-119.17776,34.46737],[-119.17772,34.46729],[-119.17775,34.46726],[-119.17782,34.46728],[-119.17786,34.46733],[-119.17788,34.4674],[-119.1779,34.46742],[-119.17795,34.4674],[-119.17797,34.46735],[-119.17798,34.46733],[-119.17797,34.46727],[-119.17801,34.46725],[-119.17806,34.46728],[-119.1781,34.46731],[-119.17812,34.46737],[-119.17813,34.46741],[-119.17817,34.46741],[-119.17823,34.46737],[-119.17824,34.46733],[-119.17825,34.4673],[-119.17829,34.46728],[-119.17832,34.46723],[-119.17834,34.46719],[-119.17835,34.46716],[-119.17838,34.46714],[-119.17842,34.46713],[-119.17846,34.46709],[-119.17848,34.46708],[-119.17854,34.46707],[-119.17857,34.46705],[-119.1786,34.46704],[-119.17867,34.46705],[-119.17881,34.46709],[-119.17896,34.46713],[-119.17907,34.46717],[-119.17916,34.46721],[-119.1792,34.46722],[-119.17923,34.46722],[-119.17932,34.46723],[-119.17938,34.46724],[-119.17946,34.46724],[-119.17954,34.46725],[-119.17959,34.46726],[-119.17968,34.46726],[-119.17975,34.46725],[-119.17979,34.46724],[-119.17981,34.46722],[-119.17984,34.4672],[-119.17989,34.46716],[-119.17993,34.46714],[-119.17994,34.46711],[-119.17994,34.46706],[-119.17994,34.46702],[-119.17995,34.46698],[-119.17998,34.46695],[-119.18,34.46695],[-119.18002,34.46697],[-119.18006,34.46697],[-119.18009,34.46695],[-119.18011,34.46694],[-119.18013,34.46696],[-119.18012,34.467],[-119.18015,34.46702],[-119.18018,34.46702],[-119.18021,34.46704],[-119.18023,34.46707],[-119.18023,34.46711],[-119.18025,34.46714],[-119.18029,34.46715],[-119.18032,34.46713],[-119.18036,34.4671],[-119.1804,34.46708],[-119.18044,34.46707],[-119.18047,34.46707],[-119.18049,34.46705],[-119.18054,34.46703],[-119.18056,34.46701],[-119.18061,34.46701],[-119.18066,34.467],[-119.18074,34.46698],[-119.18081,34.46696],[-119.1809,34.46696],[-119.18095,34.46698]]}},{"type":"Feature","properties":{"name":"","c":"path"},"geometry":{"type":"LineString","coordinates":[[-119.18457,34.46958],[-119.18453,34.46973],[-119.18452,34.46977],[-119.18449,34.46976],[-119.18448,34.46968],[-119.18444,34.4696],[-119.18432,34.46951],[-119.18416,34.46944],[-119.184,34.46939],[-119.18381,34.4694],[-119.18372,34.46945],[-119.18368,34.46951],[-119.1836,34.4695],[-119.18349,34.46951],[-119.18333,34.46952],[-119.18321,34.46958],[-119.18308,34.46964],[-119.18304,34.4697],[-119.18303,34.46973],[-119.18296,34.46977],[-119.18293,34.46982],[-119.18289,34.46984],[-119.18281,34.46987],[-119.18273,34.46989],[-119.18269,34.4699],[-119.18266,34.46988],[-119.18264,34.46982],[-119.18261,34.46977],[-119.18254,34.46975],[-119.18241,34.46976],[-119.18222,34.46978],[-119.18212,34.46981],[-119.18206,34.46986],[-119.18204,34.4699],[-119.182,34.46992],[-119.18192,34.46989],[-119.18186,34.46985],[-119.18183,34.46982],[-119.18177,34.46977],[-119.18172,34.46976],[-119.18168,34.46979],[-119.1816,34.46984],[-119.18155,34.46989],[-119.18154,34.4699],[-119.18151,34.46999],[-119.18148,34.47012],[-119.18151,34.47023],[-119.18158,34.47035],[-119.18163,34.47043],[-119.18165,34.47049],[-119.1817,34.47053],[-119.18169,34.47056],[-119.18167,34.4706],[-119.18168,34.47065],[-119.18168,34.4707],[-119.18166,34.47073],[-119.18161,34.47071],[-119.18155,34.47069],[-119.18148,34.47071],[-119.18145,34.47077],[-119.18141,34.47083],[-119.18137,34.47082],[-119.18135,34.47075],[-119.18132,34.47067],[-119.18128,34.47062],[-119.18119,34.47057],[-119.18113,34.47056],[-119.18107,34.47057],[-119.18103,34.47067],[-119.18097,34.47077],[-119.18094,34.47088],[-119.18089,34.47096],[-119.18085,34.47098],[-119.18078,34.47085],[-119.18076,34.47077],[-119.18072,34.47071],[-119.18065,34.47066],[-119.18061,34.47063],[-119.18058,34.47064],[-119.18051,34.47069],[-119.18047,34.4707],[-119.18037,34.47078],[-119.18025,34.47087],[-119.18008,34.471],[-119.18005,34.47098],[-119.18006,34.47087],[-119.18007,34.47079],[-119.18003,34.47075],[-119.17999,34.47068],[-119.18,34.47061],[-119.17996,34.47049],[-119.17995,34.47038],[-119.1799,34.47029],[-119.17985,34.47025],[-119.17976,34.47023],[-119.17963,34.47023],[-119.17952,34.47023],[-119.17943,34.47028],[-119.17934,34.47034],[-119.17924,34.4704],[-119.17915,34.47041],[-119.17908,34.4704],[-119.17902,34.4704],[-119.17896,34.47045],[-119.1789,34.47049],[-119.17886,34.47055],[-119.17879,34.47057],[-119.17877,34.47058],[-119.17873,34.47055],[-119.17873,34.4705],[-119.1787,34.47045],[-119.17866,34.4704],[-119.17865,34.47037],[-119.1786,34.47034],[-119.17858,34.4703],[-119.17849,34.47025],[-119.1784,34.4702],[-119.17827,34.47016],[-119.17821,34.4701],[-119.17814,34.47002],[-119.17811,34.46993],[-119.17812,34.46987],[-119.17815,34.46983],[-119.17816,34.46975],[-119.17813,34.46967],[-119.1781,34.46961],[-119.1781,34.46958],[-119.17803,34.46953],[-119.17798,34.46942],[-119.17794,34.46934],[-119.1779,34.4693],[-119.17787,34.46923],[-119.17783,34.46919],[-119.17782,34.46915],[-119.17784,34.46912],[-119.1779,34.4691],[-119.17792,34.46905],[-119.1779,34.46902],[-119.17788,34.46902],[-119.17787,34.46901],[-119.1778,34.46898],[-119.17771,34.46896],[-119.17769,34.46892],[-119.17766,34.4689],[-119.17763,34.46884],[-119.17764,34.46881],[-119.17769,34.46879],[-119.1777,34.46877],[-119.17768,34.46872],[-119.17769,34.46868],[-119.17773,34.46867],[-119.17778,34.46865],[-119.1778,34.46861],[-119.17781,34.46857],[-119.17785,34.46857],[-119.17789,34.46859],[-119.1779,34.46863],[-119.17791,34.46867],[-119.17793,34.46869],[-119.17795,34.46868],[-119.178,34.4686],[-119.17801,34.46854],[-119.17805,34.46851],[-119.17806,34.46847],[-119.17807,34.46845],[-119.1781,34.46846],[-119.17815,34.46851],[-119.1782,34.46854],[-119.17823,34.46854],[-119.17824,34.46852],[-119.17826,34.46844],[-119.17825,34.46841],[-119.17827,34.46837],[-119.17831,34.46836],[-119.17833,34.46834],[-119.17834,34.46831],[-119.17837,34.46831],[-119.17844,34.46828],[-119.17851,34.46827],[-119.17856,34.46825],[-119.17861,34.46826],[-119.17865,34.4683],[-119.17869,34.46832],[-119.17873,34.46833],[-119.17871,34.46828],[-119.17871,34.46825],[-119.17867,34.46821],[-119.17867,34.46814],[-119.17865,34.46806],[-119.17866,34.46803],[-119.17869,34.46802],[-119.17876,34.46808],[-119.17881,34.46814],[-119.17885,34.46815],[-119.17888,34.46812],[-119.17889,34.46806],[-119.1789,34.46803],[-119.17895,34.46802],[-119.17898,34.46803],[-119.17903,34.46804],[-119.17909,34.46804],[-119.17919,34.46804],[-119.17924,34.468],[-119.17927,34.46797],[-119.17932,34.46801],[-119.17936,34.46808],[-119.17944,34.46809],[-119.17961,34.46805],[-119.17969,34.46801],[-119.17976,34.46795],[-119.17982,34.4679],[-119.17988,34.46786],[-119.17995,34.46778],[-119.17998,34.46777],[-119.18011,34.46765],[-119.1802,34.46766],[-119.18037,34.46768],[-119.18047,34.46766],[-119.18053,34.46767],[-119.18058,34.46764],[-119.1806,34.46763],[-119.18067,34.46768],[-119.18072,34.46767],[-119.18075,34.46763],[-119.18077,34.46758],[-119.18078,34.46755],[-119.18083,34.46752],[-119.18086,34.46748],[-119.18092,34.46746],[-119.18095,34.46745],[-119.18098,34.4674],[-119.181,34.46736],[-119.18103,34.46735],[-119.18109,34.4674],[-119.18126,34.46742]]}},{"type":"Feature","properties":{"name":"","c":"track"},"geometry":{"type":"LineString","coordinates":[[-119.18369,34.46756],[-119.18378,34.4675],[-119.18394,34.46714],[-119.18398,34.46705],[-119.18395,34.46701],[-119.18389,34.46698],[-119.18366,34.46693]]}},{"type":"Feature","properties":{"name":"","c":"track"},"geometry":{"type":"LineString","coordinates":[[-119.18166,34.46665],[-119.18161,34.46673],[-119.18159,34.46712],[-119.18157,34.46737],[-119.18151,34.46753]]}},{"type":"Feature","properties":{"name":"","c":"track"},"geometry":{"type":"LineString","coordinates":[[-119.18061,34.46822],[-119.18068,34.4682],[-119.18082,34.46809],[-119.18099,34.46806],[-119.18112,34.46804],[-119.18126,34.46793],[-119.18127,34.46784],[-119.18124,34.46779],[-119.18114,34.46771],[-119.18114,34.46761],[-119.18119,34.4675],[-119.18128,34.46743]]}},{"type":"Feature","properties":{"name":"","c":"track"},"geometry":{"type":"LineString","coordinates":[[-119.18197,34.46779],[-119.18187,34.46772],[-119.18173,34.4677],[-119.18158,34.46761],[-119.18151,34.46753],[-119.18136,34.46749],[-119.18128,34.46743],[-119.18126,34.46742],[-119.1811,34.46716],[-119.18095,34.46698]]}},{"type":"Feature","properties":{"name":"","c":"path"},"geometry":{"type":"LineString","coordinates":[[-119.18456,34.46591],[-119.18453,34.46599],[-119.18454,34.46606],[-119.1845,34.46611],[-119.18447,34.46624],[-119.18446,34.46634],[-119.18442,34.4664],[-119.18439,34.46648],[-119.18434,34.46655],[-119.1843,34.46657],[-119.18426,34.46656],[-119.18424,34.46653],[-119.18419,34.46654],[-119.18413,34.46655],[-119.1841,34.4665],[-119.18406,34.46643],[-119.18399,34.46639],[-119.18394,34.46639],[-119.1839,34.46644],[-119.18386,34.46655],[-119.18385,34.46662],[-119.18391,34.46673],[-119.18393,34.46683],[-119.18395,34.46689],[-119.18395,34.46701]]}},{"type":"Feature","properties":{"name":"","c":"footway"},"geometry":{"type":"LineString","coordinates":[[-119.18369,34.46593],[-119.18365,34.46593],[-119.18352,34.46592],[-119.18349,34.46592],[-119.1834,34.46591],[-119.18338,34.46587],[-119.18329,34.46589],[-119.18322,34.46589]]}},{"type":"Feature","properties":{"name":"","c":"footway"},"geometry":{"type":"LineString","coordinates":[[-119.18338,34.46587],[-119.18338,34.46585],[-119.18338,34.46583],[-119.1834,34.46581]]}},{"type":"Feature","properties":{"name":"","c":"footway"},"geometry":{"type":"LineString","coordinates":[[-119.18402,34.46463],[-119.18417,34.46469],[-119.18422,34.4647],[-119.18425,34.46473],[-119.18428,34.46474],[-119.18432,34.46476],[-119.18445,34.46476]]}},{"type":"Feature","properties":{"name":"","c":"footway"},"geometry":{"type":"LineString","coordinates":[[-119.18322,34.464],[-119.18315,34.46398],[-119.18308,34.46397],[-119.18302,34.46398],[-119.18293,34.46399],[-119.1829,34.464],[-119.18285,34.46399],[-119.18278,34.46399],[-119.18274,34.46398],[-119.1827,34.46398]]}},{"type":"Feature","properties":{"name":"","c":"footway"},"geometry":{"type":"LineString","coordinates":[[-119.18243,34.46441],[-119.18248,34.46442],[-119.18262,34.46441],[-119.18278,34.4644],[-119.1829,34.4644],[-119.18299,34.46442],[-119.18306,34.46442],[-119.1833,34.4644]]}},{"type":"Feature","properties":{"name":"","c":"footway"},"geometry":{"type":"LineString","coordinates":[[-119.18217,34.46445],[-119.1821,34.46443],[-119.182,34.4644],[-119.1819,34.46438],[-119.18178,34.46437],[-119.18167,34.46436],[-119.18157,34.46433]]}},{"type":"Feature","properties":{"name":"","c":"footway"},"geometry":{"type":"LineString","coordinates":[[-119.18205,34.46479],[-119.18203,34.46479],[-119.18193,34.46479]]}},{"type":"Feature","properties":{"name":"","c":"footway"},"geometry":{"type":"LineString","coordinates":[[-119.18204,34.46505],[-119.18207,34.465],[-119.1821,34.46495],[-119.18211,34.46492],[-119.18209,34.4649],[-119.18207,34.46485],[-119.18205,34.46481],[-119.18205,34.46479],[-119.18207,34.46477],[-119.1821,34.46476],[-119.18212,34.46472],[-119.18213,34.46469],[-119.18213,34.46466],[-119.18229,34.46474],[-119.18234,34.46476],[-119.18236,34.46477],[-119.18238,34.46478],[-119.18253,34.46478]]}},{"type":"Feature","properties":{"name":"","c":"footway"},"geometry":{"type":"LineString","coordinates":[[-119.18235,34.46444],[-119.18235,34.46454],[-119.18236,34.46466],[-119.18236,34.46477],[-119.18235,34.46492],[-119.18237,34.46495],[-119.18238,34.46504],[-119.18239,34.46515],[-119.18239,34.46516],[-119.18242,34.46533]]}},{"type":"Feature","properties":{"name":"","c":"footway"},"geometry":{"type":"LineString","coordinates":[[-119.18211,34.46492],[-119.1822,34.46492],[-119.18226,34.46492],[-119.18231,34.46492],[-119.18235,34.46492]]}},{"type":"Feature","properties":{"name":"","c":"footway"},"geometry":{"type":"LineString","coordinates":[[-119.18052,34.46431],[-119.18057,34.46435],[-119.1806,34.46437],[-119.18063,34.46442],[-119.18064,34.46448],[-119.18064,34.46459]]}},{"type":"Feature","properties":{"name":"","c":"footway"},"geometry":{"type":"LineString","coordinates":[[-119.17995,34.46462],[-119.18013,34.46453],[-119.1802,34.46449],[-119.18032,34.46444],[-119.18036,34.46444],[-119.18037,34.4644],[-119.1804,34.46438],[-119.18044,34.46437],[-119.18049,34.46437],[-119.18054,34.46437],[-119.18057,34.46435],[-119.1806,34.46433],[-119.18067,34.46432]]}},{"type":"Feature","properties":{"name":"","c":"path"},"geometry":{"type":"LineString","coordinates":[[-119.17928,34.46532],[-119.17921,34.46534],[-119.17914,34.46536],[-119.17908,34.4654],[-119.17901,34.46542],[-119.17896,34.46542],[-119.17891,34.4654],[-119.17889,34.46538],[-119.17874,34.46546]]}},{"type":"Feature","properties":{"name":"Horn Canyon Access Trail","c":"path"},"geometry":{"type":"LineString","coordinates":[[-119.17917,34.46383],[-119.17913,34.4638],[-119.17907,34.46382],[-119.17896,34.46384],[-119.17877,34.46391],[-119.17865,34.46399],[-119.17855,34.46404],[-119.17851,34.46406],[-119.17848,34.46405],[-119.17844,34.46395],[-119.1783,34.4638],[-119.17819,34.46377],[-119.17811,34.46375]]}},{"type":"Feature","properties":{"name":"","c":"track"},"geometry":{"type":"LineString","coordinates":[[-119.18005,34.46129],[-119.18011,34.46143],[-119.1802,34.46154],[-119.18042,34.46169],[-119.18044,34.46177],[-119.18042,34.46188],[-119.18042,34.4621],[-119.18038,34.46218],[-119.1801,34.46233]]}},{"type":"Feature","properties":{"name":"","c":"track"},"geometry":{"type":"LineString","coordinates":[[-119.17695,34.46191],[-119.1769,34.46179],[-119.1769,34.46172],[-119.17697,34.46165],[-119.17707,34.46162],[-119.17719,34.46161],[-119.17726,34.46163],[-119.17731,34.4617]]}},{"type":"Feature","properties":{"name":"","c":"track"},"geometry":{"type":"LineString","coordinates":[[-119.18098,34.45923],[-119.181,34.46032],[-119.181,34.46035],[-119.18098,34.46039],[-119.18097,34.46042],[-119.18088,34.4605]]}},{"type":"Feature","properties":{"name":"Horn Canyon Access Trail","c":"path"},"geometry":{"type":"LineString","coordinates":[[-119.18339,34.46173],[-119.18334,34.46172],[-119.18332,34.46171],[-119.1833,34.46171],[-119.18328,34.4617],[-119.18328,34.46169],[-119.18326,34.46169],[-119.18325,34.46169],[-119.18323,34.4617],[-119.1832,34.46169],[-119.18319,34.46168],[-119.18318,34.46168],[-119.18314,34.46168],[-119.18313,34.46168],[-119.18312,34.46169],[-119.18308,34.46168],[-119.18307,34.46168],[-119.18305,34.46169],[-119.18304,34.4617],[-119.18303,34.4617],[-119.18301,34.4617],[-119.18297,34.46171],[-119.18294,34.46171],[-119.18292,34.46174],[-119.18293,34.46176],[-119.18295,34.46177],[-119.18298,34.46178],[-119.18299,34.46179],[-119.18301,34.46181],[-119.18303,34.46183],[-119.18305,34.46184],[-119.18306,34.46185],[-119.18306,34.46186],[-119.18307,34.46187],[-119.18306,34.46188],[-119.18304,34.46189],[-119.18303,34.4619],[-119.18302,34.46191],[-119.18302,34.46192],[-119.18301,34.46193],[-119.183,34.46194],[-119.18298,34.46194],[-119.18296,34.46195],[-119.18295,34.46195],[-119.18294,34.46197],[-119.18294,34.46198],[-119.18294,34.46199],[-119.18295,34.462],[-119.18296,34.46201],[-119.18296,34.46203],[-119.18297,34.46204],[-119.18297,34.46206],[-119.18296,34.46208],[-119.18296,34.46209],[-119.18295,34.46212],[-119.18293,34.46213],[-119.18292,34.46214],[-119.1829,34.46215],[-119.18287,34.46216],[-119.18286,34.46217],[-119.18281,34.46217],[-119.1828,34.46218],[-119.18279,34.46218],[-119.18279,34.46219],[-119.18278,34.4622],[-119.18276,34.46221],[-119.18272,34.46225],[-119.18271,34.46229],[-119.18272,34.46232],[-119.18271,34.46235],[-119.18268,34.46237],[-119.18262,34.46239],[-119.18257,34.4624],[-119.18252,34.46241],[-119.18246,34.46242],[-119.18241,34.46242],[-119.18236,34.46242],[-119.18232,34.4624],[-119.18226,34.46241],[-119.1822,34.4624],[-119.18218,34.46241],[-119.18213,34.46241],[-119.18208,34.46244],[-119.18203,34.46246],[-119.18196,34.46246],[-119.18193,34.46244],[-119.18188,34.46244],[-119.18182,34.46246],[-119.18176,34.46247],[-119.18168,34.46246],[-119.18162,34.46247],[-119.1816,34.46245],[-119.18159,34.46242],[-119.18154,34.46242],[-119.18147,34.46245],[-119.18145,34.46246],[-119.18138,34.46248],[-119.18129,34.46252],[-119.18121,34.46258],[-119.18117,34.46263],[-119.18113,34.46266],[-119.1811,34.46268],[-119.18105,34.46274],[-119.18103,34.46277],[-119.18093,34.46285],[-119.18088,34.46291],[-119.18079,34.46295],[-119.18074,34.46303],[-119.1807,34.46306],[-119.18066,34.4631],[-119.18061,34.46313],[-119.1806,34.46317],[-119.18056,34.46321],[-119.18051,34.46326],[-119.18046,34.46328],[-119.18046,34.46332],[-119.18042,34.46337],[-119.18034,34.46342],[-119.18031,34.46343],[-119.18026,34.46345],[-119.18019,34.46351],[-119.18016,34.46352],[-119.18015,34.46357],[-119.18011,34.46361],[-119.18005,34.46363],[-119.18,34.46367],[-119.17997,34.46369],[-119.17994,34.46372],[-119.17986,34.46375],[-119.17984,34.46379],[-119.17982,34.46385],[-119.1798,34.46393],[-119.17983,34.46402],[-119.17979,34.46404]]}},{"type":"Feature","properties":{"name":"","c":"path"},"geometry":{"type":"LineString","coordinates":[[-119.18117,34.46263],[-119.18109,34.46255],[-119.18104,34.46256],[-119.18092,34.46258],[-119.18078,34.46258]]}},{"type":"Feature","properties":{"name":"","c":"footway"},"geometry":{"type":"LineString","coordinates":[[-119.18271,34.46377],[-119.18266,34.46376],[-119.18262,34.46376],[-119.18259,34.46374],[-119.18257,34.46371],[-119.18256,34.46367],[-119.18256,34.46365],[-119.18257,34.46363],[-119.18258,34.4636],[-119.18259,34.46357],[-119.18257,34.46355],[-119.18256,34.46352],[-119.18254,34.46351],[-119.18252,34.46349],[-119.18252,34.46346],[-119.18253,34.46345],[-119.18255,34.46343],[-119.18258,34.46342],[-119.18261,34.46341],[-119.18263,34.4634],[-119.18264,34.46338],[-119.18263,34.46335],[-119.18263,34.46334],[-119.18262,34.46332]]}},{"type":"Feature","properties":{"name":"","c":"footway"},"geometry":{"type":"LineString","coordinates":[[-119.18326,34.46326],[-119.18325,34.46328],[-119.18326,34.4633],[-119.18328,34.46331],[-119.1833,34.46332],[-119.18334,34.46334],[-119.18337,34.46336],[-119.18339,34.46339],[-119.1834,34.46342],[-119.18342,34.46343]]}},{"type":"Feature","properties":{"name":"Lupine Lane","c":"track"},"geometry":{"type":"LineString","coordinates":[[-119.18727,34.46102],[-119.18727,34.46107],[-119.18724,34.46124],[-119.18727,34.46165],[-119.18725,34.46168],[-119.18719,34.4617],[-119.18694,34.46172],[-119.18686,34.46174],[-119.18674,34.46174],[-119.18641,34.46174],[-119.18638,34.46175],[-119.18632,34.4618],[-119.18627,34.46182],[-119.18622,34.46182],[-119.18592,34.46182],[-119.1859,34.46182],[-119.18584,34.46184],[-119.18573,34.46189],[-119.18568,34.46193],[-119.18566,34.46194],[-119.18565,34.46199],[-119.18565,34.46211],[-119.18569,34.46264],[-119.18574,34.46277]]}},{"type":"Feature","properties":{"name":"Lupine Lane","c":"track"},"geometry":{"type":"LineString","coordinates":[[-119.18339,34.46159],[-119.18361,34.4616],[-119.18366,34.46159],[-119.18371,34.46159],[-119.18381,34.46154],[-119.1839,34.4615],[-119.18399,34.46144],[-119.18404,34.46142],[-119.18421,34.46133],[-119.18449,34.46112],[-119.18453,34.46108],[-119.18457,34.46106],[-119.18464,34.46105],[-119.18485,34.46105],[-119.18501,34.46103],[-119.18507,34.46101],[-119.18518,34.461],[-119.18527,34.46099],[-119.18534,34.46098],[-119.18536,34.46099],[-119.18542,34.46105],[-119.18546,34.46107],[-119.18551,34.46108],[-119.18554,34.46107],[-119.18561,34.46105],[-119.18565,34.46104],[-119.18593,34.46105],[-119.18633,34.46105],[-119.18636,34.46105],[-119.18658,34.46106],[-119.18666,34.46107],[-119.18669,34.46108],[-119.18672,34.46109],[-119.18696,34.46105],[-119.18706,34.46104],[-119.18714,34.46102],[-119.18727,34.46102],[-119.18736,34.461],[-119.18746,34.46096],[-119.18757,34.46095],[-119.18775,34.46094],[-119.18844,34.46095]]}},{"type":"Feature","properties":{"name":"Lupine Lane","c":"track"},"geometry":{"type":"LineString","coordinates":[[-119.18636,34.46105],[-119.18638,34.4609],[-119.18641,34.46062],[-119.18641,34.46049],[-119.18639,34.4602],[-119.1864,34.46017],[-119.18641,34.46015],[-119.18645,34.46014],[-119.18671,34.46014],[-119.1869,34.46014],[-119.18734,34.46014],[-119.18777,34.46013],[-119.18812,34.46013],[-119.18849,34.46015]]}},{"type":"Feature","properties":{"name":"Rugby Road","c":"track"},"geometry":{"type":"LineString","coordinates":[[-119.188,34.45911],[-119.18806,34.45919],[-119.1884,34.4594],[-119.18845,34.45946],[-119.18847,34.45966],[-119.18849,34.45989],[-119.18849,34.46015],[-119.18848,34.46047],[-119.18849,34.46058],[-119.18848,34.46063],[-119.18845,34.46079],[-119.18844,34.46095],[-119.18843,34.46113],[-119.18841,34.46134],[-119.1884,34.46141],[-119.18839,34.46144],[-119.18838,34.46156],[-119.18839,34.46184],[-119.18842,34.4622]]}},{"type":"Feature","properties":{"name":"","c":"track"},"geometry":{"type":"LineString","coordinates":[[-119.1884,34.46141],[-119.18829,34.46141],[-119.1881,34.46142],[-119.18798,34.46142],[-119.18788,34.46141],[-119.18777,34.4614],[-119.18769,34.46138],[-119.18762,34.46135],[-119.18758,34.46134]]}},{"type":"Feature","properties":{"name":"Rugby Road","c":"track"},"geometry":{"type":"LineString","coordinates":[[-119.18847,34.46281],[-119.18846,34.46296],[-119.18845,34.46311],[-119.18844,34.46322],[-119.18839,34.46386]]}},{"type":"Feature","properties":{"name":"","c":"footway"},"geometry":{"type":"LineString","coordinates":[[-119.1852,34.46504],[-119.18528,34.46505],[-119.18559,34.46507]]}},{"type":"Feature","properties":{"name":"","c":"path"},"geometry":{"type":"LineString","coordinates":[[-119.18505,34.46919],[-119.18512,34.46913],[-119.18518,34.46911],[-119.18522,34.4691],[-119.18525,34.46903],[-119.18529,34.46897],[-119.18534,34.46893],[-119.18535,34.46887],[-119.18538,34.46884],[-119.18548,34.46881],[-119.18553,34.46878],[-119.18564,34.46876],[-119.1857,34.4687],[-119.18571,34.46865],[-119.18568,34.46855],[-119.18566,34.46847],[-119.18569,34.46842],[-119.18565,34.46831],[-119.18562,34.46828],[-119.18558,34.46826],[-119.1856,34.4682],[-119.18558,34.46809],[-119.18556,34.46801],[-119.18561,34.46792],[-119.18559,34.46787],[-119.1856,34.46784],[-119.18565,34.46781],[-119.18565,34.46776],[-119.18563,34.46772],[-119.18566,34.46765],[-119.18566,34.46761],[-119.18556,34.46758],[-119.1854,34.46761],[-119.18533,34.46763],[-119.18527,34.4676],[-119.1852,34.46755],[-119.18518,34.46753],[-119.18515,34.46747],[-119.18511,34.46746],[-119.18506,34.46747],[-119.185,34.46745],[-119.18496,34.46741],[-119.18491,34.4674],[-119.18486,34.46744],[-119.18487,34.46748],[-119.1849,34.46752],[-119.18492,34.46758],[-119.1849,34.46762],[-119.18483,34.46761],[-119.18475,34.46757],[-119.18464,34.46757],[-119.18455,34.46755],[-119.18447,34.46748],[-119.18444,34.46743],[-119.18442,34.46733],[-119.1844,34.46724],[-119.18437,34.46718],[-119.18431,34.46713],[-119.18428,34.46713],[-119.18426,34.46709],[-119.18414,34.46701],[-119.18408,34.46701],[-119.18398,34.46705]]}},{"type":"Feature","properties":{"name":"","c":"path"},"geometry":{"type":"LineString","coordinates":[[-119.18496,34.46741],[-119.18499,34.46747],[-119.185,34.46751],[-119.18506,34.46756],[-119.18514,34.46761],[-119.18518,34.46765],[-119.18518,34.46769],[-119.18514,34.46775],[-119.18511,34.46782],[-119.18512,34.46786],[-119.18517,34.4679],[-119.18525,34.46792],[-119.18528,34.46794],[-119.18531,34.46799],[-119.18533,34.46806],[-119.18536,34.46811],[-119.18541,34.46816],[-119.18541,34.46822],[-119.18543,34.46828],[-119.18552,34.46834],[-119.18564,34.46843],[-119.18566,34.46847]]}},{"type":"Feature","properties":{"name":"","c":"path"},"geometry":{"type":"LineString","coordinates":[[-119.18569,34.46842],[-119.1857,34.46847],[-119.18572,34.46854],[-119.18576,34.46859],[-119.18581,34.46867],[-119.18585,34.46873],[-119.1859,34.4688],[-119.18595,34.4689],[-119.18596,34.46898],[-119.18598,34.46907],[-119.18601,34.46912],[-119.18605,34.46922]]}},{"type":"Feature","properties":{"name":"","c":"track"},"geometry":{"type":"LineString","coordinates":[[-119.18241,34.46675],[-119.18249,34.4669],[-119.18299,34.46727],[-119.18369,34.46756],[-119.18363,34.4677],[-119.18353,34.46768],[-119.18348,34.46772],[-119.18338,34.46774],[-119.18325,34.46775],[-119.18318,34.46777],[-119.18313,34.4678],[-119.18311,34.46784],[-119.18314,34.46787],[-119.18335,34.46799],[-119.18338,34.46801],[-119.1834,34.46804],[-119.18343,34.46808],[-119.18352,34.46817],[-119.18355,34.46821],[-119.18356,34.46823],[-119.18358,34.46825],[-119.18363,34.46831],[-119.18367,34.46833],[-119.1837,34.46835],[-119.18374,34.46837],[-119.18384,34.46844],[-119.18393,34.46853],[-119.18398,34.46856],[-119.18409,34.46866],[-119.18412,34.46868],[-119.18447,34.46887],[-119.18454,34.46892],[-119.1846,34.46895],[-119.18465,34.46897],[-119.18483,34.46906],[-119.18492,34.4691],[-119.18501,34.46916],[-119.18505,34.46919],[-119.18509,34.46921],[-119.18511,34.46921],[-119.18519,34.4692],[-119.18532,34.4692],[-119.18536,34.46919],[-119.18544,34.46914],[-119.18555,34.46913],[-119.18557,34.46912],[-119.1856,34.46911],[-119.18563,34.46911],[-119.18567,34.4691],[-119.18572,34.46908],[-119.18576,34.4691],[-119.18588,34.46914],[-119.18605,34.46922],[-119.18617,34.46927],[-119.18636,34.46932],[-119.18659,34.46935],[-119.18682,34.46936],[-119.18714,34.46934],[-119.18734,34.46936],[-119.18753,34.46938],[-119.18758,34.46941],[-119.1877,34.46946],[-119.18795,34.46949],[-119.1881,34.46948],[-119.1882,34.46951],[-119.18827,34.46949],[-119.18836,34.46949],[-119.18861,34.46953],[-119.18875,34.46955],[-119.18901,34.46961],[-119.18914,34.46961],[-119.18928,34.4696],[-119.18934,34.46961],[-119.18941,34.46959],[-119.18949,34.46959],[-119.18953,34.46953],[-119.18962,34.46948],[-119.18963,34.46946],[-119.18963,34.46944],[-119.18961,34.4694],[-119.18957,34.4693],[-119.18955,34.46917],[-119.18955,34.46911],[-119.18958,34.46906],[-119.18964,34.46896],[-119.18967,34.4689],[-119.1897,34.46878],[-119.18972,34.46875],[-119.18974,34.46875],[-119.18976,34.46876],[-119.1898,34.46878],[-119.18987,34.46886],[-119.18993,34.46891],[-119.18999,34.46894],[-119.19004,34.46899],[-119.19009,34.46905],[-119.19017,34.46917],[-119.1902,34.4692],[-119.19029,34.46925],[-119.19043,34.46935],[-119.19049,34.46937],[-119.19054,34.46939],[-119.1906,34.46941],[-119.19066,34.46942],[-119.19075,34.46942],[-119.19085,34.46941],[-119.19093,34.46938],[-119.19102,34.46935],[-119.19117,34.46928],[-119.19121,34.46925],[-119.19123,34.46924],[-119.19122,34.46922],[-119.19121,34.46921],[-119.19118,34.46921],[-119.1909,34.46927],[-119.19083,34.46927],[-119.19073,34.46925],[-119.1907,34.46924]]}},{"type":"Feature","properties":{"name":"","c":"track"},"geometry":{"type":"LineString","coordinates":[[-119.18226,34.46679],[-119.18222,34.46709],[-119.18227,34.46738],[-119.18233,34.46779],[-119.18214,34.46779],[-119.18197,34.46779],[-119.18187,34.46784],[-119.1818,34.46792],[-119.18177,34.46804],[-119.1818,34.46815],[-119.18191,34.46828],[-119.1821,34.46842],[-119.18229,34.4685],[-119.18261,34.46859],[-119.18324,34.46875],[-119.18334,34.46876],[-119.18344,34.46872],[-119.1837,34.46891],[-119.18381,34.46897],[-119.18404,34.46908],[-119.18426,34.46922],[-119.1844,34.46932],[-119.18445,34.46936],[-119.18448,34.46941],[-119.18451,34.46945],[-119.18457,34.46958],[-119.1846,34.46964],[-119.18462,34.46967],[-119.18466,34.46971],[-119.18472,34.46974],[-119.18502,34.46984],[-119.18509,34.46985],[-119.18517,34.46985],[-119.18541,34.46982],[-119.18553,34.46977],[-119.18558,34.46976],[-119.18562,34.46976],[-119.186,34.46981],[-119.18613,34.46985],[-119.18671,34.47006],[-119.18693,34.47015],[-119.18695,34.47017],[-119.18707,34.47033],[-119.18718,34.47046],[-119.18721,34.4705],[-119.18722,34.47052],[-119.18724,34.47058],[-119.18729,34.47064],[-119.18734,34.47069],[-119.18739,34.47075],[-119.1875,34.47085],[-119.1876,34.47093],[-119.18776,34.47107],[-119.18782,34.47111],[-119.18801,34.47117],[-119.18807,34.47118],[-119.18827,34.47121],[-119.18837,34.47122],[-119.18844,34.47122],[-119.18868,34.47117],[-119.18874,34.47118],[-119.1889,34.47126],[-119.18899,34.47129],[-119.18927,34.47137],[-119.18938,34.47139],[-119.18943,34.4714],[-119.18951,34.47139],[-119.18975,34.47133],[-119.18987,34.47133],[-119.18992,34.47132],[-119.18995,34.47131],[-119.18998,34.4713],[-119.19004,34.47125],[-119.19007,34.47121],[-119.19016,34.47115],[-119.19019,34.47114],[-119.19022,34.47113],[-119.19028,34.47115],[-119.19034,34.47119],[-119.19068,34.47145],[-119.19075,34.47149],[-119.19083,34.47151],[-119.19108,34.47156],[-119.19126,34.47158],[-119.19133,34.47159],[-119.19137,34.47158],[-119.19156,34.47151],[-119.19158,34.47149],[-119.19159,34.47146],[-119.19161,34.47144],[-119.19163,34.47143],[-119.19168,34.47143],[-119.19183,34.47139],[-119.19195,34.47138],[-119.19204,34.47137],[-119.19247,34.47141]]}},{"type":"Feature","properties":{"name":"","c":"path"},"geometry":{"type":"LineString","coordinates":[[-119.17828,34.4727],[-119.17834,34.47272],[-119.17852,34.47277],[-119.17867,34.47284],[-119.17876,34.47292],[-119.17888,34.47299],[-119.1789,34.47308],[-119.17897,34.47311],[-119.17908,34.47312],[-119.17915,34.47317],[-119.17917,34.47324],[-119.17923,34.47331],[-119.17933,34.47337],[-119.17947,34.47339],[-119.17952,34.47338],[-119.17973,34.47347],[-119.17983,34.47351],[-119.1799,34.47352],[-119.17998,34.47351],[-119.18004,34.47351],[-119.18011,34.47348],[-119.18024,34.47347],[-119.1803,34.47348],[-119.18037,34.47347],[-119.18046,34.4735],[-119.18053,34.47348],[-119.18059,34.47343],[-119.18065,34.47341],[-119.1809,34.47342],[-119.18107,34.47342],[-119.18123,34.4734],[-119.18141,34.4734],[-119.18163,34.47341],[-119.18169,34.4734],[-119.18169,34.47327],[-119.18167,34.4732],[-119.18169,34.47318],[-119.18189,34.47318],[-119.18194,34.47316],[-119.18199,34.47311],[-119.18217,34.47309],[-119.18222,34.47307],[-119.1824,34.47303],[-119.18251,34.47302],[-119.18254,34.47301],[-119.18258,34.47294],[-119.18261,34.47288],[-119.1826,34.47275],[-119.18256,34.4727],[-119.18258,34.4726],[-119.18261,34.4725],[-119.18268,34.47243],[-119.18268,34.47234],[-119.18264,34.47226],[-119.18268,34.47216],[-119.1827,34.47213],[-119.18273,34.47203],[-119.18273,34.47196],[-119.18279,34.47186],[-119.18281,34.47183],[-119.1828,34.47173],[-119.18281,34.47165],[-119.1828,34.47156],[-119.18283,34.47145],[-119.18289,34.47136],[-119.18292,34.47128],[-119.18299,34.47123],[-119.18305,34.47115],[-119.18312,34.47099],[-119.18314,34.47088],[-119.18312,34.47083],[-119.18316,34.47079],[-119.18318,34.47075],[-119.18318,34.47066],[-119.18319,34.47059],[-119.18317,34.47052],[-119.18318,34.47047],[-119.18317,34.47042],[-119.18313,34.47039],[-119.18303,34.47038],[-119.18294,34.47038],[-119.18272,34.47044],[-119.1826,34.47042],[-119.18249,34.47037],[-119.18241,34.47027],[-119.18233,34.47019],[-119.18221,34.47017],[-119.18213,34.47017],[-119.18204,34.47015],[-119.18193,34.47013],[-119.18182,34.47008],[-119.18175,34.47007],[-119.18169,34.47005],[-119.18162,34.47001],[-119.18156,34.46999],[-119.18155,34.46989]]}},{"type":"Feature","properties":{"name":"","c":"path"},"geometry":{"type":"LineString","coordinates":[[-119.17804,34.47109],[-119.17811,34.47119],[-119.17815,34.47119],[-119.17821,34.47126],[-119.17826,34.47129],[-119.17828,34.47134],[-119.17832,34.4715],[-119.17833,34.47153],[-119.17836,34.47159],[-119.17843,34.47163],[-119.17855,34.47165],[-119.17866,34.47168],[-119.1788,34.4717],[-119.1789,34.47171],[-119.17905,34.47176],[-119.17914,34.4718],[-119.1792,34.4718],[-119.17928,34.47176],[-119.1793,34.47178],[-119.17931,34.47187],[-119.1793,34.47194],[-119.17939,34.47197],[-119.17937,34.47203],[-119.17935,34.47208],[-119.17931,34.47209],[-119.17928,34.47215],[-119.17925,34.4722],[-119.17928,34.47224],[-119.17935,34.47228],[-119.17953,34.47224],[-119.17953,34.47226],[-119.17952,34.47233],[-119.17957,34.47241],[-119.17961,34.47246],[-119.17963,34.47252],[-119.1797,34.47251],[-119.17975,34.4725],[-119.17988,34.47252],[-119.17998,34.47254],[-119.18014,34.47254],[-119.18032,34.4726],[-119.18033,34.47265],[-119.18048,34.47272],[-119.18046,34.47277],[-119.18041,34.47281],[-119.18029,34.47284],[-119.18025,34.47288],[-119.1801,34.47287],[-119.18004,34.47289],[-119.18008,34.47295],[-119.18016,34.47303],[-119.18027,34.47308],[-119.18027,34.47311],[-119.18015,34.47311],[-119.18004,34.47311],[-119.17986,34.47305],[-119.1798,34.47305],[-119.17983,34.47309],[-119.17992,34.47319],[-119.18008,34.4733],[-119.18019,34.47337],[-119.18022,34.47339],[-119.18024,34.47347]]}},{"type":"Feature","properties":{"name":"","c":"path"},"geometry":{"type":"LineString","coordinates":[[-119.17471,34.48847],[-119.17455,34.48802],[-119.17448,34.48772],[-119.17457,34.48755],[-119.17474,34.48738],[-119.17468,34.48716],[-119.17481,34.48686],[-119.17507,34.48658],[-119.17556,34.48593],[-119.17591,34.48544],[-119.17606,34.48511],[-119.17608,34.48496],[-119.17639,34.48467],[-119.17657,34.48444],[-119.17673,34.48413],[-119.17699,34.48389],[-119.1772,34.48369],[-119.17723,34.48358],[-119.17707,34.48355],[-119.17712,34.48347],[-119.17765,34.48318],[-119.17803,34.4829],[-119.17826,34.48267],[-119.17838,34.48249],[-119.17827,34.48202],[-119.17823,34.48176],[-119.1783,34.48156],[-119.17831,34.48141],[-119.17826,34.48139]]}},{"type":"Feature","properties":{"name":"Nordhoff Road","c":"track"},"geometry":{"type":"MultiLineString","coordinates":[[[-119.2942,34.505],[-119.29422,34.50498],[-119.29434,34.5049],[-119.29441,34.50487],[-119.29451,34.50481],[-119.29456,34.50475],[-119.29459,34.50471],[-119.29471,34.50457],[-119.2948,34.5045],[-119.29494,34.50443],[-119.29524,34.50431],[-119.29528,34.50428],[-119.29532,34.50422],[-119.29533,34.50418],[-119.29533,34.50416],[-119.29531,34.5041],[-119.2953,34.50408],[-119.29523,34.50398],[-119.29517,34.50393],[-119.29498,34.50381],[-119.29488,34.50377],[-119.2948,34.50375],[-119.29471,34.50373],[-119.29455,34.50371],[-119.29447,34.50369],[-119.29443,34.50366],[-119.29439,34.5036],[-119.29437,34.50357],[-119.29437,34.50353],[-119.29436,34.50318],[-119.29436,34.50316],[-119.29438,34.50314],[-119.29445,34.50309],[-119.29447,34.50306],[-119.29447,34.503],[-119.29446,34.50297],[-119.29442,34.50293],[-119.29433,34.5029],[-119.29427,34.50287],[-119.29419,34.50282],[-119.29415,34.50276],[-119.29414,34.50271],[-119.29412,34.50258],[-119.29409,34.50248],[-119.29408,34.50241],[-119.2941,34.50228],[-119.29409,34.50224],[-119.29407,34.5022],[-119.29397,34.50209],[-119.29392,34.50207],[-119.29387,34.50204],[-119.29376,34.50203],[-119.29366,34.50204],[-119.29362,34.50206],[-119.29356,34.5021],[-119.2935,34.50213],[-119.29346,34.50213],[-119.29343,34.50211],[-119.29339,34.50206],[-119.29335,34.50199],[-119.29326,34.50189],[-119.29318,34.5018],[-119.29308,34.50173],[-119.29298,34.50167],[-119.29287,34.50164],[-119.2928,34.50164],[-119.29277,34.50164],[-119.29274,34.50167],[-119.29262,34.5018],[-119.29256,34.50189],[-119.29249,34.50195],[-119.29245,34.50196],[-119.29241,34.50194],[-119.29239,34.50192],[-119.29237,34.50186],[-119.29231,34.50179],[-119.29218,34.50172],[-119.29207,34.50167],[-119.29194,34.50161],[-119.29176,34.50151],[-119.29165,34.50143],[-119.29155,34.50133],[-119.29148,34.50127],[-119.29138,34.50122],[-119.29131,34.50121],[-119.29126,34.50121],[-119.29122,34.50123],[-119.29119,34.50127],[-119.29116,34.50135],[-119.29116,34.50142],[-119.29118,34.50145],[-119.29122,34.50149],[-119.2913,34.50153],[-119.2914,34.50158],[-119.29152,34.50164],[-119.29172,34.50182],[-119.29181,34.50193],[-119.29247,34.5025],[-119.29255,34.50255],[-119.29262,34.50257],[-119.29278,34.5026],[-119.29291,34.50261],[-119.29298,34.5026],[-119.29317,34.50253],[-119.29323,34.50251],[-119.29327,34.50251],[-119.29335,34.50253],[-119.29338,34.50255],[-119.29341,34.5026],[-119.29346,34.5027],[-119.29349,34.50279],[-119.2935,34.50283],[-119.2935,34.50288],[-119.29348,34.50296],[-119.29346,34.50302],[-119.29343,34.50307],[-119.29333,34.50316],[-119.29315,34.50333],[-119.29307,34.50342],[-119.29306,34.50346],[-119.29308,34.50357],[-119.29312,34.50363],[-119.29321,34.50373],[-119.29326,34.50382],[-119.29329,34.50388],[-119.2933,34.50393],[-119.29332,34.50402],[-119.29332,34.5041],[-119.2933,34.50417],[-119.29327,34.50422],[-119.29322,34.50427],[-119.29316,34.50431],[-119.29308,34.50432],[-119.29294,34.50436],[-119.29291,34.50438],[-119.29287,34.50439],[-119.29281,34.50439],[-119.29271,34.50438],[-119.29256,34.50438],[-119.29246,34.5044],[-119.2924,34.50443],[-119.2923,34.5045],[-119.2922,34.50458],[-119.29215,34.5046],[-119.29203,34.50465],[-119.29197,34.50466],[-119.29161,34.50466],[-119.29147,34.50467],[-119.29141,34.50469],[-119.29133,34.50471],[-119.29119,34.50481],[-119.29115,34.50485],[-119.2911,34.50493],[-119.29102,34.505]],[[-119.29018,34.505],[-119.29009,34.50493],[-119.28978,34.50477],[-119.28946,34.50466],[-119.28937,34.50463],[-119.28929,34.50462],[-119.28918,34.50461],[-119.28905,34.50462],[-119.28886,34.50467],[-119.28873,34.50475],[-119.2885,34.50484],[-119.28827,34.50492],[-119.28807,34.505]],[[-119.28746,34.505],[-119.28759,34.5049],[-119.28802,34.50464],[-119.28824,34.50453],[-119.28839,34.50444],[-119.28849,34.50433],[-119.28854,34.5043],[-119.28882,34.50428],[-119.28889,34.50426],[-119.28902,34.50421],[-119.28915,34.50414],[-119.2894,34.50397],[-119.28961,34.50395],[-119.28971,34.5039],[-119.28991,34.5038],[-119.29004,34.50374],[-119.2902,34.50369],[-119.29031,34.50367],[-119.29042,34.50367],[-119.29048,34.50365],[-119.29059,34.50365],[-119.29062,34.50365],[-119.2907,34.50362],[-119.29092,34.50351],[-119.29105,34.50344],[-119.29112,34.50338],[-119.29117,34.50333],[-119.29119,34.5033],[-119.29119,34.50327],[-119.29119,34.50322],[-119.29117,34.5032],[-119.29113,34.50319],[-119.29111,34.50318],[-119.29103,34.50319],[-119.291,34.5032],[-119.29094,34.50324],[-119.29088,34.5033],[-119.29084,34.50334],[-119.2908,34.50338],[-119.29075,34.50345],[-119.29072,34.50348],[-119.29064,34.5035],[-119.29052,34.50352],[-119.29,34.50352],[-119.2899,34.50353],[-119.28907,34.50365],[-119.2888,34.5037],[-119.2885,34.50379],[-119.28825,34.50382],[-119.2879,34.50383],[-119.28769,34.50383],[-119.28746,34.50381],[-119.28703,34.5038],[-119.28689,34.50378],[-119.28678,34.50374],[-119.28673,34.5037],[-119.28669,34.50366],[-119.28668,34.50361],[-119.28669,34.50355],[-119.28673,34.50346],[-119.28674,34.5034],[-119.28673,34.50333],[-119.28665,34.50304],[-119.28664,34.50293],[-119.28662,34.50263],[-119.28661,34.50258],[-119.28659,34.50255],[-119.28656,34.50251],[-119.28651,34.50246],[-119.28618,34.50226],[-119.28612,34.50223],[-119.2861,34.5022],[-119.28609,34.50217],[-119.28608,34.50182],[-119.28606,34.50152],[-119.28602,34.5013],[-119.286,34.50125],[-119.28597,34.5012],[-119.28594,34.50117],[-119.2859,34.50113],[-119.28584,34.50109],[-119.28559,34.50099],[-119.28513,34.50084],[-119.28498,34.50077],[-119.28492,34.50073],[-119.28481,34.50064],[-119.28473,34.50055],[-119.28471,34.50049],[-119.28469,34.50042],[-119.28467,34.50033],[-119.28467,34.50026],[-119.28463,34.50011],[-119.28459,34.50001],[-119.28455,34.49996],[-119.28451,34.49992],[-119.28446,34.49988],[-119.28436,34.49983],[-119.28399,34.4997],[-119.28394,34.49967],[-119.28387,34.49961],[-119.28382,34.49959],[-119.28374,34.49957],[-119.28365,34.49952],[-119.28353,34.49939],[-119.28346,34.49934],[-119.28339,34.49933],[-119.28326,34.49926],[-119.28307,34.49922],[-119.28289,34.49918],[-119.28267,34.4991],[-119.28261,34.49909],[-119.28253,34.49909],[-119.28226,34.49909],[-119.2822,34.49909],[-119.28213,34.49908],[-119.28198,34.49904],[-119.28179,34.49897],[-119.28168,34.49895],[-119.2814,34.49894],[-119.28124,34.49893],[-119.28061,34.4989],[-119.28053,34.49889],[-119.28046,34.49887],[-119.28028,34.49884],[-119.28017,34.49883],[-119.27979,34.49886],[-119.27973,34.49886],[-119.27966,34.49883],[-119.27943,34.49873],[-119.27925,34.49864],[-119.27919,34.49862],[-119.27911,34.49861],[-119.27869,34.49862],[-119.27838,34.49863],[-119.27816,34.49868],[-119.27797,34.49867],[-119.27787,34.49866],[-119.27762,34.49861],[-119.2772,34.49848],[-119.27716,34.49846],[-119.27714,34.49845],[-119.27707,34.49841],[-119.27706,34.49839],[-119.27705,34.49835],[-119.27706,34.49833],[-119.27709,34.4983],[-119.2773,34.49823],[-119.27739,34.4982],[-119.27753,34.49817],[-119.2776,34.49815],[-119.27764,34.49812],[-119.27766,34.49809],[-119.27766,34.49805],[-119.27765,34.49795],[-119.27761,34.49781],[-119.27755,34.49771],[-119.27753,34.49764],[-119.27752,34.49756],[-119.27751,34.49731],[-119.27748,34.49722],[-119.27745,34.49717],[-119.2774,34.49713],[-119.2773,34.49707],[-119.27722,34.49703],[-119.27709,34.49699],[-119.27698,34.49694],[-119.27686,34.4969],[-119.2768,34.49688],[-119.27674,34.49684],[-119.27669,34.49681],[-119.27643,34.49658],[-119.27637,34.49651],[-119.27631,34.49645],[-119.27625,34.49643],[-119.27616,34.4964],[-119.27608,34.49636],[-119.27598,34.49629],[-119.27593,34.49624],[-119.27586,34.49618],[-119.27577,34.4961],[-119.27569,34.49602],[-119.27555,34.49594],[-119.27551,34.49593],[-119.27544,34.49593],[-119.27539,34.49592],[-119.27533,34.4959],[-119.27522,34.49583],[-119.27514,34.49577],[-119.27506,34.49572],[-119.27494,34.49563],[-119.27489,34.49555],[-119.27489,34.49553],[-119.2749,34.49551],[-119.27505,34.49552],[-119.27516,34.49551],[-119.27523,34.49551],[-119.2753,34.49551],[-119.27538,34.49549],[-119.27544,34.49547],[-119.27568,34.49535],[-119.27592,34.49525],[-119.27597,34.49524],[-119.27612,34.49524],[-119.27627,34.49524],[-119.27648,34.49523],[-119.27658,34.4952],[-119.27664,34.49516],[-119.27665,34.49514],[-119.27666,34.49485],[-119.27668,34.49481],[-119.27671,34.49477],[-119.27675,34.49473],[-119.2768,34.4947],[-119.27688,34.49466],[-119.27701,34.49464],[-119.27719,34.49459],[-119.27726,34.49455],[-119.2773,34.49452],[-119.27733,34.49446],[-119.27735,34.4944],[-119.27738,34.49426],[-119.2774,34.49421],[-119.27743,34.49418],[-119.27746,34.49416],[-119.27751,34.49415],[-119.27756,34.49411],[-119.27759,34.49408],[-119.27769,34.49403],[-119.27773,34.49399],[-119.27775,34.49395],[-119.27776,34.49391],[-119.27776,34.49386],[-119.27776,34.49381],[-119.27778,34.49377],[-119.27785,34.49369],[-119.27792,34.49364],[-119.27795,34.49362],[-119.27803,34.49358],[-119.27805,34.49356],[-119.27807,34.49353],[-119.2781,34.4934],[-119.27812,34.49336],[-119.27817,34.49328],[-119.27825,34.49321],[-119.27842,34.49308],[-119.27845,34.49303],[-119.2785,34.49293],[-119.27853,34.49289],[-119.27854,34.49286],[-119.27854,34.4928],[-119.27856,34.49275],[-119.27859,34.49271],[-119.27863,34.49268],[-119.27866,34.49263],[-119.27867,34.49258],[-119.27868,34.49253],[-119.27868,34.49248],[-119.27868,34.49244],[-119.27872,34.49237],[-119.27878,34.49232],[-119.27883,34.49229],[-119.27888,34.49227],[-119.27898,34.49224],[-119.27904,34.49223],[-119.27916,34.49222],[-119.27923,34.49221],[-119.27929,34.49221],[-119.27937,34.4922],[-119.27939,34.49218],[-119.2794,34.49216],[-119.2794,34.49214],[-119.27939,34.4921],[-119.27937,34.49208],[-119.27935,34.49206],[-119.27931,34.49204],[-119.27925,34.49205],[-119.27897,34.49212],[-119.27873,34.4922],[-119.27862,34.49223],[-119.27851,34.49226],[-119.27842,34.49227],[-119.27822,34.49228],[-119.27813,34.49227],[-119.27805,34.49224],[-119.27799,34.49221],[-119.27794,34.49216],[-119.27789,34.49209],[-119.27783,34.49197],[-119.27776,34.49183],[-119.27772,34.49174],[-119.27768,34.4917],[-119.27764,34.49165],[-119.2776,34.49162],[-119.27756,34.4916],[-119.27752,34.49159],[-119.27747,34.4916],[-119.27744,34.49161],[-119.2774,34.49164],[-119.27712,34.49201],[-119.27689,34.49222],[-119.27678,34.49235],[-119.27663,34.49256],[-119.2765,34.49271],[-119.27638,34.4928],[-119.27633,34.49284],[-119.27629,34.49286],[-119.27624,34.49287],[-119.2762,34.49288],[-119.27602,34.49288],[-119.27596,34.49289],[-119.27592,34.4929],[-119.27589,34.49291],[-119.27585,34.49294],[-119.27581,34.493],[-119.27574,34.49307],[-119.27566,34.49313],[-119.27561,34.49314],[-119.27537,34.49318],[-119.27533,34.49317],[-119.27526,34.49317],[-119.27523,34.49318],[-119.27519,34.49319],[-119.27505,34.4933],[-119.2749,34.49338],[-119.27467,34.49352],[-119.27463,34.49354],[-119.27458,34.49356],[-119.27438,34.4936],[-119.27421,34.49366],[-119.27408,34.49372],[-119.27402,34.49374],[-119.27398,34.49374],[-119.27394,34.49374],[-119.27385,34.49371],[-119.2737,34.49363],[-119.27361,34.49357],[-119.27336,34.49343],[-119.27326,34.49337],[-119.27301,34.49315],[-119.27294,34.4931],[-119.27291,34.49309],[-119.27288,34.49308],[-119.27284,34.49309],[-119.2728,34.4931],[-119.27247,34.49323],[-119.27215,34.49332],[-119.27208,34.49334],[-119.272,34.49335],[-119.27196,34.49334],[-119.27191,34.49333],[-119.27186,34.49331],[-119.27178,34.49326],[-119.27164,34.49314],[-119.27158,34.49308],[-119.27153,34.493],[-119.27149,34.49293],[-119.27145,34.49286],[-119.27141,34.49281],[-119.27135,34.49273],[-119.27129,34.49269],[-119.27111,34.49257],[-119.27105,34.49255],[-119.27095,34.49252],[-119.2709,34.49252],[-119.27087,34.49252],[-119.27078,34.49256],[-119.27075,34.4926],[-119.27073,34.49263],[-119.2707,34.49268],[-119.27068,34.49275],[-119.27059,34.49298],[-119.27054,34.49316],[-119.27052,34.49322],[-119.27047,34.49328],[-119.27035,34.49341],[-119.27032,34.49343],[-119.27028,34.49345],[-119.27022,34.49348],[-119.27019,34.4935],[-119.27017,34.49352],[-119.27014,34.49357],[-119.27012,34.49362],[-119.27008,34.49403],[-119.27006,34.49409],[-119.27006,34.49428],[-119.27005,34.49432],[-119.27003,34.49435],[-119.26995,34.4944],[-119.26989,34.49442],[-119.26985,34.49445],[-119.26973,34.49456],[-119.26966,34.49464],[-119.26964,34.49473],[-119.26962,34.49475],[-119.26958,34.49477],[-119.26938,34.49481],[-119.26922,34.49483],[-119.26917,34.49483],[-119.26912,34.49482],[-119.26908,34.49481],[-119.26894,34.49476],[-119.26891,34.49476],[-119.26885,34.49477],[-119.26883,34.49478],[-119.26879,34.49482],[-119.26874,34.49489],[-119.26869,34.49497],[-119.26866,34.49501],[-119.26863,34.49504],[-119.2685,34.49512],[-119.26844,34.49518],[-119.26841,34.49523],[-119.26835,34.49532],[-119.26834,34.49537],[-119.26832,34.49539],[-119.2683,34.49541],[-119.26828,34.49543],[-119.26825,34.49544],[-119.26818,34.49546],[-119.268,34.49548],[-119.26791,34.49551],[-119.26754,34.49568],[-119.26747,34.49569],[-119.2674,34.49569],[-119.26736,34.49567],[-119.26731,34.49565],[-119.2672,34.49555],[-119.26718,34.49552],[-119.26713,34.49544],[-119.26705,34.49534],[-119.26701,34.49531],[-119.26698,34.4953],[-119.26692,34.49531],[-119.26666,34.49544],[-119.2666,34.49546],[-119.26652,34.49547],[-119.26639,34.49547],[-119.26618,34.49546],[-119.26602,34.49547],[-119.26589,34.49548],[-119.2658,34.49548],[-119.2657,34.49546],[-119.26566,34.49544],[-119.26541,34.49529],[-119.26539,34.49529],[-119.26535,34.49529],[-119.26525,34.4953],[-119.2651,34.49533],[-119.26499,34.49536],[-119.26494,34.49536],[-119.26473,34.49535],[-119.2646,34.49537],[-119.26437,34.49544],[-119.26418,34.4955],[-119.26413,34.49551],[-119.26407,34.49552],[-119.264,34.49552],[-119.26393,34.49551],[-119.26385,34.49549],[-119.26378,34.49545],[-119.26349,34.49524],[-119.26341,34.49519],[-119.26333,34.49516],[-119.26327,34.49515],[-119.26314,34.49515],[-119.26304,34.49516],[-119.26294,34.49519],[-119.26288,34.49523],[-119.26266,34.49538],[-119.26258,34.49543],[-119.26232,34.49558],[-119.26191,34.49577],[-119.26175,34.49586],[-119.26164,34.49594],[-119.26141,34.49612],[-119.26137,34.49614],[-119.26132,34.49616],[-119.26129,34.49617],[-119.26122,34.49617],[-119.26107,34.49615],[-119.26083,34.49611],[-119.26079,34.49611],[-119.26069,34.49612],[-119.26065,34.49613],[-119.26044,34.49623],[-119.26038,34.49625],[-119.26034,34.49626],[-119.26024,34.49628],[-119.26004,34.49629],[-119.25953,34.49632],[-119.25935,34.49633],[-119.25917,34.49635],[-119.259,34.49639],[-119.25893,34.49641],[-119.25874,34.49648],[-119.25865,34.49653],[-119.25854,34.49659],[-119.25843,34.49667],[-119.25831,34.49679],[-119.25816,34.49697],[-119.25813,34.49699],[-119.25807,34.49704],[-119.25804,34.49706],[-119.25797,34.49708],[-119.25787,34.4971],[-119.2576,34.49711],[-119.25721,34.4971],[-119.25693,34.49709],[-119.25648,34.49706],[-119.25636,34.49705],[-119.25625,34.49702],[-119.25615,34.49699],[-119.25607,34.49698],[-119.25593,34.49698],[-119.25576,34.49698],[-119.25564,34.49699],[-119.25556,34.49699],[-119.25547,34.49696],[-119.25542,34.49696],[-119.2553,34.49696],[-119.25521,34.49699],[-119.25468,34.49719],[-119.25465,34.49721],[-119.25452,34.49731],[-119.25438,34.49741],[-119.25426,34.49746],[-119.25418,34.49748],[-119.25408,34.49749],[-119.2536,34.49752],[-119.25328,34.49752],[-119.25309,34.49752],[-119.25303,34.49753],[-119.253,34.49754],[-119.25298,34.49755],[-119.25296,34.49757],[-119.25295,34.49759],[-119.25293,34.49767],[-119.25291,34.4977],[-119.25289,34.49772],[-119.25284,34.49774],[-119.2528,34.49775],[-119.25268,34.49778],[-119.25263,34.4978],[-119.25257,34.49784],[-119.25253,34.49785],[-119.25246,34.49784],[-119.25226,34.49784],[-119.25216,34.49786],[-119.25212,34.49788],[-119.25206,34.4979],[-119.252,34.49793],[-119.25189,34.49797],[-119.2518,34.49798],[-119.25173,34.49798],[-119.25154,34.49798],[-119.25148,34.49797],[-119.25139,34.49794],[-119.25129,34.49789],[-119.25122,34.49788],[-119.2511,34.49787],[-119.25105,34.49787],[-119.25091,34.49791],[-119.25085,34.49792],[-119.25046,34.49793],[-119.24992,34.49797],[-119.24984,34.49796],[-119.24969,34.49792],[-119.24936,34.49787],[-119.24928,34.49786],[-119.24916,34.49781],[-119.24906,34.49776],[-119.24901,34.49772],[-119.24886,34.49763],[-119.24874,34.49758],[-119.24866,34.49749],[-119.24856,34.49739],[-119.24855,34.49727],[-119.24865,34.49718],[-119.2488,34.49715],[-119.24889,34.49709],[-119.24892,34.497],[-119.24896,34.49697],[-119.24903,34.49689],[-119.24906,34.49684],[-119.24907,34.49681],[-119.24907,34.49678],[-119.24906,34.49671],[-119.24906,34.49669],[-119.24912,34.49663],[-119.24914,34.49658],[-119.24915,34.49648],[-119.24913,34.4963],[-119.24912,34.49627],[-119.2491,34.49623],[-119.24906,34.49613],[-119.24904,34.49607],[-119.24902,34.49601],[-119.249,34.49595],[-119.249,34.49591],[-119.249,34.49587],[-119.24903,34.49573],[-119.24901,34.49563],[-119.24892,34.49564],[-119.24882,34.49567],[-119.2487,34.49574],[-119.24861,34.49577],[-119.24847,34.49583],[-119.24834,34.49587],[-119.24823,34.49589],[-119.24809,34.49586],[-119.24798,34.49583],[-119.24789,34.49586],[-119.24781,34.49594],[-119.2477,34.49604],[-119.2476,34.49625],[-119.24753,34.49636],[-119.24742,34.49648],[-119.24738,34.49652],[-119.2473,34.49657],[-119.24719,34.49663],[-119.24708,34.49668],[-119.2469,34.4967],[-119.2468,34.49672],[-119.24663,34.49679],[-119.24648,34.49689],[-119.24639,34.49693],[-119.24635,34.49695],[-119.2463,34.49696],[-119.24617,34.49697],[-119.24609,34.49699],[-119.24582,34.4971],[-119.24563,34.49715],[-119.24551,34.49717],[-119.24497,34.49719],[-119.24471,34.49721],[-119.24463,34.49721],[-119.24452,34.49719],[-119.24436,34.49715],[-119.24388,34.49705],[-119.24377,34.49701],[-119.24372,34.49696],[-119.2437,34.49691],[-119.24368,34.49689],[-119.24365,34.49688],[-119.24361,34.49687],[-119.24357,34.49687],[-119.24353,34.49688],[-119.24349,34.4969],[-119.24345,34.49693],[-119.24341,34.49696],[-119.24332,34.49711],[-119.24329,34.49714],[-119.24325,34.49716],[-119.24321,34.49717],[-119.24314,34.49718],[-119.24308,34.49718],[-119.24287,34.49715],[-119.24279,34.49714],[-119.24272,34.49715],[-119.24267,34.49716],[-119.24261,34.49717],[-119.2425,34.4972],[-119.24235,34.49729],[-119.24219,34.49737],[-119.24206,34.49748],[-119.24195,34.49756],[-119.24184,34.49771],[-119.24176,34.49779],[-119.24171,34.49785],[-119.24168,34.4979],[-119.24159,34.49805],[-119.24151,34.49823],[-119.24144,34.49834],[-119.2414,34.4984],[-119.24135,34.49845],[-119.24128,34.49852],[-119.24121,34.49854],[-119.24113,34.49858],[-119.24102,34.49863],[-119.24089,34.4987],[-119.24086,34.49873],[-119.24057,34.49892],[-119.24049,34.49896],[-119.24038,34.49899],[-119.24025,34.49901],[-119.2402,34.49903],[-119.24012,34.49906],[-119.24003,34.49912],[-119.23997,34.49913],[-119.23957,34.49919],[-119.23946,34.49922],[-119.2394,34.49925],[-119.23932,34.49929],[-119.23918,34.49934],[-119.23903,34.49939],[-119.23897,34.49942],[-119.23892,34.49945],[-119.23876,34.49959],[-119.23871,34.49961],[-119.23862,34.49964],[-119.23822,34.49965],[-119.23816,34.49966],[-119.23808,34.49969],[-119.23803,34.49974],[-119.23801,34.49976],[-119.23797,34.49989],[-119.23796,34.49991],[-119.2379,34.49996],[-119.23787,34.49999],[-119.23779,34.50002],[-119.23758,34.50005],[-119.23742,34.5001],[-119.23724,34.50016],[-119.23718,34.50019],[-119.23707,34.50032],[-119.23704,34.50034],[-119.23702,34.50035],[-119.237,34.50035],[-119.23692,34.50035],[-119.23689,34.50036],[-119.23681,34.50036],[-119.23669,34.50036],[-119.23653,34.50038],[-119.23643,34.5004],[-119.23634,34.50044],[-119.2363,34.50046],[-119.23615,34.50047],[-119.23599,34.50051],[-119.23588,34.50054],[-119.23569,34.50065],[-119.23567,34.50067],[-119.23565,34.50069],[-119.23566,34.50072],[-119.23566,34.50074],[-119.23568,34.50076],[-119.23571,34.50076],[-119.23579,34.50078],[-119.23585,34.5008],[-119.23591,34.50083],[-119.23597,34.50088],[-119.236,34.50092],[-119.23602,34.501],[-119.23606,34.50113],[-119.23605,34.5012],[-119.236,34.50132],[-119.23597,34.50138],[-119.23596,34.50141],[-119.23596,34.50143],[-119.23599,34.5016],[-119.23599,34.50164],[-119.23598,34.50167],[-119.23596,34.5017],[-119.23588,34.502],[-119.23584,34.50213],[-119.23579,34.50222],[-119.23577,34.50227],[-119.23576,34.50237],[-119.23576,34.50241],[-119.23579,34.5025],[-119.23581,34.50254],[-119.23586,34.50261],[-119.23594,34.50269],[-119.23598,34.50274],[-119.23599,34.50279],[-119.23602,34.503],[-119.23604,34.50302],[-119.23605,34.50304],[-119.23609,34.50309],[-119.23611,34.50311],[-119.23613,34.50313],[-119.23617,34.50321],[-119.23619,34.50329],[-119.23619,34.50334],[-119.23618,34.50341],[-119.23614,34.50347],[-119.2361,34.50352],[-119.23607,34.50354],[-119.23601,34.50357],[-119.23596,34.50359],[-119.23588,34.50361],[-119.23579,34.50362],[-119.23535,34.50366],[-119.23529,34.50367],[-119.23526,34.50368],[-119.2352,34.50372],[-119.23517,34.50376],[-119.23515,34.5038],[-119.2352,34.50386],[-119.23532,34.50385],[-119.23547,34.50383],[-119.2356,34.50383],[-119.23573,34.50382],[-119.23588,34.50381],[-119.23598,34.50378],[-119.2361,34.50376],[-119.23618,34.50374],[-119.23626,34.50373],[-119.23636,34.5037],[-119.23651,34.5037],[-119.23665,34.50373],[-119.23668,34.50379],[-119.2366,34.50382],[-119.23647,34.5038],[-119.2363,34.50381],[-119.23619,34.50386],[-119.23609,34.50395],[-119.23598,34.50402],[-119.23582,34.50406],[-119.2357,34.5041],[-119.23561,34.50416],[-119.23554,34.50425],[-119.2355,34.50436],[-119.23549,34.50446],[-119.23543,34.50454],[-119.23534,34.50455],[-119.23525,34.50453],[-119.23515,34.5045],[-119.23508,34.5045],[-119.23504,34.50454],[-119.23498,34.50459],[-119.23494,34.50467],[-119.23489,34.50474],[-119.23483,34.50481],[-119.23477,34.50488],[-119.23471,34.50497],[-119.23468,34.505]],[[-119.17156,34.505],[-119.17157,34.50494],[-119.17156,34.5048],[-119.17155,34.50475],[-119.17153,34.50471],[-119.1714,34.50457],[-119.17139,34.50455],[-119.17138,34.50452],[-119.17138,34.50448],[-119.17139,34.50445],[-119.17141,34.50439],[-119.17148,34.50424],[-119.17149,34.50416],[-119.17149,34.50411],[-119.17148,34.50408],[-119.17145,34.50404],[-119.17141,34.50399],[-119.17132,34.5039],[-119.17112,34.5037],[-119.17105,34.50362],[-119.171,34.50354],[-119.17095,34.50342],[-119.17094,34.50336],[-119.17094,34.50333],[-119.17097,34.50325],[-119.171,34.50318],[-119.17103,34.50305],[-119.17104,34.50301],[-119.17103,34.50293],[-119.17099,34.50286],[-119.17096,34.50282],[-119.17091,34.50279],[-119.17086,34.50278],[-119.1708,34.50277],[-119.17073,34.50279],[-119.17059,34.50284],[-119.17047,34.5029],[-119.17039,34.50293],[-119.17031,34.50295],[-119.17016,34.50297],[-119.17009,34.50298],[-119.17002,34.503],[-119.16989,34.50302],[-119.16956,34.50303],[-119.16936,34.50305],[-119.16924,34.50306],[-119.1691,34.50305],[-119.16903,34.50305],[-119.16896,34.50305],[-119.16889,34.50301],[-119.16874,34.5029],[-119.16866,34.50286],[-119.1686,34.50284],[-119.16846,34.50285],[-119.1684,34.50286],[-119.16835,34.50289],[-119.16829,34.50293],[-119.16825,34.50297],[-119.16819,34.50304],[-119.16813,34.50308],[-119.16804,34.50309],[-119.16794,34.50311],[-119.16789,34.50313],[-119.16782,34.50314],[-119.16776,34.50314],[-119.16759,34.50312],[-119.1675,34.50312],[-119.16728,34.5031],[-119.16723,34.50308],[-119.16715,34.50304],[-119.16706,34.50302],[-119.16702,34.50302],[-119.16696,34.50303],[-119.16673,34.50307],[-119.16657,34.50309],[-119.16651,34.5031],[-119.16648,34.5031],[-119.16645,34.5031],[-119.16641,34.50309],[-119.16629,34.50299],[-119.16624,34.50295],[-119.16619,34.50293],[-119.16613,34.50291],[-119.16607,34.5029],[-119.16602,34.5029],[-119.16598,34.50291],[-119.16593,34.50294],[-119.16589,34.50299],[-119.16581,34.50308],[-119.16563,34.50325],[-119.16552,34.5033],[-119.16546,34.50332],[-119.16515,34.50334],[-119.16509,34.50336],[-119.16503,34.50338],[-119.16498,34.50338],[-119.16494,34.50337],[-119.16491,34.50336],[-119.16486,34.50332],[-119.16483,34.50328],[-119.16477,34.50321],[-119.16472,34.50315],[-119.16466,34.50308],[-119.16451,34.50281],[-119.16444,34.50271],[-119.1643,34.50252],[-119.16425,34.50248],[-119.16419,34.50246],[-119.16411,34.50245],[-119.16407,34.50245],[-119.16402,34.50247],[-119.16394,34.50252],[-119.16382,34.5026],[-119.1637,34.50271],[-119.16351,34.50285],[-119.16342,34.50291],[-119.16339,34.50293],[-119.16337,34.50296],[-119.16329,34.50312],[-119.16325,34.50318],[-119.16319,34.50324],[-119.16308,34.50335],[-119.16305,34.50337],[-119.16303,34.5034],[-119.16301,34.50348],[-119.16298,34.50358],[-119.16297,34.50361],[-119.16286,34.5037],[-119.1628,34.50373],[-119.16277,34.50373],[-119.16274,34.50373],[-119.16268,34.50371],[-119.16243,34.50356],[-119.16232,34.50348],[-119.16228,34.50344],[-119.16211,34.5032],[-119.16201,34.50308],[-119.16198,34.50304],[-119.16192,34.503],[-119.16188,34.50299],[-119.16184,34.50298],[-119.16179,34.50298],[-119.16174,34.50299],[-119.16168,34.50301],[-119.16161,34.50306],[-119.16157,34.5031],[-119.16142,34.50322],[-119.16112,34.50341],[-119.16108,34.50343],[-119.16104,34.5035],[-119.16097,34.50366],[-119.16085,34.5039],[-119.16082,34.50393],[-119.16079,34.50396],[-119.16075,34.50398],[-119.16071,34.50399],[-119.16061,34.504],[-119.16052,34.50399],[-119.16049,34.50397],[-119.16045,34.50395],[-119.16039,34.50389],[-119.16037,34.50383],[-119.16035,34.5037],[-119.16035,34.50353],[-119.16033,34.50332],[-119.16031,34.50323],[-119.1603,34.50319],[-119.16026,34.50306],[-119.16021,34.50296],[-119.1602,34.50291],[-119.16015,34.50284],[-119.1601,34.50278],[-119.16003,34.50272],[-119.16,34.50268]]]}}]}