{"type":"FeatureCollection","features":[{"type":"Feature","properties":{"name":"","c":"stream"},"geometry":{"type":"LineString","coordinates":[[-119.33481,34.505],[-119.3348,34.50472],[-119.33451,34.50413],[-119.33441,34.50383],[-119.33439,34.50347],[-119.33427,34.50325],[-119.33404,34.50305],[-119.3339,34.50286],[-119.33381,34.50264],[-119.33355,34.50239],[-119.33332,34.5023],[-119.33313,34.50228],[-119.33289,34.50237],[-119.33273,34.50238],[-119.33248,34.50233],[-119.3323,34.50233],[-119.33209,34.50234],[-119.33163,34.50247],[-119.33146,34.50242],[-119.33134,34.50232],[-119.33131,34.50218],[-119.3312,34.50202],[-119.33042,34.50131],[-119.33033,34.50118],[-119.33022,34.5008],[-119.32978,34.5003],[-119.32962,34.50019],[-119.32966,34.49999]]}},{"type":"Feature","properties":{"name":"North Fork Matilija Creek","c":"stream"},"geometry":{"type":"LineString","coordinates":[[-119.27788,34.505],[-119.27805,34.50494],[-119.27862,34.50492]]}},{"type":"Feature","properties":{"name":"North Fork Matilija Creek","c":"stream"},"geometry":{"type":"LineString","coordinates":[[-119.28119,34.50442],[-119.28165,34.50475],[-119.28182,34.505]]}},{"type":"Feature","properties":{"name":"North Fork Matilija Creek","c":"stream"},"geometry":{"type":"LineString","coordinates":[[-119.29691,34.505],[-119.2969,34.50481],[-119.29678,34.50438],[-119.29688,34.50393],[-119.29735,34.50334],[-119.29783,34.50247],[-119.29803,34.50191]]}},{"type":"Feature","properties":{"name":"North Fork Matilija Creek","c":"stream"},"geometry":{"type":"MultiLineString","coordinates":[[[-119.27862,34.50492],[-119.27897,34.505]],[[-119.28062,34.505],[-119.28064,34.50469],[-119.28069,34.50447],[-119.28077,34.50438],[-119.28088,34.50435],[-119.28119,34.50442]]]}},{"type":"Feature","properties":{"name":"","c":"stream"},"geometry":{"type":"LineString","coordinates":[[-119.26915,34.50254],[-119.26949,34.50276],[-119.26991,34.50294],[-119.27012,34.50288],[-119.27039,34.50286],[-119.27078,34.50305],[-119.27099,34.50319],[-119.27145,34.50329],[-119.27187,34.50368],[-119.27241,34.50388],[-119.27261,34.50404],[-119.27269,34.50423],[-119.27276,34.50468],[-119.27287,34.50482],[-119.27303,34.50493],[-119.27325,34.505]]}},{"type":"Feature","properties":{"name":"","c":"stream"},"geometry":{"type":"LineString","coordinates":[[-119.3138,34.505],[-119.31416,34.50432],[-119.31418,34.50405],[-119.31413,34.50366],[-119.31417,34.50347],[-119.3144,34.50304],[-119.31455,34.50294],[-119.31473,34.50264],[-119.31497,34.50262],[-119.31512,34.50258],[-119.31574,34.50187],[-119.31602,34.50178],[-119.31625,34.50156],[-119.31641,34.50151],[-119.31685,34.50154],[-119.3172,34.50144],[-119.31771,34.50136],[-119.31788,34.5013],[-119.31813,34.50112],[-119.31827,34.50109],[-119.31838,34.5011],[-119.31875,34.50104],[-119.31889,34.50108],[-119.319,34.50117],[-119.31926,34.50127],[-119.31939,34.50126],[-119.31964,34.50117]]}},{"type":"Feature","properties":{"name":"","c":"stream"},"geometry":{"type":"LineString","coordinates":[[-119.34,34.50165],[-119.33918,34.50102],[-119.33915,34.50087],[-119.33899,34.50061],[-119.33867,34.50036],[-119.33852,34.50029],[-119.3384,34.50017],[-119.3383,34.49999]]}},{"type":"Feature","properties":{"name":"","c":"stream"},"geometry":{"type":"MultiLineString","coordinates":[[[-119.30919,34.505],[-119.30893,34.50492],[-119.30876,34.50492],[-119.30851,34.505]],[[-119.30786,34.505],[-119.30763,34.50492],[-119.30732,34.50494],[-119.30703,34.5048],[-119.30684,34.50482],[-119.30662,34.50489],[-119.30631,34.50489],[-119.30576,34.505]],[[-119.30409,34.505],[-119.30377,34.50486],[-119.30367,34.50486],[-119.30358,34.505]],[[-119.30286,34.505],[-119.30272,34.50448],[-119.30246,34.50399],[-119.30237,34.50364],[-119.30212,34.50296],[-119.30218,34.50198],[-119.30203,34.50179],[-119.302,34.50167],[-119.30193,34.50159],[-119.30148,34.5015],[-119.30125,34.50141],[-119.30114,34.50132],[-119.301,34.50114],[-119.30102,34.50074],[-119.30097,34.50053],[-119.30089,34.50038],[-119.30052,34.50012]]]}},{"type":"Feature","properties":{"name":"","c":"stream"},"geometry":{"type":"LineString","coordinates":[[-119.2832,34.50028],[-119.28333,34.50046],[-119.28335,34.50059],[-119.28322,34.50118],[-119.28328,34.5014],[-119.28328,34.50158],[-119.28301,34.50225],[-119.28301,34.50291],[-119.28333,34.50374],[-119.28344,34.50389],[-119.28346,34.50412],[-119.28351,34.50424],[-119.28336,34.505]]}},{"type":"Feature","properties":{"name":"","c":"stream"},"geometry":{"type":"LineString","coordinates":[[-119.27406,34.50028],[-119.27432,34.50146],[-119.27456,34.50179],[-119.27517,34.50198],[-119.27567,34.50219],[-119.27633,34.50235],[-119.27653,34.50245],[-119.2766,34.5026],[-119.27686,34.50286],[-119.2775,34.50336],[-119.27765,34.50353],[-119.27773,34.5037],[-119.27833,34.50427],[-119.27858,34.50472],[-119.27862,34.50492]]}},{"type":"Feature","properties":{"name":"","c":"stream"},"geometry":{"type":"LineString","coordinates":[[-119.25913,34.49999],[-119.25957,34.50034],[-119.25979,34.50059],[-119.26001,34.50063],[-119.26018,34.50063],[-119.2604,34.50077],[-119.2614,34.50098],[-119.26166,34.50109],[-119.26179,34.50122],[-119.26198,34.50164],[-119.26209,34.50179],[-119.2626,34.5019],[-119.26311,34.50191],[-119.26323,34.50193],[-119.26331,34.50201],[-119.2635,34.50201],[-119.26353,34.50196],[-119.26389,34.50195],[-119.26424,34.50215],[-119.26484,34.50224],[-119.26524,34.50234],[-119.26552,34.50236],[-119.26588,34.50256],[-119.26614,34.50265],[-119.26648,34.50269],[-119.26693,34.50266],[-119.26772,34.50241],[-119.2682,34.50246],[-119.26858,34.50238],[-119.26877,34.5024],[-119.26915,34.50254]]}},{"type":"Feature","properties":{"name":"","c":"stream"},"geometry":{"type":"LineString","coordinates":[[-119.26854,34.49999],[-119.26852,34.50019],[-119.26839,34.50045],[-119.26833,34.50068],[-119.26855,34.50137],[-119.2687,34.50157],[-119.26875,34.50179],[-119.26888,34.50202],[-119.26901,34.50215],[-119.26915,34.50254]]}},{"type":"Feature","properties":{"name":"","c":"stream"},"geometry":{"type":"LineString","coordinates":[[-119.29104,34.49999],[-119.29102,34.50008],[-119.29105,34.50017],[-119.29115,34.50028],[-119.29236,34.5008],[-119.29344,34.50104],[-119.29401,34.50103],[-119.29427,34.501],[-119.29498,34.50114],[-119.29556,34.50117],[-119.29583,34.50132],[-119.29671,34.50137],[-119.29686,34.50143],[-119.297,34.50153],[-119.29707,34.50167],[-119.29716,34.50178],[-119.29738,34.50189],[-119.29773,34.50196],[-119.29803,34.50191]]}},{"type":"Feature","properties":{"name":"North Fork Matilija Creek","c":"stream"},"geometry":{"type":"LineString","coordinates":[[-119.29803,34.50191],[-119.29815,34.50135],[-119.29827,34.50107],[-119.29847,34.50086],[-119.29857,34.50079],[-119.2999,34.50038],[-119.30052,34.50012]]}},{"type":"Feature","properties":{"name":"","c":"stream"},"geometry":{"type":"LineString","coordinates":[[-119.31964,34.50117],[-119.31957,34.5009],[-119.31958,34.50056],[-119.31972,34.49999]]}},{"type":"Feature","properties":{"name":"Matilija Creek","c":"stream"},"geometry":{"type":"LineString","coordinates":[[-119.34,34.49839],[-119.33964,34.49816],[-119.33946,34.49809]]}},{"type":"Feature","properties":{"name":"North Fork Matilija Creek","c":"stream"},"geometry":{"type":"LineString","coordinates":[[-119.30052,34.50012],[-119.30066,34.49999]]}},{"type":"Feature","properties":{"name":"","c":"stream"},"geometry":{"type":"LineString","coordinates":[[-119.25348,34.49888],[-119.25387,34.49879],[-119.25561,34.49884],[-119.25583,34.49889],[-119.25671,34.49927],[-119.25702,34.49935],[-119.25771,34.49948],[-119.25853,34.49954],[-119.25913,34.49999]]}},{"type":"Feature","properties":{"name":"","c":"stream"},"geometry":{"type":"LineString","coordinates":[[-119.26875,34.49815],[-119.2687,34.49836],[-119.26878,34.49905],[-119.26872,34.49966],[-119.26865,34.49984],[-119.26854,34.49999]]}},{"type":"Feature","properties":{"name":"North Fork Matilija Creek","c":"stream"},"geometry":{"type":"LineString","coordinates":[[-119.30066,34.49999],[-119.30105,34.49982],[-119.30119,34.49964],[-119.30125,34.49943],[-119.30122,34.49921],[-119.30113,34.49909],[-119.30079,34.49881],[-119.30058,34.49851],[-119.30058,34.49833],[-119.30063,34.49792]]}},{"type":"Feature","properties":{"name":"","c":"stream"},"geometry":{"type":"LineString","coordinates":[[-119.27219,34.49741],[-119.27266,34.49757],[-119.27312,34.49754],[-119.2746,34.49776],[-119.27501,34.49786],[-119.27585,34.49817],[-119.27618,34.49821],[-119.27641,34.49827],[-119.27662,34.49837],[-119.27686,34.49842],[-119.27721,34.49847],[-119.27794,34.49844],[-119.27808,34.49836],[-119.27818,34.49824],[-119.27831,34.49782],[-119.27844,34.49754],[-119.2786,34.49732],[-119.27876,34.4972],[-119.27961,34.49696],[-119.28056,34.49661],[-119.28081,34.49655],[-119.28106,34.49657],[-119.28155,34.49678],[-119.28217,34.49674],[-119.28304,34.49662],[-119.28354,34.49674],[-119.28412,34.49674],[-119.28452,34.49668],[-119.28481,34.4967],[-119.28544,34.49685],[-119.28592,34.49688],[-119.2864,34.49696],[-119.28669,34.49713],[-119.28713,34.49755],[-119.28743,34.4977],[-119.28766,34.49774],[-119.28792,34.49771],[-119.28925,34.49735],[-119.28954,34.49736],[-119.28983,34.49741],[-119.29014,34.49752],[-119.29067,34.49777],[-119.29086,34.49794],[-119.29095,34.49825],[-119.29108,34.49843],[-119.29154,34.49881],[-119.2916,34.499],[-119.29173,34.49914],[-119.29191,34.49923],[-119.292,34.49932],[-119.29201,34.49944],[-119.29189,34.49956],[-119.29176,34.49959],[-119.29144,34.49956],[-119.29104,34.49999]]}},{"type":"Feature","properties":{"name":"","c":"stream"},"geometry":{"type":"LineString","coordinates":[[-119.26909,34.49736],[-119.26875,34.49815]]}},{"type":"Feature","properties":{"name":"","c":"stream"},"geometry":{"type":"LineString","coordinates":[[-119.3383,34.49999],[-119.33802,34.4996],[-119.338,34.49933],[-119.33802,34.49908],[-119.33809,34.49877],[-119.33828,34.49839],[-119.3385,34.4981],[-119.33854,34.49796],[-119.33854,34.49787],[-119.33836,34.4975],[-119.33832,34.4973],[-119.33836,34.49712],[-119.33847,34.49699]]}},{"type":"Feature","properties":{"name":"Matilija Creek","c":"stream"},"geometry":{"type":"LineString","coordinates":[[-119.34,34.49758],[-119.33936,34.4973],[-119.33885,34.49728],[-119.33847,34.49699]]}},{"type":"Feature","properties":{"name":"Matilija Creek","c":"stream"},"geometry":{"type":"LineString","coordinates":[[-119.33946,34.49809],[-119.33892,34.49794],[-119.33849,34.49777]]}},{"type":"Feature","properties":{"name":"","c":"stream"},"geometry":{"type":"LineString","coordinates":[[-119.28927,34.49241],[-119.28941,34.49266],[-119.29012,34.49349],[-119.29062,34.4938],[-119.29146,34.49417],[-119.29229,34.49507],[-119.29247,34.49521],[-119.2926,34.49541],[-119.29284,34.49594],[-119.29316,34.49623],[-119.29337,34.49666],[-119.29353,34.49686],[-119.29408,34.49711],[-119.2943,34.49745],[-119.29453,34.49795],[-119.29469,34.49813],[-119.29484,34.49819],[-119.29503,34.49821],[-119.29572,34.49809],[-119.29728,34.4981],[-119.29758,34.49807],[-119.29783,34.498],[-119.29798,34.49791],[-119.29826,34.49783],[-119.29858,34.49779],[-119.2988,34.49788],[-119.29917,34.49816],[-119.29942,34.49825],[-119.29968,34.49826],[-119.29997,34.4982],[-119.30063,34.49792]]}},{"type":"Feature","properties":{"name":"Matilija Creek","c":"stream"},"geometry":{"type":"LineString","coordinates":[[-119.33847,34.49699],[-119.33818,34.49675],[-119.33799,34.49656],[-119.33778,34.49647],[-119.3373,34.49646],[-119.3367,34.49638],[-119.33602,34.49635],[-119.33563,34.4964],[-119.33531,34.4963],[-119.33498,34.49613],[-119.33448,34.49569],[-119.33371,34.49517]]}},{"type":"Feature","properties":{"name":"","c":"stream"},"geometry":{"type":"LineString","coordinates":[[-119.32966,34.49999],[-119.33049,34.49967],[-119.33037,34.49943],[-119.33034,34.4992],[-119.33043,34.49891],[-119.33043,34.49877],[-119.3303,34.49858],[-119.33001,34.49842],[-119.3294,34.49824],[-119.32897,34.49803],[-119.32881,34.4979],[-119.32875,34.49777],[-119.32874,34.49761],[-119.32904,34.49723],[-119.32909,34.49706],[-119.32908,34.49693],[-119.32901,34.49683],[-119.32878,34.49668],[-119.32813,34.49633],[-119.32786,34.49614],[-119.3277,34.49593],[-119.32757,34.49565],[-119.32747,34.49519],[-119.32709,34.49461],[-119.32682,34.49389],[-119.32683,34.49354],[-119.32692,34.49329],[-119.32723,34.49288],[-119.32723,34.49277],[-119.32714,34.49238]]}},{"type":"Feature","properties":{"name":"","c":"stream"},"geometry":{"type":"LineString","coordinates":[[-119.31972,34.49999],[-119.32022,34.49954],[-119.32008,34.49889],[-119.31981,34.49856],[-119.31923,34.49828],[-119.31904,34.49805],[-119.31899,34.49782],[-119.31885,34.49763],[-119.3184,34.49726],[-119.31804,34.49704],[-119.31751,34.49684],[-119.3168,34.49628],[-119.31648,34.49611],[-119.31592,34.49588],[-119.31557,34.49577],[-119.31531,34.49562],[-119.31465,34.49512],[-119.31446,34.49489],[-119.31448,34.49427],[-119.31442,34.4934],[-119.31457,34.49306],[-119.31484,34.49274],[-119.31556,34.49227]]}},{"type":"Feature","properties":{"name":"Matilija Creek","c":"stream"},"geometry":{"type":"LineString","coordinates":[[-119.33371,34.49517],[-119.3328,34.49468],[-119.33242,34.49452],[-119.33162,34.4944],[-119.33117,34.49414],[-119.33067,34.49406],[-119.33012,34.49409],[-119.32908,34.49389],[-119.32867,34.49369],[-119.32818,34.49312],[-119.32774,34.49276],[-119.32714,34.49238]]}},{"type":"Feature","properties":{"name":"","c":"stream"},"geometry":{"type":"LineString","coordinates":[[-119.25095,34.49707],[-119.25111,34.49694],[-119.25204,34.49663],[-119.25226,34.49651],[-119.25245,34.49634],[-119.25275,34.49593],[-119.25291,34.4955],[-119.253,34.49537],[-119.2533,34.49535],[-119.25346,34.49525],[-119.25394,34.49457],[-119.25423,34.49432],[-119.25483,34.4943],[-119.255,34.49427],[-119.25519,34.49416],[-119.25615,34.49319],[-119.25642,34.49271],[-119.25649,34.49245],[-119.25658,34.49232],[-119.25681,34.49222],[-119.25703,34.49204],[-119.25707,34.49192],[-119.25707,34.49166],[-119.25722,34.49152],[-119.25783,34.49112],[-119.25795,34.491],[-119.25802,34.49053],[-119.25886,34.49],[-119.25929,34.48978],[-119.25942,34.48962],[-119.25958,34.48922],[-119.25974,34.48911],[-119.25996,34.48901],[-119.26024,34.48871],[-119.26043,34.48857],[-119.26114,34.48833],[-119.26141,34.48833],[-119.26163,34.48836],[-119.26179,34.48833],[-119.26196,34.48821],[-119.26217,34.48814],[-119.26236,34.48813],[-119.26279,34.48824],[-119.26311,34.48828],[-119.26392,34.48827]]}},{"type":"Feature","properties":{"name":"Matilija Creek","c":"stream"},"geometry":{"type":"LineString","coordinates":[[-119.32071,34.49267],[-119.31996,34.49267],[-119.3197,34.4927],[-119.31894,34.49299],[-119.3186,34.49309],[-119.31823,34.49312],[-119.31735,34.49306],[-119.31643,34.49295],[-119.31612,34.49285],[-119.31574,34.49256],[-119.31556,34.49227],[-119.3157,34.49133]]}},{"type":"Feature","properties":{"name":"Matilija Creek","c":"stream"},"geometry":{"type":"LineString","coordinates":[[-119.32714,34.49238],[-119.3257,34.49238],[-119.32484,34.4923],[-119.32396,34.49187],[-119.32335,34.49176],[-119.32192,34.49196],[-119.32152,34.49262],[-119.32118,34.49267],[-119.32071,34.49267]]}},{"type":"Feature","properties":{"name":"","c":"stream"},"geometry":{"type":"LineString","coordinates":[[-119.3385,34.48849],[-119.33832,34.48893],[-119.33804,34.48909],[-119.33738,34.48929],[-119.33709,34.48947],[-119.33658,34.48993],[-119.3349,34.49124],[-119.33469,34.49145],[-119.33459,34.49171],[-119.33461,34.49195],[-119.33467,34.49224],[-119.33486,34.49276],[-119.33487,34.49298],[-119.33479,34.49318],[-119.33464,34.49332],[-119.33406,34.49367],[-119.33376,34.49396],[-119.33376,34.49413],[-119.33395,34.49453],[-119.33421,34.49475],[-119.33422,34.49485],[-119.33421,34.49495],[-119.33414,34.49505],[-119.33371,34.49517]]}},{"type":"Feature","properties":{"name":"North Fork Matilija Creek","c":"stream"},"geometry":{"type":"LineString","coordinates":[[-119.30063,34.49792],[-119.30071,34.49718],[-119.30082,34.49664],[-119.30091,34.49649],[-119.30106,34.49638],[-119.30153,34.4963],[-119.30205,34.49637],[-119.30256,34.49625],[-119.30345,34.49592],[-119.30472,34.49539],[-119.30527,34.49508],[-119.30543,34.49495],[-119.30552,34.49475],[-119.30552,34.4945],[-119.30543,34.49397],[-119.30543,34.4938],[-119.30547,34.49362],[-119.30589,34.49311],[-119.30614,34.4929],[-119.30639,34.49276],[-119.30672,34.4925],[-119.30679,34.49233],[-119.3068,34.49199],[-119.30674,34.49172],[-119.30663,34.49147],[-119.30651,34.49126],[-119.30633,34.49082],[-119.30589,34.49041],[-119.30582,34.49022],[-119.30584,34.49006],[-119.30626,34.48952],[-119.30629,34.48936],[-119.30622,34.4892],[-119.30533,34.48846],[-119.30525,34.48823],[-119.30532,34.48772],[-119.3052,34.48753],[-119.30474,34.48712],[-119.30432,34.48683],[-119.30422,34.48661],[-119.30387,34.48635],[-119.30377,34.48619],[-119.3035,34.4861],[-119.30337,34.48601],[-119.3026,34.48584],[-119.30238,34.48572],[-119.30203,34.48539],[-119.30189,34.48531],[-119.30147,34.48529],[-119.30087,34.48536],[-119.2997,34.48528]]}},{"type":"Feature","properties":{"name":"","c":"stream"},"geometry":{"type":"LineString","coordinates":[[-119.2681,34.49324],[-119.26814,34.49311],[-119.26806,34.49279],[-119.26809,34.49267],[-119.26835,34.49248],[-119.26843,34.49238],[-119.26846,34.49208],[-119.26842,34.49193],[-119.26827,34.49182],[-119.2679,34.49173],[-119.26765,34.49143],[-119.26746,34.49138],[-119.26724,34.49125],[-119.26714,34.49108],[-119.26714,34.49098],[-119.26717,34.49083],[-119.26736,34.49049],[-119.26735,34.49034],[-119.26719,34.4901],[-119.26694,34.48964],[-119.26675,34.48949],[-119.26648,34.48939],[-119.2655,34.48913],[-119.26533,34.48898],[-119.26444,34.48855],[-119.26423,34.48841],[-119.26411,34.48829],[-119.26392,34.48827]]}},{"type":"Feature","properties":{"name":"","c":"stream"},"geometry":{"type":"LineString","coordinates":[[-119.32912,34.48749],[-119.32858,34.48801],[-119.32846,34.48815],[-119.32841,34.48832],[-119.32838,34.48857],[-119.3284,34.48895],[-119.32827,34.4893],[-119.32828,34.4895],[-119.3284,34.48997],[-119.32838,34.49017],[-119.3283,34.49031],[-119.3283,34.49046],[-119.32838,34.49074],[-119.32837,34.49093],[-119.32824,34.49129],[-119.32768,34.49128],[-119.32713,34.49112],[-119.32664,34.49081],[-119.3259,34.49049],[-119.32527,34.49048],[-119.32459,34.49064],[-119.32426,34.49081],[-119.32387,34.4913],[-119.32347,34.49163],[-119.32335,34.49176]]}},{"type":"Feature","properties":{"name":"Matilija Creek","c":"stream"},"geometry":{"type":"LineString","coordinates":[[-119.3157,34.49133],[-119.31567,34.49112],[-119.31553,34.49092],[-119.31529,34.49071],[-119.31492,34.4903],[-119.31413,34.48978],[-119.31387,34.48967],[-119.31366,34.48962],[-119.31332,34.4896]]}},{"type":"Feature","properties":{"name":"Matilija Creek","c":"stream"},"geometry":{"type":"LineString","coordinates":[[-119.31332,34.4896],[-119.3098,34.48715],[-119.30868,34.48478]]}},{"type":"Feature","properties":{"name":"Matilija Lake","c":"water"},"geometry":{"type":"Polygon","coordinates":[[[-119.30868,34.4838],[-119.30884,34.48382],[-119.30924,34.48363],[-119.30943,34.48358],[-119.30939,34.48363],[-119.30941,34.48372],[-119.30948,34.48372],[-119.30948,34.48403],[-119.30952,34.48405],[-119.30954,34.48411],[-119.30951,34.48415],[-119.30952,34.48428],[-119.3096,34.48435],[-119.30959,34.48443],[-119.30957,34.48446],[-119.30952,34.48444],[-119.3095,34.4845],[-119.30952,34.48455],[-119.30951,34.4846],[-119.30934,34.48485],[-119.30946,34.485],[-119.30952,34.48501],[-119.30952,34.48526],[-119.30957,34.48529],[-119.30965,34.48546],[-119.30984,34.48552],[-119.30994,34.48552],[-119.31003,34.48547],[-119.31022,34.4855],[-119.31019,34.48553],[-119.31024,34.48559],[-119.31023,34.48565],[-119.31027,34.48568],[-119.31019,34.48577],[-119.31028,34.48577],[-119.3103,34.48582],[-119.31036,34.4858],[-119.31051,34.48588],[-119.3106,34.48589],[-119.31064,34.48599],[-119.31073,34.48601],[-119.31076,34.48607],[-119.31085,34.48611],[-119.31093,34.48646],[-119.31103,34.48649],[-119.31103,34.48652],[-119.31108,34.48656],[-119.31111,34.48666],[-119.31109,34.48667],[-119.31129,34.48674],[-119.31127,34.48679],[-119.31138,34.48685],[-119.31132,34.48709],[-119.31135,34.48715],[-119.3116,34.48732],[-119.31169,34.48754],[-119.31169,34.4876],[-119.31166,34.48756],[-119.31157,34.48756],[-119.31123,34.48766],[-119.31123,34.4877],[-119.31136,34.48785],[-119.31135,34.48792],[-119.31131,34.48795],[-119.31133,34.48805],[-119.31131,34.48812],[-119.311,34.48813],[-119.31095,34.48833],[-119.311,34.48843],[-119.31093,34.48842],[-119.31093,34.48838],[-119.31082,34.48831],[-119.31072,34.48829],[-119.3106,34.48834],[-119.31069,34.48838],[-119.31063,34.48842],[-119.31065,34.48845],[-119.31057,34.48846],[-119.31063,34.48856],[-119.31054,34.48858],[-119.31048,34.48864],[-119.31058,34.48871],[-119.31051,34.48881],[-119.31052,34.48884],[-119.31047,34.48887],[-119.31048,34.48892],[-119.31042,34.48896],[-119.31042,34.48903],[-119.31048,34.48905],[-119.31042,34.48908],[-119.31014,34.48908],[-119.31012,34.48914],[-119.31014,34.48918],[-119.31005,34.48923],[-119.31006,34.48926],[-119.30998,34.48931],[-119.30998,34.48935],[-119.31012,34.48935],[-119.3102,34.48945],[-119.31012,34.48952],[-119.31017,34.48954],[-119.31014,34.48957],[-119.31016,34.48961],[-119.31001,34.48948],[-119.30995,34.48951],[-119.3101,34.48965],[-119.31008,34.48978],[-119.31002,34.48981],[-119.31001,34.48986],[-119.31006,34.48996],[-119.31018,34.48992],[-119.31019,34.48996],[-119.31012,34.48999],[-119.31013,34.49001],[-119.31024,34.49003],[-119.31035,34.49014],[-119.3104,34.49014],[-119.31038,34.49017],[-119.31041,34.49019],[-119.31056,34.49023],[-119.31054,34.49028],[-119.31066,34.49039],[-119.31063,34.49041],[-119.31064,34.49046],[-119.31068,34.49047],[-119.31071,34.49044],[-119.31076,34.49046],[-119.31071,34.49049],[-119.31077,34.49051],[-119.31073,34.49056],[-119.31084,34.49061],[-119.31091,34.4906],[-119.3109,34.49068],[-119.31095,34.49067],[-119.31095,34.49075],[-119.31081,34.49073],[-119.3106,34.49061],[-119.31054,34.4905],[-119.31042,34.49052],[-119.31039,34.4905],[-119.31039,34.49043],[-119.31031,34.49041],[-119.31024,34.49032],[-119.3103,34.49032],[-119.31019,34.49027],[-119.30999,34.49002],[-119.30991,34.48988],[-119.30994,34.48983],[-119.30991,34.48969],[-119.30987,34.48969],[-119.30986,34.48965],[-119.30965,34.48957],[-119.30946,34.48958],[-119.30945,34.48962],[-119.30935,34.48963],[-119.30899,34.48945],[-119.309,34.48942],[-119.3089,34.4893],[-119.30891,34.48926],[-119.30872,34.48905],[-119.3087,34.48898],[-119.30864,34.48896],[-119.30858,34.48887],[-119.30855,34.48879],[-119.3086,34.48873],[-119.30835,34.48806],[-119.3083,34.48775],[-119.30835,34.48768],[-119.30832,34.48759],[-119.30836,34.48756],[-119.30834,34.48749],[-119.30842,34.48739],[-119.30845,34.48727],[-119.30853,34.48717],[-119.30865,34.48714],[-119.30865,34.48709],[-119.3087,34.48705],[-119.30867,34.48696],[-119.30872,34.48687],[-119.30868,34.48674],[-119.30877,34.48663],[-119.30877,34.48648],[-119.3087,34.48645],[-119.30859,34.4863],[-119.30856,34.48604],[-119.30854,34.48595],[-119.30849,34.48593],[-119.30848,34.48578],[-119.30851,34.48574],[-119.30849,34.4857],[-119.30843,34.48568],[-119.30843,34.48562],[-119.3084,34.48563],[-119.30836,34.48558],[-119.30842,34.48541],[-119.30836,34.48528],[-119.30837,34.48522],[-119.30826,34.48516],[-119.30823,34.48518],[-119.308,34.48517],[-119.30827,34.48507],[-119.30844,34.48497],[-119.30854,34.48488],[-119.30872,34.4846],[-119.30876,34.48445],[-119.30876,34.48417],[-119.30862,34.48384],[-119.30868,34.4838]]]}},{"type":"Feature","properties":{"name":"","c":"stream"},"geometry":{"type":"LineString","coordinates":[[-119.26392,34.48827],[-119.26402,34.48766],[-119.26385,34.48726],[-119.26404,34.48656],[-119.26423,34.48558],[-119.26424,34.48534]]}},{"type":"Feature","properties":{"name":"","c":"stream"},"geometry":{"type":"LineString","coordinates":[[-119.27901,34.49074],[-119.27921,34.49055],[-119.27945,34.49017],[-119.27959,34.4895],[-119.27968,34.4893],[-119.28021,34.48854],[-119.28032,34.48829],[-119.28043,34.48789],[-119.28045,34.48724],[-119.28036,34.48594],[-119.28085,34.48469],[-119.28082,34.48448],[-119.28053,34.48385],[-119.28055,34.48368],[-119.28065,34.48363],[-119.28082,34.48344],[-119.28088,34.48332],[-119.28088,34.4832],[-119.28081,34.48294],[-119.28107,34.48249],[-119.28149,34.48194],[-119.28156,34.48163],[-119.28153,34.48139]]}},{"type":"Feature","properties":{"name":"","c":"stream"},"geometry":{"type":"LineString","coordinates":[[-119.32541,34.48001],[-119.32539,34.48051],[-119.32534,34.48074],[-119.32505,34.48139],[-119.32494,34.48171],[-119.32483,34.48234],[-119.32464,34.48294],[-119.32442,34.4834],[-119.32431,34.48352],[-119.32414,34.48363],[-119.32402,34.48377],[-119.32396,34.48392],[-119.32396,34.48412],[-119.32408,34.4845],[-119.32409,34.48482],[-119.32396,34.48524],[-119.32395,34.48562],[-119.32388,34.48577],[-119.32376,34.48592],[-119.32311,34.48634],[-119.32279,34.4864],[-119.32254,34.48651],[-119.32203,34.48688],[-119.32191,34.48703],[-119.32184,34.48732],[-119.32181,34.48781],[-119.32158,34.48853],[-119.32145,34.48878],[-119.32087,34.48933],[-119.32071,34.48988],[-119.32068,34.49041],[-119.32073,34.49065],[-119.32094,34.49123],[-119.32099,34.49157],[-119.32093,34.49211],[-119.32084,34.49244],[-119.32071,34.49267]]}},{"type":"Feature","properties":{"name":"","c":"stream"},"geometry":{"type":"LineString","coordinates":[[-119.34,34.4878],[-119.33942,34.48824],[-119.33872,34.4884],[-119.3385,34.48849]]}},{"type":"Feature","properties":{"name":"","c":"stream"},"geometry":{"type":"LineString","coordinates":[[-119.33586,34.48237],[-119.33578,34.48297],[-119.3357,34.48318],[-119.33554,34.48344],[-119.33477,34.48427],[-119.3342,34.48471],[-119.33395,34.48486],[-119.33333,34.48533],[-119.33295,34.48554],[-119.33154,34.48592],[-119.33027,34.48634],[-119.32998,34.48647],[-119.32964,34.48668],[-119.32954,34.48688],[-119.32953,34.48713],[-119.32946,34.48727],[-119.32929,34.48743],[-119.32912,34.48749]]}},{"type":"Feature","properties":{"name":"","c":"stream"},"geometry":{"type":"LineString","coordinates":[[-119.33964,34.48182],[-119.33969,34.4828],[-119.33967,34.48343],[-119.33963,34.48366],[-119.3395,34.48396],[-119.33918,34.48438],[-119.33908,34.48465],[-119.33892,34.48539],[-119.33873,34.48584],[-119.3387,34.48605],[-119.33875,34.48625],[-119.33895,34.48661],[-119.33897,34.48671],[-119.33876,34.48702],[-119.33861,34.48765],[-119.3385,34.48849]]}},{"type":"Feature","properties":{"name":"","c":"stream"},"geometry":{"type":"LineString","coordinates":[[-119.2729,34.48934],[-119.27305,34.48915],[-119.27332,34.48868],[-119.27353,34.48807],[-119.2738,34.48777],[-119.27428,34.48706],[-119.27473,34.48661],[-119.27525,34.48625],[-119.27557,34.48587],[-119.27564,34.48585],[-119.27572,34.48569],[-119.27588,34.48548],[-119.27604,34.48518],[-119.27618,34.48499],[-119.27708,34.48404],[-119.27741,34.48385],[-119.2781,34.48356],[-119.2783,34.48334],[-119.27831,34.48325],[-119.27844,34.48313],[-119.27858,34.48304],[-119.2794,34.4827],[-119.27961,34.48257],[-119.28013,34.48237],[-119.28037,34.48224],[-119.28108,34.48179],[-119.28153,34.48139]]}},{"type":"Feature","properties":{"name":"Matilija Creek","c":"stream"},"geometry":{"type":"LineString","coordinates":[[-119.30868,34.48478],[-119.30811,34.48426],[-119.30792,34.48412],[-119.30692,34.4839],[-119.30663,34.48379],[-119.30647,34.48363],[-119.30634,34.48344],[-119.30621,34.48318],[-119.30605,34.483],[-119.30581,34.48282],[-119.30557,34.48273],[-119.3053,34.4827],[-119.30481,34.48279],[-119.30414,34.48307],[-119.30385,34.48312],[-119.30346,34.48307],[-119.30283,34.48289],[-119.30246,34.48286],[-119.30205,34.48294],[-119.30163,34.4832],[-119.30147,34.4834],[-119.30105,34.48407],[-119.30045,34.48489],[-119.30012,34.4851],[-119.2997,34.48528]]}},{"type":"Feature","properties":{"name":"","c":"stream"},"geometry":{"type":"LineString","coordinates":[[-119.28245,34.48907],[-119.28252,34.48887],[-119.28287,34.48835],[-119.28309,34.48808],[-119.2837,34.48748],[-119.28404,34.48704],[-119.28418,34.48679],[-119.28441,34.48606],[-119.28476,34.48569],[-119.28515,34.4854],[-119.28529,34.48539],[-119.28597,34.4856],[-119.28616,34.48562],[-119.28666,34.48557],[-119.28679,34.48561],[-119.28709,34.48583],[-119.28722,34.48587],[-119.2874,34.48588],[-119.28808,34.48582],[-119.28825,34.48576],[-119.28841,34.48565],[-119.28851,34.48547],[-119.2886,34.48495],[-119.28888,34.48429],[-119.28893,34.48368],[-119.28906,34.48344],[-119.28951,34.48277],[-119.2897,34.48256],[-119.28991,34.48243],[-119.29034,34.48206],[-119.29056,34.48194],[-119.29082,34.48187],[-119.29135,34.48199],[-119.29228,34.48159],[-119.29295,34.48096],[-119.29297,34.48085],[-119.29287,34.48055],[-119.29288,34.48024],[-119.2928,34.47992],[-119.29251,34.47924],[-119.29249,34.47866]]}},{"type":"Feature","properties":{"name":"","c":"stream"},"geometry":{"type":"LineString","coordinates":[[-119.26424,34.48534],[-119.26401,34.48485],[-119.26402,34.48467],[-119.2643,34.48389],[-119.2646,34.48318],[-119.26479,34.48228],[-119.26487,34.48205],[-119.26513,34.4816],[-119.26545,34.48117],[-119.26591,34.48057],[-119.2662,34.48031]]}},{"type":"Feature","properties":{"name":"","c":"stream"},"geometry":{"type":"LineString","coordinates":[[-119.33039,34.48011],[-119.33039,34.48104],[-119.33032,34.48158],[-119.33017,34.48236],[-119.33015,34.48301],[-119.33009,34.48347],[-119.32972,34.48479],[-119.32925,34.48555],[-119.32886,34.48633],[-119.32882,34.48652],[-119.32884,34.48671],[-119.32916,34.48738],[-119.32912,34.48749]]}},{"type":"Feature","properties":{"name":"","c":"stream"},"geometry":{"type":"LineString","coordinates":[[-119.31988,34.47658],[-119.31985,34.47733],[-119.31971,34.47812],[-119.31973,34.47891],[-119.31966,34.47904],[-119.31969,34.4794],[-119.31965,34.47955],[-119.31932,34.47986],[-119.31923,34.48001],[-119.31911,34.48065],[-119.31899,34.48095],[-119.31891,34.48158],[-119.31883,34.48175],[-119.31883,34.48191],[-119.31888,34.48215],[-119.31886,34.48228],[-119.31867,34.48275],[-119.31858,34.48314],[-119.31857,34.48342],[-119.31848,34.48389],[-119.31852,34.48454],[-119.31849,34.48516],[-119.31851,34.48576],[-119.31836,34.48645],[-119.31827,34.48669],[-119.31814,34.48688],[-119.31779,34.48724],[-119.31759,34.48741],[-119.31704,34.48772],[-119.31677,34.48791],[-119.31654,34.48822],[-119.31646,34.48842],[-119.31646,34.48858],[-119.31652,34.48879],[-119.31669,34.48917],[-119.31669,34.48933],[-119.31654,34.48972],[-119.31643,34.4901],[-119.31641,34.4903],[-119.3164,34.4906],[-119.31651,34.491],[-119.31652,34.49116],[-119.31644,34.49125],[-119.31623,34.49133],[-119.3157,34.49133]]}},{"type":"Feature","properties":{"name":"Ventura River","c":"river"},"geometry":{"type":"LineString","coordinates":[[-119.2997,34.48528],[-119.29909,34.48527],[-119.29881,34.48518],[-119.29852,34.48499],[-119.29826,34.48475],[-119.29804,34.48446],[-119.29789,34.48417],[-119.29749,34.48354],[-119.2973,34.48337],[-119.29708,34.4831],[-119.29574,34.48262],[-119.2954,34.48245],[-119.29495,34.4824],[-119.2943,34.48221],[-119.29397,34.48196],[-119.29347,34.48133],[-119.29326,34.48095],[-119.29324,34.48069],[-119.29327,34.48049],[-119.29287,34.47965],[-119.29273,34.47893],[-119.29249,34.47866],[-119.29242,34.47837],[-119.29222,34.47782],[-119.29209,34.477],[-119.29186,34.47643]]}},{"type":"Feature","properties":{"name":"","c":"stream"},"geometry":{"type":"LineString","coordinates":[[-119.26576,34.48046],[-119.2662,34.48031]]}},{"type":"Feature","properties":{"name":"","c":"stream"},"geometry":{"type":"LineString","coordinates":[[-119.28153,34.48139],[-119.28169,34.48123],[-119.28196,34.48106],[-119.28254,34.48074],[-119.28287,34.48061],[-119.2833,34.48038],[-119.28349,34.48033],[-119.28362,34.48033],[-119.2842,34.48052],[-119.28433,34.48051],[-119.28468,34.4804],[-119.28513,34.47996],[-119.28526,34.47993],[-119.28565,34.47996],[-119.28613,34.47976],[-119.28682,34.47965],[-119.28696,34.47955],[-119.28735,34.47938],[-119.28744,34.4793],[-119.28753,34.4791],[-119.28766,34.47897],[-119.28799,34.47878],[-119.28814,34.47877],[-119.28832,34.47879],[-119.28847,34.47887],[-119.28858,34.47899],[-119.28883,34.47913],[-119.28896,34.47914],[-119.28927,34.47903],[-119.28959,34.479],[-119.28996,34.47862],[-119.29001,34.47847],[-119.29019,34.47844],[-119.29032,34.47847],[-119.29046,34.47866],[-119.2907,34.47883],[-119.29098,34.47887],[-119.29111,34.47886],[-119.29122,34.47867],[-119.29151,34.47863],[-119.29165,34.47872],[-119.29184,34.47868],[-119.29199,34.4786],[-119.29227,34.47856],[-119.29249,34.47866]]}},{"type":"Feature","properties":{"name":"","c":"stream"},"geometry":{"type":"LineString","coordinates":[[-119.25195,34.48588],[-119.25208,34.48582],[-119.25219,34.48567],[-119.25233,34.48564],[-119.2526,34.48565],[-119.25267,34.48557],[-119.25268,34.4855],[-119.25261,34.48527],[-119.25259,34.48497],[-119.25265,34.48476],[-119.25288,34.48438],[-119.25293,34.48397],[-119.25307,34.48365],[-119.25297,34.48331],[-119.253,34.48272],[-119.25314,34.48184],[-119.25314,34.48144],[-119.25326,34.4809],[-119.25351,34.48027],[-119.25387,34.47902],[-119.25443,34.47815],[-119.25456,34.47792],[-119.25464,34.47767],[-119.25468,34.47743],[-119.25465,34.47691],[-119.25468,34.47636],[-119.25488,34.47581],[-119.2549,34.47565],[-119.2548,34.47541],[-119.25484,34.47518],[-119.25506,34.47485],[-119.2554,34.47471],[-119.25546,34.47453],[-119.25548,34.47428],[-119.25546,34.47402],[-119.25533,34.47377],[-119.25512,34.47363],[-119.25478,34.47348],[-119.25438,34.47335],[-119.25401,34.47329],[-119.25381,34.47321],[-119.25288,34.47258],[-119.25277,34.47238],[-119.25278,34.47224]]}},{"type":"Feature","properties":{"name":"","c":"stream"},"geometry":{"type":"LineString","coordinates":[[-119.2662,34.48031],[-119.26668,34.4799],[-119.26685,34.47923],[-119.26703,34.47817],[-119.26717,34.4778],[-119.26775,34.4768],[-119.26798,34.47615],[-119.26801,34.47595],[-119.26809,34.47578],[-119.26827,34.4756],[-119.26846,34.47548],[-119.26888,34.4753],[-119.26949,34.47485]]}},{"type":"Feature","properties":{"name":"","c":"stream"},"geometry":{"type":"LineString","coordinates":[[-119.27093,34.47603],[-119.2711,34.47578],[-119.27117,34.47562],[-119.27156,34.47535],[-119.27161,34.47503],[-119.27157,34.47475],[-119.2716,34.47432]]}},{"type":"Feature","properties":{"name":"","c":"stream"},"geometry":{"type":"LineString","coordinates":[[-119.25818,34.47378],[-119.25946,34.47419],[-119.25974,34.47431],[-119.25999,34.47453],[-119.26063,34.47485],[-119.26114,34.47525],[-119.26137,34.47535],[-119.26212,34.47534],[-119.26266,34.47551],[-119.26335,34.47566],[-119.2636,34.47569],[-119.26411,34.47566],[-119.2645,34.47577],[-119.26536,34.47606],[-119.26591,34.47606],[-119.26616,34.47597],[-119.26661,34.47571],[-119.26714,34.47535],[-119.26762,34.47515],[-119.26829,34.47498],[-119.26925,34.47491],[-119.26949,34.47485]]}},{"type":"Feature","properties":{"name":"Ventura River","c":"river"},"geometry":{"type":"LineString","coordinates":[[-119.29186,34.47643],[-119.29173,34.47601],[-119.2913,34.47533],[-119.29085,34.47471],[-119.29065,34.47425],[-119.29056,34.47379],[-119.29061,34.47342],[-119.29066,34.47264],[-119.29065,34.47201]]}},{"type":"Feature","properties":{"name":"","c":"stream"},"geometry":{"type":"LineString","coordinates":[[-119.31464,34.47245],[-119.31415,34.47252],[-119.31375,34.47262],[-119.31319,34.47286],[-119.3127,34.47297],[-119.31258,34.47304],[-119.31228,34.47343],[-119.31219,34.4735],[-119.31201,34.47354],[-119.31149,34.47338],[-119.31132,34.4734],[-119.31096,34.47362],[-119.31072,34.4739],[-119.31063,34.47396],[-119.31007,34.47416],[-119.30942,34.4743],[-119.30905,34.47442],[-119.30821,34.47497],[-119.30804,34.47517],[-119.30758,34.47557],[-119.30681,34.47613],[-119.30652,34.47641],[-119.30637,34.47647],[-119.3061,34.47649],[-119.30584,34.47646],[-119.3051,34.47647],[-119.30428,34.47633],[-119.30407,34.47634],[-119.30351,34.47658],[-119.30331,34.47663]]}},{"type":"Feature","properties":{"name":"","c":"stream"},"geometry":{"type":"LineString","coordinates":[[-119.30331,34.47663],[-119.30243,34.47646],[-119.30182,34.47587],[-119.30129,34.47561],[-119.30119,34.47547],[-119.3008,34.47522],[-119.30016,34.47491],[-119.29989,34.47471],[-119.29958,34.47441],[-119.29925,34.47418],[-119.29903,34.4741],[-119.29834,34.474],[-119.29802,34.47391],[-119.29758,34.47371],[-119.29739,34.47359],[-119.29713,34.4735],[-119.29661,34.47322],[-119.29591,34.473]]}},{"type":"Feature","properties":{"name":"","c":"stream"},"geometry":{"type":"LineString","coordinates":[[-119.29591,34.473],[-119.29583,34.47297]]}},{"type":"Feature","properties":{"name":"","c":"stream"},"geometry":{"type":"LineString","coordinates":[[-119.29583,34.47297],[-119.29509,34.47269],[-119.29482,34.47265],[-119.2945,34.47253]]}},{"type":"Feature","properties":{"name":"","c":"stream"},"geometry":{"type":"LineString","coordinates":[[-119.2945,34.47253],[-119.29426,34.47262],[-119.2936,34.47314],[-119.29326,34.47332],[-119.29291,34.47343],[-119.29257,34.47345],[-119.29213,34.47328],[-119.2918,34.47325],[-119.29154,34.47315],[-119.29139,34.47299],[-119.29129,34.47236],[-119.2912,34.4722],[-119.29114,34.47215]]}},{"type":"Feature","properties":{"name":"","c":"stream"},"geometry":{"type":"LineString","coordinates":[[-119.29114,34.47215],[-119.29105,34.47212]]}},{"type":"Feature","properties":{"name":"","c":"stream"},"geometry":{"type":"LineString","coordinates":[[-119.29105,34.47212],[-119.29086,34.47214],[-119.29065,34.47201]]}},{"type":"Feature","properties":{"name":"","c":"stream"},"geometry":{"type":"LineString","coordinates":[[-119.26949,34.47485],[-119.27013,34.47445],[-119.27029,34.47438],[-119.27054,34.47432],[-119.2709,34.47432],[-119.27121,34.47435],[-119.27164,34.47432],[-119.27225,34.4742],[-119.27247,34.47406],[-119.27264,34.4739],[-119.27282,34.47366],[-119.27308,34.47343],[-119.27315,34.47323],[-119.27356,34.47271],[-119.27403,34.47233],[-119.27419,34.47215],[-119.27485,34.47157],[-119.27509,34.47146],[-119.27544,34.47137],[-119.27621,34.47108],[-119.27636,34.47097],[-119.27746,34.47039],[-119.27798,34.46991],[-119.27813,34.46983],[-119.27843,34.46981],[-119.27884,34.46993],[-119.2791,34.47004],[-119.27936,34.47006],[-119.27961,34.46999],[-119.27998,34.46984],[-119.28024,34.46986],[-119.28046,34.46996],[-119.28084,34.47023],[-119.28106,34.47027],[-119.2813,34.47023],[-119.28146,34.47014],[-119.28165,34.46994],[-119.28168,34.46973],[-119.28177,34.46957],[-119.28194,34.46941],[-119.28217,34.46931]]}},{"type":"Feature","properties":{"name":"","c":"stream"},"geometry":{"type":"LineString","coordinates":[[-119.30789,34.46719],[-119.30763,34.46715],[-119.30721,34.46694],[-119.307,34.46696],[-119.30634,34.46714],[-119.30447,34.46793],[-119.30411,34.46814],[-119.3037,34.46847],[-119.30296,34.4688],[-119.30248,34.46909],[-119.30228,34.46926],[-119.30211,34.46932],[-119.30161,34.46931],[-119.30143,34.4694],[-119.30095,34.46992],[-119.30089,34.47007],[-119.30092,34.4703],[-119.30089,34.47055],[-119.30076,34.47068],[-119.30021,34.47101],[-119.29966,34.47118],[-119.29941,34.47132],[-119.29902,34.47137],[-119.29873,34.47146],[-119.29852,34.47154],[-119.29819,34.47176],[-119.29801,34.47183],[-119.29752,34.47185],[-119.29712,34.47177],[-119.29691,34.47178],[-119.29672,34.47194],[-119.29661,34.47212],[-119.29643,34.47224],[-119.29627,34.47226],[-119.29585,34.47217],[-119.29564,34.47217],[-119.29516,34.47225],[-119.29493,34.4724],[-119.2945,34.47253]]}},{"type":"Feature","properties":{"name":"Ventura River","c":"river"},"geometry":{"type":"LineString","coordinates":[[-119.29065,34.47201],[-119.29024,34.47085],[-119.29012,34.47038],[-119.29019,34.46959],[-119.29028,34.46922],[-119.29031,34.46845],[-119.29022,34.4678],[-119.29014,34.46762],[-119.29006,34.46721]]}},{"type":"Feature","properties":{"name":"","c":"stream"},"geometry":{"type":"LineString","coordinates":[[-119.27064,34.47174],[-119.271,34.47179],[-119.27181,34.47181],[-119.27237,34.4717],[-119.27245,34.47167],[-119.27258,34.47154],[-119.27266,34.47144],[-119.2729,34.47089],[-119.2729,34.47079],[-119.27274,34.47025],[-119.27274,34.47012],[-119.27279,34.46994],[-119.27298,34.46955],[-119.27295,34.46905],[-119.27286,34.46863],[-119.2728,34.46808],[-119.27287,34.46773],[-119.273,34.46755],[-119.27315,34.46745],[-119.27382,34.4671],[-119.27418,34.46686],[-119.27551,34.46563],[-119.27605,34.46528]]}},{"type":"Feature","properties":{"name":"","c":"stream"},"geometry":{"type":"LineString","coordinates":[[-119.32422,34.46901],[-119.324,34.46901],[-119.32354,34.46911],[-119.32207,34.46925],[-119.32172,34.46924],[-119.32145,34.46917],[-119.32116,34.46904],[-119.32084,34.46868],[-119.3207,34.46856],[-119.31989,34.46817],[-119.31921,34.46793],[-119.31894,34.46775],[-119.31851,34.46721],[-119.31819,34.46702],[-119.31747,34.46681],[-119.31658,34.46668],[-119.31632,34.4666],[-119.31561,34.46611],[-119.31532,34.46605],[-119.31417,34.46612],[-119.31387,34.46611],[-119.31336,34.46594],[-119.31308,34.46591],[-119.31222,34.46614],[-119.31191,34.46624],[-119.31144,34.46648],[-119.31108,34.46662],[-119.31059,34.46674],[-119.31021,34.46681],[-119.31001,34.46677],[-119.3098,34.46665],[-119.30966,34.46664],[-119.30953,34.46676],[-119.30946,34.46689],[-119.3094,34.46691],[-119.30929,34.46688],[-119.3092,34.46679],[-119.30901,34.46677],[-119.30877,34.46685],[-119.3084,34.46707],[-119.30818,34.46716],[-119.30789,34.46719]]}},{"type":"Feature","properties":{"name":"Ventura River","c":"river"},"geometry":{"type":"LineString","coordinates":[[-119.29006,34.46721],[-119.29,34.46684]]}},{"type":"Feature","properties":{"name":"","c":"stream"},"geometry":{"type":"LineString","coordinates":[[-119.25972,34.47179],[-119.25967,34.47164],[-119.2597,34.47139],[-119.25938,34.47021],[-119.2594,34.46994],[-119.25944,34.46975],[-119.25972,34.46904],[-119.2598,34.46839],[-119.25993,34.46793],[-119.26012,34.46705],[-119.26009,34.46684],[-119.25998,34.46638],[-119.25998,34.46612],[-119.26022,34.46549],[-119.26041,34.46529],[-119.26053,34.4651],[-119.26059,34.46483],[-119.26069,34.4646],[-119.26121,34.46425],[-119.26148,34.46426],[-119.26173,34.46421],[-119.26208,34.46403],[-119.26231,34.46401],[-119.26269,34.46405],[-119.26289,34.46416],[-119.26312,34.46422],[-119.26333,34.46421],[-119.26347,34.46416],[-119.26368,34.46388],[-119.26374,34.46371],[-119.26409,34.46338],[-119.26439,34.46338],[-119.2645,34.4633],[-119.26469,34.46328],[-119.26505,34.46304],[-119.26529,34.46293],[-119.26558,34.46275],[-119.26593,34.4625],[-119.26663,34.46215],[-119.26695,34.46205],[-119.26705,34.46186],[-119.2671,34.46165]]}},{"type":"Feature","properties":{"name":"Ventura River","c":"stream"},"geometry":{"type":"LineString","coordinates":[[-119.29,34.46684],[-119.29002,34.46604],[-119.29011,34.46563]]}},{"type":"Feature","properties":{"name":"","c":"water"},"geometry":{"type":"Polygon","coordinates":[[[-119.28926,34.46548],[-119.28927,34.46521],[-119.2893,34.46509],[-119.28979,34.46505],[-119.29033,34.46506],[-119.29039,34.46503],[-119.29039,34.46496],[-119.29061,34.46496],[-119.2907,34.46509],[-119.29067,34.46511],[-119.29074,34.46529],[-119.29072,34.46542],[-119.29057,34.46544],[-119.29044,34.46569],[-119.29038,34.46588],[-119.29035,34.46635],[-119.29028,34.46673],[-119.29006,34.46721],[-119.28962,34.46689],[-119.28943,34.46633],[-119.28926,34.46548]]]}},{"type":"Feature","properties":{"name":"","c":"stream"},"geometry":{"type":"LineString","coordinates":[[-119.28217,34.46931],[-119.28269,34.46925],[-119.28347,34.46906],[-119.28372,34.46907],[-119.28424,34.46897],[-119.28438,34.46888],[-119.28492,34.46881],[-119.2851,34.4687],[-119.28547,34.46832],[-119.28563,34.46806],[-119.28613,34.46772],[-119.2865,34.46727],[-119.28658,34.46709],[-119.2867,34.46667],[-119.287,34.4662],[-119.28709,34.466],[-119.28709,34.46587],[-119.28693,34.4657],[-119.28661,34.46551],[-119.28616,34.46517],[-119.28602,34.46492],[-119.28584,34.46434],[-119.28579,34.46376],[-119.28566,34.46307],[-119.28565,34.46259],[-119.28551,34.46192],[-119.28548,34.46166],[-119.28551,34.46144]]}},{"type":"Feature","properties":{"name":"Ventura River","c":"stream"},"geometry":{"type":"LineString","coordinates":[[-119.29021,34.46538],[-119.29048,34.46496]]}},{"type":"Feature","properties":{"name":"","c":"stream"},"geometry":{"type":"LineString","coordinates":[[-119.29021,34.46538],[-119.29066,34.46504]]}},{"type":"Feature","properties":{"name":"Ventura River","c":"stream"},"geometry":{"type":"LineString","coordinates":[[-119.29011,34.46563],[-119.29021,34.46538]]}},{"type":"Feature","properties":{"name":"","c":"stream"},"geometry":{"type":"LineString","coordinates":[[-119.334,34.47354],[-119.33387,34.47314],[-119.33392,34.47296],[-119.33389,34.47281],[-119.33371,34.47239],[-119.33359,34.47165],[-119.33365,34.47134],[-119.33392,34.47084],[-119.33396,34.47064],[-119.334,34.46979],[-119.3339,34.46926],[-119.33367,34.4687],[-119.33344,34.46801],[-119.33332,34.46777],[-119.33317,34.46758],[-119.33299,34.46741],[-119.33238,34.46698],[-119.3322,34.46671],[-119.33184,34.46649],[-119.33166,34.46634],[-119.33162,34.46624],[-119.33162,34.46611],[-119.33174,34.46581],[-119.33193,34.46551],[-119.33198,34.46535],[-119.33197,34.46518],[-119.33186,34.46505],[-119.33179,34.46488],[-119.33192,34.46467],[-119.33202,34.46459],[-119.33207,34.46449],[-119.33204,34.46437],[-119.33186,34.46406],[-119.33183,34.46388],[-119.33191,34.46352],[-119.33189,34.46304],[-119.33166,34.46226],[-119.33155,34.46196],[-119.33144,34.46147],[-119.33145,34.46111],[-119.33154,34.46089],[-119.33171,34.46065],[-119.33178,34.46048],[-119.33165,34.46],[-119.33171,34.45952]]}},{"type":"Feature","properties":{"name":"","c":"stream"},"geometry":{"type":"LineString","coordinates":[[-119.27739,34.46462],[-119.27798,34.4644]]}},{"type":"Feature","properties":{"name":"","c":"water"},"geometry":{"type":"Polygon","coordinates":[[[-119.27609,34.4651],[-119.27625,34.465],[-119.27666,34.4648],[-119.2771,34.46449],[-119.2772,34.46447],[-119.27734,34.46454],[-119.27757,34.46499],[-119.27753,34.46509],[-119.27744,34.46517],[-119.27683,34.46541],[-119.27663,34.46545],[-119.27628,34.46545],[-119.27615,34.46538],[-119.27605,34.46528],[-119.27604,34.4652],[-119.27609,34.4651]]]}},{"type":"Feature","properties":{"name":"","c":"stream"},"geometry":{"type":"LineString","coordinates":[[-119.27605,34.46528],[-119.27739,34.46462]]}},{"type":"Feature","properties":{"name":"","c":"stream"},"geometry":{"type":"LineString","coordinates":[[-119.27798,34.4644],[-119.27809,34.46433],[-119.27898,34.46414],[-119.27994,34.46381],[-119.28017,34.46376],[-119.28091,34.46346],[-119.28106,34.46336],[-119.28117,34.46323],[-119.28124,34.46275],[-119.28133,34.46256],[-119.28184,34.46221]]}},{"type":"Feature","properties":{"name":"","c":"stream"},"geometry":{"type":"LineString","coordinates":[[-119.28184,34.46221],[-119.28197,34.46204]]}},{"type":"Feature","properties":{"name":"","c":"stream"},"geometry":{"type":"LineString","coordinates":[[-119.30125,34.46462],[-119.30068,34.4635],[-119.30042,34.4634],[-119.30004,34.46302],[-119.29963,34.46214],[-119.29949,34.46204],[-119.2992,34.46205],[-119.29904,34.46191],[-119.29872,34.46188],[-119.29839,34.46164],[-119.29814,34.46136],[-119.29796,34.46121],[-119.29697,34.46097],[-119.29663,34.46082],[-119.29639,34.46061],[-119.29623,34.46051],[-119.29613,34.46022]]}},{"type":"Feature","properties":{"name":"Ventura River","c":"stream"},"geometry":{"type":"LineString","coordinates":[[-119.29048,34.46496],[-119.29048,34.46474],[-119.29042,34.46446],[-119.2905,34.46417],[-119.29049,34.46319],[-119.29036,34.46286],[-119.29047,34.46136],[-119.29039,34.46106],[-119.29056,34.46058]]}},{"type":"Feature","properties":{"name":"","c":"stream"},"geometry":{"type":"LineString","coordinates":[[-119.29983,34.46459],[-119.29967,34.46441],[-119.29961,34.46418],[-119.29935,34.46407],[-119.29921,34.46386],[-119.2989,34.46374],[-119.29866,34.46346],[-119.29856,34.46321],[-119.2983,34.46311],[-119.29815,34.46279],[-119.29798,34.46264],[-119.29737,34.46227],[-119.29723,34.46207],[-119.29668,34.46174],[-119.29648,34.46146],[-119.29625,34.46138],[-119.29617,34.46122]]}},{"type":"Feature","properties":{"name":"","c":"stream"},"geometry":{"type":"LineString","coordinates":[[-119.32194,34.46649],[-119.3217,34.466],[-119.32172,34.46576],[-119.32186,34.46515],[-119.32181,34.46507],[-119.32148,34.4649],[-119.32141,34.46477],[-119.32122,34.46466],[-119.32119,34.46458],[-119.3209,34.46455],[-119.32061,34.46436],[-119.3206,34.46395],[-119.32052,34.46368],[-119.32053,34.46344],[-119.32036,34.46294],[-119.32023,34.46267],[-119.3202,34.46239],[-119.32012,34.46207],[-119.32012,34.46186],[-119.31978,34.46162],[-119.31985,34.46118],[-119.31969,34.46107],[-119.31933,34.46044],[-119.31935,34.46019],[-119.31925,34.46001],[-119.31895,34.45985],[-119.31785,34.45906],[-119.31765,34.45887],[-119.31748,34.45861]]}},{"type":"Feature","properties":{"name":"","c":"stream"},"geometry":{"type":"LineString","coordinates":[[-119.31774,34.46316],[-119.31766,34.46252],[-119.31756,34.46207],[-119.31747,34.46131],[-119.31754,34.46034],[-119.31761,34.46018],[-119.31756,34.45991],[-119.31769,34.45961],[-119.31763,34.45935],[-119.3178,34.45901]]}},{"type":"Feature","properties":{"name":"","c":"stream"},"geometry":{"type":"LineString","coordinates":[[-119.28197,34.46204],[-119.28225,34.46193],[-119.28241,34.46179],[-119.28264,34.46149],[-119.28306,34.46126],[-119.28323,34.46099],[-119.28331,34.46095],[-119.28349,34.46104],[-119.28361,34.46104],[-119.28372,34.46099],[-119.28378,34.46086],[-119.28379,34.46061],[-119.28386,34.46048],[-119.28471,34.46035],[-119.28497,34.46035]]}},{"type":"Feature","properties":{"name":"","c":"stream"},"geometry":{"type":"LineString","coordinates":[[-119.29617,34.46122],[-119.29614,34.46115]]}},{"type":"Feature","properties":{"name":"","c":"stream"},"geometry":{"type":"LineString","coordinates":[[-119.28551,34.46144],[-119.28558,34.46127]]}},{"type":"Feature","properties":{"name":"","c":"canal"},"geometry":{"type":"LineString","coordinates":[[-119.29066,34.46504],[-119.291,34.46484],[-119.29158,34.46421],[-119.29176,34.464],[-119.29216,34.4633],[-119.2925,34.46211],[-119.29285,34.46163],[-119.29291,34.46141],[-119.29261,34.46036],[-119.29262,34.4601],[-119.29266,34.45998],[-119.29325,34.45907],[-119.29348,34.45889],[-119.29391,34.45867],[-119.29445,34.45857],[-119.29479,34.45864],[-119.29508,34.45881],[-119.29524,34.45885],[-119.29542,34.45885],[-119.29566,34.45879],[-119.29584,34.45865],[-119.29608,34.45826],[-119.29609,34.45815],[-119.29606,34.458]]}},{"type":"Feature","properties":{"name":"","c":"stream"},"geometry":{"type":"LineString","coordinates":[[-119.2779,34.46162],[-119.27807,34.46143]]}},{"type":"Feature","properties":{"name":"","c":"stream"},"geometry":{"type":"LineString","coordinates":[[-119.27765,34.46179],[-119.2779,34.46162]]}},{"type":"Feature","properties":{"name":"","c":"stream"},"geometry":{"type":"LineString","coordinates":[[-119.27807,34.46143],[-119.27843,34.46105]]}},{"type":"Feature","properties":{"name":"","c":"stream"},"geometry":{"type":"LineString","coordinates":[[-119.2786,34.46092],[-119.27917,34.4605]]}},{"type":"Feature","properties":{"name":"","c":"stream"},"geometry":{"type":"LineString","coordinates":[[-119.27843,34.46105],[-119.2786,34.46092]]}},{"type":"Feature","properties":{"name":"","c":"reservoir"},"geometry":{"type":"Polygon","coordinates":[[[-119.29532,34.46075],[-119.29544,34.46074],[-119.29535,34.46093],[-119.29528,34.46091],[-119.29532,34.46075]]]}},{"type":"Feature","properties":{"name":"","c":"stream"},"geometry":{"type":"LineString","coordinates":[[-119.28558,34.46127],[-119.28563,34.46058],[-119.28553,34.46019]]}},{"type":"Feature","properties":{"name":"","c":"stream"},"geometry":{"type":"LineString","coordinates":[[-119.28497,34.46035],[-119.28508,34.46034]]}},{"type":"Feature","properties":{"name":"Rice Creek","c":"stream"},"geometry":{"type":"LineString","coordinates":[[-119.302,34.46191],[-119.30174,34.46166],[-119.30129,34.46157],[-119.30104,34.46122],[-119.30085,34.46074],[-119.30041,34.46048],[-119.30025,34.4603],[-119.29999,34.46008],[-119.29956,34.46004],[-119.29938,34.45992],[-119.29917,34.45967],[-119.29906,34.45924],[-119.29912,34.45895],[-119.29893,34.45877],[-119.29851,34.45857],[-119.29799,34.45844],[-119.29765,34.4585],[-119.29702,34.45836],[-119.29673,34.45841],[-119.29647,34.4584],[-119.29625,34.45826]]}},{"type":"Feature","properties":{"name":"","c":"stream"},"geometry":{"type":"LineString","coordinates":[[-119.29614,34.46115],[-119.29603,34.46082],[-119.29602,34.46054],[-119.29613,34.46022],[-119.29603,34.45998],[-119.2958,34.45975],[-119.2958,34.45953],[-119.29573,34.45933],[-119.29555,34.45916],[-119.29547,34.45897]]}},{"type":"Feature","properties":{"name":"","c":"stream"},"geometry":{"type":"LineString","coordinates":[[-119.28508,34.46034],[-119.28522,34.46035],[-119.28553,34.46019]]}},{"type":"Feature","properties":{"name":"","c":"stream"},"geometry":{"type":"LineString","coordinates":[[-119.27934,34.46034],[-119.2794,34.46042],[-119.27947,34.46042],[-119.27951,34.4603],[-119.27945,34.45987],[-119.27933,34.45987]]}},{"type":"Feature","properties":{"name":"","c":"stream"},"geometry":{"type":"LineString","coordinates":[[-119.2671,34.46165],[-119.2673,34.46137],[-119.26754,34.46121],[-119.26768,34.46116],[-119.26777,34.46102],[-119.26786,34.4607],[-119.26806,34.46055],[-119.26809,34.4605],[-119.26825,34.4604],[-119.26835,34.46008],[-119.26846,34.45999],[-119.26871,34.45993],[-119.2689,34.45984],[-119.26944,34.45929],[-119.26959,34.45928],[-119.26968,34.45931],[-119.26978,34.45943],[-119.26989,34.45948],[-119.27015,34.45949],[-119.27035,34.45959],[-119.27048,34.45957],[-119.27057,34.45943],[-119.27072,34.45935],[-119.27078,34.45927],[-119.27102,34.45908],[-119.27129,34.45896],[-119.27137,34.45884]]}},{"type":"Feature","properties":{"name":"","c":"stream"},"geometry":{"type":"LineString","coordinates":[[-119.2793,34.46038],[-119.27934,34.46034]]}},{"type":"Feature","properties":{"name":"","c":"stream"},"geometry":{"type":"LineString","coordinates":[[-119.27917,34.4605],[-119.2793,34.46038]]}},{"type":"Feature","properties":{"name":"","c":"stream"},"geometry":{"type":"LineString","coordinates":[[-119.27933,34.45987],[-119.2791,34.45964]]}},{"type":"Feature","properties":{"name":"","c":"pond"},"geometry":{"type":"Polygon","coordinates":[[[-119.26353,34.45986],[-119.26347,34.45965],[-119.26351,34.45957],[-119.26414,34.45944],[-119.26425,34.45949],[-119.26431,34.45973],[-119.26424,34.45979],[-119.26359,34.45989],[-119.26353,34.45986]]]}},{"type":"Feature","properties":{"name":"","c":"stream"},"geometry":{"type":"LineString","coordinates":[[-119.27911,34.45926],[-119.27908,34.45918]]}},{"type":"Feature","properties":{"name":"","c":"stream"},"geometry":{"type":"LineString","coordinates":[[-119.27913,34.45932],[-119.27911,34.45926]]}},{"type":"Feature","properties":{"name":"","c":"stream"},"geometry":{"type":"LineString","coordinates":[[-119.2791,34.45964],[-119.27908,34.45954],[-119.27916,34.45949],[-119.27913,34.45942],[-119.27913,34.45932]]}},{"type":"Feature","properties":{"name":"Wills Creek","c":"stream"},"geometry":{"type":"LineString","coordinates":[[-119.32369,34.46452],[-119.32379,34.46436],[-119.32389,34.4641],[-119.32392,34.46376],[-119.32385,34.46308],[-119.32387,34.4621],[-119.32375,34.4614],[-119.32349,34.46037],[-119.32321,34.45989],[-119.32295,34.45912],[-119.3229,34.45881],[-119.32261,34.45795],[-119.32222,34.45701],[-119.32206,34.45677],[-119.32152,34.45633],[-119.32128,34.45622],[-119.32072,34.4557],[-119.32002,34.45537],[-119.31957,34.45484],[-119.31928,34.45467],[-119.31835,34.45439],[-119.31757,34.45426],[-119.31705,34.45405],[-119.31638,34.45364],[-119.31574,34.45308],[-119.31487,34.4527],[-119.31474,34.45255],[-119.3147,34.45242],[-119.31477,34.45182],[-119.31465,34.45165],[-119.3144,34.45156],[-119.31408,34.45151],[-119.31339,34.45153],[-119.31307,34.4516],[-119.31284,34.4517],[-119.31263,34.45184],[-119.31232,34.45215],[-119.31175,34.45232]]}},{"type":"Feature","properties":{"name":"","c":"stream"},"geometry":{"type":"LineString","coordinates":[[-119.31748,34.45861],[-119.31744,34.45848]]}},{"type":"Feature","properties":{"name":"","c":"stream"},"geometry":{"type":"LineString","coordinates":[[-119.33722,34.46781],[-119.33691,34.4674],[-119.33681,34.46717],[-119.33675,34.4669],[-119.3366,34.46653],[-119.33661,34.466],[-119.33668,34.46552],[-119.33678,34.4653],[-119.3369,34.46512],[-119.33702,34.46446],[-119.33718,34.46421],[-119.33757,34.46387],[-119.33764,34.46375],[-119.33762,34.46358],[-119.33757,34.46346],[-119.33732,34.46319],[-119.33719,34.46289],[-119.33702,34.46262],[-119.33691,34.46235],[-119.33673,34.46171],[-119.33669,34.46145],[-119.3367,34.46098],[-119.33664,34.46076],[-119.33586,34.45968],[-119.33562,34.45899],[-119.33573,34.45857],[-119.33647,34.45759],[-119.33693,34.45677],[-119.33701,34.45611],[-119.33709,34.45588],[-119.33722,34.45567],[-119.3377,34.45514],[-119.33812,34.45453],[-119.33887,34.45334],[-119.33935,34.45273],[-119.33961,34.45226],[-119.3397,34.45197],[-119.3397,34.45175],[-119.33966,34.45152],[-119.33956,34.45134],[-119.33939,34.4512],[-119.33871,34.45087],[-119.33859,34.45075],[-119.33814,34.44969],[-119.33789,34.44939],[-119.33783,34.44924]]}},{"type":"Feature","properties":{"name":"","c":"stream"},"geometry":{"type":"LineString","coordinates":[[-119.31268,34.45967],[-119.31184,34.45823],[-119.31155,34.45762],[-119.31132,34.45737],[-119.31102,34.45716],[-119.31076,34.45709],[-119.31056,34.45711],[-119.31037,34.45719],[-119.31014,34.45717],[-119.30998,34.45712],[-119.30983,34.45703],[-119.3098,34.45689],[-119.30973,34.45677],[-119.3096,34.45676],[-119.30943,34.45681],[-119.30923,34.4568],[-119.30905,34.45689],[-119.30895,34.45704],[-119.30883,34.457],[-119.30873,34.45702],[-119.30852,34.45728],[-119.30845,34.45728],[-119.30834,34.45714],[-119.30823,34.45707],[-119.30796,34.45719],[-119.30772,34.4574],[-119.30768,34.45757],[-119.30753,34.45771],[-119.30686,34.4577],[-119.30648,34.45782],[-119.30616,34.4581],[-119.30606,34.45804],[-119.30597,34.45785],[-119.30548,34.45786],[-119.30537,34.45805],[-119.30511,34.45821],[-119.30476,34.45829],[-119.3046,34.45853],[-119.30441,34.45857],[-119.30422,34.45853],[-119.30408,34.4583],[-119.30384,34.45836],[-119.30348,34.45809],[-119.30304,34.45812],[-119.30261,34.45805],[-119.30211,34.45817],[-119.30164,34.45817],[-119.30129,34.45844],[-119.30091,34.45856],[-119.30048,34.45852],[-119.29992,34.45883],[-119.29912,34.45895]]}},{"type":"Feature","properties":{"name":"Rice Creek","c":"stream"},"geometry":{"type":"LineString","coordinates":[[-119.29625,34.45826],[-119.29594,34.45814]]}},{"type":"Feature","properties":{"name":"","c":"stream"},"geometry":{"type":"LineString","coordinates":[[-119.29534,34.45872],[-119.29516,34.45852],[-119.29496,34.45844],[-119.2949,34.45836],[-119.29485,34.45777]]}},{"type":"Feature","properties":{"name":"","c":"stream"},"geometry":{"type":"LineString","coordinates":[[-119.30207,34.45874],[-119.30199,34.45855],[-119.30187,34.45846],[-119.30182,34.45835],[-119.30164,34.45817]]}},{"type":"Feature","properties":{"name":"","c":"stream"},"geometry":{"type":"LineString","coordinates":[[-119.3021,34.45879],[-119.30207,34.45874]]}},{"type":"Feature","properties":{"name":"","c":"stream"},"geometry":{"type":"LineString","coordinates":[[-119.30235,34.45928],[-119.30208,34.45903],[-119.3021,34.45879]]}},{"type":"Feature","properties":{"name":"","c":"stream"},"geometry":{"type":"LineString","coordinates":[[-119.29547,34.45897],[-119.29534,34.45872]]}},{"type":"Feature","properties":{"name":"","c":"stream"},"geometry":{"type":"LineString","coordinates":[[-119.27137,34.45884],[-119.27133,34.45877]]}},{"type":"Feature","properties":{"name":"","c":"stream"},"geometry":{"type":"LineString","coordinates":[[-119.27908,34.45918],[-119.27889,34.45859]]}},{"type":"Feature","properties":{"name":"","c":"stream"},"geometry":{"type":"LineString","coordinates":[[-119.27133,34.45877],[-119.27131,34.45864],[-119.2716,34.45863],[-119.27165,34.45858],[-119.27169,34.45841],[-119.27179,34.45837],[-119.27186,34.45838],[-119.27191,34.45833],[-119.27193,34.4582],[-119.27199,34.45815],[-119.27235,34.45805],[-119.27268,34.45804],[-119.27295,34.45776],[-119.27321,34.45742],[-119.27338,34.4574],[-119.27356,34.45732],[-119.27361,34.4572],[-119.27372,34.45708],[-119.2738,34.45709],[-119.27405,34.45729],[-119.27419,34.45728],[-119.27427,34.45717],[-119.27438,34.45679],[-119.27457,34.45668],[-119.27483,34.45663],[-119.27518,34.45665],[-119.27556,34.4565]]}},{"type":"Feature","properties":{"name":"","c":"stream"},"geometry":{"type":"LineString","coordinates":[[-119.27889,34.45859],[-119.27888,34.45849],[-119.27879,34.45834],[-119.27874,34.45808],[-119.27888,34.45791],[-119.27906,34.45748],[-119.27908,34.4574],[-119.27897,34.45722],[-119.279,34.45687]]}},{"type":"Feature","properties":{"name":"","c":"stream"},"geometry":{"type":"LineString","coordinates":[[-119.28553,34.46019],[-119.28547,34.45943],[-119.28542,34.45923],[-119.28561,34.45863],[-119.28566,34.45803],[-119.28574,34.45775],[-119.28605,34.45718],[-119.28625,34.45697],[-119.28646,34.45677],[-119.28681,34.45652],[-119.28772,34.45595],[-119.28779,34.45574]]}},{"type":"Feature","properties":{"name":"","c":"stream"},"geometry":{"type":"LineString","coordinates":[[-119.29485,34.4577],[-119.29465,34.45758]]}},{"type":"Feature","properties":{"name":"","c":"canal"},"geometry":{"type":"LineString","coordinates":[[-119.29606,34.458],[-119.29598,34.45788],[-119.29589,34.45781],[-119.2955,34.45764],[-119.29543,34.45758],[-119.29539,34.45746]]}},{"type":"Feature","properties":{"name":"","c":"stream"},"geometry":{"type":"LineString","coordinates":[[-119.29485,34.45777],[-119.29485,34.4577]]}},{"type":"Feature","properties":{"name":"Rice Creek","c":"stream"},"geometry":{"type":"LineString","coordinates":[[-119.29594,34.45814],[-119.29481,34.45762],[-119.29352,34.45742]]}},{"type":"Feature","properties":{"name":"Rice Creek","c":"stream"},"geometry":{"type":"LineString","coordinates":[[-119.29352,34.45742],[-119.29344,34.45741]]}},{"type":"Feature","properties":{"name":"","c":"stream"},"geometry":{"type":"LineString","coordinates":[[-119.27897,34.45687],[-119.279,34.45687]]}},{"type":"Feature","properties":{"name":"","c":"stream"},"geometry":{"type":"LineString","coordinates":[[-119.27599,34.45682],[-119.27623,34.45693],[-119.27666,34.45696],[-119.2774,34.4569],[-119.27775,34.45682],[-119.27788,34.45675],[-119.27808,34.45672]]}},{"type":"Feature","properties":{"name":"","c":"stream"},"geometry":{"type":"LineString","coordinates":[[-119.27808,34.45672],[-119.27897,34.45687]]}},{"type":"Feature","properties":{"name":"","c":"stream"},"geometry":{"type":"LineString","coordinates":[[-119.279,34.45687],[-119.27931,34.45691],[-119.27943,34.45655]]}},{"type":"Feature","properties":{"name":"","c":"stream"},"geometry":{"type":"LineString","coordinates":[[-119.27556,34.4565],[-119.27599,34.45682]]}},{"type":"Feature","properties":{"name":"","c":"stream"},"geometry":{"type":"LineString","coordinates":[[-119.27926,34.4564],[-119.27926,34.45628],[-119.27943,34.45614],[-119.27971,34.45601],[-119.28003,34.45593]]}},{"type":"Feature","properties":{"name":"","c":"stream"},"geometry":{"type":"LineString","coordinates":[[-119.27943,34.45655],[-119.27926,34.4564]]}},{"type":"Feature","properties":{"name":"Rice Creek","c":"stream"},"geometry":{"type":"LineString","coordinates":[[-119.29344,34.45741],[-119.29315,34.45733],[-119.29294,34.45715],[-119.29306,34.45695],[-119.29312,34.45677],[-119.29313,34.45663],[-119.29308,34.45651],[-119.29312,34.45635],[-119.29309,34.45622],[-119.29316,34.4561],[-119.29311,34.45598],[-119.29313,34.45571],[-119.29302,34.45566],[-119.293,34.45561],[-119.29301,34.45551],[-119.29286,34.4553],[-119.29274,34.4552]]}},{"type":"Feature","properties":{"name":"Ventura River","c":"stream"},"geometry":{"type":"LineString","coordinates":[[-119.29056,34.46058],[-119.29141,34.4593],[-119.29178,34.45892],[-119.29198,34.45859],[-119.29199,34.45836],[-119.29207,34.45785],[-119.29204,34.45721],[-119.29212,34.45698],[-119.29209,34.45626],[-119.29218,34.45602],[-119.29265,34.45544],[-119.29274,34.4552],[-119.2928,34.45478],[-119.29302,34.45464],[-119.29317,34.45438],[-119.29319,34.45407],[-119.29327,34.45383],[-119.29302,34.45357],[-119.29302,34.45345],[-119.29309,34.45329],[-119.29306,34.45288]]}},{"type":"Feature","properties":{"name":"","c":"stream"},"geometry":{"type":"LineString","coordinates":[[-119.31744,34.45848],[-119.31748,34.4579],[-119.31768,34.45714],[-119.3177,34.45685],[-119.31772,34.45633],[-119.31767,34.45585],[-119.31782,34.45552],[-119.31775,34.45523],[-119.31753,34.45492],[-119.31692,34.4544],[-119.31643,34.45377],[-119.31638,34.45364]]}},{"type":"Feature","properties":{"name":"","c":"stream"},"geometry":{"type":"LineString","coordinates":[[-119.28003,34.45593],[-119.28024,34.45588],[-119.28018,34.45545]]}},{"type":"Feature","properties":{"name":"","c":"stream"},"geometry":{"type":"LineString","coordinates":[[-119.28018,34.45545],[-119.28018,34.45531]]}},{"type":"Feature","properties":{"name":"","c":"canal"},"geometry":{"type":"LineString","coordinates":[[-119.29539,34.45746],[-119.2954,34.45736],[-119.29645,34.45513],[-119.29659,34.45425],[-119.29648,34.45351],[-119.29653,34.45335],[-119.29686,34.45288],[-119.2969,34.45272],[-119.29687,34.45252]]}},{"type":"Feature","properties":{"name":"","c":"river"},"geometry":{"type":"Polygon","coordinates":[[[-119.29267,34.45485],[-119.2929,34.45459],[-119.29302,34.45468],[-119.29288,34.45476],[-119.2928,34.45487],[-119.29267,34.45485]]]}},{"type":"Feature","properties":{"name":"","c":"stream"},"geometry":{"type":"LineString","coordinates":[[-119.28018,34.45531],[-119.28012,34.45482],[-119.28019,34.45473],[-119.28042,34.45472],[-119.28052,34.45468],[-119.28057,34.45463],[-119.28061,34.45441],[-119.28094,34.45423],[-119.28112,34.45407],[-119.28137,34.45394],[-119.28147,34.45385],[-119.28208,34.45356],[-119.28218,34.45348],[-119.28235,34.45342],[-119.28265,34.45344],[-119.28259,34.45327],[-119.28271,34.45301],[-119.2827,34.45251],[-119.28274,34.45227],[-119.2827,34.45207]]}},{"type":"Feature","properties":{"name":"","c":"stream"},"geometry":{"type":"LineString","coordinates":[[-119.2576,34.45342],[-119.25761,34.4534]]}},{"type":"Feature","properties":{"name":"","c":"stream"},"geometry":{"type":"LineString","coordinates":[[-119.25761,34.4534],[-119.25762,34.45333]]}},{"type":"Feature","properties":{"name":"","c":"stream"},"geometry":{"type":"LineString","coordinates":[[-119.26542,34.45578],[-119.26562,34.45541],[-119.26604,34.45497],[-119.26629,34.45449],[-119.26659,34.45426],[-119.26703,34.45413],[-119.26727,34.45396],[-119.26738,34.45373],[-119.2678,34.45335],[-119.26822,34.45291],[-119.26903,34.45191],[-119.2692,34.45177],[-119.27003,34.45158],[-119.27045,34.45121],[-119.27095,34.45084]]}},{"type":"Feature","properties":{"name":"","c":"river"},"geometry":{"type":"Polygon","coordinates":[[[-119.29299,34.45367],[-119.29298,34.45352],[-119.29305,34.45353],[-119.29323,34.45364],[-119.29318,34.4537],[-119.29331,34.45372],[-119.29334,34.45376],[-119.29324,34.45383],[-119.29299,34.45367]]]}},{"type":"Feature","properties":{"name":"","c":"stream"},"geometry":{"type":"LineString","coordinates":[[-119.33171,34.45952],[-119.33169,34.45898],[-119.33164,34.4585],[-119.33171,34.45829],[-119.33202,34.45814],[-119.3326,34.45798],[-119.33294,34.45784],[-119.33326,34.45766],[-119.33349,34.45734],[-119.33374,34.45674],[-119.33395,34.45648],[-119.334,34.45571],[-119.33409,34.45535],[-119.3341,34.45512],[-119.33402,34.45488],[-119.33396,34.45455],[-119.33398,34.45446],[-119.33409,34.45435],[-119.33439,34.45418],[-119.33449,34.45403],[-119.33469,34.45361],[-119.3347,34.45347],[-119.33461,34.45329],[-119.33454,34.45294],[-119.33455,34.45275],[-119.33465,34.45257],[-119.33503,34.4523],[-119.33538,34.45212],[-119.33572,34.45201],[-119.33624,34.45175],[-119.33636,34.45163],[-119.3364,34.45139],[-119.33651,34.45128],[-119.33676,34.45119],[-119.337,34.45106],[-119.33732,34.45072],[-119.33751,34.45057],[-119.33762,34.45044],[-119.33768,34.4503],[-119.33767,34.45016],[-119.33757,34.44999],[-119.33757,34.44975],[-119.33783,34.44924]]}},{"type":"Feature","properties":{"name":"","c":"pond"},"geometry":{"type":"Polygon","coordinates":[[[-119.33313,34.4547],[-119.3331,34.45478],[-119.33277,34.45514],[-119.33253,34.45519],[-119.33248,34.45506],[-119.33238,34.45507],[-119.33232,34.45484],[-119.33238,34.45459],[-119.33262,34.45445],[-119.33268,34.45426],[-119.3329,34.45432],[-119.33313,34.4547]]]}},{"type":"Feature","properties":{"name":"","c":"stream"},"geometry":{"type":"LineString","coordinates":[[-119.29465,34.45758],[-119.29453,34.45738],[-119.29463,34.45696],[-119.29448,34.45659],[-119.2944,34.45647],[-119.29446,34.45615],[-119.29449,34.45573],[-119.29448,34.45534],[-119.2943,34.45488],[-119.29433,34.45473],[-119.29421,34.45457],[-119.29426,34.45436],[-119.29423,34.4543],[-119.29424,34.45424],[-119.2942,34.45419],[-119.29427,34.45376],[-119.29422,34.45364],[-119.29436,34.45343],[-119.29436,34.4533],[-119.29424,34.45318],[-119.2943,34.45306],[-119.2944,34.45293],[-119.29455,34.45292],[-119.29466,34.45285],[-119.29468,34.45264],[-119.29465,34.45238],[-119.29467,34.45208],[-119.2946,34.45183],[-119.29488,34.45108],[-119.29494,34.4507],[-119.29469,34.44867]]}},{"type":"Feature","properties":{"name":"","c":"stream"},"geometry":{"type":"LineString","coordinates":[[-119.25762,34.45333],[-119.25771,34.45309],[-119.25761,34.45283]]}},{"type":"Feature","properties":{"name":"","c":"canal"},"geometry":{"type":"LineString","coordinates":[[-119.25928,34.45483],[-119.25934,34.45466],[-119.25922,34.45391],[-119.25942,34.45361],[-119.25942,34.45357],[-119.25933,34.45347],[-119.25952,34.45239],[-119.2594,34.45224],[-119.25948,34.45184],[-119.25947,34.45159],[-119.25923,34.451],[-119.25887,34.45058]]}},{"type":"Feature","properties":{"name":"","c":"stream"},"geometry":{"type":"LineString","coordinates":[[-119.2827,34.45207],[-119.28267,34.45191]]}},{"type":"Feature","properties":{"name":"Wills Creek","c":"stream"},"geometry":{"type":"LineString","coordinates":[[-119.31175,34.45232],[-119.31138,34.45247],[-119.31099,34.45271],[-119.31029,34.45299],[-119.30934,34.45307],[-119.30898,34.45321],[-119.30863,34.45356],[-119.30832,34.45372],[-119.30791,34.45388],[-119.30763,34.45406],[-119.30743,34.45413],[-119.30724,34.45412],[-119.30705,34.45396],[-119.30689,34.45388],[-119.30665,34.45384],[-119.30608,34.45385],[-119.30494,34.4536],[-119.30466,34.45351],[-119.30399,34.45322],[-119.30345,34.45309],[-119.30296,34.4531],[-119.30279,34.45307],[-119.30232,34.45278],[-119.30206,34.45268],[-119.3014,34.45258],[-119.30115,34.45249],[-119.30108,34.4524],[-119.30105,34.4523],[-119.3011,34.45214],[-119.30082,34.45184],[-119.30079,34.45166],[-119.30068,34.45161],[-119.30021,34.45171],[-119.3,34.45167],[-119.29984,34.45144],[-119.29967,34.45106],[-119.29951,34.45088],[-119.29927,34.45071],[-119.29901,34.45065],[-119.29881,34.45056],[-119.29767,34.45059],[-119.2976,34.45057],[-119.29752,34.45043],[-119.29716,34.4503],[-119.2969,34.45026],[-119.29651,34.45013],[-119.29636,34.44994],[-119.2961,34.44944],[-119.29587,34.44925],[-119.29566,34.44915]]}},{"type":"Feature","properties":{"name":"","c":"canal"},"geometry":{"type":"LineString","coordinates":[[-119.25528,34.45172],[-119.2544,34.45064]]}},{"type":"Feature","properties":{"name":"","c":"stream"},"geometry":{"type":"LineString","coordinates":[[-119.27095,34.45084],[-119.27115,34.4507]]}},{"type":"Feature","properties":{"name":"","c":"canal"},"geometry":{"type":"LineString","coordinates":[[-119.2544,34.45064],[-119.25433,34.45056]]}},{"type":"Feature","properties":{"name":"","c":"canal"},"geometry":{"type":"LineString","coordinates":[[-119.25887,34.45058],[-119.25877,34.45055]]}},{"type":"Feature","properties":{"name":"","c":"stream"},"geometry":{"type":"LineString","coordinates":[[-119.25705,34.4509],[-119.25689,34.45051],[-119.25658,34.45019],[-119.25641,34.45012],[-119.25625,34.45014]]}},{"type":"Feature","properties":{"name":"","c":"canal"},"geometry":{"type":"LineString","coordinates":[[-119.25433,34.45056],[-119.25418,34.45037]]}},{"type":"Feature","properties":{"name":"","c":"canal"},"geometry":{"type":"LineString","coordinates":[[-119.25877,34.45055],[-119.25863,34.45049],[-119.25818,34.45008]]}},{"type":"Feature","properties":{"name":"","c":"canal"},"geometry":{"type":"LineString","coordinates":[[-119.25418,34.45037],[-119.25411,34.45029]]}},{"type":"Feature","properties":{"name":"","c":"stream"},"geometry":{"type":"LineString","coordinates":[[-119.27115,34.4507],[-119.27135,34.45049],[-119.27148,34.45019],[-119.2719,34.45]]}},{"type":"Feature","properties":{"name":"Ventura River","c":"stream"},"geometry":{"type":"LineString","coordinates":[[-119.29306,34.45288],[-119.29302,34.45264],[-119.2929,34.45233],[-119.29282,34.45165],[-119.29284,34.45145],[-119.29294,34.45111],[-119.29321,34.45091],[-119.29359,34.45057],[-119.29394,34.45015],[-119.29444,34.44906],[-119.2952,34.44788]]}},{"type":"Feature","properties":{"name":"Ventura River","c":"stream"},"geometry":{"type":"LineString","coordinates":[[-119.28779,34.45574],[-119.28757,34.45528],[-119.28742,34.45433],[-119.28747,34.45335],[-119.28739,34.45315],[-119.28746,34.4529],[-119.28803,34.45228],[-119.28837,34.45199],[-119.28842,34.45191],[-119.28842,34.45167],[-119.28849,34.45147],[-119.28871,34.45125],[-119.289,34.45109],[-119.28937,34.45108],[-119.29046,34.4502],[-119.29058,34.45],[-119.29063,34.44975],[-119.29059,34.44924],[-119.2907,34.44846],[-119.2906,34.44754],[-119.29083,34.44697],[-119.29078,34.44677],[-119.29065,34.44655],[-119.29057,34.44625],[-119.29062,34.44599]]}},{"type":"Feature","properties":{"name":"","c":"canal"},"geometry":{"type":"LineString","coordinates":[[-119.29687,34.45252],[-119.29704,34.45237],[-119.29706,34.45209],[-119.29701,34.45149],[-119.29678,34.45079],[-119.29627,34.4501],[-119.29588,34.44991],[-119.29574,34.44977],[-119.29568,34.44967],[-119.29561,34.44945]]}},{"type":"Feature","properties":{"name":"","c":"stream"},"geometry":{"type":"LineString","coordinates":[[-119.28267,34.45191],[-119.28263,34.45183],[-119.28264,34.45176],[-119.28273,34.45172],[-119.28298,34.45177],[-119.28314,34.45158],[-119.28312,34.45149],[-119.28304,34.45145],[-119.28305,34.45116],[-119.28271,34.45074],[-119.28273,34.45051],[-119.28265,34.45043],[-119.28249,34.45034],[-119.28246,34.45011]]}},{"type":"Feature","properties":{"name":"Santa Ana Creek","c":"stream"},"geometry":{"type":"LineString","coordinates":[[-119.34,34.44947],[-119.33948,34.44923],[-119.33918,34.44904],[-119.33875,34.4487],[-119.3385,34.4486],[-119.33828,34.44844],[-119.33812,34.44827],[-119.33805,34.44806]]}},{"type":"Feature","properties":{"name":"","c":"stream"},"geometry":{"type":"LineString","coordinates":[[-119.28246,34.45011],[-119.28251,34.44989]]}},{"type":"Feature","properties":{"name":"","c":"stream"},"geometry":{"type":"LineString","coordinates":[[-119.25625,34.45014],[-119.25618,34.45014]]}},{"type":"Feature","properties":{"name":"","c":"stream"},"geometry":{"type":"LineString","coordinates":[[-119.25618,34.45014],[-119.2557,34.44998],[-119.25564,34.44993]]}},{"type":"Feature","properties":{"name":"","c":"canal"},"geometry":{"type":"LineString","coordinates":[[-119.25818,34.45008],[-119.25815,34.45001]]}},{"type":"Feature","properties":{"name":"","c":"stream"},"geometry":{"type":"LineString","coordinates":[[-119.25564,34.44993],[-119.25562,34.4499]]}},{"type":"Feature","properties":{"name":"","c":"stream"},"geometry":{"type":"LineString","coordinates":[[-119.25562,34.4499],[-119.2555,34.44978]]}},{"type":"Feature","properties":{"name":"","c":"stream"},"geometry":{"type":"LineString","coordinates":[[-119.2555,34.44978],[-119.25548,34.44975]]}},{"type":"Feature","properties":{"name":"","c":"canal"},"geometry":{"type":"LineString","coordinates":[[-119.25411,34.45029],[-119.2536,34.44966],[-119.25344,34.44942],[-119.25339,34.44928]]}},{"type":"Feature","properties":{"name":"","c":"stream"},"geometry":{"type":"LineString","coordinates":[[-119.25548,34.44975],[-119.25538,34.44951]]}},{"type":"Feature","properties":{"name":"","c":"stream"},"geometry":{"type":"LineString","coordinates":[[-119.25538,34.44951],[-119.25531,34.4493]]}},{"type":"Feature","properties":{"name":"","c":"canal"},"geometry":{"type":"LineString","coordinates":[[-119.25815,34.45001],[-119.25791,34.44981],[-119.25771,34.44968],[-119.25763,34.44961],[-119.2576,34.44949],[-119.25725,34.44921],[-119.25708,34.44912],[-119.25645,34.44893],[-119.25629,34.44884],[-119.25564,34.4483]]}},{"type":"Feature","properties":{"name":"","c":"stream"},"geometry":{"type":"LineString","coordinates":[[-119.25531,34.4493],[-119.25524,34.44881]]}},{"type":"Feature","properties":{"name":"","c":"stream"},"geometry":{"type":"LineString","coordinates":[[-119.25524,34.44881],[-119.25523,34.44873]]}},{"type":"Feature","properties":{"name":"","c":"stream"},"geometry":{"type":"LineString","coordinates":[[-119.28251,34.44989],[-119.28252,34.44973],[-119.28263,34.44953],[-119.28293,34.44927],[-119.28331,34.44916],[-119.28349,34.44905],[-119.28361,34.44892],[-119.28371,34.44843],[-119.28362,34.44825],[-119.2837,34.44785],[-119.28402,34.44752],[-119.28422,34.44743],[-119.28454,34.44743]]}},{"type":"Feature","properties":{"name":"Wills Creek","c":"stream"},"geometry":{"type":"LineString","coordinates":[[-119.29566,34.44915],[-119.29556,34.44901],[-119.29521,34.4488],[-119.29528,34.44854],[-119.2954,34.44829],[-119.2952,34.44788]]}},{"type":"Feature","properties":{"name":"","c":"stream"},"geometry":{"type":"LineString","coordinates":[[-119.25523,34.44873],[-119.25519,34.44862]]}},{"type":"Feature","properties":{"name":"","c":"canal"},"geometry":{"type":"LineString","coordinates":[[-119.25519,34.44862],[-119.25507,34.4483]]}},{"type":"Feature","properties":{"name":"","c":"canal"},"geometry":{"type":"LineString","coordinates":[[-119.25564,34.4483],[-119.25557,34.44824]]}},{"type":"Feature","properties":{"name":"","c":"canal"},"geometry":{"type":"LineString","coordinates":[[-119.25507,34.4483],[-119.25506,34.44828]]}},{"type":"Feature","properties":{"name":"","c":"stream"},"geometry":{"type":"LineString","coordinates":[[-119.2719,34.45],[-119.27206,34.44984],[-119.2721,34.44966],[-119.2719,34.44892],[-119.27226,34.44743],[-119.27264,34.44637]]}},{"type":"Feature","properties":{"name":"","c":"canal"},"geometry":{"type":"LineString","coordinates":[[-119.25557,34.44824],[-119.25542,34.44818],[-119.25531,34.44817],[-119.25484,34.44836],[-119.25451,34.44818],[-119.25438,34.44807],[-119.25402,34.44763],[-119.25381,34.44755]]}},{"type":"Feature","properties":{"name":"","c":"canal"},"geometry":{"type":"LineString","coordinates":[[-119.25381,34.44755],[-119.25375,34.44752]]}},{"type":"Feature","properties":{"name":"","c":"stream"},"geometry":{"type":"LineString","coordinates":[[-119.28454,34.44743],[-119.28469,34.44748]]}},{"type":"Feature","properties":{"name":"Ventura River","c":"stream"},"geometry":{"type":"LineString","coordinates":[[-119.2952,34.44788],[-119.29538,34.44736],[-119.29538,34.44713],[-119.29534,34.44688],[-119.29536,34.44669]]}},{"type":"Feature","properties":{"name":"Olive Creek","c":"stream"},"geometry":{"type":"LineString","coordinates":[[-119.31822,34.44883],[-119.31797,34.44859],[-119.31724,34.44845],[-119.31703,34.44822],[-119.3168,34.44819],[-119.31593,34.44786],[-119.31558,34.44769],[-119.31438,34.44745],[-119.31378,34.44723],[-119.31309,34.44711],[-119.31252,34.44705],[-119.3122,34.44687],[-119.31178,34.44647],[-119.3109,34.4462],[-119.31054,34.44628],[-119.3103,34.44625],[-119.30986,34.4461],[-119.30951,34.44593],[-119.30923,34.44572],[-119.30901,34.44567]]}},{"type":"Feature","properties":{"name":"","c":"stream"},"geometry":{"type":"LineString","coordinates":[[-119.33783,34.44924],[-119.33786,34.44901],[-119.33781,34.44885],[-119.33751,34.44859],[-119.33742,34.44848],[-119.3374,34.44838],[-119.33757,34.44824],[-119.33805,34.44806]]}},{"type":"Feature","properties":{"name":"","c":"stream"},"geometry":{"type":"LineString","coordinates":[[-119.28469,34.44748],[-119.28497,34.44755],[-119.28509,34.44747],[-119.2852,34.44718],[-119.28558,34.44695],[-119.28581,34.44675],[-119.28605,34.4466],[-119.28606,34.44647],[-119.28592,34.44613],[-119.28593,34.44598],[-119.28609,34.44586],[-119.28658,34.44575],[-119.28712,34.44569],[-119.28806,34.4454]]}},{"type":"Feature","properties":{"name":"","c":"stream"},"geometry":{"type":"LineString","coordinates":[[-119.29088,34.44555],[-119.29101,34.44556]]}},{"type":"Feature","properties":{"name":"","c":"canal"},"geometry":{"type":"LineString","coordinates":[[-119.29058,34.44554],[-119.29088,34.44555]]}},{"type":"Feature","properties":{"name":"","c":"canal"},"geometry":{"type":"LineString","coordinates":[[-119.29034,34.44553],[-119.29058,34.44554]]}},{"type":"Feature","properties":{"name":"","c":"canal"},"geometry":{"type":"LineString","coordinates":[[-119.29561,34.44945],[-119.29561,34.44924],[-119.29568,34.44899],[-119.29655,34.4475],[-119.29744,34.44543],[-119.29807,34.44436],[-119.29897,34.44323],[-119.29941,34.44285],[-119.29957,34.4428],[-119.30006,34.44296],[-119.30065,34.44301],[-119.30078,34.44297],[-119.30084,34.44281],[-119.30065,34.44227],[-119.30062,34.44202],[-119.30073,34.44182]]}},{"type":"Feature","properties":{"name":"","c":"canal"},"geometry":{"type":"LineString","coordinates":[[-119.28896,34.44534],[-119.28959,34.44551],[-119.29034,34.44553]]}},{"type":"Feature","properties":{"name":"","c":"canal"},"geometry":{"type":"LineString","coordinates":[[-119.27264,34.44637],[-119.2734,34.44425]]}},{"type":"Feature","properties":{"name":"","c":"stream"},"geometry":{"type":"LineString","coordinates":[[-119.26989,34.44464],[-119.27003,34.44455],[-119.27026,34.44417],[-119.27041,34.44404],[-119.27095,34.44391]]}},{"type":"Feature","properties":{"name":"","c":"pond"},"geometry":{"type":"Polygon","coordinates":[[[-119.27113,34.44438],[-119.27106,34.4443],[-119.27119,34.44425],[-119.27142,34.44431],[-119.27147,34.44433],[-119.27148,34.44437],[-119.27141,34.44441],[-119.27113,34.44438]]]}},{"type":"Feature","properties":{"name":"","c":"canal"},"geometry":{"type":"LineString","coordinates":[[-119.26952,34.44483],[-119.26989,34.44464]]}},{"type":"Feature","properties":{"name":"","c":"stream"},"geometry":{"type":"LineString","coordinates":[[-119.29063,34.44466],[-119.29067,34.44456]]}},{"type":"Feature","properties":{"name":"","c":"canal"},"geometry":{"type":"LineString","coordinates":[[-119.28169,34.44354],[-119.2858,34.44404],[-119.28896,34.44534]]}},{"type":"Feature","properties":{"name":"Ventura River","c":"stream"},"geometry":{"type":"LineString","coordinates":[[-119.29062,34.44599],[-119.29073,34.44581],[-119.29101,34.44556],[-119.29175,34.44526],[-119.29233,34.44484],[-119.29317,34.4445],[-119.29369,34.44415],[-119.29425,34.44354],[-119.29448,34.44334],[-119.29478,34.44317],[-119.29526,34.44302],[-119.29549,34.44302],[-119.29564,34.44311],[-119.2958,34.44313],[-119.29597,34.44303],[-119.29598,34.44309],[-119.29619,34.44297],[-119.29631,34.44297]]}},{"type":"Feature","properties":{"name":"Olive Creek","c":"stream"},"geometry":{"type":"LineString","coordinates":[[-119.30901,34.44567],[-119.30856,34.44534],[-119.30835,34.44529],[-119.30669,34.44466],[-119.30597,34.44447],[-119.30467,34.44423],[-119.30409,34.4443],[-119.30383,34.44429],[-119.30333,34.44418],[-119.30242,34.44418],[-119.30225,34.44408],[-119.30193,34.44375],[-119.30132,34.44348],[-119.30087,34.44323],[-119.30061,34.44315],[-119.30031,34.44312],[-119.29996,34.44298]]}},{"type":"Feature","properties":{"name":"Santa Ana Creek","c":"stream"},"geometry":{"type":"LineString","coordinates":[[-119.33805,34.44806],[-119.33815,34.44771],[-119.33833,34.44739],[-119.33831,34.44718],[-119.33807,34.44642],[-119.33811,34.44614],[-119.33847,34.44531],[-119.3385,34.44516],[-119.33847,34.44476],[-119.33838,34.44443],[-119.33818,34.44382],[-119.33798,34.4436],[-119.33769,34.44339],[-119.33709,34.44313],[-119.33683,34.44295],[-119.33666,34.44267],[-119.33651,34.44205],[-119.33631,34.44159],[-119.3362,34.44145]]}},{"type":"Feature","properties":{"name":"","c":"stream"},"geometry":{"type":"LineString","coordinates":[[-119.34,34.44281],[-119.33953,34.44279],[-119.33928,34.44274],[-119.33909,34.44266],[-119.33895,34.44255],[-119.33854,34.44254],[-119.33806,34.44234],[-119.33789,34.44221],[-119.33747,34.44207],[-119.33716,34.44193],[-119.33664,34.44161],[-119.3362,34.44145]]}},{"type":"Feature","properties":{"name":"","c":"water"},"geometry":{"type":"Polygon","coordinates":[[[-119.33625,34.4433],[-119.33625,34.44339],[-119.3362,34.44344],[-119.3358,34.44359],[-119.33571,34.44359],[-119.33558,34.44353],[-119.33471,34.44373],[-119.33443,34.44375],[-119.33432,34.44371],[-119.33434,34.44365],[-119.33461,34.44346],[-119.33463,34.44337],[-119.33469,34.44334],[-119.33484,34.44337],[-119.33499,34.44336],[-119.33506,34.44331],[-119.33511,34.44323],[-119.33527,34.44316],[-119.33567,34.44288],[-119.33575,34.44286],[-119.33625,34.4433]]]}},{"type":"Feature","properties":{"name":"","c":"stream"},"geometry":{"type":"LineString","coordinates":[[-119.29067,34.44456],[-119.29073,34.4439],[-119.29083,34.44342],[-119.29095,34.44317],[-119.29123,34.44281],[-119.29134,34.44246],[-119.29139,34.44237],[-119.29158,34.44224]]}},{"type":"Feature","properties":{"name":"Ventura River","c":"stream"},"geometry":{"type":"LineString","coordinates":[[-119.29536,34.44669],[-119.29537,34.44646],[-119.29531,34.44621],[-119.29519,34.44604],[-119.29494,34.44552],[-119.29489,34.44519],[-119.29499,34.44492],[-119.29514,34.44469],[-119.2955,34.44445],[-119.29564,34.44424],[-119.29584,34.44384],[-119.29594,34.44332],[-119.29604,34.44312],[-119.29685,34.44268],[-119.29765,34.44208],[-119.2979,34.44185],[-119.29828,34.44113],[-119.29837,34.44079],[-119.29872,34.44026]]}},{"type":"Feature","properties":{"name":"","c":"canal"},"geometry":{"type":"LineString","coordinates":[[-119.27773,34.44401],[-119.27755,34.44394],[-119.27748,34.44376],[-119.27769,34.44356],[-119.27782,34.44358]]}},{"type":"Feature","properties":{"name":"","c":"pond"},"geometry":{"type":"Polygon","coordinates":[[[-119.27126,34.44413],[-119.27123,34.4441],[-119.27124,34.44406],[-119.27158,34.444],[-119.27164,34.44402],[-119.27164,34.44413],[-119.27159,34.44416],[-119.27126,34.44413]]]}},{"type":"Feature","properties":{"name":"","c":"pond"},"geometry":{"type":"Polygon","coordinates":[[[-119.2718,34.44347],[-119.27171,34.4437],[-119.27162,34.4438],[-119.27151,34.44386],[-119.27134,34.4439],[-119.27095,34.44392],[-119.27092,34.44386],[-119.27109,34.44372],[-119.27139,34.44366],[-119.27148,34.44357],[-119.27154,34.44327],[-119.27163,34.44316],[-119.27176,34.443],[-119.27202,34.44287],[-119.27207,34.44289],[-119.272,34.4432],[-119.27209,34.44327],[-119.27208,34.44334],[-119.27201,34.44334],[-119.2718,34.44347]]]}},{"type":"Feature","properties":{"name":"","c":"stream"},"geometry":{"type":"LineString","coordinates":[[-119.2734,34.44425],[-119.27369,34.44345],[-119.27401,34.44303],[-119.27427,34.44283],[-119.27459,34.44269],[-119.27508,34.4426]]}},{"type":"Feature","properties":{"name":"","c":"canal"},"geometry":{"type":"LineString","coordinates":[[-119.27812,34.44318],[-119.28169,34.44354]]}},{"type":"Feature","properties":{"name":"","c":"canal"},"geometry":{"type":"LineString","coordinates":[[-119.26056,34.44417],[-119.26057,34.44185]]}},{"type":"Feature","properties":{"name":"","c":"pond"},"geometry":{"type":"Polygon","coordinates":[[[-119.27093,34.44283],[-119.27107,34.44286],[-119.27094,34.44303],[-119.27083,34.44301],[-119.2708,34.44292],[-119.27083,34.44288],[-119.27091,34.44289],[-119.27093,34.44283]]]}},{"type":"Feature","properties":{"name":"","c":"canal"},"geometry":{"type":"LineString","coordinates":[[-119.27508,34.4426],[-119.27528,34.44259],[-119.27566,34.44264],[-119.27681,34.44299],[-119.27812,34.44318]]}},{"type":"Feature","properties":{"name":"","c":"stream"},"geometry":{"type":"LineString","coordinates":[[-119.27208,34.4433],[-119.27234,34.44332],[-119.27264,34.44325],[-119.27333,34.44289],[-119.27376,34.44292],[-119.27427,34.44283]]}},{"type":"Feature","properties":{"name":"Olive Creek","c":"stream"},"geometry":{"type":"LineString","coordinates":[[-119.29996,34.44298],[-119.29978,34.44267]]}},{"type":"Feature","properties":{"name":"Olive Creek","c":"stream"},"geometry":{"type":"LineString","coordinates":[[-119.29978,34.44267],[-119.2995,34.44222],[-119.29943,34.44198]]}},{"type":"Feature","properties":{"name":"Taormina Drain","c":"stream"},"geometry":{"type":"LineString","coordinates":[[-119.27291,34.44109],[-119.27266,34.44124],[-119.27254,34.44152],[-119.27255,34.44168],[-119.27245,34.44183],[-119.27227,34.44247],[-119.27198,34.44296],[-119.27191,34.44313]]}},{"type":"Feature","properties":{"name":"","c":"stream"},"geometry":{"type":"LineString","coordinates":[[-119.27017,34.44182],[-119.27033,34.44191],[-119.27046,34.44214]]}},{"type":"Feature","properties":{"name":"","c":"canal"},"geometry":{"type":"LineString","coordinates":[[-119.26057,34.44185],[-119.26033,34.4416]]}},{"type":"Feature","properties":{"name":"","c":"canal"},"geometry":{"type":"LineString","coordinates":[[-119.26033,34.4416],[-119.26021,34.44149]]}},{"type":"Feature","properties":{"name":"","c":"canal"},"geometry":{"type":"LineString","coordinates":[[-119.26905,34.44165],[-119.26933,34.44162],[-119.26958,34.44169],[-119.26987,34.4417],[-119.26996,34.44175]]}},{"type":"Feature","properties":{"name":"","c":"canal"},"geometry":{"type":"LineString","coordinates":[[-119.26996,34.44175],[-119.27017,34.44182]]}},{"type":"Feature","properties":{"name":"","c":"stream"},"geometry":{"type":"LineString","coordinates":[[-119.29171,34.44215],[-119.29192,34.44204],[-119.29208,34.44187],[-119.29218,34.44143],[-119.29228,34.4411],[-119.29236,34.44093]]}},{"type":"Feature","properties":{"name":"","c":"stream"},"geometry":{"type":"LineString","coordinates":[[-119.29158,34.44224],[-119.29171,34.44215]]}},{"type":"Feature","properties":{"name":"","c":"stream"},"geometry":{"type":"LineString","coordinates":[[-119.31865,34.44464],[-119.31801,34.44414],[-119.31771,34.44362],[-119.31746,34.44298],[-119.31732,34.44269],[-119.31717,34.4425],[-119.31668,34.4421],[-119.31643,34.44177],[-119.31617,34.44053],[-119.31606,34.44022],[-119.31578,34.4396]]}},{"type":"Feature","properties":{"name":"","c":"stream"},"geometry":{"type":"LineString","coordinates":[[-119.32859,34.4423],[-119.32855,34.44175],[-119.32862,34.44158]]}},{"type":"Feature","properties":{"name":"","c":"stream"},"geometry":{"type":"LineString","coordinates":[[-119.32862,34.44158],[-119.3294,34.44109],[-119.32951,34.44091],[-119.32952,34.44073],[-119.32927,34.44024],[-119.32904,34.43963],[-119.32902,34.43941],[-119.32911,34.43917],[-119.33014,34.43866],[-119.33073,34.43822],[-119.33101,34.43792]]}},{"type":"Feature","properties":{"name":"Ventura River","c":"stream"},"geometry":{"type":"LineString","coordinates":[[-119.29828,34.44113],[-119.29954,34.44033],[-119.30042,34.43962]]}},{"type":"Feature","properties":{"name":"Olive Creek","c":"stream"},"geometry":{"type":"LineString","coordinates":[[-119.29943,34.44198],[-119.29976,34.44147],[-119.30002,34.44092],[-119.30013,34.44027],[-119.30042,34.43962]]}},{"type":"Feature","properties":{"name":"","c":"canal"},"geometry":{"type":"LineString","coordinates":[[-119.30073,34.44182],[-119.30109,34.44161],[-119.30228,34.44125],[-119.3025,34.44122],[-119.30265,34.44123],[-119.30336,34.44163],[-119.3036,34.44169],[-119.30399,34.44164],[-119.30671,34.44089],[-119.30717,34.44089],[-119.30745,34.44096],[-119.30763,34.44102],[-119.30796,34.4412],[-119.30824,34.44124],[-119.30852,34.44118],[-119.30898,34.44086],[-119.30927,34.44079],[-119.31227,34.44082],[-119.31255,34.44077],[-119.31266,34.44072],[-119.31305,34.44044],[-119.31339,34.44039],[-119.3136,34.44043],[-119.31399,34.44058],[-119.31427,34.44059],[-119.31442,34.44054],[-119.31606,34.43974]]}},{"type":"Feature","properties":{"name":"","c":"stream"},"geometry":{"type":"LineString","coordinates":[[-119.29236,34.44093],[-119.29244,34.44085]]}},{"type":"Feature","properties":{"name":"","c":"stream"},"geometry":{"type":"LineString","coordinates":[[-119.29244,34.44085],[-119.29255,34.44058],[-119.29292,34.4404],[-119.2931,34.44023],[-119.29329,34.43993],[-119.29374,34.43952],[-119.29383,34.43936],[-119.29388,34.43905]]}},{"type":"Feature","properties":{"name":"","c":"stream"},"geometry":{"type":"LineString","coordinates":[[-119.29387,34.43895],[-119.29385,34.43868],[-119.29388,34.43851],[-119.29401,34.43825]]}},{"type":"Feature","properties":{"name":"","c":"stream"},"geometry":{"type":"LineString","coordinates":[[-119.29388,34.43905],[-119.29387,34.43895]]}},{"type":"Feature","properties":{"name":"","c":"stream"},"geometry":{"type":"LineString","coordinates":[[-119.31578,34.4396],[-119.31563,34.43923],[-119.31556,34.43868],[-119.31545,34.43841]]}},{"type":"Feature","properties":{"name":"","c":"stream"},"geometry":{"type":"LineString","coordinates":[[-119.28194,34.44341],[-119.28204,34.44318],[-119.28236,34.44296],[-119.28268,34.44283],[-119.28302,34.44275],[-119.28323,34.44277],[-119.28407,34.44254],[-119.28438,34.4425],[-119.2848,34.44238],[-119.28503,34.44227],[-119.28521,34.44207],[-119.28529,34.44185],[-119.28552,34.44153],[-119.2858,34.44122],[-119.28615,34.44071],[-119.28634,34.44052],[-119.28644,34.44033],[-119.2865,34.44007],[-119.28661,34.43982],[-119.28734,34.43907],[-119.28743,34.43888],[-119.28743,34.43846],[-119.28729,34.4383],[-119.2866,34.43776],[-119.2865,34.4376],[-119.2865,34.43693],[-119.28639,34.43651],[-119.28626,34.4357],[-119.28616,34.43533],[-119.28616,34.43456],[-119.28621,34.43438],[-119.28679,34.43349],[-119.28708,34.43324],[-119.28777,34.43285],[-119.28802,34.43265],[-119.28834,34.43227],[-119.2885,34.43204],[-119.28883,34.43139]]}},{"type":"Feature","properties":{"name":"Ventura River","c":"stream"},"geometry":{"type":"LineString","coordinates":[[-119.30042,34.43962],[-119.30064,34.43936],[-119.3011,34.43888],[-119.30141,34.43868],[-119.30154,34.43839],[-119.30157,34.43819],[-119.30155,34.43796],[-119.30144,34.43762],[-119.30126,34.43746],[-119.30113,34.43723],[-119.30105,34.43696],[-119.30106,34.43669]]}},{"type":"Feature","properties":{"name":"","c":"stream"},"geometry":{"type":"LineString","coordinates":[[-119.29401,34.43825],[-119.29407,34.43816]]}},{"type":"Feature","properties":{"name":"","c":"stream"},"geometry":{"type":"LineString","coordinates":[[-119.29407,34.43816],[-119.29472,34.43747],[-119.29514,34.437],[-119.2952,34.43688],[-119.2952,34.4364],[-119.29511,34.43596],[-119.29487,34.43552],[-119.2948,34.43546],[-119.29464,34.43508]]}},{"type":"Feature","properties":{"name":"Ventura River","c":"stream"},"geometry":{"type":"LineString","coordinates":[[-119.29872,34.44026],[-119.29885,34.43987],[-119.29895,34.43964],[-119.29907,34.43907],[-119.29918,34.43884],[-119.29954,34.43831],[-119.29971,34.43813],[-119.29996,34.43777],[-119.30009,34.43747],[-119.30013,34.43724],[-119.3001,34.437],[-119.29998,34.43671],[-119.29984,34.43625],[-119.29983,34.43569],[-119.29991,34.43512],[-119.30017,34.43425],[-119.30019,34.43359],[-119.30011,34.4328]]}},{"type":"Feature","properties":{"name":"","c":"canal"},"geometry":{"type":"LineString","coordinates":[[-119.31851,34.43609],[-119.31864,34.436]]}},{"type":"Feature","properties":{"name":"","c":"water"},"geometry":{"type":"Polygon","coordinates":[[[-119.33695,34.43658],[-119.33699,34.43662],[-119.33694,34.43674],[-119.33696,34.43679],[-119.33681,34.43696],[-119.33675,34.43697],[-119.33672,34.43691],[-119.33668,34.4369],[-119.33657,34.43693],[-119.33652,34.43684],[-119.33631,34.4368],[-119.33605,34.43668],[-119.33606,34.43658],[-119.33611,34.43652],[-119.33632,34.43639],[-119.33694,34.43635],[-119.33695,34.43658]]]}},{"type":"Feature","properties":{"name":"","c":"canal"},"geometry":{"type":"LineString","coordinates":[[-119.31606,34.43974],[-119.31629,34.43963],[-119.31713,34.43932],[-119.31815,34.43883],[-119.31835,34.43869],[-119.31864,34.43822],[-119.31878,34.4379],[-119.32117,34.43716],[-119.32483,34.43464],[-119.32497,34.43451],[-119.32505,34.43431]]}},{"type":"Feature","properties":{"name":"","c":"canal"},"geometry":{"type":"LineString","coordinates":[[-119.31545,34.43841],[-119.31545,34.43832],[-119.31553,34.43825],[-119.31755,34.43726],[-119.31764,34.43717],[-119.3177,34.43704],[-119.31776,34.43663],[-119.31779,34.4365],[-119.31785,34.43641],[-119.31851,34.43609]]}},{"type":"Feature","properties":{"name":"Santa Ana Creek","c":"stream"},"geometry":{"type":"LineString","coordinates":[[-119.3362,34.44145],[-119.33599,34.44132],[-119.33563,34.44103],[-119.3355,34.44082],[-119.33537,34.44044],[-119.33525,34.44028],[-119.33479,34.44002],[-119.3344,34.43992],[-119.3343,34.43983],[-119.33425,34.4397],[-119.33445,34.43914],[-119.33443,34.43894],[-119.3342,34.43855],[-119.33416,34.43836],[-119.33422,34.43815],[-119.33448,34.43762],[-119.33479,34.43731],[-119.33496,34.4371],[-119.335,34.43698],[-119.33489,34.43679],[-119.33465,34.43659],[-119.33431,34.4364],[-119.33426,34.43614],[-119.33433,34.43594],[-119.33455,34.43571],[-119.335,34.43503],[-119.33505,34.43484],[-119.33506,34.43468],[-119.335,34.43447],[-119.33484,34.43413],[-119.33477,34.43381],[-119.33496,34.43357],[-119.33516,34.43345],[-119.33557,34.43336],[-119.33583,34.43324],[-119.33609,34.43295]]}},{"type":"Feature","properties":{"name":"","c":"canal"},"geometry":{"type":"LineString","coordinates":[[-119.31864,34.436],[-119.31852,34.43576],[-119.31847,34.43555],[-119.31849,34.43518],[-119.31816,34.43446],[-119.31748,34.43375],[-119.31721,34.4333],[-119.31668,34.43271]]}},{"type":"Feature","properties":{"name":"","c":"stream"},"geometry":{"type":"LineString","coordinates":[[-119.29462,34.43498],[-119.29457,34.43461],[-119.29459,34.43438]]}},{"type":"Feature","properties":{"name":"Ventura River","c":"stream"},"geometry":{"type":"LineString","coordinates":[[-119.30106,34.43669],[-119.30106,34.43644],[-119.30137,34.43564],[-119.30138,34.43544],[-119.30128,34.4349],[-119.30125,34.43371]]}},{"type":"Feature","properties":{"name":"","c":"stream"},"geometry":{"type":"LineString","coordinates":[[-119.29464,34.43508],[-119.29462,34.43498]]}},{"type":"Feature","properties":{"name":"","c":"stream"},"geometry":{"type":"LineString","coordinates":[[-119.29459,34.43438],[-119.2946,34.43428]]}},{"type":"Feature","properties":{"name":"","c":"stream"},"geometry":{"type":"LineString","coordinates":[[-119.2946,34.43428],[-119.29472,34.43383]]}},{"type":"Feature","properties":{"name":"","c":"stream"},"geometry":{"type":"LineString","coordinates":[[-119.29472,34.43383],[-119.29474,34.43376]]}},{"type":"Feature","properties":{"name":"","c":"stream"},"geometry":{"type":"LineString","coordinates":[[-119.28001,34.43247],[-119.28019,34.43244]]}},{"type":"Feature","properties":{"name":"","c":"stream"},"geometry":{"type":"LineString","coordinates":[[-119.26863,34.43319],[-119.26989,34.4329],[-119.27126,34.43241],[-119.27156,34.43246],[-119.27179,34.43256],[-119.27193,34.43256],[-119.27225,34.43243],[-119.27284,34.43242],[-119.27326,34.43261],[-119.27358,34.43262],[-119.27385,34.43273],[-119.27437,34.43261],[-119.27493,34.43261],[-119.27574,34.43283],[-119.27595,34.4327],[-119.27607,34.4327],[-119.27618,34.43279],[-119.27641,34.43286],[-119.27655,34.43298],[-119.27673,34.43307],[-119.27691,34.43303],[-119.27714,34.43269],[-119.27746,34.43261],[-119.27873,34.43257],[-119.28001,34.43247]]}},{"type":"Feature","properties":{"name":"","c":"stream"},"geometry":{"type":"LineString","coordinates":[[-119.29488,34.43256],[-119.29489,34.43248]]}},{"type":"Feature","properties":{"name":"","c":"stream"},"geometry":{"type":"LineString","coordinates":[[-119.29474,34.43376],[-119.29469,34.43371],[-119.2948,34.43331],[-119.29488,34.43256]]}},{"type":"Feature","properties":{"name":"","c":"stream"},"geometry":{"type":"LineString","coordinates":[[-119.32468,34.4336],[-119.3243,34.43351],[-119.32404,34.43329],[-119.32346,34.43291],[-119.32285,34.4327],[-119.32266,34.43255],[-119.32261,34.43238],[-119.32263,34.43215],[-119.32281,34.43177]]}},{"type":"Feature","properties":{"name":"","c":"canal"},"geometry":{"type":"LineString","coordinates":[[-119.3166,34.43266],[-119.31626,34.43259],[-119.31611,34.4326],[-119.31116,34.43341],[-119.31071,34.43333],[-119.31046,34.43321],[-119.31014,34.43297],[-119.30946,34.43235]]}},{"type":"Feature","properties":{"name":"","c":"canal"},"geometry":{"type":"LineString","coordinates":[[-119.31668,34.43271],[-119.3166,34.43266]]}},{"type":"Feature","properties":{"name":"","c":"water"},"geometry":{"type":"Polygon","coordinates":[[[-119.32258,34.43326],[-119.32255,34.43336],[-119.3225,34.43336],[-119.32247,34.43348],[-119.32244,34.43348],[-119.32238,34.43334],[-119.32214,34.43302],[-119.32178,34.43277],[-119.32188,34.43205],[-119.32197,34.43194],[-119.3223,34.43182],[-119.32291,34.43154],[-119.323,34.43161],[-119.32308,34.43187],[-119.32297,34.43243],[-119.32321,34.4328],[-119.32332,34.43284],[-119.32331,34.43287],[-119.3232,34.43287],[-119.32258,34.43326]]]}},{"type":"Feature","properties":{"name":"","c":"canal"},"geometry":{"type":"LineString","coordinates":[[-119.30932,34.43222],[-119.30825,34.43126],[-119.30779,34.43104],[-119.30728,34.43091]]}},{"type":"Feature","properties":{"name":"","c":"stream"},"geometry":{"type":"LineString","coordinates":[[-119.28498,34.43201],[-119.28561,34.43195],[-119.28629,34.43179],[-119.28735,34.43144],[-119.28813,34.43142]]}},{"type":"Feature","properties":{"name":"Ventura River","c":"stream"},"geometry":{"type":"LineString","coordinates":[[-119.30125,34.43371],[-119.30131,34.4329],[-119.3016,34.43239],[-119.30218,34.4318],[-119.30261,34.4311],[-119.30262,34.43086],[-119.30276,34.43056],[-119.30294,34.43004]]}},{"type":"Feature","properties":{"name":"","c":"canal"},"geometry":{"type":"LineString","coordinates":[[-119.30946,34.43235],[-119.30932,34.43222]]}},{"type":"Feature","properties":{"name":"","c":"stream"},"geometry":{"type":"LineString","coordinates":[[-119.28019,34.43244],[-119.28152,34.43227],[-119.28217,34.43214],[-119.28384,34.43197],[-119.28485,34.43201]]}},{"type":"Feature","properties":{"name":"","c":"stream"},"geometry":{"type":"LineString","coordinates":[[-119.28485,34.43201],[-119.28498,34.43201]]}},{"type":"Feature","properties":{"name":"","c":"stream"},"geometry":{"type":"LineString","coordinates":[[-119.28813,34.43142],[-119.28827,34.4314]]}},{"type":"Feature","properties":{"name":"","c":"stream"},"geometry":{"type":"LineString","coordinates":[[-119.28827,34.4314],[-119.28846,34.43138],[-119.28883,34.43139]]}},{"type":"Feature","properties":{"name":"","c":"stream"},"geometry":{"type":"LineString","coordinates":[[-119.28883,34.43139],[-119.28956,34.43138],[-119.28993,34.43141]]}},{"type":"Feature","properties":{"name":"","c":"stream"},"geometry":{"type":"LineString","coordinates":[[-119.28993,34.43141],[-119.29015,34.43144]]}},{"type":"Feature","properties":{"name":"","c":"stream"},"geometry":{"type":"LineString","coordinates":[[-119.29489,34.43248],[-119.29519,34.43063],[-119.29526,34.43037],[-119.29548,34.42988],[-119.29569,34.42915]]}},{"type":"Feature","properties":{"name":"","c":"canal"},"geometry":{"type":"LineString","coordinates":[[-119.30728,34.43091],[-119.30708,34.43087]]}},{"type":"Feature","properties":{"name":"","c":"canal"},"geometry":{"type":"LineString","coordinates":[[-119.30708,34.43087],[-119.30498,34.43037]]}},{"type":"Feature","properties":{"name":"Ventura River","c":"stream"},"geometry":{"type":"LineString","coordinates":[[-119.30011,34.4328],[-119.30011,34.43255],[-119.30023,34.43201],[-119.30023,34.43178],[-119.30016,34.43126],[-119.3,34.43062],[-119.30005,34.43035],[-119.30031,34.42987],[-119.30047,34.4293],[-119.30033,34.4288],[-119.30001,34.4283],[-119.29997,34.42814],[-119.29994,34.42784],[-119.30009,34.42754],[-119.30046,34.42736],[-119.30069,34.42715]]}},{"type":"Feature","properties":{"name":"","c":"stream"},"geometry":{"type":"LineString","coordinates":[[-119.29015,34.43144],[-119.29034,34.43144],[-119.29054,34.43138],[-119.29069,34.43125],[-119.29076,34.43083],[-119.29091,34.43069],[-119.29105,34.43063],[-119.29132,34.43058],[-119.29165,34.43059],[-119.29195,34.43074],[-119.29227,34.43084],[-119.29252,34.43081],[-119.29266,34.43076],[-119.29296,34.43054],[-119.29312,34.42998],[-119.29421,34.42948],[-119.29452,34.42923],[-119.29491,34.42882],[-119.29507,34.42871],[-119.29559,34.4286]]}},{"type":"Feature","properties":{"name":"","c":"stream"},"geometry":{"type":"LineString","coordinates":[[-119.32307,34.43106],[-119.32296,34.43089],[-119.32275,34.43081],[-119.3225,34.43078],[-119.32222,34.43089],[-119.32183,34.43088],[-119.32166,34.43084],[-119.32145,34.43068],[-119.32128,34.43047],[-119.32066,34.42998],[-119.32047,34.42978],[-119.31986,34.42911],[-119.31954,34.4286]]}},{"type":"Feature","properties":{"name":"","c":"stream"},"geometry":{"type":"LineString","coordinates":[[-119.33047,34.43215],[-119.33039,34.43167],[-119.3303,34.43147],[-119.3301,34.43124],[-119.32984,34.43084],[-119.32953,34.42997],[-119.32947,34.42925],[-119.3295,34.42886]]}},{"type":"Feature","properties":{"name":"","c":"stream"},"geometry":{"type":"LineString","coordinates":[[-119.32281,34.43177],[-119.32307,34.43106]]}},{"type":"Feature","properties":{"name":"","c":"stream"},"geometry":{"type":"LineString","coordinates":[[-119.31909,34.42827],[-119.31859,34.42824],[-119.31828,34.42827],[-119.31738,34.42855],[-119.31673,34.4285],[-119.31638,34.42843],[-119.316,34.42832],[-119.31554,34.42812],[-119.31543,34.42799],[-119.31532,34.42767],[-119.3149,34.42729]]}},{"type":"Feature","properties":{"name":"","c":"canal"},"geometry":{"type":"LineString","coordinates":[[-119.32505,34.43431],[-119.3251,34.43413],[-119.32511,34.43376],[-119.32521,34.43346],[-119.32541,34.43329],[-119.32597,34.43306],[-119.32654,34.43256],[-119.32689,34.43214],[-119.32694,34.4319],[-119.32694,34.43173],[-119.32671,34.43106],[-119.32649,34.43068],[-119.32636,34.43026],[-119.32624,34.43004],[-119.32619,34.42989],[-119.32619,34.42975],[-119.32633,34.42951],[-119.32685,34.42885],[-119.32733,34.42831],[-119.32753,34.42818],[-119.32766,34.42815],[-119.32798,34.42814],[-119.32903,34.42855],[-119.32929,34.42861],[-119.32954,34.42862],[-119.32981,34.42859],[-119.33001,34.42853],[-119.33022,34.42842],[-119.3304,34.42827],[-119.33061,34.42795],[-119.33065,34.42781],[-119.33081,34.42649],[-119.33095,34.42627],[-119.33216,34.42539],[-119.33501,34.42421],[-119.33525,34.42408],[-119.33615,34.4234],[-119.33754,34.42161]]}},{"type":"Feature","properties":{"name":"","c":"stream"},"geometry":{"type":"LineString","coordinates":[[-119.31951,34.42811],[-119.31931,34.42828]]}},{"type":"Feature","properties":{"name":"","c":"water"},"geometry":{"type":"Polygon","coordinates":[[[-119.31911,34.42837],[-119.3191,34.42819],[-119.31915,34.42806],[-119.31931,34.42803],[-119.31944,34.42806],[-119.31951,34.42811],[-119.31955,34.42819],[-119.31952,34.42843],[-119.31954,34.4286],[-119.31911,34.42837]]]}},{"type":"Feature","properties":{"name":"","c":"stream"},"geometry":{"type":"LineString","coordinates":[[-119.31931,34.42828],[-119.31909,34.42827]]}},{"type":"Feature","properties":{"name":"","c":"stream"},"geometry":{"type":"LineString","coordinates":[[-119.31954,34.4286],[-119.31931,34.42828]]}},{"type":"Feature","properties":{"name":"","c":"pond"},"geometry":{"type":"Polygon","coordinates":[[[-119.32415,34.42881],[-119.32426,34.42882],[-119.32431,34.42888],[-119.32433,34.42912],[-119.32451,34.42927],[-119.32448,34.42929],[-119.32433,34.42923],[-119.32401,34.42903],[-119.32396,34.42892],[-119.32399,34.42887],[-119.32415,34.42881]]]}},{"type":"Feature","properties":{"name":"","c":"stream"},"geometry":{"type":"LineString","coordinates":[[-119.31371,34.43073],[-119.31374,34.43052],[-119.31387,34.43009],[-119.31419,34.42962],[-119.3144,34.42919],[-119.31448,34.42863],[-119.31458,34.42849],[-119.3149,34.42823],[-119.31497,34.42807],[-119.31498,34.42785],[-119.3149,34.42729]]}},{"type":"Feature","properties":{"name":"","c":"stream"},"geometry":{"type":"LineString","coordinates":[[-119.30498,34.43037],[-119.30491,34.43001],[-119.30481,34.42987],[-119.30442,34.42952],[-119.30265,34.42837]]}},{"type":"Feature","properties":{"name":"","c":"stream"},"geometry":{"type":"LineString","coordinates":[[-119.29569,34.42915],[-119.2957,34.42905]]}},{"type":"Feature","properties":{"name":"","c":"stream"},"geometry":{"type":"LineString","coordinates":[[-119.2957,34.42905],[-119.29571,34.42897],[-119.29559,34.4286],[-119.29559,34.42841],[-119.29578,34.42794],[-119.29606,34.4277]]}},{"type":"Feature","properties":{"name":"Ventura River","c":"stream"},"geometry":{"type":"LineString","coordinates":[[-119.30294,34.43004],[-119.30301,34.42982],[-119.30303,34.42963],[-119.30299,34.42917],[-119.30282,34.42894],[-119.30268,34.4286],[-119.30265,34.42837],[-119.30267,34.42808],[-119.30258,34.42781],[-119.30248,34.4276],[-119.30206,34.42695],[-119.30203,34.42664]]}},{"type":"Feature","properties":{"name":"San Antonio Creek","c":"stream"},"geometry":{"type":"LineString","coordinates":[[-119.25172,34.43158],[-119.25185,34.43144],[-119.25211,34.43128],[-119.25269,34.43134],[-119.25429,34.43186],[-119.25465,34.43178],[-119.25506,34.43158],[-119.25546,34.43131],[-119.25621,34.43093],[-119.25652,34.43071],[-119.25766,34.43019],[-119.25804,34.43008],[-119.25828,34.42998],[-119.25861,34.42977],[-119.25885,34.42957],[-119.25885,34.42931],[-119.2588,34.42907],[-119.25878,34.42868],[-119.25864,34.42774],[-119.25853,34.42734],[-119.25844,34.42717],[-119.2581,34.42676],[-119.25793,34.42661],[-119.25767,34.42646],[-119.25752,34.42624],[-119.25748,34.42606],[-119.25757,34.42588],[-119.25821,34.42545],[-119.25884,34.42514],[-119.25916,34.42506],[-119.25996,34.42506],[-119.26047,34.42509],[-119.26154,34.42521],[-119.26257,34.42523],[-119.26343,34.42511],[-119.26397,34.42497],[-119.26468,34.42468],[-119.26495,34.4245],[-119.26511,34.42432],[-119.26518,34.42411],[-119.26517,34.42385],[-119.26505,34.42359],[-119.26485,34.42332],[-119.26443,34.42263],[-119.26434,34.42242],[-119.26437,34.42216]]}},{"type":"Feature","properties":{"name":"","c":"stream"},"geometry":{"type":"LineString","coordinates":[[-119.29657,34.42672],[-119.2962,34.42637]]}},{"type":"Feature","properties":{"name":"","c":"stream"},"geometry":{"type":"LineString","coordinates":[[-119.29606,34.4277],[-119.29635,34.42757],[-119.29651,34.42741],[-119.29659,34.42709],[-119.29657,34.42672]]}},{"type":"Feature","properties":{"name":"Santa Ana Creek","c":"stream"},"geometry":{"type":"LineString","coordinates":[[-119.33609,34.43295],[-119.33631,34.4327],[-119.33687,34.4318],[-119.33696,34.43156],[-119.33712,34.43051],[-119.33722,34.43023],[-119.33731,34.43011],[-119.33747,34.42993],[-119.33768,34.42977],[-119.33793,34.42964],[-119.33922,34.42932],[-119.33935,34.42926],[-119.33951,34.42908],[-119.33955,34.42885],[-119.33977,34.42831],[-119.34,34.42792]]}},{"type":"Feature","properties":{"name":"","c":"water"},"geometry":{"type":"Polygon","coordinates":[[[-119.31936,34.42673],[-119.31933,34.42684],[-119.31915,34.42687],[-119.3191,34.4268],[-119.3191,34.42672],[-119.31919,34.42666],[-119.31931,34.42669],[-119.31936,34.42673]]]}},{"type":"Feature","properties":{"name":"","c":"water"},"geometry":{"type":"Polygon","coordinates":[[[-119.3228,34.42594],[-119.32257,34.42589],[-119.32249,34.42584],[-119.32252,34.42579],[-119.32267,34.4257],[-119.32278,34.42568],[-119.32283,34.42575],[-119.3228,34.42594]]]}},{"type":"Feature","properties":{"name":"Ventura River","c":"stream"},"geometry":{"type":"LineString","coordinates":[[-119.30069,34.42715],[-119.30087,34.42703],[-119.30157,34.42672],[-119.30203,34.42664],[-119.30219,34.42654],[-119.3023,34.4264],[-119.30254,34.42592],[-119.30258,34.42557],[-119.30256,34.42528],[-119.30246,34.42489],[-119.30246,34.42401]]}},{"type":"Feature","properties":{"name":"","c":"canal"},"geometry":{"type":"LineString","coordinates":[[-119.28911,34.42585],[-119.28911,34.42577]]}},{"type":"Feature","properties":{"name":"","c":"canal"},"geometry":{"type":"LineString","coordinates":[[-119.28907,34.42662],[-119.28911,34.42585]]}},{"type":"Feature","properties":{"name":"","c":"stream"},"geometry":{"type":"LineString","coordinates":[[-119.26882,34.4247],[-119.26935,34.42458],[-119.27013,34.42452],[-119.27115,34.42459],[-119.2715,34.42459],[-119.27168,34.42454]]}},{"type":"Feature","properties":{"name":"","c":"stream"},"geometry":{"type":"LineString","coordinates":[[-119.27168,34.42454],[-119.27205,34.42446]]}},{"type":"Feature","properties":{"name":"","c":"stream"},"geometry":{"type":"LineString","coordinates":[[-119.27205,34.42446],[-119.27216,34.42445],[-119.27245,34.4243],[-119.27277,34.42421],[-119.27299,34.42418]]}},{"type":"Feature","properties":{"name":"","c":"pond"},"geometry":{"type":"Polygon","coordinates":[[[-119.27503,34.4246],[-119.27476,34.42455],[-119.27423,34.4244],[-119.27392,34.4243],[-119.27376,34.42416],[-119.27372,34.42405],[-119.27389,34.42376],[-119.27423,34.42354],[-119.27614,34.4231],[-119.27626,34.42318],[-119.2763,34.42377],[-119.27623,34.42453],[-119.2761,34.42456],[-119.27503,34.4246]],[[-119.27596,34.42398],[-119.27604,34.42383],[-119.27555,34.42378],[-119.2748,34.42378],[-119.27413,34.42393],[-119.27402,34.424],[-119.27401,34.42409],[-119.27407,34.42416],[-119.27455,34.42437],[-119.27496,34.42449],[-119.27581,34.42441],[-119.27594,34.42437],[-119.27596,34.42398]]]}},{"type":"Feature","properties":{"name":"","c":"stream"},"geometry":{"type":"LineString","coordinates":[[-119.27299,34.42418],[-119.27366,34.42409],[-119.27623,34.42352]]}},{"type":"Feature","properties":{"name":"","c":"stream"},"geometry":{"type":"LineString","coordinates":[[-119.29002,34.42454],[-119.29003,34.42435],[-119.29015,34.42411],[-119.29007,34.42367],[-119.29007,34.42353],[-119.29014,34.42334],[-119.29042,34.42315]]}},{"type":"Feature","properties":{"name":"","c":"canal"},"geometry":{"type":"LineString","coordinates":[[-119.28911,34.42577],[-119.28924,34.42455],[-119.28945,34.42376],[-119.28974,34.42299]]}},{"type":"Feature","properties":{"name":"","c":"canal"},"geometry":{"type":"LineString","coordinates":[[-119.28986,34.42276],[-119.29006,34.42241]]}},{"type":"Feature","properties":{"name":"","c":"canal"},"geometry":{"type":"LineString","coordinates":[[-119.28974,34.42299],[-119.28986,34.42276]]}},{"type":"Feature","properties":{"name":"Mirror Lake","c":"lake"},"geometry":{"type":"Polygon","coordinates":[[[-119.29038,34.42313],[-119.29013,34.42349],[-119.2902,34.42368],[-119.29033,34.42378],[-119.29036,34.42392],[-119.29032,34.42415],[-119.29021,34.42427],[-119.29007,34.42433],[-119.2899,34.42432],[-119.28966,34.42408],[-119.28968,34.42387],[-119.28984,34.42368],[-119.29014,34.42287],[-119.29033,34.42265],[-119.29045,34.42266],[-119.29045,34.42287],[-119.29038,34.42313]]]}},{"type":"Feature","properties":{"name":"","c":"stream"},"geometry":{"type":"LineString","coordinates":[[-119.2777,34.42315],[-119.278,34.42317]]}},{"type":"Feature","properties":{"name":"","c":"water"},"geometry":{"type":"Polygon","coordinates":[[[-119.27779,34.42328],[-119.27777,34.42319],[-119.2777,34.42315],[-119.2777,34.42301],[-119.27787,34.42296],[-119.27803,34.4232],[-119.27807,34.42334],[-119.27791,34.42339],[-119.27779,34.42328]]]}},{"type":"Feature","properties":{"name":"","c":"stream"},"geometry":{"type":"LineString","coordinates":[[-119.27623,34.42352],[-119.2767,34.42335],[-119.27678,34.42329],[-119.27724,34.42317],[-119.27765,34.4232],[-119.2777,34.42315]]}},{"type":"Feature","properties":{"name":"","c":"stream"},"geometry":{"type":"LineString","coordinates":[[-119.278,34.42317],[-119.27822,34.42314],[-119.27876,34.4229]]}},{"type":"Feature","properties":{"name":"","c":"stream"},"geometry":{"type":"LineString","coordinates":[[-119.27876,34.4229],[-119.27979,34.42258]]}},{"type":"Feature","properties":{"name":"","c":"water"},"geometry":{"type":"Polygon","coordinates":[[[-119.27972,34.42269],[-119.27942,34.42281],[-119.27931,34.4228],[-119.27923,34.42287],[-119.27892,34.42295],[-119.27882,34.42294],[-119.27878,34.42287],[-119.27882,34.4227],[-119.2792,34.42259],[-119.27973,34.42248],[-119.27979,34.42258],[-119.27983,34.42271],[-119.27976,34.42274],[-119.27972,34.42269]]]}},{"type":"Feature","properties":{"name":"","c":"water"},"geometry":{"type":"Polygon","coordinates":[[[-119.26085,34.42263],[-119.26073,34.42297],[-119.26067,34.42301],[-119.26057,34.42299],[-119.2605,34.42285],[-119.26047,34.42265],[-119.26048,34.42252],[-119.26054,34.42246],[-119.26069,34.42243],[-119.26085,34.42263]]]}},{"type":"Feature","properties":{"name":"","c":"stream"},"geometry":{"type":"LineString","coordinates":[[-119.28044,34.42244],[-119.28094,34.42236]]}},{"type":"Feature","properties":{"name":"","c":"stream"},"geometry":{"type":"LineString","coordinates":[[-119.27979,34.42258],[-119.28044,34.42244]]}},{"type":"Feature","properties":{"name":"","c":"stream"},"geometry":{"type":"LineString","coordinates":[[-119.3149,34.42729],[-119.31474,34.42699],[-119.31458,34.42679],[-119.31423,34.42649],[-119.31405,34.4263],[-119.31397,34.42618],[-119.31391,34.42601],[-119.31374,34.42581],[-119.31318,34.42542],[-119.31267,34.42497],[-119.31239,34.42467],[-119.31178,34.42423],[-119.31112,34.4236],[-119.31051,34.42264],[-119.31039,34.4225],[-119.31003,34.42169],[-119.30987,34.42151],[-119.30966,34.42131],[-119.30939,34.42115],[-119.30851,34.42086],[-119.30846,34.42078],[-119.30858,34.42052],[-119.30863,34.4203],[-119.30861,34.41999],[-119.30856,34.41978],[-119.30837,34.41942],[-119.30835,34.41923],[-119.30826,34.41894],[-119.30817,34.4188],[-119.30766,34.41839],[-119.30756,34.41824],[-119.30744,34.41751]]}},{"type":"Feature","properties":{"name":"","c":"canal"},"geometry":{"type":"LineString","coordinates":[[-119.29006,34.42241],[-119.29024,34.4221]]}},{"type":"Feature","properties":{"name":"","c":"canal"},"geometry":{"type":"LineString","coordinates":[[-119.29024,34.4221],[-119.29071,34.42149],[-119.29101,34.42115]]}},{"type":"Feature","properties":{"name":"","c":"canal"},"geometry":{"type":"LineString","coordinates":[[-119.29101,34.42115],[-119.2911,34.42119]]}},{"type":"Feature","properties":{"name":"","c":"canal"},"geometry":{"type":"LineString","coordinates":[[-119.2911,34.42119],[-119.29128,34.42121]]}},{"type":"Feature","properties":{"name":"Ventura River","c":"stream"},"geometry":{"type":"LineString","coordinates":[[-119.2962,34.42637],[-119.29625,34.42584],[-119.29645,34.42552],[-119.29682,34.42453],[-119.29681,34.42431],[-119.29662,34.42396],[-119.29656,34.4238],[-119.29657,34.42365],[-119.29662,34.42351],[-119.29688,34.42337],[-119.29703,34.42324],[-119.29747,34.42308],[-119.29764,34.4229],[-119.29842,34.42189],[-119.29873,34.42176],[-119.29918,34.42142],[-119.29923,34.42112],[-119.29913,34.42075],[-119.29904,34.42054],[-119.29899,34.42028],[-119.29899,34.42013],[-119.29904,34.41998],[-119.2991,34.4199],[-119.29915,34.41966],[-119.29931,34.41936],[-119.29938,34.4191],[-119.29949,34.41896],[-119.29962,34.41869],[-119.29979,34.41855],[-119.30034,34.41777],[-119.30035,34.41718],[-119.30059,34.41665]]}},{"type":"Feature","properties":{"name":"","c":"canal"},"geometry":{"type":"LineString","coordinates":[[-119.33754,34.42161],[-119.33766,34.4215],[-119.33903,34.41961],[-119.33929,34.41929]]}},{"type":"Feature","properties":{"name":"","c":"stream"},"geometry":{"type":"LineString","coordinates":[[-119.28094,34.42236],[-119.28125,34.42231],[-119.28168,34.42208],[-119.28225,34.42135],[-119.28278,34.42076],[-119.2829,34.42036],[-119.28297,34.42031],[-119.28356,34.42016],[-119.28443,34.41975],[-119.28452,34.41968],[-119.285,34.41915],[-119.28514,34.41907],[-119.28627,34.4187],[-119.28648,34.41859],[-119.28673,34.41841],[-119.28703,34.41827],[-119.28751,34.41816],[-119.28844,34.41783],[-119.28987,34.41712],[-119.29018,34.41706],[-119.29182,34.417],[-119.29209,34.41708],[-119.29238,34.41722],[-119.29313,34.41773]]}},{"type":"Feature","properties":{"name":"","c":"stream"},"geometry":{"type":"LineString","coordinates":[[-119.25327,34.41804],[-119.25349,34.41816],[-119.25376,34.41826],[-119.25386,34.41848],[-119.25393,34.41905],[-119.2541,34.41919],[-119.25451,34.41923],[-119.25481,34.41914],[-119.25533,34.41922],[-119.25541,34.41915],[-119.25566,34.41911],[-119.25631,34.41869],[-119.25656,34.41858],[-119.25677,34.4186],[-119.25709,34.41868],[-119.2575,34.41874],[-119.25768,34.41868],[-119.25776,34.41854],[-119.25777,34.41819],[-119.25789,34.41803],[-119.25815,34.41789],[-119.25847,34.41785],[-119.25875,34.4179],[-119.25915,34.41826],[-119.25951,34.41893],[-119.25959,34.41929],[-119.25975,34.41937],[-119.26004,34.41972],[-119.26027,34.41994],[-119.26051,34.42005],[-119.26091,34.42012],[-119.26227,34.42022],[-119.26253,34.42033],[-119.26275,34.42045],[-119.26281,34.42054],[-119.26285,34.42071],[-119.26283,34.42122],[-119.26286,34.42168],[-119.26299,34.4219],[-119.26325,34.42204],[-119.2637,34.42211],[-119.26437,34.42216]]}},{"type":"Feature","properties":{"name":"","c":"stream"},"geometry":{"type":"LineString","coordinates":[[-119.29892,34.41828],[-119.29906,34.41825],[-119.29935,34.41811],[-119.29984,34.41761],[-119.30035,34.41718]]}},{"type":"Feature","properties":{"name":"","c":"stream"},"geometry":{"type":"LineString","coordinates":[[-119.29406,34.41793],[-119.2946,34.41801],[-119.29482,34.418],[-119.29628,34.41813],[-119.29645,34.41818],[-119.29698,34.41847],[-119.29761,34.41848]]}},{"type":"Feature","properties":{"name":"","c":"stream"},"geometry":{"type":"LineString","coordinates":[[-119.29761,34.41848],[-119.29892,34.41828]]}},{"type":"Feature","properties":{"name":"","c":"canal"},"geometry":{"type":"LineString","coordinates":[[-119.33948,34.41903],[-119.33987,34.41846],[-119.33987,34.41831],[-119.33979,34.41791],[-119.33979,34.41772],[-119.33998,34.41717]]}},{"type":"Feature","properties":{"name":"","c":"canal"},"geometry":{"type":"LineString","coordinates":[[-119.33929,34.41929],[-119.33948,34.41903]]}},{"type":"Feature","properties":{"name":"Santa Ana Creek","c":"stream"},"geometry":{"type":"LineString","coordinates":[[-119.34,34.41721],[-119.33998,34.41717]]}},{"type":"Feature","properties":{"name":"","c":"stream"},"geometry":{"type":"LineString","coordinates":[[-119.33702,34.41612],[-119.33719,34.41596]]}},{"type":"Feature","properties":{"name":"","c":"stream"},"geometry":{"type":"LineString","coordinates":[[-119.33548,34.4171],[-119.33572,34.41687],[-119.33618,34.41664],[-119.33653,34.41639],[-119.33702,34.41612]]}},{"type":"Feature","properties":{"name":"Santa Ana Creek","c":"stream"},"geometry":{"type":"LineString","coordinates":[[-119.33998,34.41717],[-119.34,34.41706]]}},{"type":"Feature","properties":{"name":"San Antonio Creek","c":"stream"},"geometry":{"type":"LineString","coordinates":[[-119.26437,34.42216],[-119.26455,34.4219],[-119.26484,34.42171],[-119.26527,34.42148],[-119.26653,34.42092],[-119.26698,34.42076],[-119.26785,34.42052],[-119.26855,34.42009],[-119.26875,34.41989],[-119.26936,34.41901],[-119.27004,34.41822],[-119.27071,34.41709],[-119.27083,34.41687],[-119.27087,34.41672],[-119.27087,34.41632],[-119.27094,34.41572],[-119.27102,34.41556],[-119.27153,34.415]]}},{"type":"Feature","properties":{"name":"Ventura River","c":"stream"},"geometry":{"type":"LineString","coordinates":[[-119.30246,34.42401],[-119.30235,34.42292],[-119.30219,34.42211],[-119.30184,34.42151],[-119.30179,34.42132],[-119.30159,34.42097],[-119.30151,34.42052],[-119.30149,34.41988],[-119.30146,34.41978],[-119.3012,34.41919],[-119.30113,34.41886],[-119.30099,34.41871],[-119.30074,34.41824],[-119.30059,34.41665],[-119.3006,34.41643],[-119.30066,34.41594],[-119.3008,34.41573],[-119.30096,34.41527],[-119.301,34.415]]}},{"type":"Feature","properties":{"name":"","c":"stream"},"geometry":{"type":"LineString","coordinates":[[-119.33719,34.41596],[-119.33725,34.41592],[-119.33728,34.41584],[-119.3372,34.41545],[-119.33723,34.415]]}},{"type":"Feature","properties":{"name":"","c":"stream"},"geometry":{"type":"LineString","coordinates":[[-119.32248,34.41965],[-119.32282,34.41938],[-119.323,34.41919],[-119.32311,34.41899],[-119.32327,34.41781],[-119.32351,34.41726],[-119.32369,34.417],[-119.32397,34.41639],[-119.324,34.41616],[-119.324,34.41571],[-119.32418,34.415]]}},{"type":"Feature","properties":{"name":"","c":"stream"},"geometry":{"type":"LineString","coordinates":[[-119.29313,34.41773],[-119.29338,34.41779],[-119.29349,34.41777],[-119.29357,34.4177],[-119.29441,34.415]]}},{"type":"Feature","properties":{"name":"","c":"stream"},"geometry":{"type":"LineString","coordinates":[[-119.31789,34.41909],[-119.31751,34.41847],[-119.31712,34.41818],[-119.31695,34.41798],[-119.31673,34.41763],[-119.31619,34.41696],[-119.3159,34.41669],[-119.31521,34.41592],[-119.3149,34.41568],[-119.31467,34.41545],[-119.31441,34.41527],[-119.3141,34.415]]}},{"type":"Feature","properties":{"name":"Santa Ana Creek","c":"stream"},"geometry":{"type":"LineString","coordinates":[[-119.34,34.41605],[-119.33956,34.41544],[-119.33934,34.415]]}},{"type":"Feature","properties":{"name":"","c":"stream"},"geometry":{"type":"LineString","coordinates":[[-119.22595,34.415],[-119.22601,34.41523],[-119.22626,34.41564],[-119.22632,34.41637],[-119.22638,34.41677],[-119.22643,34.41689],[-119.22667,34.41709],[-119.22675,34.41724],[-119.22675,34.41743],[-119.22678,34.41751],[-119.22714,34.41786],[-119.22759,34.41823],[-119.22793,34.4183],[-119.22828,34.41809],[-119.22915,34.41777],[-119.2297,34.41767],[-119.23031,34.41761]]}},{"type":"Feature","properties":{"name":"","c":"stream"},"geometry":{"type":"LineString","coordinates":[[-119.21516,34.415],[-119.21531,34.41504],[-119.21541,34.41512],[-119.21554,34.41533],[-119.21554,34.41542],[-119.21547,34.41568],[-119.21549,34.4159],[-119.21587,34.41615],[-119.21601,34.41633],[-119.21619,34.41635],[-119.21624,34.41641],[-119.2166,34.41638],[-119.21685,34.41653],[-119.2169,34.41652],[-119.21705,34.41663],[-119.2171,34.41683],[-119.21702,34.41689],[-119.21713,34.41696],[-119.21753,34.41709],[-119.21795,34.4174],[-119.21824,34.41773],[-119.21864,34.41832],[-119.21949,34.41901],[-119.21952,34.41925],[-119.2194,34.4194],[-119.21916,34.41956],[-119.21906,34.41958],[-119.219,34.41968]]}},{"type":"Feature","properties":{"name":"","c":"stream"},"geometry":{"type":"LineString","coordinates":[[-119.2132,34.42355],[-119.21391,34.42322],[-119.21446,34.42305],[-119.21513,34.423],[-119.21532,34.42295],[-119.21615,34.42261],[-119.21672,34.42225],[-119.21699,34.42216],[-119.21715,34.42206],[-119.21767,34.42184],[-119.21779,34.42171],[-119.21785,34.42153],[-119.21802,34.42097],[-119.21811,34.42044],[-119.21828,34.4199],[-119.21838,34.41979],[-119.21845,34.41977],[-119.21867,34.41972],[-119.21887,34.41973],[-119.21888,34.41968],[-119.219,34.41968]]}},{"type":"Feature","properties":{"name":"","c":"stream"},"geometry":{"type":"LineString","coordinates":[[-119.21313,34.42316],[-119.21308,34.42333],[-119.2131,34.4235],[-119.2132,34.42355]]}},{"type":"Feature","properties":{"name":"","c":"stream"},"geometry":{"type":"LineString","coordinates":[[-119.21312,34.42307],[-119.21313,34.42316]]}},{"type":"Feature","properties":{"name":"","c":"stream"},"geometry":{"type":"LineString","coordinates":[[-119.20496,34.415],[-119.20543,34.41544],[-119.20556,34.41561],[-119.20654,34.41645],[-119.20688,34.41682],[-119.2071,34.41698],[-119.20727,34.41705],[-119.20754,34.41732],[-119.20829,34.41792],[-119.20846,34.41811],[-119.20901,34.41854],[-119.20923,34.41876],[-119.20972,34.41898],[-119.20988,34.41899],[-119.21032,34.41893],[-119.21058,34.41895],[-119.21101,34.41909],[-119.21121,34.41904],[-119.21133,34.4191],[-119.21148,34.41911],[-119.21167,34.41921],[-119.21172,34.41938],[-119.21191,34.41938],[-119.21205,34.41947],[-119.2121,34.41953],[-119.21228,34.41955],[-119.21235,34.4196],[-119.21237,34.41972],[-119.21229,34.4198],[-119.21229,34.41988],[-119.21232,34.41996],[-119.21241,34.41999],[-119.21245,34.42005],[-119.21244,34.42012],[-119.21259,34.42024],[-119.21262,34.4203],[-119.21264,34.42056],[-119.21271,34.42076],[-119.21271,34.42097],[-119.21284,34.42105],[-119.21285,34.42116],[-119.21292,34.42118],[-119.21295,34.42131],[-119.2131,34.42131],[-119.21321,34.42146],[-119.21324,34.42159],[-119.21314,34.42177],[-119.21316,34.42194],[-119.2131,34.42208],[-119.21315,34.42217],[-119.21313,34.42227],[-119.21296,34.4224],[-119.21293,34.42257],[-119.21295,34.42281],[-119.213,34.42297],[-119.21312,34.42307]]}},{"type":"Feature","properties":{"name":"","c":"stream"},"geometry":{"type":"LineString","coordinates":[[-119.20377,34.43018],[-119.20395,34.43003],[-119.20448,34.42982],[-119.20506,34.42964],[-119.20535,34.42958],[-119.20576,34.42954],[-119.20601,34.42946],[-119.20657,34.4292],[-119.20685,34.4291],[-119.20725,34.42888],[-119.2091,34.42804],[-119.21008,34.42725],[-119.21029,34.42695],[-119.21054,34.42687],[-119.21088,34.42668],[-119.21115,34.42638],[-119.21148,34.42623],[-119.21162,34.42605],[-119.21158,34.42584],[-119.21179,34.42552],[-119.21181,34.42535],[-119.2124,34.42462],[-119.21257,34.42422],[-119.21283,34.42403],[-119.2132,34.42355]]}},{"type":"Feature","properties":{"name":"","c":"stream"},"geometry":{"type":"LineString","coordinates":[[-119.22266,34.43326],[-119.22281,34.43338],[-119.22288,34.43352],[-119.22292,34.4337],[-119.22291,34.43385]]}},{"type":"Feature","properties":{"name":"","c":"stream"},"geometry":{"type":"LineString","coordinates":[[-119.21828,34.43066],[-119.21844,34.43027],[-119.21843,34.43016],[-119.21828,34.42976],[-119.21803,34.4293],[-119.21803,34.42896],[-119.21798,34.42861],[-119.2179,34.42837],[-119.21792,34.42823],[-119.21798,34.42811],[-119.21837,34.42772],[-119.21885,34.42745],[-119.21912,34.42725],[-119.21921,34.42714],[-119.21975,34.42607],[-119.21985,34.42593],[-119.2207,34.42553],[-119.2208,34.42545],[-119.22086,34.4253],[-119.22107,34.42521],[-119.22137,34.42517],[-119.22144,34.4251],[-119.22179,34.42511],[-119.22197,34.42501],[-119.22212,34.42501],[-119.22246,34.42491],[-119.22248,34.42486],[-119.22238,34.42481],[-119.22235,34.42473],[-119.223,34.42456],[-119.22304,34.42452],[-119.22307,34.42433],[-119.22321,34.42419],[-119.2233,34.42406],[-119.22341,34.42401],[-119.22351,34.42403],[-119.22357,34.424],[-119.22355,34.42393],[-119.22368,34.42371],[-119.22364,34.42359],[-119.22368,34.42351],[-119.22367,34.42341],[-119.22361,34.42331],[-119.22361,34.42315],[-119.2237,34.42304],[-119.22369,34.42296],[-119.22359,34.42283],[-119.22366,34.42277],[-119.22364,34.42271],[-119.22374,34.42261],[-119.22356,34.42232],[-119.22393,34.42211],[-119.22395,34.42182],[-119.22407,34.42165],[-119.22414,34.42162],[-119.22425,34.42167],[-119.2243,34.42165]]}},{"type":"Feature","properties":{"name":"","c":"stream"},"geometry":{"type":"LineString","coordinates":[[-119.219,34.41968],[-119.21951,34.42003],[-119.21962,34.42017],[-119.21967,34.42029],[-119.21988,34.42051],[-119.2204,34.42058],[-119.22103,34.42062],[-119.22169,34.42055],[-119.22193,34.42057],[-119.22217,34.42055],[-119.2226,34.42062],[-119.22304,34.42107],[-119.2231,34.42123],[-119.2234,34.42131],[-119.22385,34.42138],[-119.22447,34.42141]]}},{"type":"Feature","properties":{"name":"","c":"stream"},"geometry":{"type":"LineString","coordinates":[[-119.22434,34.42157],[-119.22447,34.42141]]}},{"type":"Feature","properties":{"name":"","c":"stream"},"geometry":{"type":"LineString","coordinates":[[-119.2243,34.42165],[-119.22434,34.42157]]}},{"type":"Feature","properties":{"name":"","c":"stream"},"geometry":{"type":"LineString","coordinates":[[-119.22447,34.42141],[-119.22466,34.4214],[-119.22477,34.42136],[-119.22501,34.42113],[-119.2252,34.42103],[-119.22535,34.42089],[-119.22571,34.42089],[-119.22596,34.42083],[-119.22616,34.42085],[-119.22632,34.42092],[-119.22662,34.42105],[-119.22677,34.4212],[-119.22728,34.42142],[-119.22745,34.42149],[-119.22765,34.4215],[-119.22777,34.42145],[-119.22822,34.42087],[-119.22831,34.42069],[-119.22857,34.42047],[-119.2287,34.42049],[-119.22881,34.42058],[-119.22907,34.42101],[-119.22941,34.42132],[-119.22977,34.42152],[-119.2305,34.42154],[-119.23074,34.42158],[-119.23108,34.42172],[-119.23138,34.42178],[-119.23157,34.42174],[-119.23182,34.42164],[-119.23195,34.42155],[-119.232,34.42148],[-119.23216,34.42143],[-119.2323,34.42148],[-119.23253,34.42163],[-119.23295,34.42208],[-119.23319,34.42214],[-119.23343,34.42213],[-119.23356,34.42208]]}},{"type":"Feature","properties":{"name":"","c":"pond"},"geometry":{"type":"Polygon","coordinates":[[[-119.23198,34.43301],[-119.23203,34.43298],[-119.23202,34.43301],[-119.23198,34.43301]]]}},{"type":"Feature","properties":{"name":"","c":"stream"},"geometry":{"type":"LineString","coordinates":[[-119.2287,34.42913],[-119.22894,34.42896],[-119.22992,34.4285],[-119.23018,34.4284],[-119.23079,34.42828],[-119.23108,34.42824],[-119.2315,34.42828],[-119.23205,34.42821],[-119.23234,34.42821],[-119.23288,34.42828],[-119.23391,34.42796],[-119.23415,34.42792],[-119.23469,34.428],[-119.23518,34.42793],[-119.23591,34.42791],[-119.23617,34.42787],[-119.23668,34.42772],[-119.23704,34.42751],[-119.23737,34.42736],[-119.23756,34.42713],[-119.23771,34.42706],[-119.23792,34.42709],[-119.23834,34.42726],[-119.23859,34.4273],[-119.2389,34.42729],[-119.24006,34.42747],[-119.24025,34.42757],[-119.24035,34.42768],[-119.24048,34.42799]]}},{"type":"Feature","properties":{"name":"","c":"stream"},"geometry":{"type":"LineString","coordinates":[[-119.23356,34.42208],[-119.23396,34.42195],[-119.23414,34.42184],[-119.2343,34.42169],[-119.23476,34.42109],[-119.23504,34.42054],[-119.23515,34.42044],[-119.23556,34.42026],[-119.23576,34.42023],[-119.23607,34.42029],[-119.23617,34.42032],[-119.23637,34.42046],[-119.23643,34.42054],[-119.23641,34.42062],[-119.23604,34.42086],[-119.23597,34.42101],[-119.23594,34.4212],[-119.23597,34.42134],[-119.23621,34.42151],[-119.23679,34.42161],[-119.23702,34.42161],[-119.23723,34.42152],[-119.23748,34.42131],[-119.23763,34.42108],[-119.2377,34.4208],[-119.23749,34.42033],[-119.23731,34.42012],[-119.23733,34.42005],[-119.23749,34.41992],[-119.23772,34.41986],[-119.23821,34.42007],[-119.23923,34.42032],[-119.23984,34.42037],[-119.23996,34.42034],[-119.24006,34.42023],[-119.2401,34.42009],[-119.2399,34.4192],[-119.24019,34.41907]]}},{"type":"Feature","properties":{"name":"","c":"stream"},"geometry":{"type":"LineString","coordinates":[[-119.23031,34.41761],[-119.23047,34.41774],[-119.23053,34.4179],[-119.23144,34.41832],[-119.23166,34.41855],[-119.2317,34.41878],[-119.23199,34.41934],[-119.23202,34.41949],[-119.23195,34.42005],[-119.23195,34.42022],[-119.23202,34.42035],[-119.23211,34.42046],[-119.23269,34.42074],[-119.23304,34.42108],[-119.2334,34.42155],[-119.23341,34.42188],[-119.23356,34.42208]]}},{"type":"Feature","properties":{"name":"","c":"stream"},"geometry":{"type":"LineString","coordinates":[[-119.23151,34.415],[-119.23153,34.41524],[-119.2315,34.41549],[-119.2314,34.41577],[-119.2309,34.4162],[-119.23051,34.41675],[-119.23042,34.41691],[-119.23042,34.41716],[-119.23031,34.41761]]}},{"type":"Feature","properties":{"name":"","c":"stream"},"geometry":{"type":"LineString","coordinates":[[-119.23881,34.415],[-119.23906,34.41532],[-119.23916,34.41548],[-119.2392,34.41563],[-119.23919,34.41601],[-119.2392,34.41615],[-119.23929,34.41628],[-119.23932,34.41642],[-119.23927,34.41675],[-119.23937,34.41724],[-119.23926,34.41769],[-119.2393,34.41782],[-119.23956,34.41803],[-119.23969,34.41818],[-119.23978,34.41833],[-119.23996,34.41878],[-119.24019,34.41907]]}},{"type":"Feature","properties":{"name":"","c":"stream"},"geometry":{"type":"LineString","coordinates":[[-119.25069,34.415],[-119.25094,34.41544]]}},{"type":"Feature","properties":{"name":"","c":"stream"},"geometry":{"type":"LineString","coordinates":[[-119.25094,34.41544],[-119.25105,34.41576],[-119.25113,34.41585],[-119.25205,34.41661],[-119.2531,34.41763],[-119.25322,34.41779],[-119.25327,34.41804]]}},{"type":"Feature","properties":{"name":"","c":"stream"},"geometry":{"type":"LineString","coordinates":[[-119.25089,34.41949],[-119.25102,34.41951],[-119.25116,34.41947],[-119.25142,34.41932],[-119.25153,34.41921],[-119.25164,34.41896],[-119.25165,34.4187],[-119.25175,34.41852],[-119.25193,34.41826],[-119.25221,34.41799],[-119.25253,34.41789],[-119.25287,34.41786],[-119.25318,34.41803],[-119.25327,34.41804]]}},{"type":"Feature","properties":{"name":"","c":"stream"},"geometry":{"type":"LineString","coordinates":[[-119.25454,34.42582],[-119.25396,34.42568],[-119.2533,34.42544],[-119.25188,34.4251],[-119.25166,34.42514],[-119.25142,34.42525],[-119.25107,34.42535],[-119.25094,34.42535]]}},{"type":"Feature","properties":{"name":"","c":"stream"},"geometry":{"type":"LineString","coordinates":[[-119.24019,34.41907],[-119.24035,34.41903],[-119.24052,34.41905],[-119.2408,34.41919],[-119.24104,34.41946],[-119.24128,34.41984],[-119.24149,34.42007],[-119.24158,34.42012],[-119.24167,34.4201],[-119.24241,34.41952],[-119.24261,34.41941],[-119.24281,34.41938],[-119.24302,34.4194],[-119.2436,34.41968],[-119.24371,34.41968],[-119.24384,34.41963],[-119.24393,34.41952],[-119.244,34.41921],[-119.24413,34.41902],[-119.24429,34.41891],[-119.24447,34.41888],[-119.24467,34.41894],[-119.24473,34.41904],[-119.24474,34.41922],[-119.24471,34.41952],[-119.24467,34.41964],[-119.24444,34.41985],[-119.24442,34.41994],[-119.24448,34.42001],[-119.24498,34.42016],[-119.24579,34.42017],[-119.2464,34.42023],[-119.24686,34.42023],[-119.24698,34.4202],[-119.24706,34.42013],[-119.24712,34.41987],[-119.24721,34.41976],[-119.24723,34.41967],[-119.24738,34.41951],[-119.24744,34.4194],[-119.24758,34.41937],[-119.24768,34.41941],[-119.24794,34.41939],[-119.24811,34.41941],[-119.24826,34.41936],[-119.24865,34.41884],[-119.24879,34.4188],[-119.24933,34.41876],[-119.24959,34.4188],[-119.24991,34.41894],[-119.2504,34.41929],[-119.25089,34.41949]]}},{"type":"Feature","properties":{"name":"","c":"stream"},"geometry":{"type":"LineString","coordinates":[[-119.24048,34.42799],[-119.24064,34.42824],[-119.2408,34.42835],[-119.24103,34.42847],[-119.24183,34.42877],[-119.24203,34.4289],[-119.24242,34.42922],[-119.24261,34.42957],[-119.24291,34.42992],[-119.24309,34.43007],[-119.24364,34.43039],[-119.24383,34.43044],[-119.244,34.43046],[-119.24418,34.43043],[-119.24432,34.43037],[-119.24442,34.43027],[-119.24463,34.43016],[-119.2448,34.4301],[-119.24503,34.4301],[-119.24554,34.43022],[-119.24608,34.43052],[-119.24653,34.43056],[-119.24704,34.43056],[-119.24738,34.43048],[-119.24851,34.43065],[-119.24879,34.43059],[-119.24917,34.43034],[-119.2496,34.43018],[-119.24975,34.43016]]}},{"type":"Feature","properties":{"name":"","c":"pond"},"geometry":{"type":"Polygon","coordinates":[[[-119.24248,34.43166],[-119.24284,34.43175],[-119.24287,34.43181],[-119.24298,34.43183],[-119.24311,34.4319],[-119.24338,34.4322],[-119.2434,34.43234],[-119.24335,34.4324],[-119.24326,34.43243],[-119.24292,34.43241],[-119.24205,34.43228],[-119.24169,34.43225],[-119.2411,34.43228],[-119.241,34.43226],[-119.24094,34.43219],[-119.24095,34.43202],[-119.24106,34.43185],[-119.24124,34.43169],[-119.24146,34.43161],[-119.24176,34.4316],[-119.24187,34.43164],[-119.24248,34.43166]]]}},{"type":"Feature","properties":{"name":"San Antonio Creek","c":"stream"},"geometry":{"type":"LineString","coordinates":[[-119.24792,34.4345],[-119.24865,34.43406],[-119.24928,34.43385],[-119.24943,34.43373],[-119.24966,34.43348],[-119.24982,34.43321],[-119.24982,34.43292],[-119.24972,34.43252],[-119.24975,34.43242],[-119.24985,34.43233],[-119.25007,34.43222],[-119.2506,34.43222],[-119.25094,34.43212]]}},{"type":"Feature","properties":{"name":"","c":"stream"},"geometry":{"type":"LineString","coordinates":[[-119.25094,34.42535],[-119.24995,34.42526],[-119.24872,34.42539],[-119.24836,34.42555],[-119.24821,34.42565],[-119.2478,34.42605],[-119.24737,34.42631],[-119.24722,34.42654],[-119.24724,34.42665],[-119.24731,34.42675],[-119.24747,34.42686],[-119.24751,34.42694],[-119.24751,34.427],[-119.24735,34.42733],[-119.24731,34.42763],[-119.24734,34.42776],[-119.2476,34.42802],[-119.24775,34.42823],[-119.24849,34.4296],[-119.24863,34.42976],[-119.24879,34.42984],[-119.24931,34.42996],[-119.24975,34.43016]]}},{"type":"Feature","properties":{"name":"","c":"stream"},"geometry":{"type":"LineString","coordinates":[[-119.25094,34.43092],[-119.25136,34.43127],[-119.25165,34.43156],[-119.25172,34.43158]]}},{"type":"Feature","properties":{"name":"San Antonio Creek","c":"stream"},"geometry":{"type":"LineString","coordinates":[[-119.25094,34.43212],[-119.25137,34.43191],[-119.25158,34.43175],[-119.25172,34.43158]]}},{"type":"Feature","properties":{"name":"","c":"canal"},"geometry":{"type":"LineString","coordinates":[[-119.25135,34.44564],[-119.25114,34.44558],[-119.25098,34.44564]]}},{"type":"Feature","properties":{"name":"","c":"canal"},"geometry":{"type":"LineString","coordinates":[[-119.25208,34.44589],[-119.25135,34.44564]]}},{"type":"Feature","properties":{"name":"","c":"canal"},"geometry":{"type":"LineString","coordinates":[[-119.25348,34.44667],[-119.25339,34.4465]]}},{"type":"Feature","properties":{"name":"","c":"canal"},"geometry":{"type":"LineString","coordinates":[[-119.25339,34.4465],[-119.25322,34.44639],[-119.25309,34.44637]]}},{"type":"Feature","properties":{"name":"","c":"canal"},"geometry":{"type":"LineString","coordinates":[[-119.25309,34.44637],[-119.25282,34.4464]]}},{"type":"Feature","properties":{"name":"","c":"canal"},"geometry":{"type":"LineString","coordinates":[[-119.25282,34.4464],[-119.25238,34.44597],[-119.25223,34.4459],[-119.25208,34.44589]]}},{"type":"Feature","properties":{"name":"","c":"canal"},"geometry":{"type":"LineString","coordinates":[[-119.25375,34.44752],[-119.25367,34.44748],[-119.25361,34.44721],[-119.25343,34.4468],[-119.25348,34.44667]]}},{"type":"Feature","properties":{"name":"","c":"canal"},"geometry":{"type":"LineString","coordinates":[[-119.25339,34.44928],[-119.25258,34.4492]]}},{"type":"Feature","properties":{"name":"","c":"canal"},"geometry":{"type":"LineString","coordinates":[[-119.25258,34.4492],[-119.25096,34.44931]]}},{"type":"Feature","properties":{"name":"","c":"stream"},"geometry":{"type":"LineString","coordinates":[[-119.25075,34.44945],[-119.25075,34.44938]]}},{"type":"Feature","properties":{"name":"","c":"stream"},"geometry":{"type":"LineString","coordinates":[[-119.25066,34.44929],[-119.25063,34.44912],[-119.25046,34.44892]]}},{"type":"Feature","properties":{"name":"","c":"canal"},"geometry":{"type":"LineString","coordinates":[[-119.24894,34.4468],[-119.24883,34.44657],[-119.24871,34.44568]]}},{"type":"Feature","properties":{"name":"","c":"canal"},"geometry":{"type":"LineString","coordinates":[[-119.24869,34.44554],[-119.24874,34.4453],[-119.24894,34.44473]]}},{"type":"Feature","properties":{"name":"","c":"stream"},"geometry":{"type":"LineString","coordinates":[[-119.24871,34.44568],[-119.24869,34.44554]]}},{"type":"Feature","properties":{"name":"","c":"canal"},"geometry":{"type":"LineString","coordinates":[[-119.24994,34.44521],[-119.24962,34.44536],[-119.2489,34.44559],[-119.2487,34.44551]]}},{"type":"Feature","properties":{"name":"","c":"canal"},"geometry":{"type":"LineString","coordinates":[[-119.24998,34.44527],[-119.24994,34.44521]]}},{"type":"Feature","properties":{"name":"","c":"canal"},"geometry":{"type":"LineString","coordinates":[[-119.25034,34.44552],[-119.24998,34.44527]]}},{"type":"Feature","properties":{"name":"","c":"canal"},"geometry":{"type":"LineString","coordinates":[[-119.25098,34.44564],[-119.25034,34.44552]]}},{"type":"Feature","properties":{"name":"","c":"canal"},"geometry":{"type":"LineString","coordinates":[[-119.25129,34.44449],[-119.24994,34.44521]]}},{"type":"Feature","properties":{"name":"","c":"stream"},"geometry":{"type":"LineString","coordinates":[[-119.24894,34.44473],[-119.24911,34.44444],[-119.24915,34.44426],[-119.24909,34.44404],[-119.24898,34.44384],[-119.24883,34.44366],[-119.24856,34.44356],[-119.24798,34.44345],[-119.24786,34.44336],[-119.24779,34.44321],[-119.24785,34.44302],[-119.24811,34.44276],[-119.24819,34.44259],[-119.24828,34.44206],[-119.24829,34.44178],[-119.24822,34.44148],[-119.24816,34.44077],[-119.24802,34.44017]]}},{"type":"Feature","properties":{"name":"","c":"stream"},"geometry":{"type":"LineString","coordinates":[[-119.245,34.44316],[-119.24554,34.4425]]}},{"type":"Feature","properties":{"name":"","c":"stream"},"geometry":{"type":"LineString","coordinates":[[-119.24554,34.4425],[-119.2456,34.44235]]}},{"type":"Feature","properties":{"name":"","c":"stream"},"geometry":{"type":"LineString","coordinates":[[-119.2457,34.4453],[-119.24578,34.44519],[-119.24561,34.44503],[-119.24517,34.44482],[-119.24501,34.44461],[-119.24481,34.44455],[-119.24463,34.44445]]}},{"type":"Feature","properties":{"name":"","c":"stream"},"geometry":{"type":"LineString","coordinates":[[-119.24499,34.44536],[-119.24499,34.44528]]}},{"type":"Feature","properties":{"name":"","c":"canal"},"geometry":{"type":"LineString","coordinates":[[-119.24564,34.44552],[-119.24565,34.44548]]}},{"type":"Feature","properties":{"name":"","c":"canal"},"geometry":{"type":"LineString","coordinates":[[-119.24572,34.44613],[-119.24564,34.44552]]}},{"type":"Feature","properties":{"name":"","c":"canal"},"geometry":{"type":"LineString","coordinates":[[-119.24609,34.44564],[-119.24588,34.44558]]}},{"type":"Feature","properties":{"name":"","c":"canal"},"geometry":{"type":"LineString","coordinates":[[-119.24588,34.44558],[-119.24584,34.44556]]}},{"type":"Feature","properties":{"name":"","c":"stream"},"geometry":{"type":"LineString","coordinates":[[-119.24584,34.44556],[-119.24565,34.44548],[-119.24562,34.44538]]}},{"type":"Feature","properties":{"name":"","c":"stream"},"geometry":{"type":"LineString","coordinates":[[-119.24562,34.44538],[-119.2457,34.4453]]}},{"type":"Feature","properties":{"name":"","c":"canal"},"geometry":{"type":"LineString","coordinates":[[-119.24624,34.44567],[-119.24609,34.44564]]}},{"type":"Feature","properties":{"name":"","c":"stream"},"geometry":{"type":"LineString","coordinates":[[-119.24573,34.44701],[-119.24565,34.4469]]}},{"type":"Feature","properties":{"name":"","c":"canal"},"geometry":{"type":"LineString","coordinates":[[-119.24565,34.4469],[-119.24572,34.44613]]}},{"type":"Feature","properties":{"name":"","c":"stream"},"geometry":{"type":"LineString","coordinates":[[-119.24418,34.44778],[-119.24416,34.44748],[-119.24449,34.44678],[-119.24459,34.44643],[-119.2446,34.44564],[-119.24484,34.44554],[-119.24499,34.44544],[-119.24499,34.44536]]}},{"type":"Feature","properties":{"name":"","c":"canal"},"geometry":{"type":"LineString","coordinates":[[-119.24424,34.44992],[-119.24418,34.44778]]}},{"type":"Feature","properties":{"name":"","c":"stream"},"geometry":{"type":"LineString","coordinates":[[-119.24147,34.44471],[-119.24173,34.44466],[-119.24222,34.44443],[-119.24241,34.44422],[-119.24277,34.44365],[-119.24303,34.44357],[-119.24357,34.44368],[-119.24415,34.4436],[-119.24465,34.44342],[-119.24492,34.44325],[-119.245,34.44316]]}},{"type":"Feature","properties":{"name":"","c":"stream"},"geometry":{"type":"LineString","coordinates":[[-119.24499,34.44528],[-119.24493,34.44506],[-119.24471,34.44487],[-119.24459,34.44471],[-119.24464,34.44439]]}},{"type":"Feature","properties":{"name":"","c":"stream"},"geometry":{"type":"LineString","coordinates":[[-119.24464,34.44439],[-119.2446,34.44434]]}},{"type":"Feature","properties":{"name":"","c":"stream"},"geometry":{"type":"LineString","coordinates":[[-119.2446,34.44434],[-119.24446,34.44413],[-119.24449,34.444],[-119.24424,34.44358]]}},{"type":"Feature","properties":{"name":"","c":"stream"},"geometry":{"type":"LineString","coordinates":[[-119.2456,34.44235],[-119.24577,34.44214],[-119.24657,34.44152],[-119.24666,34.44138],[-119.24674,34.44108],[-119.24688,34.44087],[-119.24727,34.44078],[-119.2475,34.44065],[-119.24791,34.44033],[-119.24809,34.44005],[-119.24812,34.43967],[-119.24798,34.4391],[-119.24799,34.43886],[-119.24811,34.43803],[-119.24827,34.43752],[-119.24828,34.4372],[-119.24859,34.43625],[-119.24857,34.43605],[-119.24851,34.43588],[-119.24824,34.43543],[-119.24807,34.43521],[-119.24796,34.435],[-119.24788,34.43474],[-119.24792,34.4345]]}},{"type":"Feature","properties":{"name":"San Antonio Creek","c":"stream"},"geometry":{"type":"LineString","coordinates":[[-119.24286,34.43645],[-119.24325,34.4364],[-119.24438,34.43616],[-119.24471,34.4362],[-119.24495,34.43614],[-119.24553,34.43585],[-119.24577,34.43554],[-119.24596,34.43516],[-119.24606,34.43505],[-119.24616,34.43497],[-119.24661,34.43475],[-119.24676,34.43456],[-119.24715,34.43465],[-119.24769,34.43457],[-119.24792,34.4345]]}},{"type":"Feature","properties":{"name":"San Antonio Creek","c":"stream"},"geometry":{"type":"LineString","coordinates":[[-119.23328,34.44174],[-119.23403,34.44146],[-119.23478,34.44125],[-119.2353,34.44081],[-119.23582,34.44061],[-119.23673,34.43999],[-119.23845,34.43898],[-119.23924,34.43844],[-119.24068,34.43767],[-119.24286,34.43645]]}},{"type":"Feature","properties":{"name":"","c":"stream"},"geometry":{"type":"LineString","coordinates":[[-119.22931,34.43526],[-119.2305,34.43574],[-119.2307,34.43577],[-119.23112,34.43579],[-119.23192,34.43565],[-119.23221,34.43564],[-119.23377,34.4358],[-119.23454,34.43598],[-119.23499,34.43594],[-119.23524,34.436],[-119.23553,34.4361],[-119.23663,34.4367],[-119.23685,34.43686],[-119.2371,34.43709],[-119.23736,34.43754],[-119.23758,34.43767],[-119.23771,34.43769],[-119.23804,34.43764],[-119.23832,34.43748],[-119.23858,34.43727],[-119.23877,34.43721],[-119.2392,34.43716],[-119.23945,34.43709],[-119.23977,34.43693],[-119.24019,34.4368],[-119.24058,34.43674],[-119.24103,34.43662],[-119.24155,34.43654],[-119.24251,34.43649],[-119.24286,34.43645]]}},{"type":"Feature","properties":{"name":"San Antonio Creek","c":"stream"},"geometry":{"type":"LineString","coordinates":[[-119.2319,34.44236],[-119.23298,34.442],[-119.23328,34.44174]]}},{"type":"Feature","properties":{"name":"","c":"water"},"geometry":{"type":"Polygon","coordinates":[[[-119.23185,34.4438],[-119.2317,34.44411],[-119.23169,34.44434],[-119.23172,34.4446],[-119.2317,34.44471],[-119.23161,34.44478],[-119.23104,34.445],[-119.23094,34.44501],[-119.2309,34.44498],[-119.23088,34.44487],[-119.23095,34.44448],[-119.23105,34.44421],[-119.23128,34.44386],[-119.23136,34.44376],[-119.23152,34.44368],[-119.23174,34.44369],[-119.23185,34.4438]]]}},{"type":"Feature","properties":{"name":"","c":"canal"},"geometry":{"type":"LineString","coordinates":[[-119.24113,34.44794],[-119.24116,34.44774],[-119.24111,34.44721],[-119.24111,34.44664],[-119.24102,34.44569],[-119.24109,34.44536],[-119.24113,34.44495],[-119.2412,34.44485],[-119.24147,34.44471]]}},{"type":"Feature","properties":{"name":"","c":"canal"},"geometry":{"type":"LineString","coordinates":[[-119.24027,34.45006],[-119.24039,34.44975],[-119.24071,34.4493]]}},{"type":"Feature","properties":{"name":"","c":"canal"},"geometry":{"type":"LineString","coordinates":[[-119.24071,34.4493],[-119.24104,34.44822]]}},{"type":"Feature","properties":{"name":"","c":"stream"},"geometry":{"type":"LineString","coordinates":[[-119.24104,34.44822],[-119.24113,34.44794]]}},{"type":"Feature","properties":{"name":"","c":"stream"},"geometry":{"type":"LineString","coordinates":[[-119.2402,34.4502],[-119.24027,34.45006]]}},{"type":"Feature","properties":{"name":"","c":"canal"},"geometry":{"type":"LineString","coordinates":[[-119.24011,34.45099],[-119.2402,34.4502]]}},{"type":"Feature","properties":{"name":"","c":"canal"},"geometry":{"type":"LineString","coordinates":[[-119.24009,34.45154],[-119.24011,34.45113]]}},{"type":"Feature","properties":{"name":"","c":"stream"},"geometry":{"type":"LineString","coordinates":[[-119.24011,34.45113],[-119.24011,34.45099]]}},{"type":"Feature","properties":{"name":"","c":"canal"},"geometry":{"type":"LineString","coordinates":[[-119.24008,34.45371],[-119.24009,34.45343],[-119.23998,34.45248],[-119.24001,34.45213],[-119.24011,34.45173],[-119.24009,34.45154]]}},{"type":"Feature","properties":{"name":"","c":"canal"},"geometry":{"type":"LineString","coordinates":[[-119.24394,34.46069],[-119.24152,34.45973],[-119.24035,34.45779],[-119.24008,34.45371]]}},{"type":"Feature","properties":{"name":"","c":"stream"},"geometry":{"type":"LineString","coordinates":[[-119.24019,34.4581],[-119.24004,34.45801],[-119.23996,34.4579],[-119.2399,34.45774],[-119.23988,34.45759],[-119.24,34.45723],[-119.24017,34.45696],[-119.24011,34.45653],[-119.2399,34.45638],[-119.23984,34.45629],[-119.23982,34.45598],[-119.23953,34.45544],[-119.23948,34.45511],[-119.23951,34.45497],[-119.23988,34.45423],[-119.24001,34.45388]]}},{"type":"Feature","properties":{"name":"","c":"canal"},"geometry":{"type":"LineString","coordinates":[[-119.23625,34.45742],[-119.23626,34.45428]]}},{"type":"Feature","properties":{"name":"","c":"canal"},"geometry":{"type":"LineString","coordinates":[[-119.23116,34.45541],[-119.23119,34.45442]]}},{"type":"Feature","properties":{"name":"","c":"canal"},"geometry":{"type":"LineString","coordinates":[[-119.23397,34.45749],[-119.23397,34.45736]]}},{"type":"Feature","properties":{"name":"","c":"canal"},"geometry":{"type":"LineString","coordinates":[[-119.23397,34.45736],[-119.23401,34.45445]]}},{"type":"Feature","properties":{"name":"","c":"canal"},"geometry":{"type":"LineString","coordinates":[[-119.23624,34.45756],[-119.23625,34.45742]]}},{"type":"Feature","properties":{"name":"","c":"canal"},"geometry":{"type":"LineString","coordinates":[[-119.23622,34.46],[-119.23624,34.45756]]}},{"type":"Feature","properties":{"name":"","c":"canal"},"geometry":{"type":"LineString","coordinates":[[-119.23622,34.46016],[-119.23622,34.46]]}},{"type":"Feature","properties":{"name":"","c":"canal"},"geometry":{"type":"LineString","coordinates":[[-119.2362,34.4624],[-119.23622,34.46016]]}},{"type":"Feature","properties":{"name":"","c":"canal"},"geometry":{"type":"LineString","coordinates":[[-119.23393,34.46194],[-119.23393,34.4601]]}},{"type":"Feature","properties":{"name":"","c":"canal"},"geometry":{"type":"LineString","coordinates":[[-119.23393,34.4601],[-119.23393,34.45994]]}},{"type":"Feature","properties":{"name":"","c":"canal"},"geometry":{"type":"LineString","coordinates":[[-119.23393,34.45994],[-119.23397,34.45749]]}},{"type":"Feature","properties":{"name":"","c":"stream"},"geometry":{"type":"LineString","coordinates":[[-119.23282,34.46637],[-119.23282,34.46596],[-119.23278,34.4656],[-119.2329,34.46516],[-119.23314,34.46483],[-119.23337,34.46469],[-119.2335,34.46454],[-119.23374,34.46407],[-119.23386,34.46335],[-119.23393,34.46194]]}},{"type":"Feature","properties":{"name":"","c":"stream"},"geometry":{"type":"LineString","coordinates":[[-119.23821,34.46506],[-119.23826,34.46501]]}},{"type":"Feature","properties":{"name":"","c":"stream"},"geometry":{"type":"LineString","coordinates":[[-119.23795,34.46604],[-119.23815,34.46535],[-119.23814,34.46516],[-119.23821,34.46506]]}},{"type":"Feature","properties":{"name":"","c":"stream"},"geometry":{"type":"LineString","coordinates":[[-119.24041,34.45828],[-119.24019,34.4581]]}},{"type":"Feature","properties":{"name":"","c":"stream"},"geometry":{"type":"LineString","coordinates":[[-119.24134,34.45948],[-119.24114,34.45931],[-119.24102,34.45901],[-119.24064,34.4585],[-119.24041,34.45828]]}},{"type":"Feature","properties":{"name":"","c":"canal"},"geometry":{"type":"LineString","coordinates":[[-119.24161,34.45983],[-119.24152,34.45973]]}},{"type":"Feature","properties":{"name":"","c":"canal"},"geometry":{"type":"LineString","coordinates":[[-119.24035,34.46094],[-119.24076,34.46016],[-119.24152,34.45973]]}},{"type":"Feature","properties":{"name":"","c":"stream"},"geometry":{"type":"LineString","coordinates":[[-119.23826,34.46501],[-119.23847,34.4648],[-119.23861,34.46435],[-119.23856,34.4642],[-119.23872,34.46394],[-119.23897,34.46383],[-119.23911,34.46352],[-119.23946,34.46321],[-119.23986,34.46299],[-119.24009,34.46274],[-119.24037,34.46236],[-119.24046,34.46216],[-119.24023,34.46111],[-119.24035,34.46094]]}},{"type":"Feature","properties":{"name":"","c":"stream"},"geometry":{"type":"LineString","coordinates":[[-119.24226,34.46558],[-119.24228,34.46552]]}},{"type":"Feature","properties":{"name":"","c":"stream"},"geometry":{"type":"LineString","coordinates":[[-119.24228,34.46552],[-119.24238,34.46544],[-119.24259,34.46509]]}},{"type":"Feature","properties":{"name":"","c":"stream"},"geometry":{"type":"LineString","coordinates":[[-119.24376,34.46556],[-119.24385,34.46549],[-119.2439,34.46537],[-119.24389,34.46528],[-119.2441,34.46492],[-119.24426,34.46451],[-119.24439,34.46396],[-119.24471,34.46359],[-119.2447,34.46345],[-119.24455,34.46336],[-119.24453,34.4633],[-119.24458,34.46319],[-119.24474,34.46316],[-119.24484,34.46311],[-119.24503,34.46277],[-119.24537,34.46239],[-119.24542,34.46219],[-119.24542,34.46209],[-119.24531,34.46194],[-119.24515,34.46183],[-119.24507,34.46159],[-119.2451,34.46145],[-119.24532,34.46117],[-119.24529,34.46108],[-119.24518,34.46097],[-119.24475,34.4608],[-119.2445,34.46082],[-119.24447,34.46078],[-119.24409,34.46072]]}},{"type":"Feature","properties":{"name":"","c":"stream"},"geometry":{"type":"LineString","coordinates":[[-119.24351,34.46568],[-119.24376,34.46556]]}},{"type":"Feature","properties":{"name":"","c":"stream"},"geometry":{"type":"LineString","coordinates":[[-119.24409,34.46072],[-119.24394,34.46069]]}},{"type":"Feature","properties":{"name":"","c":"stream"},"geometry":{"type":"LineString","coordinates":[[-119.24409,34.46072],[-119.24399,34.46079],[-119.24379,34.46082],[-119.2435,34.46083],[-119.2432,34.46089],[-119.24282,34.4609]]}},{"type":"Feature","properties":{"name":"","c":"stream"},"geometry":{"type":"LineString","coordinates":[[-119.24282,34.4609],[-119.24262,34.46083]]}},{"type":"Feature","properties":{"name":"","c":"stream"},"geometry":{"type":"LineString","coordinates":[[-119.24262,34.46083],[-119.24241,34.46061],[-119.24208,34.46017],[-119.24184,34.46003],[-119.24161,34.45983]]}},{"type":"Feature","properties":{"name":"","c":"canal"},"geometry":{"type":"LineString","coordinates":[[-119.2445,34.45203],[-119.24405,34.45175],[-119.24391,34.45159],[-119.24393,34.45123],[-119.24381,34.45064],[-119.24399,34.45031],[-119.2442,34.45013],[-119.24424,34.44992]]}},{"type":"Feature","properties":{"name":"","c":"canal"},"geometry":{"type":"LineString","coordinates":[[-119.2444,34.45338],[-119.24437,34.45294],[-119.24445,34.45199]]}},{"type":"Feature","properties":{"name":"","c":"canal"},"geometry":{"type":"LineString","coordinates":[[-119.24379,34.45361],[-119.24378,34.45343]]}},{"type":"Feature","properties":{"name":"","c":"canal"},"geometry":{"type":"LineString","coordinates":[[-119.24378,34.45343],[-119.2444,34.45338]]}},{"type":"Feature","properties":{"name":"","c":"canal"},"geometry":{"type":"LineString","coordinates":[[-119.24605,34.45613],[-119.24609,34.45327]]}},{"type":"Feature","properties":{"name":"","c":"canal"},"geometry":{"type":"LineString","coordinates":[[-119.24605,34.45613],[-119.24605,34.45623]]}},{"type":"Feature","properties":{"name":"","c":"canal"},"geometry":{"type":"LineString","coordinates":[[-119.24605,34.45623],[-119.24603,34.45692]]}},{"type":"Feature","properties":{"name":"","c":"canal"},"geometry":{"type":"LineString","coordinates":[[-119.24603,34.45702],[-119.24602,34.45731]]}},{"type":"Feature","properties":{"name":"","c":"canal"},"geometry":{"type":"LineString","coordinates":[[-119.24603,34.45692],[-119.24603,34.45702]]}},{"type":"Feature","properties":{"name":"","c":"canal"},"geometry":{"type":"LineString","coordinates":[[-119.24602,34.45731],[-119.24602,34.45736]]}},{"type":"Feature","properties":{"name":"","c":"canal"},"geometry":{"type":"LineString","coordinates":[[-119.24602,34.45736],[-119.24602,34.45756]]}},{"type":"Feature","properties":{"name":"","c":"canal"},"geometry":{"type":"LineString","coordinates":[[-119.24602,34.45756],[-119.24602,34.45761]]}},{"type":"Feature","properties":{"name":"","c":"canal"},"geometry":{"type":"LineString","coordinates":[[-119.24602,34.45761],[-119.24602,34.45776]]}},{"type":"Feature","properties":{"name":"","c":"canal"},"geometry":{"type":"LineString","coordinates":[[-119.24985,34.4585],[-119.2498,34.45713],[-119.2498,34.45601],[-119.24951,34.45464]]}},{"type":"Feature","properties":{"name":"","c":"canal"},"geometry":{"type":"LineString","coordinates":[[-119.24951,34.45464],[-119.24964,34.44962],[-119.24944,34.44764],[-119.24894,34.4468]]}},{"type":"Feature","properties":{"name":"","c":"canal"},"geometry":{"type":"LineString","coordinates":[[-119.25075,34.45374],[-119.25074,34.45355]]}},{"type":"Feature","properties":{"name":"","c":"canal"},"geometry":{"type":"LineString","coordinates":[[-119.25074,34.45355],[-119.25074,34.45343]]}},{"type":"Feature","properties":{"name":"","c":"stream"},"geometry":{"type":"LineString","coordinates":[[-119.25047,34.451],[-119.25058,34.45071],[-119.25082,34.4503],[-119.25095,34.44994],[-119.25098,34.44978],[-119.25094,34.44959],[-119.25075,34.44945]]}},{"type":"Feature","properties":{"name":"","c":"stream"},"geometry":{"type":"LineString","coordinates":[[-119.25027,34.45971],[-119.24965,34.45916],[-119.24958,34.45904],[-119.24956,34.45889],[-119.24958,34.4588],[-119.24965,34.45871],[-119.24982,34.45858],[-119.24985,34.4585]]}},{"type":"Feature","properties":{"name":"","c":"reservoir"},"geometry":{"type":"Polygon","coordinates":[[[-119.25027,34.45845],[-119.2507,34.45848],[-119.25078,34.45856],[-119.25075,34.45867],[-119.25069,34.45871],[-119.25065,34.45893],[-119.25047,34.45896],[-119.24993,34.45924],[-119.24956,34.45963],[-119.24933,34.45979],[-119.24908,34.45987],[-119.24881,34.45987],[-119.24861,34.4597],[-119.24842,34.45942],[-119.24842,34.45934],[-119.24849,34.45918],[-119.24874,34.45879],[-119.24889,34.45865],[-119.24907,34.45856],[-119.24943,34.45845],[-119.24985,34.4585],[-119.25027,34.45845]]]}},{"type":"Feature","properties":{"name":"","c":"stream"},"geometry":{"type":"LineString","coordinates":[[-119.25092,34.46051],[-119.25076,34.46018],[-119.25066,34.46005],[-119.25045,34.45989],[-119.25039,34.45979],[-119.25027,34.45971]]}},{"type":"Feature","properties":{"name":"","c":"stream"},"geometry":{"type":"LineString","coordinates":[[-119.25273,34.46931],[-119.2527,34.46909],[-119.25277,34.46894],[-119.25311,34.46861],[-119.25308,34.46832],[-119.25317,34.46782],[-119.25355,34.46732],[-119.25377,34.46679],[-119.25385,34.46672],[-119.25398,34.4667],[-119.25405,34.46663],[-119.25405,34.46656],[-119.25396,34.46642],[-119.25405,34.46631],[-119.25422,34.46621],[-119.25435,34.46609],[-119.25438,34.46587],[-119.25427,34.46555],[-119.25414,34.46499],[-119.2542,34.46479],[-119.25484,34.46409],[-119.25491,34.46383],[-119.255,34.46372],[-119.25502,34.46343],[-119.2548,34.46316],[-119.25467,34.46293],[-119.25461,34.46267],[-119.25444,34.46241],[-119.25408,34.4622],[-119.25327,34.46157],[-119.25301,34.46147],[-119.25249,34.46138],[-119.25209,34.46143],[-119.25175,34.46115],[-119.25138,34.46104],[-119.25102,34.46066],[-119.25092,34.46051]]}},{"type":"Feature","properties":{"name":"","c":"stream"},"geometry":{"type":"LineString","coordinates":[[-119.25273,34.46936],[-119.25273,34.46931]]}},{"type":"Feature","properties":{"name":"","c":"stream"},"geometry":{"type":"LineString","coordinates":[[-119.25298,34.47057],[-119.25293,34.47047],[-119.25279,34.47038],[-119.25262,34.4699],[-119.25273,34.46936]]}},{"type":"Feature","properties":{"name":"","c":"stream"},"geometry":{"type":"LineString","coordinates":[[-119.25278,34.47224],[-119.25281,34.47204],[-119.25281,34.47165],[-119.25284,34.47145],[-119.25298,34.47097],[-119.25298,34.47057]]}},{"type":"Feature","properties":{"name":"","c":"stream"},"geometry":{"type":"LineString","coordinates":[[-119.25099,34.47233],[-119.25136,34.47232],[-119.25194,34.4724],[-119.25226,34.47238],[-119.2524,34.47243],[-119.25251,34.47243],[-119.25264,34.47239],[-119.25278,34.47224]]}},{"type":"Feature","properties":{"name":"","c":"stream"},"geometry":{"type":"LineString","coordinates":[[-119.24188,34.46698],[-119.24226,34.46558]]}},{"type":"Feature","properties":{"name":"","c":"stream"},"geometry":{"type":"LineString","coordinates":[[-119.24305,34.46816],[-119.24274,34.46808],[-119.24268,34.468],[-119.24268,34.46787],[-119.24323,34.46728],[-119.24332,34.46713],[-119.24329,34.46679],[-119.24335,34.46631],[-119.24329,34.46612],[-119.24337,34.46581],[-119.24351,34.46568]]}},{"type":"Feature","properties":{"name":"","c":"stream"},"geometry":{"type":"LineString","coordinates":[[-119.24297,34.48227],[-119.24326,34.48172],[-119.24338,34.48141],[-119.24367,34.48112],[-119.24379,34.48096],[-119.24383,34.48041],[-119.24376,34.47992],[-119.24364,34.47959],[-119.24363,34.47948],[-119.24367,34.47937],[-119.24371,34.47929],[-119.24409,34.479],[-119.24454,34.47858],[-119.24471,34.47837],[-119.24483,34.47817],[-119.24493,34.4779],[-119.24505,34.47774],[-119.24511,34.47757],[-119.24524,34.47736],[-119.24589,34.47699],[-119.24632,34.47639],[-119.24695,34.47532],[-119.24706,34.47519],[-119.24747,34.47495],[-119.24757,34.4748],[-119.24798,34.47435],[-119.24818,34.47422],[-119.24827,34.47408],[-119.24903,34.47333],[-119.24922,34.47324],[-119.24938,34.47321],[-119.2495,34.47307],[-119.24951,34.47288],[-119.24959,34.47272],[-119.2497,34.47258],[-119.2499,34.47253],[-119.25019,34.47251],[-119.25028,34.4724],[-119.25083,34.47231],[-119.25099,34.47233]]}},{"type":"Feature","properties":{"name":"","c":"stream"},"geometry":{"type":"LineString","coordinates":[[-119.24128,34.47942],[-119.24141,34.47858],[-119.24126,34.47797],[-119.24114,34.47773],[-119.24107,34.47747],[-119.24104,34.47714],[-119.24112,34.47701],[-119.24128,34.47688],[-119.24146,34.47667],[-119.24183,34.4759],[-119.24191,34.47556],[-119.24191,34.4754],[-119.24178,34.47519],[-119.24186,34.47479],[-119.24184,34.47422],[-119.24188,34.47405],[-119.24199,34.47389],[-119.24236,34.47358],[-119.24276,34.47334],[-119.24325,34.47319],[-119.24334,34.47309],[-119.24368,34.47254],[-119.24377,34.47229],[-119.24397,34.47207],[-119.24434,34.472],[-119.2445,34.47186],[-119.24457,34.47163],[-119.24434,34.47117],[-119.24419,34.47102],[-119.24387,34.47017],[-119.24389,34.46997],[-119.24365,34.46944],[-119.24355,34.46928],[-119.24339,34.46913],[-119.24329,34.46892],[-119.2431,34.46868],[-119.24306,34.46853],[-119.2431,34.46838],[-119.24305,34.46816]]}},{"type":"Feature","properties":{"name":"","c":"stream"},"geometry":{"type":"LineString","coordinates":[[-119.25095,34.48618],[-119.25126,34.48619],[-119.25195,34.48588]]}},{"type":"Feature","properties":{"name":"","c":"stream"},"geometry":{"type":"LineString","coordinates":[[-119.25095,34.48758],[-119.25174,34.48635],[-119.25195,34.48588]]}},{"type":"Feature","properties":{"name":"","c":"stream"},"geometry":{"type":"LineString","coordinates":[[-119.24972,34.49745],[-119.25055,34.49724],[-119.25095,34.49707]]}},{"type":"Feature","properties":{"name":"","c":"stream"},"geometry":{"type":"LineString","coordinates":[[-119.24348,34.49549],[-119.244,34.49519],[-119.24435,34.49507],[-119.24518,34.49484],[-119.24579,34.49473],[-119.24598,34.49463],[-119.24621,34.49422],[-119.24634,34.49409],[-119.24673,34.49384],[-119.24688,34.49369],[-119.24712,34.49316],[-119.24718,34.49296],[-119.24722,34.49255],[-119.24753,34.49197],[-119.2476,34.49175],[-119.24762,34.49144],[-119.2477,34.49126],[-119.24802,34.49102],[-119.24859,34.49071],[-119.24925,34.49007],[-119.24986,34.48922],[-119.25002,34.48886],[-119.2503,34.48835],[-119.25095,34.48758]]}},{"type":"Feature","properties":{"name":"","c":"stream"},"geometry":{"type":"LineString","coordinates":[[-119.23644,34.48819],[-119.23671,34.48778],[-119.23691,34.48765],[-119.23702,34.48753],[-119.23718,34.48724],[-119.23769,34.48686],[-119.23785,34.48648],[-119.23797,34.48639],[-119.2389,34.48628],[-119.23952,34.48605],[-119.23972,34.48603],[-119.23997,34.48605],[-119.24042,34.48622],[-119.2409,34.48633],[-119.24145,34.4864],[-119.24165,34.48637],[-119.24219,34.48626],[-119.24239,34.48619],[-119.24316,34.48605],[-119.24336,34.48597],[-119.2436,34.48584],[-119.2439,34.48552],[-119.24419,34.48539],[-119.24438,34.48537],[-119.24458,34.48541],[-119.24527,34.48583],[-119.24548,34.48592],[-119.24602,34.48598],[-119.2463,34.48617],[-119.24677,34.48639],[-119.24701,34.48644],[-119.24721,34.48646],[-119.2474,34.48643],[-119.24808,34.48619],[-119.24821,34.4861],[-119.2484,34.48605],[-119.24856,34.48604],[-119.24911,34.48614],[-119.25095,34.48618]]}},{"type":"Feature","properties":{"name":"","c":"stream"},"geometry":{"type":"LineString","coordinates":[[-119.24035,34.49663],[-119.2401,34.49665],[-119.23972,34.49676],[-119.23929,34.49668],[-119.23814,34.49634],[-119.23792,34.49632],[-119.2375,34.49645],[-119.23687,34.49683],[-119.23653,34.49688],[-119.23621,34.49691],[-119.23569,34.49679],[-119.23539,34.49685],[-119.23486,34.4969],[-119.23401,34.4971],[-119.2335,34.49699],[-119.23322,34.49697],[-119.23264,34.49704],[-119.23237,34.49702],[-119.23215,34.49691],[-119.23211,34.49676],[-119.23189,34.49644],[-119.23171,34.49625],[-119.23129,34.49591],[-119.23112,34.49583],[-119.23086,34.49581],[-119.22997,34.49585],[-119.22967,34.49581],[-119.22932,34.49581],[-119.22907,34.49587],[-119.22894,34.49583],[-119.22878,34.49571],[-119.22832,34.4952],[-119.22815,34.49488],[-119.2278,34.49462],[-119.22745,34.49446],[-119.22674,34.49437],[-119.22522,34.49406],[-119.2249,34.49393],[-119.22465,34.49382],[-119.22436,34.49362],[-119.22378,34.49343],[-119.223,34.49304],[-119.22286,34.49292],[-119.22278,34.49277],[-119.22273,34.49263],[-119.22275,34.49252],[-119.22272,34.49239],[-119.22252,34.492],[-119.22242,34.49192],[-119.22211,34.49179],[-119.22133,34.49174],[-119.2211,34.4917],[-119.22088,34.49161]]}},{"type":"Feature","properties":{"name":"","c":"stream"},"geometry":{"type":"LineString","coordinates":[[-119.2376,34.48305],[-119.23762,34.48281],[-119.23775,34.4823],[-119.23774,34.48186],[-119.23763,34.48137],[-119.23752,34.48117],[-119.23723,34.48093],[-119.23717,34.48082],[-119.23704,34.48018],[-119.237,34.47952],[-119.23705,34.47936],[-119.23729,34.47897],[-119.23771,34.4785],[-119.23776,34.47836],[-119.23776,34.47807],[-119.23781,34.47784],[-119.2384,34.47698],[-119.23846,34.47684],[-119.23849,34.47645],[-119.23839,34.47608],[-119.23811,34.47569],[-119.23792,34.47529],[-119.23788,34.47488],[-119.23776,34.47458],[-119.23765,34.47387],[-119.23758,34.47373],[-119.23736,34.4735],[-119.23716,34.47337],[-119.23656,34.4731],[-119.23636,34.47299],[-119.23605,34.47274]]}},{"type":"Feature","properties":{"name":"","c":"stream"},"geometry":{"type":"LineString","coordinates":[[-119.24018,34.47863],[-119.24021,34.47826],[-119.24031,34.47767],[-119.24041,34.47747],[-119.24037,34.47711],[-119.24011,34.47603],[-119.24005,34.4759],[-119.23987,34.47579],[-119.23981,34.47546],[-119.23975,34.47531],[-119.23991,34.47465],[-119.23982,34.47441],[-119.23988,34.47425],[-119.23964,34.47411],[-119.2396,34.47382],[-119.23946,34.47368],[-119.23944,34.47315],[-119.23932,34.47291],[-119.2386,34.47233],[-119.23845,34.47218],[-119.23795,34.47184],[-119.23744,34.47178],[-119.23729,34.47181],[-119.23716,34.47176],[-119.23697,34.47173],[-119.23683,34.47175],[-119.2365,34.47189],[-119.23634,34.4719],[-119.23623,34.47183],[-119.23582,34.47178],[-119.2354,34.47183]]}},{"type":"Feature","properties":{"name":"","c":"stream"},"geometry":{"type":"LineString","coordinates":[[-119.23961,34.47196],[-119.23916,34.47195],[-119.23863,34.47183],[-119.23795,34.47184]]}},{"type":"Feature","properties":{"name":"","c":"stream"},"geometry":{"type":"LineString","coordinates":[[-119.23794,34.46613],[-119.23795,34.46604]]}},{"type":"Feature","properties":{"name":"","c":"stream"},"geometry":{"type":"LineString","coordinates":[[-119.23781,34.46663],[-119.23794,34.46613]]}},{"type":"Feature","properties":{"name":"","c":"stream"},"geometry":{"type":"LineString","coordinates":[[-119.23605,34.47274],[-119.23578,34.47221],[-119.23556,34.47193],[-119.23498,34.4716],[-119.23467,34.4715],[-119.23441,34.47147],[-119.23401,34.47147],[-119.23261,34.4716],[-119.2314,34.47163],[-119.23063,34.47162],[-119.22973,34.47143],[-119.22885,34.47094],[-119.22773,34.47046],[-119.22737,34.47043],[-119.22721,34.4703],[-119.22697,34.47021],[-119.2267,34.47003],[-119.22616,34.46987],[-119.22572,34.46946],[-119.22563,34.46925],[-119.22529,34.46901],[-119.22534,34.4689],[-119.2255,34.46884],[-119.22562,34.46865],[-119.22558,34.46853],[-119.22572,34.46811],[-119.22571,34.46791],[-119.22543,34.46732],[-119.22525,34.46678]]}},{"type":"Feature","properties":{"name":"","c":"stream"},"geometry":{"type":"LineString","coordinates":[[-119.23322,34.46846],[-119.23307,34.46794],[-119.23316,34.46779],[-119.23294,34.4672],[-119.23283,34.46679],[-119.23279,34.4666],[-119.23281,34.4665]]}},{"type":"Feature","properties":{"name":"","c":"stream"},"geometry":{"type":"LineString","coordinates":[[-119.23281,34.4665],[-119.23282,34.46637]]}},{"type":"Feature","properties":{"name":"","c":"stream"},"geometry":{"type":"LineString","coordinates":[[-119.22656,34.47309],[-119.22634,34.47303],[-119.22618,34.47308]]}},{"type":"Feature","properties":{"name":"","c":"stream"},"geometry":{"type":"LineString","coordinates":[[-119.22618,34.47308],[-119.22607,34.47302]]}},{"type":"Feature","properties":{"name":"","c":"stream"},"geometry":{"type":"LineString","coordinates":[[-119.22607,34.47302],[-119.22585,34.47293],[-119.22566,34.47278],[-119.22521,34.47256],[-119.22512,34.47244],[-119.22506,34.47221],[-119.22471,34.4717],[-119.22437,34.47095],[-119.22422,34.47074],[-119.22417,34.47048],[-119.22426,34.47029],[-119.22418,34.47009],[-119.2243,34.46969],[-119.22432,34.4694],[-119.22418,34.46887]]}},{"type":"Feature","properties":{"name":"","c":"stream"},"geometry":{"type":"LineString","coordinates":[[-119.22418,34.46887],[-119.22411,34.46872]]}},{"type":"Feature","properties":{"name":"","c":"stream"},"geometry":{"type":"LineString","coordinates":[[-119.22411,34.46872],[-119.22403,34.46851],[-119.22395,34.46812],[-119.22359,34.4676],[-119.22334,34.467],[-119.22324,34.46684],[-119.22303,34.46676],[-119.22259,34.46672],[-119.22222,34.46683],[-119.22201,34.46683]]}},{"type":"Feature","properties":{"name":"","c":"stream"},"geometry":{"type":"LineString","coordinates":[[-119.23404,34.48656],[-119.23392,34.4862],[-119.23399,34.48599],[-119.23398,34.48581],[-119.23392,34.48565],[-119.23366,34.48536],[-119.23353,34.48509],[-119.23346,34.4847],[-119.2334,34.48454],[-119.2333,34.48439],[-119.23308,34.48422],[-119.23285,34.48407],[-119.23243,34.48392],[-119.23234,34.48382],[-119.2323,34.48349],[-119.23203,34.48273],[-119.23156,34.48222],[-119.23144,34.48203],[-119.23128,34.48163],[-119.23109,34.481],[-119.23097,34.48036],[-119.23087,34.48009],[-119.23086,34.47931],[-119.23083,34.47916],[-119.2306,34.47857],[-119.23048,34.47838],[-119.23019,34.47803],[-119.22989,34.47778],[-119.22932,34.47739],[-119.22907,34.47707],[-119.22894,34.47696],[-119.22889,34.47682],[-119.22864,34.47656],[-119.22828,34.47557],[-119.22807,34.47512],[-119.22804,34.47474],[-119.228,34.47464],[-119.22758,34.47421],[-119.22737,34.47369],[-119.227,34.47334],[-119.22656,34.47309]]}},{"type":"Feature","properties":{"name":"","c":"stream"},"geometry":{"type":"LineString","coordinates":[[-119.23087,34.49061],[-119.23074,34.49049],[-119.2306,34.49042],[-119.23026,34.49036],[-119.22925,34.48998],[-119.22877,34.48994],[-119.228,34.49001],[-119.22773,34.49005],[-119.22716,34.49021],[-119.22564,34.49075],[-119.22536,34.49079],[-119.22522,34.49085],[-119.22511,34.49095],[-119.22506,34.49109],[-119.22494,34.49118],[-119.22479,34.49123],[-119.22427,34.49136],[-119.22379,34.49138],[-119.22336,34.49124],[-119.22307,34.4912],[-119.22224,34.49113],[-119.22207,34.491],[-119.22207,34.49075],[-119.22201,34.49063],[-119.22169,34.49038],[-119.22107,34.48996],[-119.22072,34.48982],[-119.21988,34.48986],[-119.21972,34.48981],[-119.21925,34.48954],[-119.21901,34.4895]]}},{"type":"Feature","properties":{"name":"","c":"stream"},"geometry":{"type":"LineString","coordinates":[[-119.22596,34.49999],[-119.22601,34.4999],[-119.22598,34.49982],[-119.22536,34.49949],[-119.22456,34.49893],[-119.22439,34.4984],[-119.22429,34.49826],[-119.2241,34.49815],[-119.22366,34.49803],[-119.22323,34.49783],[-119.22285,34.49758],[-119.22273,34.49744],[-119.22272,34.49729],[-119.22275,34.49715],[-119.22321,34.49686],[-119.2233,34.49674],[-119.22331,34.4966],[-119.2233,34.49642],[-119.22304,34.49592],[-119.2226,34.49575],[-119.22249,34.49564],[-119.22244,34.49548],[-119.22246,34.49538],[-119.22262,34.49511],[-119.22263,34.49487],[-119.22259,34.49465],[-119.22252,34.49444],[-119.22249,34.49408],[-119.2223,34.49374],[-119.22202,34.49337],[-119.22175,34.49311],[-119.22149,34.49275],[-119.22098,34.49243],[-119.22072,34.49217],[-119.22009,34.49167],[-119.22002,34.49157],[-119.21999,34.49144],[-119.22004,34.49093]]}},{"type":"Feature","properties":{"name":"","c":"stream"},"geometry":{"type":"LineString","coordinates":[[-119.22088,34.49161],[-119.22067,34.49148],[-119.2202,34.49102],[-119.22004,34.49093]]}},{"type":"Feature","properties":{"name":"","c":"stream"},"geometry":{"type":"LineString","coordinates":[[-119.22004,34.49093],[-119.21985,34.49055],[-119.21943,34.49001],[-119.21909,34.48965],[-119.21901,34.4895]]}},{"type":"Feature","properties":{"name":"","c":"stream"},"geometry":{"type":"LineString","coordinates":[[-119.22195,34.48508],[-119.22189,34.48484],[-119.22166,34.48448],[-119.22139,34.48421],[-119.2211,34.484],[-119.22101,34.48389],[-119.22091,34.48368],[-119.22059,34.48339],[-119.22033,34.483],[-119.22024,34.48291],[-119.21988,34.48272],[-119.2197,34.48265],[-119.2194,34.4826],[-119.21863,34.48227],[-119.21806,34.48207],[-119.21742,34.4817],[-119.21682,34.48131],[-119.21641,34.48095],[-119.21622,34.48053],[-119.21605,34.48031],[-119.21542,34.47987],[-119.21478,34.47963],[-119.21467,34.47955],[-119.21454,34.47942],[-119.21441,34.47899],[-119.21431,34.47891]]}},{"type":"Feature","properties":{"name":"","c":"stream"},"geometry":{"type":"LineString","coordinates":[[-119.21345,34.48761],[-119.21316,34.48714],[-119.21309,34.4869],[-119.21293,34.48656],[-119.2129,34.48641],[-119.21291,34.48623],[-119.21313,34.48582],[-119.21312,34.48575],[-119.21285,34.48566],[-119.21275,34.48558],[-119.21269,34.48542],[-119.21274,34.48507],[-119.2128,34.48491],[-119.21293,34.48477],[-119.21349,34.48434],[-119.21377,34.48377],[-119.21377,34.48356],[-119.2137,34.48344],[-119.21357,34.48307],[-119.21354,34.48249],[-119.21383,34.48154],[-119.21386,34.48135],[-119.21393,34.48117],[-119.21422,34.48065],[-119.21431,34.4804],[-119.21433,34.48005],[-119.21428,34.47958],[-119.21428,34.47917],[-119.21431,34.47891]]}},{"type":"Feature","properties":{"name":"","c":"stream"},"geometry":{"type":"LineString","coordinates":[[-119.21901,34.4895],[-119.21889,34.48938],[-119.21844,34.48912],[-119.21766,34.48892],[-119.21731,34.48891],[-119.21677,34.48876],[-119.21639,34.4886],[-119.21621,34.48846],[-119.21538,34.48807],[-119.21432,34.48775],[-119.21345,34.48761]]}},{"type":"Feature","properties":{"name":"","c":"stream"},"geometry":{"type":"LineString","coordinates":[[-119.21486,34.49999],[-119.21489,34.49977],[-119.21481,34.49959],[-119.2147,34.49948],[-119.21451,34.49941],[-119.21329,34.49927],[-119.21312,34.49922],[-119.21296,34.49909],[-119.21287,34.49893],[-119.2128,34.49874],[-119.21277,34.49798],[-119.21261,34.49767],[-119.2124,34.49741],[-119.21232,34.49703],[-119.21233,34.49683],[-119.21238,34.49659],[-119.21267,34.49585],[-119.21264,34.49548],[-119.21267,34.4952],[-119.2128,34.49459],[-119.2128,34.49437],[-119.21259,34.49395],[-119.21254,34.49377],[-119.21256,34.49356],[-119.21271,34.49316],[-119.21294,34.49272],[-119.21296,34.49253],[-119.2129,34.49221],[-119.21296,34.49185],[-119.21316,34.49158],[-119.2142,34.49079],[-119.21431,34.49065],[-119.21438,34.49047],[-119.21436,34.48943],[-119.21441,34.48896],[-119.21432,34.48855],[-119.21412,34.48825],[-119.2138,34.48799],[-119.21345,34.48761]]}},{"type":"Feature","properties":{"name":"","c":"stream"},"geometry":{"type":"LineString","coordinates":[[-119.21431,34.47891],[-119.21425,34.47873],[-119.21425,34.47831],[-119.21433,34.47816],[-119.21461,34.4779],[-119.21469,34.47777],[-119.21474,34.47751],[-119.2145,34.47686],[-119.21454,34.47654],[-119.21438,34.47563],[-119.21426,34.47539],[-119.21411,34.47437],[-119.21413,34.47398],[-119.2145,34.4734]]}},{"type":"Feature","properties":{"name":"","c":"stream"},"geometry":{"type":"LineString","coordinates":[[-119.2145,34.4734],[-119.21454,34.47328]]}},{"type":"Feature","properties":{"name":"","c":"water"},"geometry":{"type":"Polygon","coordinates":[[[-119.21599,34.47259],[-119.21612,34.47308],[-119.21608,34.47328],[-119.21587,34.47345],[-119.21573,34.47347],[-119.21534,34.47328],[-119.21512,34.47299],[-119.21499,34.47245],[-119.21512,34.4723],[-119.21599,34.47259]]]}},{"type":"Feature","properties":{"name":"","c":"water"},"geometry":{"type":"Polygon","coordinates":[[[-119.21743,34.47259],[-119.21755,34.47273],[-119.21758,34.47288],[-119.21739,34.47296],[-119.21713,34.47301],[-119.21685,34.47301],[-119.21658,34.47297],[-119.21646,34.47264],[-119.2165,34.47247],[-119.21675,34.47238],[-119.21743,34.47259]]]}},{"type":"Feature","properties":{"name":"","c":"stream"},"geometry":{"type":"LineString","coordinates":[[-119.21454,34.47328],[-119.21456,34.47314],[-119.21453,34.47299],[-119.21413,34.47255],[-119.214,34.47252],[-119.21374,34.47234],[-119.2135,34.47229],[-119.21328,34.47233],[-119.21293,34.4723],[-119.21278,34.47224],[-119.21232,34.47189],[-119.21203,34.47173],[-119.21185,34.47146],[-119.21161,34.47117],[-119.21142,34.47109],[-119.21124,34.47104],[-119.21078,34.47103],[-119.21033,34.4711],[-119.20995,34.47106],[-119.2086,34.47071],[-119.20799,34.47024],[-119.20717,34.46996],[-119.20651,34.46967],[-119.20559,34.46969],[-119.205,34.46956]]}},{"type":"Feature","properties":{"name":"","c":"pond"},"geometry":{"type":"Polygon","coordinates":[[[-119.20858,34.4683],[-119.20854,34.46841],[-119.20848,34.46842],[-119.20845,34.46841],[-119.20845,34.46837],[-119.20841,34.46832],[-119.20829,34.4683],[-119.20831,34.46818],[-119.20849,34.46819],[-119.20858,34.4683]]]}},{"type":"Feature","properties":{"name":"San Antonio Creek","c":"stream"},"geometry":{"type":"LineString","coordinates":[[-119.20382,34.46732],[-119.20408,34.46706],[-119.20412,34.46687],[-119.20424,34.46677],[-119.20488,34.46645],[-119.20524,34.46645],[-119.20548,34.46636],[-119.20559,34.46625],[-119.20568,34.46599],[-119.20597,34.4657],[-119.20613,34.46558],[-119.20637,34.46528],[-119.20651,34.46522],[-119.20659,34.46508],[-119.20681,34.46483],[-119.20706,34.46471],[-119.20739,34.46466],[-119.20781,34.46439],[-119.20815,34.46428],[-119.20862,34.46407],[-119.20965,34.46343],[-119.21091,34.4627],[-119.21111,34.46261],[-119.2114,34.46253]]}},{"type":"Feature","properties":{"name":"","c":"canal"},"geometry":{"type":"LineString","coordinates":[[-119.21425,34.45557],[-119.21722,34.45195]]}},{"type":"Feature","properties":{"name":"","c":"stream"},"geometry":{"type":"LineString","coordinates":[[-119.2066,34.45556],[-119.20664,34.45539],[-119.20673,34.45526],[-119.20691,34.45502],[-119.20712,34.45485],[-119.20722,34.45467],[-119.20734,34.45456],[-119.20758,34.45445],[-119.20784,34.45426],[-119.20808,34.45403],[-119.20824,34.45376],[-119.20862,34.45344],[-119.20885,34.45331],[-119.20954,34.45304],[-119.21112,34.45232],[-119.21179,34.45217],[-119.21239,34.45192],[-119.21375,34.45114],[-119.21439,34.45075],[-119.21459,34.45057],[-119.21483,34.45042],[-119.21535,34.45025],[-119.21574,34.44993],[-119.21619,34.44983],[-119.21646,34.44973],[-119.21756,34.44995],[-119.21796,34.44998],[-119.21808,34.44996],[-119.21824,34.44988],[-119.21859,34.44952],[-119.21895,34.44932],[-119.21969,34.44927],[-119.22153,34.44906],[-119.22219,34.44895],[-119.22359,34.44924],[-119.22421,34.44927],[-119.22447,34.44937],[-119.22483,34.44928]]}},{"type":"Feature","properties":{"name":"","c":"canal"},"geometry":{"type":"LineString","coordinates":[[-119.21722,34.45195],[-119.21729,34.45186]]}},{"type":"Feature","properties":{"name":"","c":"canal"},"geometry":{"type":"LineString","coordinates":[[-119.21729,34.45186],[-119.21776,34.4513]]}},{"type":"Feature","properties":{"name":"","c":"canal"},"geometry":{"type":"LineString","coordinates":[[-119.21776,34.4513],[-119.21783,34.45123]]}},{"type":"Feature","properties":{"name":"","c":"canal"},"geometry":{"type":"LineString","coordinates":[[-119.21783,34.45123],[-119.2188,34.45006]]}},{"type":"Feature","properties":{"name":"","c":"canal"},"geometry":{"type":"LineString","coordinates":[[-119.2188,34.45006],[-119.21884,34.44997]]}},{"type":"Feature","properties":{"name":"San Antonio Creek","c":"stream"},"geometry":{"type":"LineString","coordinates":[[-119.2114,34.46253],[-119.21159,34.46256],[-119.21199,34.46247],[-119.21261,34.46214],[-119.21277,34.4621],[-119.21312,34.46209],[-119.21407,34.46185],[-119.21477,34.46153],[-119.21502,34.46145],[-119.21608,34.46099],[-119.21726,34.46039],[-119.21818,34.45984],[-119.21889,34.45911],[-119.21952,34.45854]]}},{"type":"Feature","properties":{"name":"","c":"stream"},"geometry":{"type":"LineString","coordinates":[[-119.22201,34.46683],[-119.22166,34.46661],[-119.22153,34.46647],[-119.22143,34.46628],[-119.22138,34.46608],[-119.22134,34.4648],[-119.22124,34.46434],[-119.22109,34.46405],[-119.22108,34.46375],[-119.22102,34.4636],[-119.22084,34.46331],[-119.2206,34.46309],[-119.22052,34.46271],[-119.22022,34.46229],[-119.22006,34.46146],[-119.22007,34.46083],[-119.22002,34.4606],[-119.21984,34.46019],[-119.21952,34.45854]]}},{"type":"Feature","properties":{"name":"","c":"stream"},"geometry":{"type":"LineString","coordinates":[[-119.22525,34.46678],[-119.22514,34.4664],[-119.22512,34.46608],[-119.22526,34.46569],[-119.22534,34.46519],[-119.22564,34.46434],[-119.2257,34.46382],[-119.22571,34.46337],[-119.2257,34.46308],[-119.22563,34.46273],[-119.22561,34.46225],[-119.22565,34.46213],[-119.22581,34.46184],[-119.22581,34.46128],[-119.22572,34.46078],[-119.22564,34.46059],[-119.22563,34.46019],[-119.22559,34.46004],[-119.22524,34.45968],[-119.22519,34.45954],[-119.2251,34.45887],[-119.22505,34.45866],[-119.22394,34.45712],[-119.2236,34.45692],[-119.22274,34.45665],[-119.2215,34.45617]]}},{"type":"Feature","properties":{"name":"","c":"water"},"geometry":{"type":"Polygon","coordinates":[[[-119.22631,34.46312],[-119.22635,34.46322],[-119.22629,34.46332],[-119.22613,34.46337],[-119.22593,34.46329],[-119.22585,34.46321],[-119.22586,34.46307],[-119.22595,34.46301],[-119.22605,34.463],[-119.22631,34.46312]]]}},{"type":"Feature","properties":{"name":"","c":"canal"},"geometry":{"type":"LineString","coordinates":[[-119.22789,34.46416],[-119.228,34.46402],[-119.22803,34.46371]]}},{"type":"Feature","properties":{"name":"","c":"canal"},"geometry":{"type":"LineString","coordinates":[[-119.22803,34.46371],[-119.22803,34.46364]]}},{"type":"Feature","properties":{"name":"","c":"canal"},"geometry":{"type":"LineString","coordinates":[[-119.22805,34.46281],[-119.22805,34.46274]]}},{"type":"Feature","properties":{"name":"","c":"canal"},"geometry":{"type":"LineString","coordinates":[[-119.22805,34.46274],[-119.22806,34.4626]]}},{"type":"Feature","properties":{"name":"","c":"canal"},"geometry":{"type":"LineString","coordinates":[[-119.22803,34.46364],[-119.22805,34.46281]]}},{"type":"Feature","properties":{"name":"","c":"canal"},"geometry":{"type":"LineString","coordinates":[[-119.22806,34.4626],[-119.22805,34.46252]]}},{"type":"Feature","properties":{"name":"","c":"canal"},"geometry":{"type":"LineString","coordinates":[[-119.22805,34.46252],[-119.22807,34.46166]]}},{"type":"Feature","properties":{"name":"","c":"canal"},"geometry":{"type":"LineString","coordinates":[[-119.22815,34.46223],[-119.22817,34.46133]]}},{"type":"Feature","properties":{"name":"","c":"canal"},"geometry":{"type":"LineString","coordinates":[[-119.22807,34.46166],[-119.22807,34.46156]]}},{"type":"Feature","properties":{"name":"","c":"canal"},"geometry":{"type":"LineString","coordinates":[[-119.22817,34.46133],[-119.22817,34.46127]]}},{"type":"Feature","properties":{"name":"","c":"canal"},"geometry":{"type":"LineString","coordinates":[[-119.22807,34.46156],[-119.22808,34.46084]]}},{"type":"Feature","properties":{"name":"","c":"canal"},"geometry":{"type":"LineString","coordinates":[[-119.22808,34.46084],[-119.22808,34.46075]]}},{"type":"Feature","properties":{"name":"","c":"canal"},"geometry":{"type":"LineString","coordinates":[[-119.22817,34.46127],[-119.2282,34.45952]]}},{"type":"Feature","properties":{"name":"","c":"canal"},"geometry":{"type":"LineString","coordinates":[[-119.22808,34.46075],[-119.22815,34.45705]]}},{"type":"Feature","properties":{"name":"","c":"canal"},"geometry":{"type":"LineString","coordinates":[[-119.2282,34.45952],[-119.2282,34.45945]]}},{"type":"Feature","properties":{"name":"","c":"canal"},"geometry":{"type":"LineString","coordinates":[[-119.22552,34.45434],[-119.22413,34.45433],[-119.22404,34.45437]]}},{"type":"Feature","properties":{"name":"","c":"canal"},"geometry":{"type":"LineString","coordinates":[[-119.2282,34.45945],[-119.22828,34.45561]]}},{"type":"Feature","properties":{"name":"","c":"canal"},"geometry":{"type":"LineString","coordinates":[[-119.22815,34.45705],[-119.22815,34.45698]]}},{"type":"Feature","properties":{"name":"","c":"canal"},"geometry":{"type":"LineString","coordinates":[[-119.22815,34.45698],[-119.22816,34.45681]]}},{"type":"Feature","properties":{"name":"","c":"canal"},"geometry":{"type":"LineString","coordinates":[[-119.22816,34.45681],[-119.22816,34.45675]]}},{"type":"Feature","properties":{"name":"","c":"canal"},"geometry":{"type":"LineString","coordinates":[[-119.22829,34.45554],[-119.22831,34.4544]]}},{"type":"Feature","properties":{"name":"","c":"canal"},"geometry":{"type":"LineString","coordinates":[[-119.22828,34.45561],[-119.22829,34.45554]]}},{"type":"Feature","properties":{"name":"","c":"canal"},"geometry":{"type":"LineString","coordinates":[[-119.22816,34.45675],[-119.22819,34.4544]]}},{"type":"Feature","properties":{"name":"","c":"canal"},"geometry":{"type":"LineString","coordinates":[[-119.22819,34.4544],[-119.22831,34.4544]]}},{"type":"Feature","properties":{"name":"San Antonio Creek","c":"stream"},"geometry":{"type":"LineString","coordinates":[[-119.22157,34.45507],[-119.22173,34.45433],[-119.22185,34.45412],[-119.22213,34.45375],[-119.22239,34.45332],[-119.22295,34.45252],[-119.2231,34.45223],[-119.22302,34.45205],[-119.22301,34.45183],[-119.22336,34.45129],[-119.22352,34.45095],[-119.22375,34.45072],[-119.22408,34.45053],[-119.22451,34.45023],[-119.22473,34.45002],[-119.22482,34.44977],[-119.22483,34.44928]]}},{"type":"Feature","properties":{"name":"","c":"pond"},"geometry":{"type":"Polygon","coordinates":[[[-119.22458,34.45379],[-119.22472,34.45382],[-119.22479,34.45393],[-119.22478,34.45405],[-119.22469,34.45414],[-119.22456,34.45417],[-119.22435,34.45415],[-119.2242,34.45409],[-119.22417,34.45398],[-119.22421,34.4539],[-119.22458,34.45379]]]}},{"type":"Feature","properties":{"name":"San Antonio Creek","c":"stream"},"geometry":{"type":"LineString","coordinates":[[-119.2215,34.45617],[-119.22173,34.45583],[-119.22165,34.45553],[-119.22156,34.45533],[-119.22157,34.45507]]}},{"type":"Feature","properties":{"name":"San Antonio Creek","c":"stream"},"geometry":{"type":"LineString","coordinates":[[-119.21952,34.45854],[-119.21966,34.45845],[-119.21985,34.45824],[-119.22005,34.45794],[-119.22022,34.45782],[-119.22042,34.45753],[-119.22067,34.45735],[-119.22083,34.45728],[-119.22101,34.4571],[-119.22119,34.45658],[-119.2215,34.45617]]}},{"type":"Feature","properties":{"name":"","c":"canal"},"geometry":{"type":"LineString","coordinates":[[-119.21884,34.44997],[-119.21919,34.44958],[-119.21941,34.44929]]}},{"type":"Feature","properties":{"name":"","c":"canal"},"geometry":{"type":"LineString","coordinates":[[-119.21889,34.44823],[-119.22007,34.44848]]}},{"type":"Feature","properties":{"name":"","c":"canal"},"geometry":{"type":"LineString","coordinates":[[-119.22007,34.44848],[-119.22027,34.44852]]}},{"type":"Feature","properties":{"name":"","c":"canal"},"geometry":{"type":"LineString","coordinates":[[-119.22027,34.44852],[-119.22171,34.44883]]}},{"type":"Feature","properties":{"name":"Thacher Creek","c":"stream"},"geometry":{"type":"LineString","coordinates":[[-119.21769,34.44508],[-119.21834,34.44519],[-119.21853,34.44517],[-119.21909,34.44501],[-119.21928,34.44504],[-119.21946,34.44503],[-119.21993,34.44517],[-119.22006,34.44518],[-119.22051,34.44507],[-119.22082,34.44492],[-119.22104,34.44488],[-119.22183,34.44503],[-119.22207,34.44502],[-119.22318,34.4447],[-119.22339,34.44459],[-119.22379,34.4443],[-119.22435,34.44407],[-119.22525,34.44396],[-119.2259,34.44383],[-119.22657,34.44359],[-119.22666,34.44355],[-119.22694,34.44322],[-119.22707,34.44314],[-119.2276,34.44305],[-119.22788,34.44304],[-119.22813,34.44308],[-119.22834,34.44308],[-119.22858,34.44304],[-119.22866,34.44299]]}},{"type":"Feature","properties":{"name":"","c":"canal"},"geometry":{"type":"LineString","coordinates":[[-119.22203,34.44889],[-119.22223,34.44895]]}},{"type":"Feature","properties":{"name":"","c":"canal"},"geometry":{"type":"LineString","coordinates":[[-119.22171,34.44883],[-119.22203,34.44889]]}},{"type":"Feature","properties":{"name":"San Antonio Creek","c":"stream"},"geometry":{"type":"LineString","coordinates":[[-119.22483,34.44928],[-119.22485,34.44917],[-119.22479,34.44891],[-119.2249,34.44863],[-119.22511,34.44834],[-119.22525,34.44822],[-119.22559,34.44806],[-119.22583,34.44801],[-119.22608,34.448],[-119.22653,34.44789],[-119.22673,34.4476],[-119.22684,34.4473],[-119.22701,34.44699],[-119.22727,34.44668],[-119.22754,34.44624],[-119.22861,34.44574],[-119.22884,34.44545],[-119.22968,34.44469],[-119.22994,34.44451],[-119.23031,34.44439],[-119.23048,34.44428],[-119.23064,34.44398],[-119.23117,34.44326],[-119.23167,34.44268],[-119.2319,34.44236]]}},{"type":"Feature","properties":{"name":"Thacher Creek","c":"stream"},"geometry":{"type":"LineString","coordinates":[[-119.22866,34.44299],[-119.22921,34.44277],[-119.22938,34.44275],[-119.22976,34.44276],[-119.2301,34.44282],[-119.23028,34.44281],[-119.2306,34.44274],[-119.23096,34.44264],[-119.23125,34.44252],[-119.2319,34.44236]]}},{"type":"Feature","properties":{"name":"","c":"stream"},"geometry":{"type":"LineString","coordinates":[[-119.22811,34.44288],[-119.22814,34.44296],[-119.22823,34.443],[-119.22829,34.44308]]}},{"type":"Feature","properties":{"name":"","c":"canal"},"geometry":{"type":"LineString","coordinates":[[-119.22804,34.44241],[-119.22811,34.44288]]}},{"type":"Feature","properties":{"name":"","c":"stream"},"geometry":{"type":"LineString","coordinates":[[-119.22291,34.43385],[-119.22276,34.4343],[-119.22268,34.43483],[-119.22257,34.435],[-119.22223,34.43523],[-119.22194,34.43611],[-119.22178,34.4364],[-119.22172,34.43672],[-119.22178,34.43705],[-119.22191,34.43736],[-119.22194,34.43772],[-119.22223,34.43822],[-119.22262,34.43863],[-119.22284,34.43891],[-119.22286,34.43935],[-119.22295,34.43954],[-119.22313,34.43973],[-119.22349,34.44],[-119.22426,34.44025],[-119.22448,34.44037],[-119.22463,34.44049],[-119.22498,34.44067],[-119.22511,34.44078],[-119.22529,34.4411],[-119.22529,34.44122],[-119.22517,34.44151],[-119.22516,34.44163],[-119.22519,34.44169],[-119.22564,34.44175],[-119.226,34.44171],[-119.22651,34.44159],[-119.22685,34.44143],[-119.22738,34.44137],[-119.22757,34.44139],[-119.22793,34.44166],[-119.22804,34.44241]]}},{"type":"Feature","properties":{"name":"","c":"canal"},"geometry":{"type":"LineString","coordinates":[[-119.22759,34.44017],[-119.22793,34.44166]]}},{"type":"Feature","properties":{"name":"","c":"stream"},"geometry":{"type":"LineString","coordinates":[[-119.21254,34.43403],[-119.21264,34.43455],[-119.21275,34.43489],[-119.21283,34.43558],[-119.21303,34.43647],[-119.21312,34.43674],[-119.21325,34.437],[-119.21348,34.4373],[-119.21357,34.43754],[-119.21354,34.43784],[-119.21361,34.43833],[-119.21359,34.43846],[-119.21351,34.43858],[-119.21333,34.43874],[-119.21332,34.43881],[-119.2138,34.44057],[-119.21397,34.44076],[-119.21428,34.44094],[-119.21473,34.44126],[-119.21483,34.44138],[-119.21487,34.44157]]}},{"type":"Feature","properties":{"name":"","c":"canal"},"geometry":{"type":"LineString","coordinates":[[-119.2188,34.44821],[-119.21889,34.44823]]}},{"type":"Feature","properties":{"name":"","c":"canal"},"geometry":{"type":"LineString","coordinates":[[-119.21842,34.44813],[-119.2188,34.44821]]}},{"type":"Feature","properties":{"name":"","c":"canal"},"geometry":{"type":"LineString","coordinates":[[-119.2181,34.44807],[-119.21835,34.44812]]}},{"type":"Feature","properties":{"name":"","c":"canal"},"geometry":{"type":"LineString","coordinates":[[-119.21835,34.44812],[-119.21842,34.44813]]}},{"type":"Feature","properties":{"name":"Thacher Creek","c":"stream"},"geometry":{"type":"LineString","coordinates":[[-119.20367,34.44689],[-119.20464,34.44688],[-119.20533,34.44669],[-119.20575,34.44668],[-119.20607,34.44674],[-119.20701,34.44708],[-119.20747,34.44718],[-119.20798,34.44722],[-119.20836,34.4472],[-119.20974,34.44696],[-119.2104,34.44674],[-119.21075,34.44673],[-119.21244,34.44618],[-119.2131,34.44608],[-119.21358,34.44598],[-119.21393,34.44582],[-119.21413,34.4457],[-119.21436,34.44563],[-119.21496,34.44561],[-119.21544,34.44575],[-119.21589,34.44574],[-119.21732,34.44512],[-119.21769,34.44508]]}},{"type":"Feature","properties":{"name":"","c":"canal"},"geometry":{"type":"LineString","coordinates":[[-119.20964,34.44639],[-119.21006,34.44644],[-119.21095,34.44668]]}},{"type":"Feature","properties":{"name":"","c":"canal"},"geometry":{"type":"LineString","coordinates":[[-119.2095,34.44638],[-119.20964,34.44639]]}},{"type":"Feature","properties":{"name":"","c":"canal"},"geometry":{"type":"LineString","coordinates":[[-119.20878,34.44634],[-119.2095,34.44638]]}},{"type":"Feature","properties":{"name":"","c":"canal"},"geometry":{"type":"LineString","coordinates":[[-119.20857,34.44633],[-119.20878,34.44634]]}},{"type":"Feature","properties":{"name":"","c":"canal"},"geometry":{"type":"LineString","coordinates":[[-119.20658,34.44624],[-119.20857,34.44633]]}},{"type":"Feature","properties":{"name":"","c":"stream"},"geometry":{"type":"LineString","coordinates":[[-119.21052,34.43501],[-119.21045,34.43524],[-119.21024,34.4356],[-119.21007,34.4358],[-119.20987,34.43596],[-119.20971,34.43604],[-119.20947,34.4361],[-119.2091,34.43614],[-119.20868,34.43614],[-119.20846,34.43619],[-119.20826,34.43628],[-119.20736,34.43695],[-119.20699,34.43711],[-119.20685,34.4371],[-119.20628,34.43682],[-119.20604,34.43676],[-119.20537,34.43669],[-119.20524,34.43663],[-119.20498,34.43642],[-119.20486,34.43635],[-119.2045,34.43627],[-119.20434,34.43619],[-119.20376,34.43581],[-119.20332,34.43562],[-119.20292,34.43539],[-119.20274,34.43525],[-119.20242,34.43476],[-119.20226,34.43462],[-119.20212,34.4343],[-119.20202,34.43416],[-119.20173,34.43395],[-119.2016,34.43381],[-119.20154,34.43368],[-119.20164,34.43328],[-119.20164,34.43309],[-119.20152,34.43276],[-119.20152,34.4326],[-119.20157,34.43245],[-119.20221,34.43186],[-119.20231,34.43173],[-119.20242,34.43146]]}},{"type":"Feature","properties":{"name":"","c":"canal"},"geometry":{"type":"LineString","coordinates":[[-119.20629,34.44623],[-119.20658,34.44624]]}},{"type":"Feature","properties":{"name":"","c":"canal"},"geometry":{"type":"LineString","coordinates":[[-119.20411,34.44627],[-119.20441,34.44617],[-119.20453,34.44616],[-119.20629,34.44623]]}},{"type":"Feature","properties":{"name":"Thacher Creek","c":"stream"},"geometry":{"type":"LineString","coordinates":[[-119.19482,34.44846],[-119.19539,34.44832],[-119.19594,34.44802],[-119.19635,34.44789],[-119.19663,34.44785],[-119.19708,34.44791],[-119.19752,34.44787],[-119.19801,34.44772],[-119.19882,34.44762],[-119.19983,34.4476],[-119.20045,34.4475],[-119.2007,34.44742],[-119.20106,34.44735],[-119.20189,34.44728],[-119.20251,34.44713],[-119.20296,34.44698],[-119.20338,34.44691],[-119.20367,34.44689]]}},{"type":"Feature","properties":{"name":"","c":"stream"},"geometry":{"type":"LineString","coordinates":[[-119.19252,34.44196],[-119.19267,34.44222],[-119.1928,34.44237],[-119.1943,34.44313],[-119.19458,34.44327],[-119.19482,34.44334],[-119.19543,34.44345],[-119.19595,34.44361],[-119.19668,34.44377],[-119.19677,34.44389],[-119.19685,34.4441],[-119.19697,34.44419],[-119.19723,34.44428],[-119.19791,34.44459],[-119.19851,34.44468],[-119.19983,34.44494],[-119.20077,34.44488],[-119.20089,34.4449],[-119.20097,34.44495],[-119.20136,34.44544],[-119.20169,34.4457],[-119.20211,34.44583],[-119.20303,34.44599],[-119.20338,34.446],[-119.20354,34.4461],[-119.20359,34.44624]]}},{"type":"Feature","properties":{"name":"","c":"water"},"geometry":{"type":"Polygon","coordinates":[[[-119.19942,34.43418],[-119.19918,34.43437],[-119.19859,34.43461],[-119.19815,34.43459],[-119.19796,34.43462],[-119.19745,34.43482],[-119.19698,34.43487],[-119.19677,34.43486],[-119.19649,34.4347],[-119.19653,34.43456],[-119.19675,34.43443],[-119.19775,34.43421],[-119.19818,34.43406],[-119.1984,34.43405],[-119.19887,34.43394],[-119.19906,34.43397],[-119.19926,34.43396],[-119.19941,34.43408],[-119.19942,34.43418]]]}},{"type":"Feature","properties":{"name":"Lion Creek","c":"stream"},"geometry":{"type":"LineString","coordinates":[[-119.19649,34.4347],[-119.19732,34.43465],[-119.19882,34.43433],[-119.19931,34.43399]]}},{"type":"Feature","properties":{"name":"Lion Creek","c":"stream"},"geometry":{"type":"LineString","coordinates":[[-119.18757,34.43478],[-119.18777,34.43482],[-119.18799,34.4348],[-119.18815,34.43472],[-119.18835,34.43468],[-119.1885,34.43474],[-119.18865,34.4347],[-119.18898,34.43452],[-119.18952,34.43454],[-119.18996,34.43482],[-119.19045,34.43487],[-119.19073,34.43502],[-119.19097,34.4351],[-119.19145,34.43504],[-119.19175,34.43497],[-119.19183,34.43491],[-119.19222,34.43485],[-119.19302,34.43488],[-119.19346,34.43486],[-119.19386,34.43474],[-119.19404,34.43473],[-119.19423,34.43476],[-119.19449,34.43494],[-119.19474,34.43498],[-119.195,34.43497],[-119.19649,34.4347]]}},{"type":"Feature","properties":{"name":"","c":"stream"},"geometry":{"type":"LineString","coordinates":[[-119.18896,34.43433],[-119.18898,34.43452]]}},{"type":"Feature","properties":{"name":"","c":"stream"},"geometry":{"type":"LineString","coordinates":[[-119.18895,34.43423],[-119.18896,34.43433]]}},{"type":"Feature","properties":{"name":"","c":"stream"},"geometry":{"type":"LineString","coordinates":[[-119.18813,34.43424],[-119.18895,34.43423]]}},{"type":"Feature","properties":{"name":"","c":"stream"},"geometry":{"type":"LineString","coordinates":[[-119.18801,34.43426],[-119.18813,34.43424]]}},{"type":"Feature","properties":{"name":"","c":"stream"},"geometry":{"type":"LineString","coordinates":[[-119.18725,34.43424],[-119.18763,34.43419],[-119.18784,34.43429],[-119.18801,34.43426]]}},{"type":"Feature","properties":{"name":"Lion Creek","c":"stream"},"geometry":{"type":"LineString","coordinates":[[-119.18096,34.43548],[-119.18133,34.43534],[-119.18153,34.43535],[-119.18176,34.4354],[-119.18222,34.4357],[-119.18278,34.43591],[-119.18357,34.43608],[-119.18382,34.43608],[-119.18405,34.436],[-119.18453,34.43566],[-119.18534,34.43515],[-119.18629,34.43477],[-119.18679,34.43465],[-119.18705,34.43472],[-119.18757,34.43478]]}},{"type":"Feature","properties":{"name":"Reeves Creek","c":"stream"},"geometry":{"type":"LineString","coordinates":[[-119.18142,34.4505],[-119.18197,34.45028],[-119.18232,34.45022],[-119.18266,34.44998],[-119.18349,34.44962],[-119.18365,34.44948],[-119.18391,34.44945],[-119.18426,34.44926],[-119.18475,34.44888],[-119.18626,34.44836],[-119.18642,34.44833],[-119.18751,34.4483],[-119.18836,34.44836],[-119.19006,34.44839],[-119.19053,34.44836],[-119.19126,34.44839],[-119.19139,34.44843],[-119.19175,34.4484]]}},{"type":"Feature","properties":{"name":"","c":"stream"},"geometry":{"type":"LineString","coordinates":[[-119.19132,34.44814],[-119.19136,34.44833]]}},{"type":"Feature","properties":{"name":"","c":"stream"},"geometry":{"type":"LineString","coordinates":[[-119.19136,34.44833],[-119.19139,34.44843]]}},{"type":"Feature","properties":{"name":"","c":"water"},"geometry":{"type":"Polygon","coordinates":[[[-119.1901,34.44167],[-119.19028,34.4417],[-119.19144,34.44213],[-119.19154,34.44226],[-119.19157,34.44236],[-119.19152,34.44246],[-119.19141,34.44254],[-119.19104,34.44255],[-119.1902,34.44243],[-119.19006,34.44236],[-119.18978,34.44209],[-119.18959,34.44173],[-119.18958,34.44163],[-119.1896,34.44157],[-119.18968,34.44151],[-119.18979,34.4415],[-119.1901,34.44167]]]}},{"type":"Feature","properties":{"name":"Reeves Creek","c":"stream"},"geometry":{"type":"LineString","coordinates":[[-119.19175,34.4484],[-119.19193,34.4484],[-119.19257,34.44855],[-119.19281,34.44853],[-119.19368,34.44837],[-119.19418,34.44824],[-119.19442,34.44823],[-119.19459,34.44826],[-119.19476,34.44837],[-119.19482,34.44846]]}},{"type":"Feature","properties":{"name":"","c":"canal"},"geometry":{"type":"LineString","coordinates":[[-119.18622,34.45553],[-119.18715,34.45553]]}},{"type":"Feature","properties":{"name":"Thacher Creek","c":"stream"},"geometry":{"type":"LineString","coordinates":[[-119.18076,34.46303],[-119.18107,34.46285],[-119.18147,34.46244],[-119.18167,34.46234],[-119.18214,34.46229],[-119.18234,34.46221],[-119.1829,34.46183],[-119.18371,34.46133],[-119.18424,34.46088],[-119.18469,34.4606],[-119.18564,34.45987],[-119.18673,34.45844],[-119.18682,34.45829],[-119.18689,34.45809],[-119.18699,34.45795],[-119.18724,34.45767],[-119.18765,34.45736],[-119.18808,34.45688],[-119.18881,34.45638],[-119.18913,34.45606],[-119.18954,34.45576],[-119.18987,34.45543],[-119.19019,34.45524],[-119.19035,34.4551],[-119.19069,34.45467],[-119.19125,34.4543],[-119.19149,34.45408],[-119.19172,34.45385],[-119.1918,34.45367],[-119.19267,34.45262],[-119.19294,34.4522],[-119.19324,34.45148],[-119.1937,34.45073],[-119.19417,34.45008],[-119.1944,34.44967],[-119.19453,34.44938],[-119.19474,34.44856],[-119.19482,34.44846]]}},{"type":"Feature","properties":{"name":"","c":"canal"},"geometry":{"type":"LineString","coordinates":[[-119.18715,34.45553],[-119.18725,34.45553]]}},{"type":"Feature","properties":{"name":"","c":"canal"},"geometry":{"type":"LineString","coordinates":[[-119.18725,34.45553],[-119.18789,34.45554]]}},{"type":"Feature","properties":{"name":"","c":"canal"},"geometry":{"type":"LineString","coordinates":[[-119.18789,34.45554],[-119.18797,34.45554]]}},{"type":"Feature","properties":{"name":"","c":"canal"},"geometry":{"type":"LineString","coordinates":[[-119.18797,34.45554],[-119.18955,34.45556],[-119.18972,34.45559]]}},{"type":"Feature","properties":{"name":"","c":"stream"},"geometry":{"type":"LineString","coordinates":[[-119.19637,34.46468],[-119.1966,34.46464],[-119.19676,34.46451],[-119.19688,34.46432],[-119.19691,34.46423]]}},{"type":"Feature","properties":{"name":"","c":"stream"},"geometry":{"type":"LineString","coordinates":[[-119.19691,34.46423],[-119.19694,34.46413]]}},{"type":"Feature","properties":{"name":"","c":"stream"},"geometry":{"type":"LineString","coordinates":[[-119.19694,34.46413],[-119.19715,34.46346],[-119.19758,34.46327],[-119.1979,34.46295]]}},{"type":"Feature","properties":{"name":"","c":"stream"},"geometry":{"type":"LineString","coordinates":[[-119.1979,34.46295],[-119.19799,34.46286]]}},{"type":"Feature","properties":{"name":"","c":"stream"},"geometry":{"type":"LineString","coordinates":[[-119.20658,34.4557],[-119.2066,34.45556]]}},{"type":"Feature","properties":{"name":"","c":"stream"},"geometry":{"type":"LineString","coordinates":[[-119.20628,34.4557],[-119.20658,34.4557]]}},{"type":"Feature","properties":{"name":"","c":"stream"},"geometry":{"type":"LineString","coordinates":[[-119.20616,34.45571],[-119.20628,34.4557]]}},{"type":"Feature","properties":{"name":"","c":"stream"},"geometry":{"type":"LineString","coordinates":[[-119.19799,34.46286],[-119.19806,34.46279],[-119.19822,34.46273],[-119.19842,34.46222],[-119.19859,34.4621],[-119.19869,34.46195],[-119.19904,34.46178],[-119.19925,34.46164],[-119.19969,34.46101],[-119.19991,34.46027],[-119.20044,34.45937],[-119.20093,34.45928],[-119.20181,34.45877],[-119.20191,34.45836],[-119.20255,34.45753],[-119.20392,34.4569],[-119.20485,34.45664],[-119.20533,34.4564],[-119.20604,34.45612],[-119.20611,34.45601],[-119.20614,34.45571],[-119.20616,34.45571]]}},{"type":"Feature","properties":{"name":"","c":"stream"},"geometry":{"type":"LineString","coordinates":[[-119.205,34.47048],[-119.20505,34.46996],[-119.20504,34.46969],[-119.20493,34.46933],[-119.20487,34.46883],[-119.20471,34.46843],[-119.20451,34.46822],[-119.20431,34.46812]]}},{"type":"Feature","properties":{"name":"","c":"stream"},"geometry":{"type":"LineString","coordinates":[[-119.20494,34.47062],[-119.205,34.47048]]}},{"type":"Feature","properties":{"name":"","c":"stream"},"geometry":{"type":"LineString","coordinates":[[-119.20431,34.46812],[-119.20419,34.46792],[-119.20387,34.46756],[-119.20382,34.46732]]}},{"type":"Feature","properties":{"name":"","c":"water"},"geometry":{"type":"Polygon","coordinates":[[[-119.19738,34.47185],[-119.19737,34.47191],[-119.19722,34.47196],[-119.19704,34.4719],[-119.19701,34.47181],[-119.19707,34.4717],[-119.19716,34.47161],[-119.19725,34.47158],[-119.19732,34.4716],[-119.19738,34.47185]]]}},{"type":"Feature","properties":{"name":"","c":"stream"},"geometry":{"type":"LineString","coordinates":[[-119.1963,34.47645],[-119.19636,34.47635],[-119.19668,34.47611],[-119.19696,34.47568],[-119.19708,34.47556],[-119.19724,34.47543],[-119.19743,34.47534],[-119.1978,34.47521],[-119.19803,34.47504],[-119.19825,34.47473],[-119.19843,34.47438],[-119.19891,34.47385],[-119.19951,34.47284],[-119.19962,34.47262],[-119.19975,34.47216],[-119.20006,34.47185],[-119.20049,34.47131],[-119.2006,34.47115],[-119.20079,34.47067],[-119.20102,34.47031],[-119.20112,34.47022],[-119.20144,34.47003],[-119.20154,34.46992],[-119.20158,34.46969],[-119.20155,34.46949],[-119.20167,34.46912],[-119.20176,34.46899],[-119.20186,34.4689],[-119.20208,34.46877],[-119.20218,34.46867],[-119.20221,34.46856],[-119.20216,34.46844],[-119.20213,34.46811],[-119.20213,34.46801],[-119.20218,34.46787],[-119.20241,34.46773],[-119.20274,34.46766],[-119.20326,34.46764],[-119.20363,34.46747],[-119.20382,34.46732]]}},{"type":"Feature","properties":{"name":"","c":"stream"},"geometry":{"type":"LineString","coordinates":[[-119.20535,34.48307],[-119.20508,34.48268],[-119.20501,34.48246],[-119.20493,34.48175],[-119.20511,34.48104],[-119.20514,34.48082],[-119.20498,34.48025],[-119.20477,34.47979],[-119.20474,34.47956],[-119.20477,34.47906],[-119.20469,34.47823],[-119.20456,34.47788],[-119.20408,34.47739],[-119.20402,34.47726],[-119.20399,34.47707],[-119.204,34.47693],[-119.20416,34.47645],[-119.2043,34.4762],[-119.20434,34.47608],[-119.20434,34.47596],[-119.20427,34.47583],[-119.20403,34.47559],[-119.20398,34.47542],[-119.20399,34.4753],[-119.20412,34.47503],[-119.20419,34.47469],[-119.20403,34.47412],[-119.20403,34.47363],[-119.20415,34.4731],[-119.20406,34.4727],[-119.20406,34.47258],[-119.20418,34.47219],[-119.2044,34.4718],[-119.20457,34.47122],[-119.20482,34.4709],[-119.20486,34.47074],[-119.20494,34.47062]]}},{"type":"Feature","properties":{"name":"","c":"stream"},"geometry":{"type":"LineString","coordinates":[[-119.20543,34.4892],[-119.20482,34.48876],[-119.20463,34.4887],[-119.20424,34.48866],[-119.20324,34.48868],[-119.20305,34.4887],[-119.20273,34.48889],[-119.20252,34.48896],[-119.20183,34.48909],[-119.20135,34.48922],[-119.20099,34.4894],[-119.20078,34.48943],[-119.20055,34.48939],[-119.20028,34.48939],[-119.19909,34.48968],[-119.19875,34.48971],[-119.19843,34.48967],[-119.1982,34.4896]]}},{"type":"Feature","properties":{"name":"","c":"stream"},"geometry":{"type":"LineString","coordinates":[[-119.20248,34.49999],[-119.20237,34.4998],[-119.20194,34.49938],[-119.20183,34.49922],[-119.20179,34.49883],[-119.20186,34.49864],[-119.20199,34.49847],[-119.20244,34.49803],[-119.20255,34.49786],[-119.20263,34.49767],[-119.20263,34.49749],[-119.20257,34.49732],[-119.20241,34.49716],[-119.20206,34.4969],[-119.20149,34.49631],[-119.20109,34.49595],[-119.20075,34.49536],[-119.20019,34.49487],[-119.19999,34.49454],[-119.19994,34.4944],[-119.19999,34.49369],[-119.19996,34.49337],[-119.19964,34.49208],[-119.19957,34.49162],[-119.19949,34.49139],[-119.19935,34.49116],[-119.19912,34.49091],[-119.1988,34.49068],[-119.19829,34.49021],[-119.19822,34.48994],[-119.19823,34.48974],[-119.1982,34.4896]]}},{"type":"Feature","properties":{"name":"","c":"stream"},"geometry":{"type":"LineString","coordinates":[[-119.1982,34.4896],[-119.19766,34.48937],[-119.19706,34.48894],[-119.19659,34.48841],[-119.19635,34.48819],[-119.19621,34.48812],[-119.19582,34.48808],[-119.19526,34.48782]]}},{"type":"Feature","properties":{"name":"","c":"stream"},"geometry":{"type":"LineString","coordinates":[[-119.19526,34.48782],[-119.19523,34.48759],[-119.19504,34.48742],[-119.195,34.48733],[-119.19504,34.48698],[-119.19501,34.4863],[-119.19494,34.48603],[-119.19487,34.48537],[-119.19473,34.48494],[-119.19471,34.48465],[-119.19475,34.48446],[-119.19536,34.48377],[-119.19549,34.48357],[-119.19569,34.48316],[-119.19608,34.48267],[-119.1962,34.48235],[-119.1962,34.48217],[-119.19556,34.4803],[-119.19531,34.47965],[-119.19526,34.4794],[-119.1953,34.47902],[-119.19539,34.47881],[-119.19574,34.47828],[-119.19618,34.47668],[-119.1963,34.47645]]}},{"type":"Feature","properties":{"name":"","c":"stream"},"geometry":{"type":"LineString","coordinates":[[-119.1945,34.49464],[-119.19472,34.49456],[-119.19547,34.49411],[-119.19587,34.49379],[-119.19623,34.49331],[-119.19635,34.49308],[-119.19645,34.49264],[-119.19646,34.49212],[-119.19652,34.49194],[-119.19652,34.49147],[-119.19632,34.49069],[-119.1962,34.49046],[-119.19594,34.49013],[-119.19545,34.48961],[-119.19542,34.48947],[-119.19545,34.48927],[-119.1955,34.4891],[-119.19565,34.48884],[-119.19565,34.48868],[-119.1956,34.48853],[-119.19534,34.48811],[-119.19526,34.48782]]}},{"type":"Feature","properties":{"name":"","c":"stream"},"geometry":{"type":"LineString","coordinates":[[-119.19339,34.49999],[-119.19301,34.49934],[-119.19267,34.49848],[-119.19262,34.49824],[-119.19265,34.49799],[-119.19291,34.49728],[-119.19324,34.4967],[-119.19381,34.49602],[-119.19399,34.49565],[-119.19407,34.49542],[-119.1941,34.49524],[-119.19421,34.49496],[-119.19447,34.49472],[-119.1945,34.49464]]}},{"type":"Feature","properties":{"name":"","c":"stream"},"geometry":{"type":"LineString","coordinates":[[-119.18834,34.49756],[-119.18864,34.49711],[-119.18909,34.49672],[-119.18937,34.49656],[-119.19003,34.49634],[-119.19056,34.49621],[-119.19083,34.49618],[-119.19148,34.49625],[-119.19172,34.49619],[-119.19253,34.49584],[-119.19288,34.49562],[-119.19336,34.49501],[-119.19359,34.49482],[-119.19398,34.49472],[-119.19423,34.49472],[-119.1945,34.49464]]}},{"type":"Feature","properties":{"name":"","c":"stream"},"geometry":{"type":"LineString","coordinates":[[-119.18455,34.49318],[-119.18465,34.49292],[-119.18442,34.49277],[-119.18438,34.49268],[-119.18442,34.4924],[-119.1844,34.49204],[-119.18446,34.49187],[-119.18455,34.49177],[-119.18467,34.49173],[-119.18535,34.49191],[-119.18557,34.49189],[-119.18574,34.49182],[-119.1861,34.49148],[-119.18619,34.49136],[-119.18636,34.491],[-119.18635,34.49094],[-119.18617,34.49079],[-119.18612,34.49067],[-119.18612,34.49052],[-119.18615,34.49036],[-119.18633,34.49008],[-119.18636,34.48993],[-119.18629,34.48949],[-119.18629,34.48902],[-119.18639,34.48855],[-119.18638,34.48836],[-119.18634,34.4882],[-119.18612,34.48777],[-119.18613,34.48762],[-119.18609,34.48736],[-119.18596,34.48698],[-119.18562,34.48647],[-119.18562,34.48638],[-119.18574,34.48605],[-119.18572,34.48596],[-119.18551,34.48574]]}},{"type":"Feature","properties":{"name":"","c":"stream"},"geometry":{"type":"LineString","coordinates":[[-119.18551,34.48574],[-119.18554,34.48568],[-119.18588,34.48535],[-119.18599,34.48518],[-119.18609,34.48487],[-119.18691,34.48383],[-119.18691,34.48351],[-119.18686,34.48319],[-119.18689,34.48308],[-119.18715,34.48292],[-119.18731,34.48289],[-119.18766,34.48293],[-119.18787,34.48287],[-119.18802,34.48277],[-119.1881,34.48259],[-119.18815,34.48238],[-119.18816,34.48182],[-119.18806,34.48172],[-119.18744,34.48135],[-119.18696,34.48062],[-119.18689,34.48047],[-119.18691,34.48027],[-119.18699,34.48005],[-119.18715,34.47978],[-119.18729,34.47969],[-119.18847,34.47967],[-119.18868,34.47962],[-119.18885,34.47955]]}},{"type":"Feature","properties":{"name":"","c":"stream"},"geometry":{"type":"LineString","coordinates":[[-119.18885,34.47955],[-119.18911,34.47932],[-119.18918,34.47918],[-119.18929,34.47838],[-119.18946,34.47776],[-119.18953,34.47763],[-119.18992,34.4774],[-119.19034,34.47725],[-119.19069,34.47717],[-119.19127,34.47722],[-119.1914,34.4773],[-119.19159,34.47755],[-119.19156,34.47779],[-119.1916,34.47788],[-119.19178,34.47796],[-119.19193,34.47794],[-119.19221,34.47776],[-119.19279,34.47718],[-119.19381,34.47663],[-119.19402,34.47657],[-119.19436,34.47656],[-119.19575,34.47657],[-119.1963,34.47645]]}},{"type":"Feature","properties":{"name":"Senior Canyon Reservoir","c":"reservoir"},"geometry":{"type":"Polygon","coordinates":[[[-119.19537,34.47125],[-119.19551,34.47133],[-119.19574,34.47158],[-119.19575,34.4717],[-119.19565,34.47197],[-119.19559,34.47229],[-119.19562,34.47241],[-119.19576,34.47253],[-119.19621,34.47273],[-119.19661,34.47296],[-119.19666,34.47308],[-119.19666,34.47316],[-119.19662,34.4732],[-119.19655,34.47324],[-119.19611,34.47326],[-119.19597,34.47326],[-119.19579,34.4732],[-119.1957,34.47313],[-119.19549,34.47272],[-119.19531,34.47256],[-119.195,34.47251],[-119.19478,34.47235],[-119.19451,34.47222],[-119.19456,34.47212],[-119.19477,34.47199],[-119.19485,34.47191],[-119.19487,34.47184],[-119.19479,34.47165],[-119.19472,34.47157],[-119.19472,34.47141],[-119.19486,34.47125],[-119.19497,34.47122],[-119.19521,34.47121],[-119.19537,34.47125]]]}},{"type":"Feature","properties":{"name":"","c":"stream"},"geometry":{"type":"LineString","coordinates":[[-119.1885,34.47091],[-119.18871,34.47097],[-119.18905,34.47114],[-119.18942,34.4712],[-119.18967,34.47118],[-119.18985,34.47111],[-119.19021,34.47091],[-119.1904,34.47085],[-119.19062,34.47082],[-119.19082,34.47086],[-119.19146,34.47106],[-119.19161,34.47104],[-119.19175,34.47096],[-119.19191,34.47077],[-119.19228,34.47055],[-119.19304,34.47026],[-119.19368,34.47013],[-119.19415,34.46999],[-119.19452,34.46984],[-119.19468,34.46973],[-119.19481,34.4696],[-119.19486,34.46946],[-119.19487,34.46914],[-119.19481,34.46872],[-119.1946,34.46832],[-119.19453,34.46811],[-119.19452,34.4679],[-119.19456,34.46767],[-119.19463,34.4675],[-119.19482,34.4672],[-119.19513,34.46682],[-119.19526,34.46655],[-119.19546,34.46597],[-119.19555,34.46554],[-119.19582,34.46518],[-119.19623,34.46484],[-119.19637,34.46468]]}},{"type":"Feature","properties":{"name":"","c":"stream"},"geometry":{"type":"LineString","coordinates":[[-119.17969,34.46769],[-119.18017,34.4674],[-119.18081,34.46688],[-119.1813,34.46668],[-119.18193,34.46657],[-119.18237,34.46653],[-119.18255,34.46644],[-119.18282,34.46636],[-119.18332,34.4663],[-119.1844,34.46604],[-119.18472,34.46606],[-119.18528,34.46602],[-119.18543,34.46605],[-119.18563,34.46603],[-119.18579,34.46592],[-119.186,34.46584],[-119.1862,34.46583],[-119.18675,34.4659],[-119.18689,34.46597],[-119.18779,34.4662],[-119.18941,34.4662],[-119.19088,34.46645],[-119.19099,34.4664],[-119.19119,34.46623],[-119.19162,34.46618],[-119.19201,34.4662],[-119.19235,34.46611],[-119.19249,34.46603],[-119.19296,34.46561],[-119.19325,34.46542],[-119.19453,34.4652],[-119.19587,34.46475],[-119.19637,34.46468]]}},{"type":"Feature","properties":{"name":"","c":"stream"},"geometry":{"type":"LineString","coordinates":[[-119.18177,34.47427],[-119.18184,34.47409],[-119.182,34.47387],[-119.182,34.47373],[-119.18208,34.4735],[-119.18227,34.47331],[-119.18239,34.47324],[-119.18267,34.4732],[-119.18278,34.47315],[-119.18287,34.47299],[-119.18303,34.47284],[-119.18337,34.47229],[-119.18364,34.47205],[-119.1838,34.47177],[-119.18415,34.47155],[-119.18424,34.47133],[-119.18451,34.47097],[-119.18473,34.47059],[-119.18476,34.47047],[-119.18503,34.47021],[-119.18522,34.47014],[-119.18559,34.47005],[-119.18574,34.47002],[-119.18593,34.47004],[-119.18715,34.47047],[-119.18731,34.47056],[-119.18766,34.47086],[-119.18789,34.47097],[-119.1885,34.47091]]}},{"type":"Feature","properties":{"name":"Thacher Creek","c":"stream"},"geometry":{"type":"LineString","coordinates":[[-119.17339,34.46757],[-119.17434,34.4669],[-119.17463,34.46661],[-119.17503,34.46635],[-119.17631,34.46538],[-119.17691,34.46524],[-119.17739,34.46492],[-119.17761,34.46484],[-119.17801,34.46476],[-119.17841,34.4645],[-119.17888,34.46433],[-119.17917,34.46417]]}},{"type":"Feature","properties":{"name":"","c":"stream"},"geometry":{"type":"LineString","coordinates":[[-119.17651,34.47864],[-119.17653,34.47839],[-119.17669,34.47793],[-119.17678,34.47747],[-119.17673,34.47691],[-119.17666,34.47666],[-119.17665,34.47651],[-119.17674,34.47593],[-119.17672,34.47574],[-119.17663,34.47553],[-119.17664,34.47522],[-119.17687,34.47448],[-119.17698,34.47366],[-119.17701,34.47312],[-119.1771,34.47282],[-119.17759,34.47173],[-119.17766,34.47146],[-119.17767,34.47077],[-119.17772,34.47038],[-119.17785,34.46996],[-119.17786,34.46976],[-119.17775,34.46954],[-119.1776,34.46936],[-119.17746,34.46925],[-119.1773,34.4692],[-119.17701,34.46917],[-119.17685,34.46911],[-119.17677,34.469],[-119.17669,34.46867],[-119.17666,34.46852],[-119.17669,34.46837],[-119.17699,34.468],[-119.17718,34.46785],[-119.17735,34.46779],[-119.17756,34.46777],[-119.17782,34.46787],[-119.17801,34.46788],[-119.17886,34.46766],[-119.1792,34.46764],[-119.17957,34.46771],[-119.17969,34.46769]]}},{"type":"Feature","properties":{"name":"","c":"stream"},"geometry":{"type":"LineString","coordinates":[[-119.17674,34.48676],[-119.17764,34.4867],[-119.17835,34.48681],[-119.17892,34.48676],[-119.18018,34.48674],[-119.18031,34.48669],[-119.18037,34.48661],[-119.18039,34.48641],[-119.18049,34.48633],[-119.18111,34.48612],[-119.18129,34.48603],[-119.18175,34.48569],[-119.18181,34.48549],[-119.18191,34.48534],[-119.18206,34.48526],[-119.18221,34.48524],[-119.18236,34.48527],[-119.18287,34.48552],[-119.18374,34.48576],[-119.18428,34.48601],[-119.18467,34.48599],[-119.18493,34.48595],[-119.18529,34.48579],[-119.18551,34.48574]]}},{"type":"Feature","properties":{"name":"","c":"stream"},"geometry":{"type":"LineString","coordinates":[[-119.17746,34.49955],[-119.17809,34.49937],[-119.17833,34.49916],[-119.17843,34.49873],[-119.17843,34.49855],[-119.17823,34.49816],[-119.17809,34.49766],[-119.17804,34.49718],[-119.17817,34.49691],[-119.17827,34.49649],[-119.17843,34.49634],[-119.17859,34.49625],[-119.17894,34.4957],[-119.17931,34.49533],[-119.17952,34.49522],[-119.1797,34.4952],[-119.18017,34.49529],[-119.1804,34.49529],[-119.18089,34.49516],[-119.18134,34.49512],[-119.18148,34.49502],[-119.18176,34.49473],[-119.18298,34.49412],[-119.18321,34.49398],[-119.18358,34.49384],[-119.18398,34.49391],[-119.18409,34.49385],[-119.18438,34.4935],[-119.18455,34.49318]]}},{"type":"Feature","properties":{"name":"Thacher Creek","c":"stream"},"geometry":{"type":"LineString","coordinates":[[-119.16816,34.48767],[-119.16832,34.48746],[-119.16839,34.48733],[-119.16826,34.48671],[-119.1683,34.48639],[-119.16838,34.48607],[-119.16932,34.48517],[-119.16938,34.48503],[-119.16941,34.48488],[-119.1694,34.48476],[-119.16923,34.48419],[-119.16927,34.48388],[-119.16972,34.48329],[-119.16997,34.48319],[-119.17034,34.48312],[-119.17048,34.48303],[-119.17065,34.48283],[-119.17091,34.48263],[-119.17138,34.48199],[-119.17146,34.48178],[-119.17141,34.48144],[-119.17125,34.48109],[-119.17076,34.48035],[-119.17061,34.48003],[-119.1706,34.47988],[-119.17051,34.47968],[-119.17041,34.47931],[-119.17022,34.479],[-119.16969,34.47834],[-119.16949,34.478],[-119.16945,34.47786],[-119.16948,34.47726],[-119.16977,34.47671],[-119.16981,34.47656],[-119.1698,34.47637],[-119.16965,34.47601],[-119.16965,34.47592]]}},{"type":"Feature","properties":{"name":"","c":"stream"},"geometry":{"type":"LineString","coordinates":[[-119.16795,34.48771],[-119.16816,34.48767]]}},{"type":"Feature","properties":{"name":"Thacher Creek","c":"stream"},"geometry":{"type":"LineString","coordinates":[[-119.16808,34.48827],[-119.16812,34.48813],[-119.16816,34.48767]]}},{"type":"Feature","properties":{"name":"","c":"stream"},"geometry":{"type":"LineString","coordinates":[[-119.17215,34.49485],[-119.17202,34.4947],[-119.17194,34.49453],[-119.17191,34.49439],[-119.17189,34.49421],[-119.17194,34.49396],[-119.17211,34.49364],[-119.17212,34.49352],[-119.17196,34.49297],[-119.1717,34.49262],[-119.17155,34.49216],[-119.17138,34.4919],[-119.17122,34.49142],[-119.17112,34.49127],[-119.17104,34.49105],[-119.17092,34.49084],[-119.17027,34.49009],[-119.17018,34.48994],[-119.17011,34.4896],[-119.17001,34.48938],[-119.16977,34.48903],[-119.16937,34.48872],[-119.16919,34.48862],[-119.16903,34.48858],[-119.16869,34.48859],[-119.16856,34.48857],[-119.16808,34.48827]]}},{"type":"Feature","properties":{"name":"Thacher Creek","c":"stream"},"geometry":{"type":"LineString","coordinates":[[-119.16251,34.49999],[-119.16375,34.49837],[-119.16379,34.49815],[-119.16388,34.49791],[-119.16434,34.49734],[-119.1647,34.49668],[-119.16471,34.49605],[-119.16474,34.49589],[-119.16511,34.49495],[-119.16512,34.49484],[-119.16491,34.49422],[-119.16484,34.49337],[-119.16493,34.49321],[-119.16523,34.493],[-119.16552,34.49269],[-119.16575,34.4924],[-119.16615,34.49178],[-119.16623,34.49168],[-119.16639,34.49156],[-119.16652,34.49133],[-119.16657,34.49097],[-119.16629,34.49029],[-119.16632,34.49001],[-119.16652,34.48981],[-119.16726,34.48954],[-119.16758,34.48929],[-119.16773,34.48914],[-119.16782,34.48898],[-119.16808,34.48827]]}},{"type":"Feature","properties":{"name":"Thacher Creek","c":"stream"},"geometry":{"type":"LineString","coordinates":[[-119.16963,34.47589],[-119.1696,34.4756]]}},{"type":"Feature","properties":{"name":"Thacher Creek","c":"stream"},"geometry":{"type":"LineString","coordinates":[[-119.16965,34.47592],[-119.16963,34.47589]]}},{"type":"Feature","properties":{"name":"Thacher Creek","c":"stream"},"geometry":{"type":"LineString","coordinates":[[-119.1696,34.4756],[-119.16977,34.47545],[-119.17007,34.47475],[-119.17011,34.47441],[-119.17002,34.47405],[-119.17006,34.47385],[-119.17014,34.47374],[-119.17028,34.47369],[-119.1708,34.47357],[-119.17121,34.4734],[-119.17142,34.47323],[-119.17159,34.47302],[-119.17175,34.47257],[-119.17183,34.47212],[-119.17174,34.47179],[-119.17172,34.4715],[-119.17175,34.4711],[-119.17183,34.47089],[-119.17178,34.47028],[-119.17168,34.46995],[-119.17166,34.4698],[-119.17177,34.46887],[-119.17184,34.46873],[-119.17207,34.46843],[-119.17257,34.46811],[-119.1732,34.46762],[-119.17339,34.46757]]}},{"type":"Feature","properties":{"name":"","c":"stream"},"geometry":{"type":"LineString","coordinates":[[-119.16245,34.46788],[-119.1625,34.46714],[-119.16256,34.467],[-119.16284,34.46678],[-119.16298,34.46654],[-119.16301,34.46632],[-119.16298,34.46584],[-119.1631,34.46533],[-119.16319,34.46458],[-119.16316,34.46412],[-119.1632,34.46347],[-119.16334,34.46322],[-119.16364,34.46307],[-119.16375,34.46306],[-119.16384,34.46298],[-119.16383,34.46276],[-119.16386,34.46266],[-119.16396,34.46256],[-119.16407,34.4625],[-119.16446,34.46262],[-119.16519,34.46272],[-119.16565,34.46269],[-119.1661,34.46259],[-119.16626,34.46259],[-119.16643,34.46266],[-119.16671,34.46304],[-119.16692,34.46317],[-119.16706,34.46319],[-119.16716,34.46314],[-119.16725,34.46298]]}},{"type":"Feature","properties":{"name":"","c":"stream"},"geometry":{"type":"LineString","coordinates":[[-119.16725,34.46298],[-119.16741,34.46282],[-119.1677,34.46288],[-119.16801,34.46287],[-119.16849,34.46298],[-119.16873,34.46306],[-119.16891,34.46318],[-119.16913,34.46339],[-119.16923,34.46342],[-119.16939,34.46346],[-119.16966,34.46345],[-119.1701,34.4634],[-119.17047,34.46351],[-119.17077,34.46365],[-119.17141,34.4638],[-119.1715,34.46389],[-119.17171,34.46393],[-119.17226,34.46393],[-119.17235,34.46398],[-119.17273,34.46436],[-119.17306,34.46443],[-119.17405,34.4641],[-119.17447,34.46412],[-119.17481,34.46395],[-119.17515,34.46393],[-119.17561,34.46372],[-119.17584,34.46346],[-119.17592,34.46329]]}},{"type":"Feature","properties":{"name":"","c":"stream"},"geometry":{"type":"LineString","coordinates":[[-119.17741,34.46268],[-119.17752,34.46263]]}},{"type":"Feature","properties":{"name":"","c":"stream"},"geometry":{"type":"LineString","coordinates":[[-119.17592,34.46329],[-119.17627,34.46287],[-119.1764,34.46277],[-119.17673,34.46271],[-119.17698,34.46273],[-119.17741,34.46268]]}},{"type":"Feature","properties":{"name":"Thacher Creek","c":"stream"},"geometry":{"type":"LineString","coordinates":[[-119.17917,34.46417],[-119.17925,34.46409]]}},{"type":"Feature","properties":{"name":"Thacher Creek","c":"stream"},"geometry":{"type":"LineString","coordinates":[[-119.17925,34.46409],[-119.17944,34.46394],[-119.17965,34.46386],[-119.1798,34.46376],[-119.1801,34.46347],[-119.18031,34.46343],[-119.18043,34.46326],[-119.18076,34.46303]]}},{"type":"Feature","properties":{"name":"","c":"stream"},"geometry":{"type":"LineString","coordinates":[[-119.17752,34.46263],[-119.1778,34.46248],[-119.17791,34.46236],[-119.17795,34.46218],[-119.17793,34.46169],[-119.17809,34.46137],[-119.17826,34.46129],[-119.17849,34.46125],[-119.17904,34.461],[-119.17913,34.46088],[-119.17929,34.46031],[-119.17944,34.45993],[-119.17953,34.45978],[-119.17973,34.45957],[-119.18001,34.45937],[-119.18015,34.45913],[-119.18026,34.45889],[-119.18041,34.45756],[-119.18055,34.45738],[-119.18058,34.45729],[-119.18045,34.45703],[-119.18047,34.45693]]}},{"type":"Feature","properties":{"name":"","c":"stream"},"geometry":{"type":"LineString","coordinates":[[-119.18047,34.45693],[-119.18058,34.45679],[-119.18072,34.45669],[-119.18076,34.45662],[-119.18068,34.45593],[-119.18052,34.45584],[-119.18047,34.45575],[-119.18053,34.45545],[-119.1805,34.45503],[-119.18055,34.45479],[-119.18065,34.45445],[-119.18077,34.4542],[-119.18107,34.45398],[-119.18116,34.45388],[-119.18118,34.45381],[-119.18114,34.4534],[-119.18122,34.45309],[-119.18126,34.45242],[-119.18133,34.45221],[-119.18129,34.45204],[-119.18121,34.45191],[-119.18113,34.45162],[-119.18102,34.45139],[-119.18107,34.45123],[-119.18139,34.45074],[-119.18143,34.45062],[-119.18142,34.4505]]}},{"type":"Feature","properties":{"name":"Reeves Creek","c":"stream"},"geometry":{"type":"LineString","coordinates":[[-119.16442,34.45345],[-119.16491,34.45362],[-119.16541,34.45393],[-119.16563,34.45402],[-119.16581,34.45404],[-119.16599,34.45404],[-119.16618,34.45398],[-119.16656,34.45394],[-119.16791,34.45385],[-119.16814,34.45387],[-119.16856,34.454],[-119.16949,34.45399],[-119.16993,34.45405],[-119.17029,34.45395],[-119.17038,34.45389],[-119.17055,34.45368],[-119.17129,34.45364],[-119.17159,34.45365],[-119.17233,34.45387],[-119.17313,34.45396],[-119.17387,34.45419],[-119.17453,34.45416],[-119.17468,34.45412],[-119.17508,34.45388],[-119.17525,34.45352],[-119.1754,34.45333],[-119.17571,34.45309],[-119.1764,34.45274],[-119.17706,34.45226],[-119.1772,34.45218],[-119.17738,34.45213],[-119.17784,34.45211],[-119.17796,34.45205],[-119.17831,34.45164],[-119.17854,34.45107],[-119.17865,34.45097],[-119.17899,34.45078],[-119.1792,34.45069],[-119.18008,34.45061],[-119.1806,34.45046],[-119.18085,34.45043],[-119.18142,34.4505]]}},{"type":"Feature","properties":{"name":"","c":"stream"},"geometry":{"type":"LineString","coordinates":[[-119.17504,34.4501],[-119.17515,34.45001],[-119.17537,34.44993],[-119.17581,34.44991],[-119.17596,34.44986],[-119.17646,34.44928],[-119.17691,34.4492],[-119.17777,34.44878],[-119.17813,34.44875],[-119.17872,34.44877],[-119.17901,34.44867],[-119.1793,34.44867],[-119.17947,34.44873],[-119.1797,34.44873],[-119.1802,34.44842],[-119.18034,34.44837],[-119.18049,34.44835],[-119.18063,34.44837],[-119.181,34.44851],[-119.18122,34.44851],[-119.18161,34.44836],[-119.1822,34.44832],[-119.18241,34.44829],[-119.18256,34.44822],[-119.18324,34.4481],[-119.1848,34.44809],[-119.18535,34.44799],[-119.18562,34.44782],[-119.18596,34.4477],[-119.18654,34.4477],[-119.18699,34.44755],[-119.1874,34.44756],[-119.18779,34.44765],[-119.18799,34.44774],[-119.18924,34.44812],[-119.1901,34.44813],[-119.19043,34.4481],[-119.19067,34.44813],[-119.19129,34.44811],[-119.19132,34.44814]]}},{"type":"Feature","properties":{"name":"","c":"stream"},"geometry":{"type":"LineString","coordinates":[[-119.1805,34.43524],[-119.18056,34.4354]]}},{"type":"Feature","properties":{"name":"","c":"stream"},"geometry":{"type":"LineString","coordinates":[[-119.18056,34.4354],[-119.1807,34.43555]]}},{"type":"Feature","properties":{"name":"","c":"stream"},"geometry":{"type":"LineString","coordinates":[[-119.17758,34.43556],[-119.1776,34.43573]]}},{"type":"Feature","properties":{"name":"","c":"stream"},"geometry":{"type":"LineString","coordinates":[[-119.1776,34.43573],[-119.17761,34.43583],[-119.17759,34.43592],[-119.17768,34.43605]]}},{"type":"Feature","properties":{"name":"","c":"stream"},"geometry":{"type":"LineString","coordinates":[[-119.17625,34.43294],[-119.17623,34.43414],[-119.17594,34.43497],[-119.17601,34.43498]]}},{"type":"Feature","properties":{"name":"","c":"stream"},"geometry":{"type":"LineString","coordinates":[[-119.17601,34.43498],[-119.17613,34.435]]}},{"type":"Feature","properties":{"name":"","c":"stream"},"geometry":{"type":"LineString","coordinates":[[-119.17613,34.435],[-119.17722,34.43518],[-119.17736,34.43525],[-119.17758,34.43556]]}},{"type":"Feature","properties":{"name":"Lion Creek","c":"stream"},"geometry":{"type":"LineString","coordinates":[[-119.16666,34.43757],[-119.16779,34.43762],[-119.16803,34.43766],[-119.16834,34.43785],[-119.16877,34.43797],[-119.16911,34.43812],[-119.16932,34.43813],[-119.16951,34.43811],[-119.17056,34.43772],[-119.17127,34.43756],[-119.17203,34.43717],[-119.17316,34.43706],[-119.17334,34.43698],[-119.17358,34.43679],[-119.17382,34.43667],[-119.17429,34.43653],[-119.17447,34.43643],[-119.17473,34.4364],[-119.17492,34.43642],[-119.17533,34.43658],[-119.17544,34.43658],[-119.17584,34.43639],[-119.17666,34.43621],[-119.17768,34.43605],[-119.17843,34.43605],[-119.17879,34.43602],[-119.17912,34.43593],[-119.17984,34.43567],[-119.18002,34.43566],[-119.18096,34.43548]]}},{"type":"Feature","properties":{"name":"","c":"stream"},"geometry":{"type":"LineString","coordinates":[[-119.17038,34.443],[-119.17032,34.44283],[-119.17024,34.44276],[-119.16967,34.44241],[-119.16915,34.442],[-119.16892,34.4419],[-119.16866,34.44174],[-119.16746,34.44097],[-119.16725,34.44081],[-119.16675,34.44031],[-119.1661,34.43994],[-119.16593,34.43976],[-119.16579,34.4392],[-119.16581,34.43889],[-119.16595,34.43859],[-119.16606,34.43846],[-119.16623,34.43834],[-119.16649,34.43804],[-119.16666,34.43771],[-119.16666,34.43757]]}},{"type":"Feature","properties":{"name":"","c":"stream"},"geometry":{"type":"LineString","coordinates":[[-119.16,34.44859],[-119.16086,34.44856],[-119.16118,34.44842],[-119.1616,34.44815],[-119.16192,34.44801],[-119.16238,34.44796],[-119.16299,34.44795],[-119.16326,34.44806],[-119.1638,34.44816],[-119.164,34.44832],[-119.16447,34.44848],[-119.16464,34.44858],[-119.16475,34.44899],[-119.16494,34.44908],[-119.16554,34.4493],[-119.16601,34.44936],[-119.16615,34.44941],[-119.16644,34.44946],[-119.1673,34.44943],[-119.16803,34.44955],[-119.16866,34.4496],[-119.16953,34.44977],[-119.16998,34.44993],[-119.17067,34.45009],[-119.17104,34.45022],[-119.17123,34.45025],[-119.17168,34.45024],[-119.17202,34.45015],[-119.17217,34.4502],[-119.17239,34.45042],[-119.1726,34.45051],[-119.17275,34.45053],[-119.17313,34.45049],[-119.17349,34.45052],[-119.17466,34.45037],[-119.17497,34.45026],[-119.17504,34.4501]]}},{"type":"Feature","properties":{"name":"Lion Creek","c":"stream"},"geometry":{"type":"LineString","coordinates":[[-119.16391,34.43696],[-119.16418,34.43718],[-119.16429,34.43721],[-119.16666,34.43757]]}},{"type":"Feature","properties":{"name":"Lion Creek","c":"stream"},"geometry":{"type":"LineString","coordinates":[[-119.16326,34.43603],[-119.16349,34.43607],[-119.16381,34.43624],[-119.16389,34.43631],[-119.16396,34.43645],[-119.16392,34.43689]]}},{"type":"Feature","properties":{"name":"Lion Creek","c":"stream"},"geometry":{"type":"LineString","coordinates":[[-119.16392,34.43689],[-119.16391,34.43696]]}},{"type":"Feature","properties":{"name":"Sycamore Creek","c":"stream"},"geometry":{"type":"LineString","coordinates":[[-119.16266,34.43647],[-119.16272,34.43641]]}},{"type":"Feature","properties":{"name":"Sycamore Creek","c":"stream"},"geometry":{"type":"LineString","coordinates":[[-119.16272,34.43641],[-119.16293,34.43624],[-119.16326,34.43603]]}},{"type":"Feature","properties":{"name":"Sycamore Creek","c":"stream"},"geometry":{"type":"LineString","coordinates":[[-119.16131,34.43672],[-119.16137,34.43661],[-119.16152,34.43653],[-119.16168,34.4365],[-119.16186,34.4365],[-119.16237,34.43662],[-119.16266,34.43647]]}},{"type":"Feature","properties":{"name":"Sycamore Creek","c":"stream"},"geometry":{"type":"LineString","coordinates":[[-119.16125,34.43674],[-119.16131,34.43672]]}},{"type":"Feature","properties":{"name":"Lion Creek","c":"stream"},"geometry":{"type":"LineString","coordinates":[[-119.16122,34.43568],[-119.16128,34.43572]]}},{"type":"Feature","properties":{"name":"Lion Creek","c":"stream"},"geometry":{"type":"LineString","coordinates":[[-119.16114,34.43562],[-119.16122,34.43568]]}},{"type":"Feature","properties":{"name":"Lion Creek","c":"stream"},"geometry":{"type":"LineString","coordinates":[[-119.16128,34.43572],[-119.16151,34.43586],[-119.16201,34.43603],[-119.16211,34.43604],[-119.16238,34.43589],[-119.1625,34.43588],[-119.16296,34.43593],[-119.1632,34.43598],[-119.16326,34.43603]]}},{"type":"Feature","properties":{"name":"","c":"stream"},"geometry":{"type":"LineString","coordinates":[[-119.16135,34.43244],[-119.16129,34.43248],[-119.16132,34.43357],[-119.16128,34.43572]]}},{"type":"Feature","properties":{"name":"","c":"stream"},"geometry":{"type":"LineString","coordinates":[[-119.16134,34.43238],[-119.16135,34.43244]]}},{"type":"Feature","properties":{"name":"","c":"stream"},"geometry":{"type":"LineString","coordinates":[[-119.16187,34.43091],[-119.16188,34.43097]]}},{"type":"Feature","properties":{"name":"","c":"stream"},"geometry":{"type":"LineString","coordinates":[[-119.16188,34.43097],[-119.16194,34.43112],[-119.16189,34.43131],[-119.16181,34.43142],[-119.16148,34.4317],[-119.16132,34.43177],[-119.16129,34.43235],[-119.16134,34.43238]]}},{"type":"Feature","properties":{"name":"","c":"stream"},"geometry":{"type":"LineString","coordinates":[[-119.16183,34.4285],[-119.16178,34.42867],[-119.16182,34.42895],[-119.16164,34.42939],[-119.16175,34.42973],[-119.16173,34.42982],[-119.16177,34.43022],[-119.16182,34.43026],[-119.16181,34.43069],[-119.16187,34.43091]]}},{"type":"Feature","properties":{"name":"","c":"stream"},"geometry":{"type":"LineString","coordinates":[[-119.1614,34.42803],[-119.16154,34.4281],[-119.16183,34.4285]]}},{"type":"Feature","properties":{"name":"","c":"stream"},"geometry":{"type":"LineString","coordinates":[[-119.16136,34.42801],[-119.1614,34.42803]]}},{"type":"Feature","properties":{"name":"","c":"stream"},"geometry":{"type":"LineString","coordinates":[[-119.16277,34.42623],[-119.16259,34.42647],[-119.16206,34.42698],[-119.16187,34.42721],[-119.16188,34.42726],[-119.16193,34.42728],[-119.16203,34.42724],[-119.16207,34.42728],[-119.162,34.42743],[-119.16212,34.42749],[-119.16213,34.42753],[-119.16206,34.42765],[-119.16208,34.42778],[-119.16228,34.42798],[-119.16229,34.42804],[-119.16222,34.42816],[-119.16227,34.42828],[-119.16217,34.4284],[-119.16197,34.42841],[-119.16183,34.4285]]}},{"type":"Feature","properties":{"name":"","c":"stream"},"geometry":{"type":"LineString","coordinates":[[-119.16309,34.4261],[-119.16277,34.42623]]}},{"type":"Feature","properties":{"name":"","c":"stream"},"geometry":{"type":"LineString","coordinates":[[-119.16971,34.42099],[-119.16935,34.42115],[-119.1692,34.42116],[-119.16908,34.42124],[-119.16881,34.42125],[-119.16846,34.42136],[-119.16812,34.42136],[-119.16803,34.42141],[-119.16795,34.42167],[-119.16744,34.42174],[-119.16715,34.42184],[-119.16694,34.42194],[-119.16672,34.42213]]}},{"type":"Feature","properties":{"name":"","c":"stream"},"geometry":{"type":"LineString","coordinates":[[-119.16308,34.41657],[-119.16319,34.41677],[-119.16336,34.41746],[-119.16356,34.41768],[-119.1636,34.41788],[-119.16346,34.41845],[-119.16358,34.41851],[-119.16362,34.41861],[-119.16384,34.41869],[-119.16407,34.41904],[-119.16418,34.41913],[-119.16419,34.41926],[-119.16424,34.41933],[-119.16423,34.41966],[-119.16428,34.41968],[-119.1643,34.41982],[-119.16441,34.41998],[-119.1646,34.42013],[-119.16477,34.42014],[-119.16494,34.4202],[-119.16526,34.42037],[-119.16534,34.42053],[-119.16534,34.42078],[-119.1654,34.42104],[-119.16539,34.42115],[-119.16523,34.42127],[-119.16554,34.42138],[-119.1657,34.42157]]}},{"type":"Feature","properties":{"name":"","c":"stream"},"geometry":{"type":"LineString","coordinates":[[-119.16577,34.42167],[-119.16619,34.42213]]}},{"type":"Feature","properties":{"name":"","c":"stream"},"geometry":{"type":"LineString","coordinates":[[-119.1657,34.42157],[-119.16577,34.42167]]}},{"type":"Feature","properties":{"name":"","c":"stream"},"geometry":{"type":"LineString","coordinates":[[-119.16672,34.42213],[-119.1667,34.42224]]}},{"type":"Feature","properties":{"name":"","c":"stream"},"geometry":{"type":"LineString","coordinates":[[-119.1667,34.42224],[-119.16649,34.42243]]}},{"type":"Feature","properties":{"name":"","c":"stream"},"geometry":{"type":"LineString","coordinates":[[-119.16645,34.4224],[-119.16649,34.42243]]}},{"type":"Feature","properties":{"name":"","c":"stream"},"geometry":{"type":"LineString","coordinates":[[-119.16639,34.42234],[-119.16645,34.4224]]}},{"type":"Feature","properties":{"name":"","c":"stream"},"geometry":{"type":"LineString","coordinates":[[-119.16625,34.4222],[-119.16639,34.42234]]}},{"type":"Feature","properties":{"name":"","c":"stream"},"geometry":{"type":"LineString","coordinates":[[-119.16619,34.42213],[-119.16625,34.4222]]}},{"type":"Feature","properties":{"name":"","c":"stream"},"geometry":{"type":"LineString","coordinates":[[-119.16649,34.42243],[-119.16601,34.4228],[-119.16594,34.423],[-119.16572,34.42321],[-119.16542,34.42326],[-119.16529,34.42349],[-119.16513,34.42361],[-119.16501,34.42378],[-119.16497,34.42406],[-119.16478,34.42438],[-119.16445,34.42465],[-119.16414,34.42483],[-119.16398,34.42499],[-119.16376,34.42522],[-119.16376,34.42549],[-119.16371,34.42553],[-119.16357,34.42554],[-119.16347,34.4256],[-119.16337,34.4257],[-119.16334,34.42586],[-119.16328,34.42598],[-119.16309,34.4261]]}},{"type":"Feature","properties":{"name":"","c":"stream"},"geometry":{"type":"LineString","coordinates":[[-119.16192,34.41607],[-119.16221,34.41606],[-119.16253,34.41612],[-119.16288,34.41633],[-119.16298,34.41645]]}},{"type":"Feature","properties":{"name":"","c":"stream"},"geometry":{"type":"LineString","coordinates":[[-119.16298,34.41645],[-119.16308,34.41657]]}},{"type":"Feature","properties":{"name":"","c":"stream"},"geometry":{"type":"LineString","coordinates":[[-119.17426,34.4151],[-119.17363,34.4157],[-119.17334,34.41623],[-119.17235,34.41705],[-119.17186,34.4178],[-119.17172,34.41843],[-119.17164,34.4186],[-119.17124,34.41896],[-119.17052,34.41975],[-119.17011,34.42033],[-119.16988,34.42078],[-119.16972,34.42092],[-119.16971,34.42099]]}},{"type":"Feature","properties":{"name":"","c":"stream"},"geometry":{"type":"LineString","coordinates":[[-119.18037,34.4173],[-119.18018,34.41752],[-119.17999,34.41784],[-119.17949,34.41852],[-119.17911,34.41899],[-119.17891,34.41935],[-119.17818,34.42034],[-119.17812,34.42051],[-119.17839,34.42167],[-119.17847,34.42224],[-119.17846,34.42253],[-119.17841,34.42274],[-119.1781,34.42343],[-119.17804,34.42392],[-119.17806,34.42412],[-119.17818,34.42475],[-119.17829,34.42567],[-119.17839,34.4259],[-119.1784,34.42601],[-119.17851,34.42606],[-119.17859,34.42619],[-119.1786,34.42627],[-119.17876,34.42643],[-119.17872,34.42662],[-119.17876,34.42667],[-119.17863,34.42695],[-119.17855,34.427],[-119.17844,34.42719],[-119.17844,34.42728],[-119.17849,34.42735],[-119.17838,34.42749],[-119.17822,34.4275],[-119.17818,34.42764],[-119.17823,34.42771],[-119.17819,34.42777],[-119.17791,34.42798],[-119.17784,34.42805],[-119.17783,34.42812],[-119.17773,34.42815],[-119.17767,34.42822],[-119.17767,34.4283],[-119.17732,34.4286],[-119.17733,34.4288],[-119.1775,34.42922],[-119.17749,34.42961],[-119.17754,34.42997]]}},{"type":"Feature","properties":{"name":"","c":"stream"},"geometry":{"type":"LineString","coordinates":[[-119.17793,34.41793],[-119.17785,34.41831],[-119.17775,34.41843],[-119.17756,34.41853],[-119.17698,34.41915],[-119.17687,34.41925],[-119.17673,34.4193],[-119.17607,34.41929],[-119.17553,34.41949],[-119.17501,34.41959],[-119.17416,34.41954],[-119.17364,34.41959],[-119.17284,34.42002],[-119.1726,34.42021],[-119.17226,34.42037],[-119.17221,34.42044],[-119.17207,34.4205],[-119.17202,34.42065],[-119.17184,34.42064],[-119.1717,34.42079],[-119.17137,34.42088],[-119.1713,34.42086],[-119.17113,34.4209],[-119.17105,34.42087],[-119.17096,34.42094],[-119.17089,34.42094],[-119.17076,34.42104],[-119.17065,34.42104],[-119.17056,34.4211],[-119.17048,34.4211],[-119.17037,34.42105],[-119.17024,34.42111],[-119.17018,34.42105],[-119.17019,34.42095],[-119.16995,34.42102],[-119.16971,34.42099]]}},{"type":"Feature","properties":{"name":"","c":"stream"},"geometry":{"type":"LineString","coordinates":[[-119.17579,34.42602],[-119.17585,34.42617],[-119.17584,34.42623],[-119.17575,34.42637],[-119.17565,34.4267],[-119.17566,34.4269],[-119.17576,34.42706],[-119.17572,34.42719],[-119.17545,34.42759],[-119.17523,34.42775],[-119.17505,34.42802],[-119.17502,34.42853],[-119.17493,34.4289],[-119.17495,34.42894],[-119.17495,34.42909],[-119.17501,34.4292],[-119.17512,34.42971],[-119.17513,34.42986],[-119.17516,34.42991],[-119.17518,34.43022],[-119.17521,34.43025],[-119.17519,34.4303],[-119.17523,34.43036],[-119.17523,34.43045],[-119.17527,34.43055],[-119.17577,34.43138],[-119.17617,34.43172]]}},{"type":"Feature","properties":{"name":"","c":"stream"},"geometry":{"type":"LineString","coordinates":[[-119.17625,34.43286],[-119.17625,34.43294]]}},{"type":"Feature","properties":{"name":"","c":"stream"},"geometry":{"type":"LineString","coordinates":[[-119.17622,34.4318],[-119.17627,34.43211],[-119.17625,34.43286]]}},{"type":"Feature","properties":{"name":"","c":"stream"},"geometry":{"type":"LineString","coordinates":[[-119.17617,34.43172],[-119.17622,34.4318]]}},{"type":"Feature","properties":{"name":"","c":"stream"},"geometry":{"type":"LineString","coordinates":[[-119.17709,34.43082],[-119.17673,34.43132],[-119.17648,34.43153]]}},{"type":"Feature","properties":{"name":"","c":"stream"},"geometry":{"type":"LineString","coordinates":[[-119.17648,34.43153],[-119.17637,34.43167]]}},{"type":"Feature","properties":{"name":"","c":"stream"},"geometry":{"type":"LineString","coordinates":[[-119.17637,34.43167],[-119.17631,34.43175]]}},{"type":"Feature","properties":{"name":"","c":"stream"},"geometry":{"type":"LineString","coordinates":[[-119.17631,34.43175],[-119.17622,34.4318]]}},{"type":"Feature","properties":{"name":"","c":"stream"},"geometry":{"type":"LineString","coordinates":[[-119.17754,34.42997],[-119.17765,34.43019],[-119.17762,34.43068],[-119.17767,34.43111],[-119.17767,34.43143],[-119.17795,34.43197],[-119.17811,34.43215],[-119.17845,34.43295],[-119.18013,34.43516],[-119.18049,34.43514],[-119.1805,34.43524]]}},{"type":"Feature","properties":{"name":"","c":"stream"},"geometry":{"type":"LineString","coordinates":[[-119.18619,34.43022],[-119.18621,34.43034]]}},{"type":"Feature","properties":{"name":"","c":"stream"},"geometry":{"type":"LineString","coordinates":[[-119.18621,34.43034],[-119.18639,34.43047],[-119.18638,34.43078],[-119.1863,34.43096],[-119.18635,34.43151],[-119.18638,34.43155],[-119.18625,34.43179],[-119.18624,34.43189],[-119.18612,34.43207],[-119.18595,34.43222],[-119.18583,34.43258],[-119.18573,34.43276],[-119.18573,34.43286],[-119.18557,34.43325],[-119.18564,34.43391],[-119.18574,34.434],[-119.18625,34.4342],[-119.18682,34.43426],[-119.18725,34.43424]]}},{"type":"Feature","properties":{"name":"","c":"stream"},"geometry":{"type":"LineString","coordinates":[[-119.186,34.4284],[-119.18598,34.42881],[-119.18605,34.42899],[-119.18601,34.42924],[-119.18619,34.43022]]}},{"type":"Feature","properties":{"name":"","c":"stream"},"geometry":{"type":"LineString","coordinates":[[-119.18596,34.42826],[-119.186,34.4284]]}},{"type":"Feature","properties":{"name":"","c":"stream"},"geometry":{"type":"LineString","coordinates":[[-119.18404,34.41839],[-119.1841,34.41867],[-119.18434,34.41916],[-119.18449,34.41928],[-119.18481,34.41943],[-119.18482,34.41968],[-119.18517,34.42029],[-119.18523,34.4206],[-119.18514,34.42068],[-119.18513,34.42098],[-119.1852,34.42109],[-119.18531,34.42111],[-119.18542,34.42128],[-119.18555,34.42137],[-119.18576,34.42145],[-119.18578,34.4217],[-119.18604,34.4218],[-119.18621,34.42205],[-119.18619,34.4221],[-119.18624,34.42215],[-119.18627,34.4224],[-119.18637,34.42254],[-119.18636,34.42263],[-119.18641,34.42266],[-119.1864,34.42274],[-119.18651,34.42297],[-119.18638,34.42313],[-119.18642,34.42322],[-119.18638,34.42327],[-119.18628,34.42332],[-119.18628,34.42358],[-119.18618,34.42377],[-119.18606,34.42417],[-119.18615,34.42469],[-119.18617,34.42522],[-119.18617,34.42547],[-119.18612,34.4257],[-119.18586,34.42646],[-119.18574,34.42673],[-119.18564,34.42683],[-119.18565,34.42703],[-119.18555,34.42719],[-119.18556,34.42736],[-119.18594,34.42802],[-119.18596,34.42826]]}},{"type":"Feature","properties":{"name":"","c":"stream"},"geometry":{"type":"LineString","coordinates":[[-119.18262,34.41992],[-119.18271,34.42023],[-119.18288,34.42049],[-119.18291,34.42066],[-119.18337,34.42124],[-119.18338,34.42127],[-119.18335,34.42133],[-119.18334,34.42141],[-119.18339,34.42144],[-119.18355,34.4218],[-119.18393,34.42195],[-119.18405,34.42208],[-119.18427,34.42217],[-119.18451,34.42233],[-119.18464,34.42254],[-119.18486,34.42273],[-119.18501,34.42332],[-119.18512,34.42357],[-119.18516,34.42391],[-119.18565,34.42432],[-119.1858,34.4245],[-119.18596,34.42462],[-119.18615,34.42469]]}},{"type":"Feature","properties":{"name":"","c":"stream"},"geometry":{"type":"LineString","coordinates":[[-119.19251,34.42473],[-119.19257,34.42504],[-119.19254,34.42518],[-119.19254,34.42573],[-119.19251,34.42591],[-119.1922,34.4262],[-119.19191,34.42635],[-119.19184,34.42664],[-119.19188,34.4268],[-119.19177,34.42705],[-119.19187,34.42717],[-119.19184,34.4273]]}},{"type":"Feature","properties":{"name":"","c":"stream"},"geometry":{"type":"LineString","coordinates":[[-119.19251,34.42466],[-119.19251,34.42473]]}},{"type":"Feature","properties":{"name":"","c":"stream"},"geometry":{"type":"LineString","coordinates":[[-119.18867,34.41672],[-119.18895,34.41684],[-119.1893,34.41719],[-119.18932,34.41729],[-119.18944,34.41733],[-119.18951,34.41743],[-119.18967,34.41753],[-119.1897,34.41763],[-119.18991,34.41768],[-119.18994,34.41772],[-119.18997,34.41808],[-119.19005,34.41832],[-119.19025,34.41857],[-119.19046,34.41867],[-119.19057,34.41891],[-119.19088,34.41929],[-119.19096,34.41962],[-119.19102,34.41971],[-119.19146,34.42],[-119.19159,34.42014],[-119.1917,34.42038],[-119.19198,34.42077],[-119.19212,34.42083],[-119.19227,34.42095],[-119.19227,34.42106],[-119.19238,34.42138],[-119.19243,34.42146],[-119.19256,34.42158],[-119.19252,34.42169],[-119.19263,34.42185],[-119.19263,34.42201],[-119.19253,34.42218],[-119.19262,34.42222],[-119.19275,34.42236],[-119.19276,34.42241],[-119.19267,34.42246],[-119.1927,34.42252],[-119.1926,34.42258],[-119.19259,34.42264],[-119.19269,34.42274],[-119.19265,34.42283],[-119.19274,34.42291],[-119.1927,34.42299],[-119.19273,34.4231],[-119.19262,34.42323],[-119.19255,34.42325],[-119.19256,34.42334],[-119.19268,34.42345],[-119.19267,34.42366],[-119.19262,34.42371],[-119.1926,34.42377],[-119.19253,34.42382],[-119.19268,34.42394],[-119.1927,34.42415],[-119.19266,34.42422],[-119.19256,34.42428],[-119.19259,34.42448],[-119.19251,34.42455],[-119.19251,34.42466]]}},{"type":"Feature","properties":{"name":"","c":"stream"},"geometry":{"type":"LineString","coordinates":[[-119.19317,34.42881],[-119.19334,34.4289],[-119.19412,34.42887],[-119.19434,34.42891],[-119.19456,34.42902],[-119.19471,34.42899],[-119.19482,34.42903],[-119.19505,34.42904],[-119.19517,34.42912],[-119.19537,34.42911],[-119.19595,34.42893],[-119.19643,34.42888],[-119.19676,34.42891]]}},{"type":"Feature","properties":{"name":"","c":"stream"},"geometry":{"type":"LineString","coordinates":[[-119.19306,34.42882],[-119.19317,34.42881]]}},{"type":"Feature","properties":{"name":"","c":"stream"},"geometry":{"type":"LineString","coordinates":[[-119.19184,34.4273],[-119.1918,34.42734]]}},{"type":"Feature","properties":{"name":"","c":"stream"},"geometry":{"type":"LineString","coordinates":[[-119.1918,34.42734],[-119.19166,34.42748],[-119.1917,34.42754],[-119.19179,34.42758],[-119.19183,34.42764],[-119.19208,34.42771],[-119.19215,34.42777],[-119.19213,34.42787],[-119.19198,34.42813]]}},{"type":"Feature","properties":{"name":"","c":"stream"},"geometry":{"type":"LineString","coordinates":[[-119.19198,34.42813],[-119.19192,34.42818],[-119.19192,34.42846],[-119.19215,34.42876],[-119.19251,34.42877],[-119.19272,34.42887],[-119.19306,34.42882]]}},{"type":"Feature","properties":{"name":"","c":"stream"},"geometry":{"type":"LineString","coordinates":[[-119.19676,34.42891],[-119.19693,34.42898]]}},{"type":"Feature","properties":{"name":"","c":"stream"},"geometry":{"type":"LineString","coordinates":[[-119.19693,34.42898],[-119.19774,34.4298]]}},{"type":"Feature","properties":{"name":"","c":"stream"},"geometry":{"type":"LineString","coordinates":[[-119.19774,34.4298],[-119.19785,34.4299]]}},{"type":"Feature","properties":{"name":"","c":"stream"},"geometry":{"type":"LineString","coordinates":[[-119.20095,34.43139],[-119.20138,34.43144],[-119.20148,34.43137],[-119.20156,34.43144],[-119.2017,34.4314],[-119.20196,34.43142],[-119.20199,34.43155],[-119.20207,34.43159]]}},{"type":"Feature","properties":{"name":"","c":"stream"},"geometry":{"type":"LineString","coordinates":[[-119.20084,34.43134],[-119.20095,34.43139]]}},{"type":"Feature","properties":{"name":"","c":"stream"},"geometry":{"type":"LineString","coordinates":[[-119.2002,34.43159],[-119.2006,34.43129],[-119.20084,34.43134]]}},{"type":"Feature","properties":{"name":"","c":"stream"},"geometry":{"type":"LineString","coordinates":[[-119.19785,34.4299],[-119.19996,34.43159]]}},{"type":"Feature","properties":{"name":"","c":"stream"},"geometry":{"type":"LineString","coordinates":[[-119.19996,34.43159],[-119.2002,34.43159]]}},{"type":"Feature","properties":{"name":"Lion Creek","c":"stream"},"geometry":{"type":"LineString","coordinates":[[-119.19931,34.43399],[-119.19946,34.43397],[-119.19961,34.43388],[-119.19994,34.43355],[-119.20028,34.43328],[-119.20038,34.43313],[-119.20065,34.43293],[-119.20073,34.43283],[-119.20075,34.4325],[-119.2008,34.43243],[-119.20121,34.43226],[-119.20174,34.4318],[-119.20196,34.43169],[-119.20207,34.43159],[-119.20242,34.43146]]}},{"type":"Feature","properties":{"name":"Lion Creek","c":"stream"},"geometry":{"type":"LineString","coordinates":[[-119.20242,34.43146],[-119.2029,34.43112],[-119.20356,34.43076],[-119.20364,34.43067],[-119.20371,34.4305],[-119.20377,34.43018]]}},{"type":"Feature","properties":{"name":"","c":"stream"},"geometry":{"type":"LineString","coordinates":[[-119.16,34.42726],[-119.1601,34.42732],[-119.1604,34.42734],[-119.16074,34.42748],[-119.16085,34.42762],[-119.16116,34.4278],[-119.1612,34.42789],[-119.16136,34.42801]]}},{"type":"Feature","properties":{"name":"Lion Creek","c":"stream"},"geometry":{"type":"LineString","coordinates":[[-119.16,34.43404],[-119.16032,34.43417],[-119.16033,34.43427],[-119.16061,34.43478],[-119.16082,34.43535],[-119.16114,34.43562]]}},{"type":"Feature","properties":{"name":"Sycamore Creek","c":"stream"},"geometry":{"type":"LineString","coordinates":[[-119.16,34.43808],[-119.16042,34.43732],[-119.1606,34.43711],[-119.16096,34.43681],[-119.16125,34.43674]]}},{"type":"Feature","properties":{"name":"Reeves Creek","c":"stream"},"geometry":{"type":"LineString","coordinates":[[-119.16,34.45229],[-119.16066,34.45236],[-119.16081,34.45241],[-119.16146,34.4524],[-119.16172,34.45244],[-119.16228,34.45265],[-119.16256,34.45287],[-119.16273,34.45291],[-119.16284,34.45286],[-119.16311,34.45291],[-119.16349,34.45291],[-119.16394,34.45314],[-119.16404,34.45328],[-119.16424,34.4534],[-119.16442,34.45345]]}},{"type":"Feature","properties":{"name":"","c":"stream"},"geometry":{"type":"LineString","coordinates":[[-119.16,34.48219],[-119.16038,34.48135],[-119.16035,34.48095],[-119.16065,34.48063],[-119.1606,34.4803],[-119.16084,34.48001],[-119.16089,34.47961],[-119.16099,34.47917],[-119.16133,34.4787],[-119.16126,34.47843],[-119.16124,34.47804],[-119.16152,34.47757],[-119.16199,34.47707],[-119.1626,34.47664],[-119.16353,34.4764],[-119.16542,34.4762],[-119.16626,34.47616],[-119.16709,34.47596],[-119.16802,34.47598],[-119.16876,34.47595],[-119.1693,34.47579],[-119.16961,34.47572]]}},{"type":"Feature","properties":{"name":"","c":"stream"},"geometry":{"type":"LineString","coordinates":[[-119.16768,34.50378],[-119.1674,34.50367],[-119.16708,34.50371],[-119.16693,34.50384],[-119.16668,34.50384],[-119.16655,34.50403],[-119.16617,34.50404],[-119.16602,34.50416],[-119.16566,34.50413],[-119.16545,34.50416],[-119.1652,34.50425],[-119.16478,34.50415],[-119.16449,34.50428],[-119.16424,34.50427],[-119.16412,34.50452],[-119.16415,34.50467],[-119.16375,34.50467],[-119.16323,34.5049],[-119.16323,34.505]]}},{"type":"Feature","properties":{"name":"Thacher Creek","c":"stream"},"geometry":{"type":"LineString","coordinates":[[-119.16174,34.50104],[-119.16183,34.5009],[-119.16194,34.50079],[-119.16211,34.50046],[-119.16215,34.5003],[-119.16224,34.5002],[-119.16251,34.49999]]}},{"type":"Feature","properties":{"name":"","c":"stream"},"geometry":{"type":"LineString","coordinates":[[-119.16805,34.50395],[-119.16768,34.50378]]}},{"type":"Feature","properties":{"name":"","c":"water"},"geometry":{"type":"Polygon","coordinates":[[[-119.16788,34.50397],[-119.16778,34.50405],[-119.16771,34.50405],[-119.16765,34.504],[-119.16766,34.50384],[-119.16772,34.50371],[-119.1678,34.50368],[-119.16787,34.50373],[-119.16792,34.50383],[-119.16788,34.50397]]]}},{"type":"Feature","properties":{"name":"","c":"stream"},"geometry":{"type":"LineString","coordinates":[[-119.17339,34.50397],[-119.17365,34.50368],[-119.17413,34.50356],[-119.17422,34.50338],[-119.17463,34.50337],[-119.17487,34.50325],[-119.17534,34.50331],[-119.17601,34.50301],[-119.17624,34.50263],[-119.17653,34.50257],[-119.17674,34.50229],[-119.17711,34.50229],[-119.17735,34.50193],[-119.17756,34.50186],[-119.17785,34.5019],[-119.17814,34.50204],[-119.17859,34.50199],[-119.17888,34.50207],[-119.17917,34.50208],[-119.1797,34.5023],[-119.17981,34.50229],[-119.18026,34.5021],[-119.18052,34.50205],[-119.18111,34.50212],[-119.18136,34.502],[-119.18162,34.50206],[-119.18198,34.50178],[-119.18255,34.50186],[-119.18277,34.50173],[-119.18297,34.50177],[-119.18327,34.50154],[-119.18351,34.50154],[-119.18369,34.50161],[-119.1841,34.50188],[-119.1843,34.50196],[-119.18467,34.50197],[-119.18502,34.50188],[-119.18529,34.50191]]}},{"type":"Feature","properties":{"name":"","c":"stream"},"geometry":{"type":"LineString","coordinates":[[-119.18138,34.505],[-119.18155,34.5049],[-119.18185,34.50447],[-119.18223,34.50424],[-119.18245,34.50391],[-119.18301,34.50357],[-119.18319,34.50334],[-119.18342,34.50327],[-119.18354,34.50318],[-119.18396,34.5031],[-119.18409,34.50304],[-119.18424,34.50271],[-119.18435,34.50265],[-119.18462,34.5026],[-119.1847,34.50249],[-119.18481,34.50225],[-119.18529,34.50191]]}},{"type":"Feature","properties":{"name":"","c":"stream"},"geometry":{"type":"LineString","coordinates":[[-119.18433,34.505],[-119.18445,34.50491],[-119.18454,34.50471],[-119.18489,34.50438],[-119.18501,34.50402],[-119.18525,34.50373],[-119.18532,34.50347],[-119.18565,34.50344],[-119.1857,34.50337],[-119.18577,34.503],[-119.18583,34.50286],[-119.18588,34.50281],[-119.18599,34.50278],[-119.18612,34.50264],[-119.18667,34.50243],[-119.18718,34.50172],[-119.18742,34.50162]]}},{"type":"Feature","properties":{"name":"","c":"stream"},"geometry":{"type":"LineString","coordinates":[[-119.18529,34.50191],[-119.18546,34.50194],[-119.18657,34.50133],[-119.18678,34.50137],[-119.18703,34.50148],[-119.18724,34.50144],[-119.18742,34.50162]]}},{"type":"Feature","properties":{"name":"","c":"stream"},"geometry":{"type":"LineString","coordinates":[[-119.18742,34.50162],[-119.18779,34.50163],[-119.1881,34.50149],[-119.18818,34.50129],[-119.18834,34.50116],[-119.18848,34.5007],[-119.18845,34.50061],[-119.18837,34.50051],[-119.18839,34.50035],[-119.18831,34.50013],[-119.18834,34.49999]]}},{"type":"Feature","properties":{"name":"","c":"stream"},"geometry":{"type":"LineString","coordinates":[[-119.18825,34.49775],[-119.18834,34.49756]]}},{"type":"Feature","properties":{"name":"","c":"stream"},"geometry":{"type":"LineString","coordinates":[[-119.18834,34.49999],[-119.18844,34.49944],[-119.1885,34.49895],[-119.18863,34.49845],[-119.18835,34.49802],[-119.18825,34.49775]]}},{"type":"Feature","properties":{"name":"","c":"stream"},"geometry":{"type":"LineString","coordinates":[[-119.19241,34.505],[-119.19259,34.50486],[-119.19279,34.50476],[-119.19309,34.50473],[-119.19336,34.50454],[-119.19341,34.5043],[-119.1933,34.50395],[-119.19344,34.50362],[-119.19327,34.50341],[-119.19294,34.50331],[-119.19283,34.50305],[-119.19251,34.5029],[-119.19247,34.50271],[-119.19249,34.5026],[-119.1926,34.50251],[-119.19275,34.50252],[-119.19294,34.50245],[-119.19338,34.50244],[-119.19349,34.50221],[-119.19363,34.50209],[-119.1937,34.50193],[-119.19347,34.50164],[-119.19328,34.50149],[-119.19324,34.50141],[-119.19337,34.50123],[-119.19336,34.50107],[-119.19357,34.50042],[-119.19357,34.50019]]}},{"type":"Feature","properties":{"name":"","c":"stream"},"geometry":{"type":"LineString","coordinates":[[-119.19357,34.50019],[-119.19344,34.50008],[-119.19339,34.49999]]}},{"type":"Feature","properties":{"name":"","c":"stream"},"geometry":{"type":"LineString","coordinates":[[-119.1968,34.505],[-119.19687,34.50486],[-119.19726,34.50479],[-119.19745,34.50461],[-119.19774,34.50457],[-119.19793,34.50442],[-119.19809,34.50438],[-119.19813,34.50403],[-119.19819,34.50396],[-119.19816,34.50381],[-119.19822,34.50361],[-119.19772,34.50304],[-119.19777,34.50286],[-119.1979,34.50264],[-119.19787,34.50249],[-119.19771,34.50222],[-119.19781,34.50211],[-119.19782,34.50187],[-119.19778,34.50177],[-119.19765,34.50165],[-119.19755,34.50162],[-119.19732,34.50171],[-119.19706,34.50168],[-119.1968,34.50178],[-119.19669,34.50175],[-119.19616,34.50129],[-119.19585,34.50117],[-119.19579,34.50091],[-119.19523,34.50061],[-119.19492,34.50026],[-119.19476,34.50018],[-119.19452,34.50013],[-119.19421,34.50019],[-119.19389,34.50009],[-119.19357,34.50019]]}},{"type":"Feature","properties":{"name":"","c":"stream"},"geometry":{"type":"LineString","coordinates":[[-119.20637,34.505],[-119.20583,34.50424],[-119.20572,34.50362],[-119.20569,34.503],[-119.2055,34.50278],[-119.20514,34.50252],[-119.20495,34.50245],[-119.20488,34.50236],[-119.20492,34.50194],[-119.20479,34.50172],[-119.20437,34.50136],[-119.20405,34.5008],[-119.20315,34.50021],[-119.20255,34.50013],[-119.20248,34.49999]]}},{"type":"Feature","properties":{"name":"","c":"stream"},"geometry":{"type":"LineString","coordinates":[[-119.21772,34.505],[-119.21771,34.50486],[-119.21741,34.50471],[-119.21744,34.50447],[-119.21756,34.50438],[-119.21756,34.50429],[-119.21741,34.5042],[-119.21737,34.50399],[-119.21729,34.50393],[-119.21718,34.50367],[-119.21702,34.50354],[-119.21666,34.50357],[-119.21647,34.50354],[-119.21637,34.50334],[-119.21621,34.50338],[-119.21615,34.50318],[-119.21583,34.50305],[-119.21581,34.50297],[-119.21552,34.50287],[-119.21545,34.50276],[-119.21564,34.50243],[-119.21547,34.50226],[-119.21552,34.50195],[-119.21549,34.50176],[-119.21557,34.50146],[-119.21534,34.5013],[-119.21509,34.50082],[-119.21494,34.50071],[-119.21478,34.50069],[-119.21464,34.50048],[-119.21486,34.49999]]}},{"type":"Feature","properties":{"name":"","c":"stream"},"geometry":{"type":"LineString","coordinates":[[-119.22456,34.505],[-119.22479,34.50481],[-119.22482,34.50471],[-119.22481,34.50452],[-119.22463,34.5043],[-119.22445,34.50416],[-119.22437,34.50393],[-119.22455,34.50356],[-119.22459,34.50313],[-119.22503,34.50313],[-119.22506,34.50302],[-119.22491,34.50292],[-119.22493,34.50277],[-119.22477,34.50262],[-119.22498,34.50236],[-119.22506,34.50206],[-119.22536,34.50193],[-119.22609,34.50204],[-119.22632,34.50191],[-119.22632,34.5018],[-119.22627,34.50169],[-119.226,34.50148],[-119.22594,34.50125],[-119.22601,34.5012],[-119.2261,34.50084],[-119.22629,34.50066]]}},{"type":"Feature","properties":{"name":"","c":"stream"},"geometry":{"type":"LineString","coordinates":[[-119.22629,34.50066],[-119.22625,34.50049],[-119.2258,34.50023],[-119.22596,34.49999]]}},{"type":"Feature","properties":{"name":"","c":"stream"},"geometry":{"type":"LineString","coordinates":[[-119.23369,34.5028],[-119.23317,34.50293],[-119.23244,34.50293],[-119.23218,34.50278],[-119.2319,34.50282],[-119.23112,34.5026],[-119.23086,34.50265],[-119.23038,34.50245],[-119.22992,34.50257],[-119.22957,34.50236],[-119.22928,34.50241],[-119.22906,34.50225],[-119.22912,34.50191],[-119.2287,34.50165],[-119.22835,34.50166],[-119.22807,34.50146],[-119.2279,34.50148],[-119.22771,34.50124],[-119.22748,34.5012],[-119.22726,34.50091],[-119.2268,34.50096],[-119.22629,34.50066]]}},{"type":"Feature","properties":{"name":"","c":"stream"},"geometry":{"type":"LineString","coordinates":[[-119.24238,34.50249],[-119.2426,34.50288],[-119.24257,34.50315],[-119.24267,34.5034],[-119.24277,34.50358],[-119.24305,34.50366],[-119.24309,34.50398],[-119.24358,34.50424],[-119.24371,34.50453],[-119.24389,34.50459],[-119.24412,34.50486],[-119.24434,34.50487],[-119.24444,34.505]]}},{"type":"Feature","properties":{"name":"","c":"stream"},"geometry":{"type":"LineString","coordinates":[[-119.24602,34.50031],[-119.2465,34.5008],[-119.24712,34.50129],[-119.24786,34.50149],[-119.24807,34.50165],[-119.24817,34.50177],[-119.24821,34.50197],[-119.24822,34.50251],[-119.24831,34.50263],[-119.24837,34.50281],[-119.24849,34.50295],[-119.24865,34.50306],[-119.24888,34.50308],[-119.24907,34.50326],[-119.24936,34.50341],[-119.24959,34.50362],[-119.25095,34.50414]]}},{"type":"Feature","properties":{"name":"","c":"stream"},"geometry":{"type":"LineString","coordinates":[[-119.25095,34.50414],[-119.25108,34.50421],[-119.2512,34.50448],[-119.25161,34.50465],[-119.25171,34.50474],[-119.25176,34.50482],[-119.25177,34.505]]}}]}